ISO3,Location,DataId,Indicator,Value,Precision,DHS_CountryCode,CountryName,SurveyYear,SurveyId,IndicatorId,IndicatorOrder,IndicatorType,CharacteristicId,CharacteristicOrder,CharacteristicCategory,CharacteristicLabel,ByVariableId,ByVariableLabel,IsTotal,IsPreferred,SDRID,RegionId,SurveyYearLabel,SurveyType,DenominatorWeighted,DenominatorUnweighted,CILow,CIHigh,LevelRank
NGA,Northeast - 1990,4975282,Children severely stunted,33.8,1,NG,Nigeria,1990,NG1990DHS,CN_NUTS_C_HA3,104236010,I,433001,1433001,Region,Northeast - 1990,0,,0,1,CNNUTSCHA3,NGDHS1990433001,1990,DHS,1211,1196,,,1
NGA,Northwest - 1990,4057768,Children severely stunted,33.6,1,NG,Nigeria,1990,NG1990DHS,CN_NUTS_C_HA3,104236010,I,433002,1433002,Region,Northwest - 1990,0,,0,1,CNNUTSCHA3,NGDHS1990433002,1990,DHS,1349,1184,,,1
NGA,Southeast - 1990,5009906,Children severely stunted,20.5,1,NG,Nigeria,1990,NG1990DHS,CN_NUTS_C_HA3,104236010,I,433003,1433003,Region,Southeast - 1990,0,,0,1,CNNUTSCHA3,NGDHS1990433003,1990,DHS,1893,1570,,,1
NGA,Southwest - 1990,4155201,Children severely stunted,18.9,1,NG,Nigeria,1990,NG1990DHS,CN_NUTS_C_HA3,104236010,I,433004,1433004,Region,Southwest - 1990,0,,0,1,CNNUTSCHA3,NGDHS1990433004,1990,DHS,1131,1546,,,1
NGA,Northeast - 1990,4975281,Children stunted,56.7,1,NG,Nigeria,1990,NG1990DHS,CN_NUTS_C_HA2,104236020,I,433001,1433001,Region,Northeast - 1990,0,,0,1,CNNUTSCHA2,NGDHS1990433001,1990,DHS,1211,1196,,,1
NGA,Northwest - 1990,4057767,Children stunted,55.1,1,NG,Nigeria,1990,NG1990DHS,CN_NUTS_C_HA2,104236020,I,433002,1433002,Region,Northwest - 1990,0,,0,1,CNNUTSCHA2,NGDHS1990433002,1990,DHS,1349,1184,,,1
NGA,Southeast - 1990,5009905,Children stunted,43.1,1,NG,Nigeria,1990,NG1990DHS,CN_NUTS_C_HA2,104236020,I,433003,1433003,Region,Southeast - 1990,0,,0,1,CNNUTSCHA2,NGDHS1990433003,1990,DHS,1893,1570,,,1
NGA,Southwest - 1990,4155202,Children stunted,41.9,1,NG,Nigeria,1990,NG1990DHS,CN_NUTS_C_HA2,104236020,I,433004,1433004,Region,Southwest - 1990,0,,0,1,CNNUTSCHA2,NGDHS1990433004,1990,DHS,1131,1546,,,1
NGA,Northeast - 1990,4975280,Mean height for age of children,-2.2,1,NG,Nigeria,1990,NG1990DHS,CN_NUTS_C_HAM,104236030,I,433001,1433001,Region,Northeast - 1990,0,,0,1,CNNUTSCHAM,NGDHS1990433001,1990,DHS,1211,1196,,,1
NGA,Northwest - 1990,4057766,Mean height for age of children,-2.1,1,NG,Nigeria,1990,NG1990DHS,CN_NUTS_C_HAM,104236030,I,433002,1433002,Region,Northwest - 1990,0,,0,1,CNNUTSCHAM,NGDHS1990433002,1990,DHS,1349,1184,,,1
NGA,Southeast - 1990,5009904,Mean height for age of children,-1.7,1,NG,Nigeria,1990,NG1990DHS,CN_NUTS_C_HAM,104236030,I,433003,1433003,Region,Southeast - 1990,0,,0,1,CNNUTSCHAM,NGDHS1990433003,1990,DHS,1893,1570,,,1
NGA,Southwest - 1990,4155199,Mean height for age of children,-1.6,1,NG,Nigeria,1990,NG1990DHS,CN_NUTS_C_HAM,104236030,I,433004,1433004,Region,Southwest - 1990,0,,0,1,CNNUTSCHAM,NGDHS1990433004,1990,DHS,1131,1546,,,1
NGA,Northeast - 1990,5198169,Children severely wasted,5.7,1,NG,Nigeria,1990,NG1990DHS,CN_NUTS_C_WH3,104236040,I,433001,1433001,Region,Northeast - 1990,0,,0,1,CNNUTSCWH3,NGDHS1990433001,1990,DHS,1211,1196,,,1
NGA,Northwest - 1990,5236170,Children severely wasted,8.5,1,NG,Nigeria,1990,NG1990DHS,CN_NUTS_C_WH3,104236040,I,433002,1433002,Region,Northwest - 1990,0,,0,1,CNNUTSCWH3,NGDHS1990433002,1990,DHS,1349,1184,,,1
NGA,Southeast - 1990,1380345,Children severely wasted,1.7,1,NG,Nigeria,1990,NG1990DHS,CN_NUTS_C_WH3,104236040,I,433003,1433003,Region,Southeast - 1990,0,,0,1,CNNUTSCWH3,NGDHS1990433003,1990,DHS,1893,1570,,,1
NGA,Southwest - 1990,7402177,Children severely wasted,1.7,1,NG,Nigeria,1990,NG1990DHS,CN_NUTS_C_WH3,104236040,I,433004,1433004,Region,Southwest - 1990,0,,0,1,CNNUTSCWH3,NGDHS1990433004,1990,DHS,1131,1546,,,1
NGA,Northeast - 1990,5198198,Children wasted,13.6,1,NG,Nigeria,1990,NG1990DHS,CN_NUTS_C_WH2,104236050,I,433001,1433001,Region,Northeast - 1990,0,,0,1,CNNUTSCWH2,NGDHS1990433001,1990,DHS,1211,1196,,,1
NGA,Northwest - 1990,5236171,Children wasted,15.2,1,NG,Nigeria,1990,NG1990DHS,CN_NUTS_C_WH2,104236050,I,433002,1433002,Region,Northwest - 1990,0,,0,1,CNNUTSCWH2,NGDHS1990433002,1990,DHS,1349,1184,,,1
NGA,Southeast - 1990,1380346,Children wasted,8,1,NG,Nigeria,1990,NG1990DHS,CN_NUTS_C_WH2,104236050,I,433003,1433003,Region,Southeast - 1990,0,,0,1,CNNUTSCWH2,NGDHS1990433003,1990,DHS,1893,1570,,,1
NGA,Southwest - 1990,7402178,Children wasted,7.2,1,NG,Nigeria,1990,NG1990DHS,CN_NUTS_C_WH2,104236050,I,433004,1433004,Region,Southwest - 1990,0,,0,1,CNNUTSCWH2,NGDHS1990433004,1990,DHS,1131,1546,,,1
NGA,Northeast - 1990,5198199,Children overweight,3,1,NG,Nigeria,1990,NG1990DHS,CN_NUTS_C_WHP,104236060,I,433001,1433001,Region,Northeast - 1990,0,,0,1,CNNUTSCWHP,NGDHS1990433001,1990,DHS,1211,1196,,,1
NGA,Northwest - 1990,5236188,Children overweight,4.2,1,NG,Nigeria,1990,NG1990DHS,CN_NUTS_C_WHP,104236060,I,433002,1433002,Region,Northwest - 1990,0,,0,1,CNNUTSCWHP,NGDHS1990433002,1990,DHS,1349,1184,,,1
NGA,Southeast - 1990,1380347,Children overweight,1.4,1,NG,Nigeria,1990,NG1990DHS,CN_NUTS_C_WHP,104236060,I,433003,1433003,Region,Southeast - 1990,0,,0,1,CNNUTSCWHP,NGDHS1990433003,1990,DHS,1893,1570,,,1
NGA,Southwest - 1990,7402179,Children overweight,2,1,NG,Nigeria,1990,NG1990DHS,CN_NUTS_C_WHP,104236060,I,433004,1433004,Region,Southwest - 1990,0,,0,1,CNNUTSCWHP,NGDHS1990433004,1990,DHS,1131,1546,,,1
NGA,Northeast - 1990,5198200,Mean weight for height of children,-0.5,1,NG,Nigeria,1990,NG1990DHS,CN_NUTS_C_WHM,104236070,I,433001,1433001,Region,Northeast - 1990,0,,0,1,CNNUTSCWHM,NGDHS1990433001,1990,DHS,1211,1196,,,1
NGA,Northwest - 1990,5236189,Mean weight for height of children,-0.5,1,NG,Nigeria,1990,NG1990DHS,CN_NUTS_C_WHM,104236070,I,433002,1433002,Region,Northwest - 1990,0,,0,1,CNNUTSCWHM,NGDHS1990433002,1990,DHS,1349,1184,,,1
NGA,Southeast - 1990,1380353,Mean weight for height of children,-0.3,1,NG,Nigeria,1990,NG1990DHS,CN_NUTS_C_WHM,104236070,I,433003,1433003,Region,Southeast - 1990,0,,0,1,CNNUTSCWHM,NGDHS1990433003,1990,DHS,1893,1570,,,1
NGA,Southwest - 1990,7402180,Mean weight for height of children,-0.3,1,NG,Nigeria,1990,NG1990DHS,CN_NUTS_C_WHM,104236070,I,433004,1433004,Region,Southwest - 1990,0,,0,1,CNNUTSCWHM,NGDHS1990433004,1990,DHS,1131,1546,,,1
NGA,Northeast - 1990,7211802,Children severely underweight,18.3,1,NG,Nigeria,1990,NG1990DHS,CN_NUTS_C_WA3,104236080,I,433001,1433001,Region,Northeast - 1990,0,,0,1,CNNUTSCWA3,NGDHS1990433001,1990,DHS,1211,1196,,,1
NGA,Northwest - 1990,3283702,Children severely underweight,14.6,1,NG,Nigeria,1990,NG1990DHS,CN_NUTS_C_WA3,104236080,I,433002,1433002,Region,Northwest - 1990,0,,0,1,CNNUTSCWA3,NGDHS1990433002,1990,DHS,1349,1184,,,1
NGA,Southeast - 1990,1380354,Children severely underweight,9,1,NG,Nigeria,1990,NG1990DHS,CN_NUTS_C_WA3,104236080,I,433003,1433003,Region,Southeast - 1990,0,,0,1,CNNUTSCWA3,NGDHS1990433003,1990,DHS,1893,1570,,,1
NGA,Southwest - 1990,6992806,Children severely underweight,6.7,1,NG,Nigeria,1990,NG1990DHS,CN_NUTS_C_WA3,104236080,I,433004,1433004,Region,Southwest - 1990,0,,0,1,CNNUTSCWA3,NGDHS1990433004,1990,DHS,1131,1546,,,1
NGA,Northeast - 1990,7211801,Children underweight,40.6,1,NG,Nigeria,1990,NG1990DHS,CN_NUTS_C_WA2,104236090,I,433001,1433001,Region,Northeast - 1990,0,,0,1,CNNUTSCWA2,NGDHS1990433001,1990,DHS,1211,1196,,,1
NGA,Northwest - 1990,3283701,Children underweight,40.8,1,NG,Nigeria,1990,NG1990DHS,CN_NUTS_C_WA2,104236090,I,433002,1433002,Region,Northwest - 1990,0,,0,1,CNNUTSCWA2,NGDHS1990433002,1990,DHS,1349,1184,,,1
NGA,Southeast - 1990,1380352,Children underweight,25.3,1,NG,Nigeria,1990,NG1990DHS,CN_NUTS_C_WA2,104236090,I,433003,1433003,Region,Southeast - 1990,0,,0,1,CNNUTSCWA2,NGDHS1990433003,1990,DHS,1893,1570,,,1
NGA,Southwest - 1990,6992808,Children underweight,22.6,1,NG,Nigeria,1990,NG1990DHS,CN_NUTS_C_WA2,104236090,I,433004,1433004,Region,Southwest - 1990,0,,0,1,CNNUTSCWA2,NGDHS1990433004,1990,DHS,1131,1546,,,1
NGA,Northeast - 1990,7211803,Children overweight for their age,1.2,1,NG,Nigeria,1990,NG1990DHS,CN_NUTS_C_WAP,104236100,I,433001,1433001,Region,Northeast - 1990,0,,0,1,CNNUTSCWAP,NGDHS1990433001,1990,DHS,1211,1196,,,1
NGA,Northwest - 1990,3283703,Children overweight for their age,0.8,1,NG,Nigeria,1990,NG1990DHS,CN_NUTS_C_WAP,104236100,I,433002,1433002,Region,Northwest - 1990,0,,0,1,CNNUTSCWAP,NGDHS1990433002,1990,DHS,1349,1184,,,1
NGA,Southeast - 1990,1405846,Children overweight for their age,0.5,1,NG,Nigeria,1990,NG1990DHS,CN_NUTS_C_WAP,104236100,I,433003,1433003,Region,Southeast - 1990,0,,0,1,CNNUTSCWAP,NGDHS1990433003,1990,DHS,1893,1570,,,1
NGA,Southwest - 1990,6992807,Children overweight for their age,0.6,1,NG,Nigeria,1990,NG1990DHS,CN_NUTS_C_WAP,104236100,I,433004,1433004,Region,Southwest - 1990,0,,0,1,CNNUTSCWAP,NGDHS1990433004,1990,DHS,1131,1546,,,1
NGA,Northeast - 1990,7211800,Mean weight for age of children,-1.6,1,NG,Nigeria,1990,NG1990DHS,CN_NUTS_C_WAM,104236110,I,433001,1433001,Region,Northeast - 1990,0,,0,1,CNNUTSCWAM,NGDHS1990433001,1990,DHS,1211,1196,,,1
NGA,Northwest - 1990,3283700,Mean weight for age of children,-1.6,1,NG,Nigeria,1990,NG1990DHS,CN_NUTS_C_WAM,104236110,I,433002,1433002,Region,Northwest - 1990,0,,0,1,CNNUTSCWAM,NGDHS1990433002,1990,DHS,1349,1184,,,1
NGA,Southeast - 1990,1405845,Mean weight for age of children,-1.2,1,NG,Nigeria,1990,NG1990DHS,CN_NUTS_C_WAM,104236110,I,433003,1433003,Region,Southeast - 1990,0,,0,1,CNNUTSCWAM,NGDHS1990433003,1990,DHS,1893,1570,,,1
NGA,Southwest - 1990,6992805,Mean weight for age of children,-1.1,1,NG,Nigeria,1990,NG1990DHS,CN_NUTS_C_WAM,104236110,I,433004,1433004,Region,Southwest - 1990,0,,0,1,CNNUTSCWAM,NGDHS1990433004,1990,DHS,1131,1546,,,1
NGA,North Central,4881251,Children severely stunted,13.9,1,NG,Nigeria,2003,NG2003DHS,CN_NUTS_C_HA3,104236010,I,433005,1433010,Region,North Central,0,,0,1,CNNUTSCHA3,NGDHS2003433005,2003,DHS,757,850,,,1
NGA,North East,3150990,Children severely stunted,25.3,1,NG,Nigeria,2003,NG2003DHS,CN_NUTS_C_HA3,104236010,I,433006,1433020,Region,North East,0,,0,1,CNNUTSCHA3,NGDHS2003433006,2003,DHS,1093,1104,,,1
NGA,North West,3495740,Children severely stunted,39.4,1,NG,Nigeria,2003,NG2003DHS,CN_NUTS_C_HA3,104236010,I,433007,1433030,Region,North West,0,,0,1,CNNUTSCHA3,NGDHS2003433007,2003,DHS,1452,1185,,,1
NGA,South East,4046753,Children severely stunted,6.3,1,NG,Nigeria,2003,NG2003DHS,CN_NUTS_C_HA3,104236010,I,433008,1433040,Region,South East,0,,0,1,CNNUTSCHA3,NGDHS2003433008,2003,DHS,326,438,,,1
NGA,South West,7555485,Children severely stunted,10.6,1,NG,Nigeria,2003,NG2003DHS,CN_NUTS_C_HA3,104236010,I,433009,1433050,Region,South West,0,,0,1,CNNUTSCHA3,NGDHS2003433009,2003,DHS,507,565,,,1
NGA,South South,6945170,Children severely stunted,9.1,1,NG,Nigeria,2003,NG2003DHS,CN_NUTS_C_HA3,104236010,I,433010,1433060,Region,South South,0,,0,1,CNNUTSCHA3,NGDHS2003433010,2003,DHS,635,460,,,1
NGA,North Central,4881250,Children stunted,35.1,1,NG,Nigeria,2003,NG2003DHS,CN_NUTS_C_HA2,104236020,I,433005,1433010,Region,North Central,0,,0,1,CNNUTSCHA2,NGDHS2003433005,2003,DHS,757,850,,,1
NGA,North East,3150992,Children stunted,47.1,1,NG,Nigeria,2003,NG2003DHS,CN_NUTS_C_HA2,104236020,I,433006,1433020,Region,North East,0,,0,1,CNNUTSCHA2,NGDHS2003433006,2003,DHS,1093,1104,,,1
NGA,North West,3495739,Children stunted,59.8,1,NG,Nigeria,2003,NG2003DHS,CN_NUTS_C_HA2,104236020,I,433007,1433030,Region,North West,0,,0,1,CNNUTSCHA2,NGDHS2003433007,2003,DHS,1452,1185,,,1
NGA,South East,4046752,Children stunted,18.9,1,NG,Nigeria,2003,NG2003DHS,CN_NUTS_C_HA2,104236020,I,433008,1433040,Region,South East,0,,0,1,CNNUTSCHA2,NGDHS2003433008,2003,DHS,326,438,,,1
NGA,South West,7555502,Children stunted,28.5,1,NG,Nigeria,2003,NG2003DHS,CN_NUTS_C_HA2,104236020,I,433009,1433050,Region,South West,0,,0,1,CNNUTSCHA2,NGDHS2003433009,2003,DHS,507,565,,,1
NGA,South South,6945168,Children stunted,26.3,1,NG,Nigeria,2003,NG2003DHS,CN_NUTS_C_HA2,104236020,I,433010,1433060,Region,South South,0,,0,1,CNNUTSCHA2,NGDHS2003433010,2003,DHS,635,460,,,1
NGA,North Central,4881249,Mean height for age of children,-1.2,1,NG,Nigeria,2003,NG2003DHS,CN_NUTS_C_HAM,104236030,I,433005,1433010,Region,North Central,0,,0,1,CNNUTSCHAM,NGDHS2003433005,2003,DHS,757,850,,,1
NGA,North East,3150991,Mean height for age of children,-1.8,1,NG,Nigeria,2003,NG2003DHS,CN_NUTS_C_HAM,104236030,I,433006,1433020,Region,North East,0,,0,1,CNNUTSCHAM,NGDHS2003433006,2003,DHS,1093,1104,,,1
NGA,North West,3495741,Mean height for age of children,-2.4,1,NG,Nigeria,2003,NG2003DHS,CN_NUTS_C_HAM,104236030,I,433007,1433030,Region,North West,0,,0,1,CNNUTSCHAM,NGDHS2003433007,2003,DHS,1452,1185,,,1
NGA,South East,4046751,Mean height for age of children,-0.6,1,NG,Nigeria,2003,NG2003DHS,CN_NUTS_C_HAM,104236030,I,433008,1433040,Region,South East,0,,0,1,CNNUTSCHAM,NGDHS2003433008,2003,DHS,326,438,,,1
NGA,South West,7555503,Mean height for age of children,-1.2,1,NG,Nigeria,2003,NG2003DHS,CN_NUTS_C_HAM,104236030,I,433009,1433050,Region,South West,0,,0,1,CNNUTSCHAM,NGDHS2003433009,2003,DHS,507,565,,,1
NGA,South South,6945169,Mean height for age of children,-0.9,1,NG,Nigeria,2003,NG2003DHS,CN_NUTS_C_HAM,104236030,I,433010,1433060,Region,South South,0,,0,1,CNNUTSCHAM,NGDHS2003433010,2003,DHS,635,460,,,1
NGA,North Central,3810266,Children severely wasted,2.8,1,NG,Nigeria,2003,NG2003DHS,CN_NUTS_C_WH3,104236040,I,433005,1433010,Region,North Central,0,,0,1,CNNUTSCWH3,NGDHS2003433005,2003,DHS,757,850,,,1
NGA,North East,217865,Children severely wasted,3.6,1,NG,Nigeria,2003,NG2003DHS,CN_NUTS_C_WH3,104236040,I,433006,1433020,Region,North East,0,,0,1,CNNUTSCWH3,NGDHS2003433006,2003,DHS,1093,1104,,,1
NGA,North West,4449343,Children severely wasted,6,1,NG,Nigeria,2003,NG2003DHS,CN_NUTS_C_WH3,104236040,I,433007,1433030,Region,North West,0,,0,1,CNNUTSCWH3,NGDHS2003433007,2003,DHS,1452,1185,,,1
NGA,South East,3511191,Children severely wasted,1.1,1,NG,Nigeria,2003,NG2003DHS,CN_NUTS_C_WH3,104236040,I,433008,1433040,Region,South East,0,,0,1,CNNUTSCWH3,NGDHS2003433008,2003,DHS,326,438,,,1
NGA,South West,7554414,Children severely wasted,3,1,NG,Nigeria,2003,NG2003DHS,CN_NUTS_C_WH3,104236040,I,433009,1433050,Region,South West,0,,0,1,CNNUTSCWH3,NGDHS2003433009,2003,DHS,507,565,,,1
NGA,South South,6084441,Children severely wasted,6.8,1,NG,Nigeria,2003,NG2003DHS,CN_NUTS_C_WH3,104236040,I,433010,1433060,Region,South South,0,,0,1,CNNUTSCWH3,NGDHS2003433010,2003,DHS,635,460,,,1
NGA,North Central,3810267,Children wasted,7.8,1,NG,Nigeria,2003,NG2003DHS,CN_NUTS_C_WH2,104236050,I,433005,1433010,Region,North Central,0,,0,1,CNNUTSCWH2,NGDHS2003433005,2003,DHS,757,850,,,1
NGA,North East,217866,Children wasted,10.7,1,NG,Nigeria,2003,NG2003DHS,CN_NUTS_C_WH2,104236050,I,433006,1433020,Region,North East,0,,0,1,CNNUTSCWH2,NGDHS2003433006,2003,DHS,1093,1104,,,1
NGA,North West,4449344,Children wasted,14.3,1,NG,Nigeria,2003,NG2003DHS,CN_NUTS_C_WH2,104236050,I,433007,1433030,Region,North West,0,,0,1,CNNUTSCWH2,NGDHS2003433007,2003,DHS,1452,1185,,,1
NGA,South East,3511193,Children wasted,3.4,1,NG,Nigeria,2003,NG2003DHS,CN_NUTS_C_WH2,104236050,I,433008,1433040,Region,South East,0,,0,1,CNNUTSCWH2,NGDHS2003433008,2003,DHS,326,438,,,1
NGA,South West,7554415,Children wasted,9.6,1,NG,Nigeria,2003,NG2003DHS,CN_NUTS_C_WH2,104236050,I,433009,1433050,Region,South West,0,,0,1,CNNUTSCWH2,NGDHS2003433009,2003,DHS,507,565,,,1
NGA,South South,6084442,Children wasted,12.5,1,NG,Nigeria,2003,NG2003DHS,CN_NUTS_C_WH2,104236050,I,433010,1433060,Region,South South,0,,0,1,CNNUTSCWH2,NGDHS2003433010,2003,DHS,635,460,,,1
NGA,North Central,3810312,Children overweight,2.6,1,NG,Nigeria,2003,NG2003DHS,CN_NUTS_C_WHP,104236060,I,433005,1433010,Region,North Central,0,,0,1,CNNUTSCWHP,NGDHS2003433005,2003,DHS,757,850,,,1
NGA,North East,217867,Children overweight,3.7,1,NG,Nigeria,2003,NG2003DHS,CN_NUTS_C_WHP,104236060,I,433006,1433020,Region,North East,0,,0,1,CNNUTSCWHP,NGDHS2003433006,2003,DHS,1093,1104,,,1
NGA,North West,4449345,Children overweight,8.7,1,NG,Nigeria,2003,NG2003DHS,CN_NUTS_C_WHP,104236060,I,433007,1433030,Region,North West,0,,0,1,CNNUTSCWHP,NGDHS2003433007,2003,DHS,1452,1185,,,1
NGA,South East,3511194,Children overweight,6.6,1,NG,Nigeria,2003,NG2003DHS,CN_NUTS_C_WHP,104236060,I,433008,1433040,Region,South East,0,,0,1,CNNUTSCWHP,NGDHS2003433008,2003,DHS,326,438,,,1
NGA,South West,7554416,Children overweight,6.6,1,NG,Nigeria,2003,NG2003DHS,CN_NUTS_C_WHP,104236060,I,433009,1433050,Region,South West,0,,0,1,CNNUTSCWHP,NGDHS2003433009,2003,DHS,507,565,,,1
NGA,South South,6084443,Children overweight,3.7,1,NG,Nigeria,2003,NG2003DHS,CN_NUTS_C_WHP,104236060,I,433010,1433060,Region,South South,0,,0,1,CNNUTSCWHP,NGDHS2003433010,2003,DHS,635,460,,,1
NGA,North Central,3810313,Mean weight for height of children,-0.2,1,NG,Nigeria,2003,NG2003DHS,CN_NUTS_C_WHM,104236070,I,433005,1433010,Region,North Central,0,,0,1,CNNUTSCWHM,NGDHS2003433005,2003,DHS,757,850,,,1
NGA,North East,217872,Mean weight for height of children,-0.3,1,NG,Nigeria,2003,NG2003DHS,CN_NUTS_C_WHM,104236070,I,433006,1433020,Region,North East,0,,0,1,CNNUTSCWHM,NGDHS2003433006,2003,DHS,1093,1104,,,1
NGA,North West,4449346,Mean weight for height of children,-0.2,1,NG,Nigeria,2003,NG2003DHS,CN_NUTS_C_WHM,104236070,I,433007,1433030,Region,North West,0,,0,1,CNNUTSCWHM,NGDHS2003433007,2003,DHS,1452,1185,,,1
NGA,South East,3511195,Mean weight for height of children,0.2,1,NG,Nigeria,2003,NG2003DHS,CN_NUTS_C_WHM,104236070,I,433008,1433040,Region,South East,0,,0,1,CNNUTSCWHM,NGDHS2003433008,2003,DHS,326,438,,,1
NGA,South West,7554413,Mean weight for height of children,-0.3,1,NG,Nigeria,2003,NG2003DHS,CN_NUTS_C_WHM,104236070,I,433009,1433050,Region,South West,0,,0,1,CNNUTSCWHM,NGDHS2003433009,2003,DHS,507,565,,,1
NGA,South South,6084440,Mean weight for height of children,-0.5,1,NG,Nigeria,2003,NG2003DHS,CN_NUTS_C_WHM,104236070,I,433010,1433060,Region,South South,0,,0,1,CNNUTSCWHM,NGDHS2003433010,2003,DHS,635,460,,,1
NGA,North Central,6151729,Children severely underweight,4.9,1,NG,Nigeria,2003,NG2003DHS,CN_NUTS_C_WA3,104236080,I,433005,1433010,Region,North Central,0,,0,1,CNNUTSCWA3,NGDHS2003433005,2003,DHS,757,850,,,1
NGA,North East,6920238,Children severely underweight,9,1,NG,Nigeria,2003,NG2003DHS,CN_NUTS_C_WA3,104236080,I,433006,1433020,Region,North East,0,,0,1,CNNUTSCWA3,NGDHS2003433006,2003,DHS,1093,1104,,,1
NGA,North West,3932048,Children severely underweight,14.3,1,NG,Nigeria,2003,NG2003DHS,CN_NUTS_C_WA3,104236080,I,433007,1433030,Region,North West,0,,0,1,CNNUTSCWA3,NGDHS2003433007,2003,DHS,1452,1185,,,1
NGA,South East,4790445,Children severely underweight,1.9,1,NG,Nigeria,2003,NG2003DHS,CN_NUTS_C_WA3,104236080,I,433008,1433040,Region,South East,0,,0,1,CNNUTSCWA3,NGDHS2003433008,2003,DHS,326,438,,,1
NGA,South West,7555847,Children severely underweight,4.5,1,NG,Nigeria,2003,NG2003DHS,CN_NUTS_C_WA3,104236080,I,433009,1433050,Region,South West,0,,0,1,CNNUTSCWA3,NGDHS2003433009,2003,DHS,507,565,,,1
NGA,South South,6593476,Children severely underweight,6.8,1,NG,Nigeria,2003,NG2003DHS,CN_NUTS_C_WA3,104236080,I,433010,1433060,Region,South South,0,,0,1,CNNUTSCWA3,NGDHS2003433010,2003,DHS,635,460,,,1
NGA,North Central,6151728,Children underweight,14.2,1,NG,Nigeria,2003,NG2003DHS,CN_NUTS_C_WA2,104236090,I,433005,1433010,Region,North Central,0,,0,1,CNNUTSCWA2,NGDHS2003433005,2003,DHS,757,850,,,1
NGA,North East,6920240,Children underweight,28.3,1,NG,Nigeria,2003,NG2003DHS,CN_NUTS_C_WA2,104236090,I,433006,1433020,Region,North East,0,,0,1,CNNUTSCWA2,NGDHS2003433006,2003,DHS,1093,1104,,,1
NGA,North West,3932051,Children underweight,36.4,1,NG,Nigeria,2003,NG2003DHS,CN_NUTS_C_WA2,104236090,I,433007,1433030,Region,North West,0,,0,1,CNNUTSCWA2,NGDHS2003433007,2003,DHS,1452,1185,,,1
NGA,South East,4790444,Children underweight,6.3,1,NG,Nigeria,2003,NG2003DHS,CN_NUTS_C_WA2,104236090,I,433008,1433040,Region,South East,0,,0,1,CNNUTSCWA2,NGDHS2003433008,2003,DHS,326,438,,,1
NGA,South West,7555846,Children underweight,17.3,1,NG,Nigeria,2003,NG2003DHS,CN_NUTS_C_WA2,104236090,I,433009,1433050,Region,South West,0,,0,1,CNNUTSCWA2,NGDHS2003433009,2003,DHS,507,565,,,1
NGA,South South,6593539,Children underweight,16.3,1,NG,Nigeria,2003,NG2003DHS,CN_NUTS_C_WA2,104236090,I,433010,1433060,Region,South South,0,,0,1,CNNUTSCWA2,NGDHS2003433010,2003,DHS,635,460,,,1
NGA,North Central,6151730,Children overweight for their age,1.4,1,NG,Nigeria,2003,NG2003DHS,CN_NUTS_C_WAP,104236100,I,433005,1433010,Region,North Central,0,,0,1,CNNUTSCWAP,NGDHS2003433005,2003,DHS,757,850,,,1
NGA,North East,6920239,Children overweight for their age,0.9,1,NG,Nigeria,2003,NG2003DHS,CN_NUTS_C_WAP,104236100,I,433006,1433020,Region,North East,0,,0,1,CNNUTSCWAP,NGDHS2003433006,2003,DHS,1093,1104,,,1
NGA,North West,3932049,Children overweight for their age,1,1,NG,Nigeria,2003,NG2003DHS,CN_NUTS_C_WAP,104236100,I,433007,1433030,Region,North West,0,,0,1,CNNUTSCWAP,NGDHS2003433007,2003,DHS,1452,1185,,,1
NGA,South East,4790446,Children overweight for their age,2.9,1,NG,Nigeria,2003,NG2003DHS,CN_NUTS_C_WAP,104236100,I,433008,1433040,Region,South East,0,,0,1,CNNUTSCWAP,NGDHS2003433008,2003,DHS,326,438,,,1
NGA,South West,7555848,Children overweight for their age,1,1,NG,Nigeria,2003,NG2003DHS,CN_NUTS_C_WAP,104236100,I,433009,1433050,Region,South West,0,,0,1,CNNUTSCWAP,NGDHS2003433009,2003,DHS,507,565,,,1
NGA,South South,6593538,Children overweight for their age,1.2,1,NG,Nigeria,2003,NG2003DHS,CN_NUTS_C_WAP,104236100,I,433010,1433060,Region,South South,0,,0,1,CNNUTSCWAP,NGDHS2003433010,2003,DHS,635,460,,,1
NGA,North Central,6151651,Mean weight for age of children,-0.9,1,NG,Nigeria,2003,NG2003DHS,CN_NUTS_C_WAM,104236110,I,433005,1433010,Region,North Central,0,,0,1,CNNUTSCWAM,NGDHS2003433005,2003,DHS,757,850,,,1
NGA,North East,6920265,Mean weight for age of children,-1.3,1,NG,Nigeria,2003,NG2003DHS,CN_NUTS_C_WAM,104236110,I,433006,1433020,Region,North East,0,,0,1,CNNUTSCWAM,NGDHS2003433006,2003,DHS,1093,1104,,,1
NGA,North West,3932052,Mean weight for age of children,-1.5,1,NG,Nigeria,2003,NG2003DHS,CN_NUTS_C_WAM,104236110,I,433007,1433030,Region,North West,0,,0,1,CNNUTSCWAM,NGDHS2003433007,2003,DHS,1452,1185,,,1
NGA,South East,4790447,Mean weight for age of children,-0.2,1,NG,Nigeria,2003,NG2003DHS,CN_NUTS_C_WAM,104236110,I,433008,1433040,Region,South East,0,,0,1,CNNUTSCWAM,NGDHS2003433008,2003,DHS,326,438,,,1
NGA,South West,7555849,Mean weight for age of children,-0.9,1,NG,Nigeria,2003,NG2003DHS,CN_NUTS_C_WAM,104236110,I,433009,1433050,Region,South West,0,,0,1,CNNUTSCWAM,NGDHS2003433009,2003,DHS,507,565,,,1
NGA,South South,6593540,Mean weight for age of children,-0.8,1,NG,Nigeria,2003,NG2003DHS,CN_NUTS_C_WAM,104236110,I,433010,1433060,Region,South South,0,,0,1,CNNUTSCWAM,NGDHS2003433010,2003,DHS,635,460,,,1
NGA,North Central,4633665,Women with height below 145 cm,1.5,1,NG,Nigeria,2003,NG2003DHS,AN_NUTS_W_SHT,114563010,I,433005,1433010,Region,North Central,0,,0,1,ANNUTSWSHT,NGDHS2003433005,2003,DHS,1086,1224,,,1
NGA,North East,5890682,Women with height below 145 cm,1.6,1,NG,Nigeria,2003,NG2003DHS,AN_NUTS_W_SHT,114563010,I,433006,1433020,Region,North East,0,,0,1,ANNUTSWSHT,NGDHS2003433006,2003,DHS,1320,1358,,,1
NGA,North West,429157,Women with height below 145 cm,2.5,1,NG,Nigeria,2003,NG2003DHS,AN_NUTS_W_SHT,114563010,I,433007,1433030,Region,North West,0,,0,1,ANNUTSWSHT,NGDHS2003433007,2003,DHS,2022,1742,,,1
NGA,South East,2870209,Women with height below 145 cm,2.9,1,NG,Nigeria,2003,NG2003DHS,AN_NUTS_W_SHT,114563010,I,433008,1433040,Region,South East,0,,0,1,ANNUTSWSHT,NGDHS2003433008,2003,DHS,707,1062,,,1
NGA,South West,7545090,Women with height below 145 cm,1.6,1,NG,Nigeria,2003,NG2003DHS,AN_NUTS_W_SHT,114563010,I,433009,1433050,Region,South West,0,,0,1,ANNUTSWSHT,NGDHS2003433009,2003,DHS,950,1129,,,1
NGA,South South,3152029,Women with height below 145 cm,1.3,1,NG,Nigeria,2003,NG2003DHS,AN_NUTS_W_SHT,114563010,I,433010,1433060,Region,South South,0,,0,1,ANNUTSWSHT,NGDHS2003433010,2003,DHS,1308,913,,,1
NGA,North Central,4633664,Number of women,1086,0,NG,Nigeria,2003,NG2003DHS,AN_NUTS_W_NM1,114563020,D,433005,1433010,Region,North Central,0,,0,1,ANNUTSWNM1,NGDHS2003433005,2003,DHS,,1224,,,1
NGA,North East,5943299,Number of women,1320,0,NG,Nigeria,2003,NG2003DHS,AN_NUTS_W_NM1,114563020,D,433006,1433020,Region,North East,0,,0,1,ANNUTSWNM1,NGDHS2003433006,2003,DHS,,1358,,,1
NGA,North West,1343162,Number of women,2022,0,NG,Nigeria,2003,NG2003DHS,AN_NUTS_W_NM1,114563020,D,433007,1433030,Region,North West,0,,0,1,ANNUTSWNM1,NGDHS2003433007,2003,DHS,,1742,,,1
NGA,South East,1343164,Number of women,707,0,NG,Nigeria,2003,NG2003DHS,AN_NUTS_W_NM1,114563020,D,433008,1433040,Region,South East,0,,0,1,ANNUTSWNM1,NGDHS2003433008,2003,DHS,,1062,,,1
NGA,South West,7545085,Number of women,950,0,NG,Nigeria,2003,NG2003DHS,AN_NUTS_W_NM1,114563020,D,433009,1433050,Region,South West,0,,0,1,ANNUTSWNM1,NGDHS2003433009,2003,DHS,,1129,,,1
NGA,South South,1337554,Number of women,1308,0,NG,Nigeria,2003,NG2003DHS,AN_NUTS_W_NM1,114563020,D,433010,1433060,Region,South South,0,,0,1,ANNUTSWNM1,NGDHS2003433010,2003,DHS,,913,,,1
NGA,North Central,1324269,Number of women (unweighted),1224,0,NG,Nigeria,2003,NG2003DHS,AN_NUTS_W_UN1,114563030,U,433005,1433010,Region,North Central,0,,0,1,ANNUTSWUN1,NGDHS2003433005,2003,DHS,1086,,,,1
NGA,North East,5802791,Number of women (unweighted),1358,0,NG,Nigeria,2003,NG2003DHS,AN_NUTS_W_UN1,114563030,U,433006,1433020,Region,North East,0,,0,1,ANNUTSWUN1,NGDHS2003433006,2003,DHS,1320,,,,1
NGA,North West,429124,Number of women (unweighted),1742,0,NG,Nigeria,2003,NG2003DHS,AN_NUTS_W_UN1,114563030,U,433007,1433030,Region,North West,0,,0,1,ANNUTSWUN1,NGDHS2003433007,2003,DHS,2022,,,,1
NGA,South East,2870210,Number of women (unweighted),1062,0,NG,Nigeria,2003,NG2003DHS,AN_NUTS_W_UN1,114563030,U,433008,1433040,Region,South East,0,,0,1,ANNUTSWUN1,NGDHS2003433008,2003,DHS,707,,,,1
NGA,South West,7544358,Number of women (unweighted),1129,0,NG,Nigeria,2003,NG2003DHS,AN_NUTS_W_UN1,114563030,U,433009,1433050,Region,South West,0,,0,1,ANNUTSWUN1,NGDHS2003433009,2003,DHS,950,,,,1
NGA,South South,3152076,Number of women (unweighted),913,0,NG,Nigeria,2003,NG2003DHS,AN_NUTS_W_UN1,114563030,U,433010,1433060,Region,South South,0,,0,1,ANNUTSWUN1,NGDHS2003433010,2003,DHS,1308,,,,1
NGA,North Central,4990367,Mean Body Mass Index (BMI) for women,23.1,1,NG,Nigeria,2003,NG2003DHS,AN_NUTS_W_BMI,114563040,I,433005,1433010,Region,North Central,0,,0,1,ANNUTSWBMI,NGDHS2003433005,2003,DHS,944,1069,,,1
NGA,North East,5087061,Mean Body Mass Index (BMI) for women,21.4,1,NG,Nigeria,2003,NG2003DHS,AN_NUTS_W_BMI,114563040,I,433006,1433020,Region,North East,0,,0,1,ANNUTSWBMI,NGDHS2003433006,2003,DHS,1095,1120,,,1
NGA,North West,3192991,Mean Body Mass Index (BMI) for women,21.5,1,NG,Nigeria,2003,NG2003DHS,AN_NUTS_W_BMI,114563040,I,433007,1433030,Region,North West,0,,0,1,ANNUTSWBMI,NGDHS2003433007,2003,DHS,1630,1404,,,1
NGA,South East,7413310,Mean Body Mass Index (BMI) for women,23.6,1,NG,Nigeria,2003,NG2003DHS,AN_NUTS_W_BMI,114563040,I,433008,1433040,Region,South East,0,,0,1,ANNUTSWBMI,NGDHS2003433008,2003,DHS,648,985,,,1
NGA,South West,7554417,Mean Body Mass Index (BMI) for women,22.3,1,NG,Nigeria,2003,NG2003DHS,AN_NUTS_W_BMI,114563040,I,433009,1433050,Region,South West,0,,0,1,ANNUTSWBMI,NGDHS2003433009,2003,DHS,872,1037,,,1
NGA,South South,6168753,Mean Body Mass Index (BMI) for women,22.9,1,NG,Nigeria,2003,NG2003DHS,AN_NUTS_W_BMI,114563040,I,433010,1433060,Region,South South,0,,0,1,ANNUTSWBMI,NGDHS2003433010,2003,DHS,1173,811,,,1
NGA,North Central,4990368,Women with normal BMI (18.5-24.9),70.3,1,NG,Nigeria,2003,NG2003DHS,AN_NUTS_W_NRM,114563050,I,433005,1433010,Region,North Central,0,,0,1,ANNUTSWNRM,NGDHS2003433005,2003,DHS,944,1069,,,1
NGA,North East,5087062,Women with normal BMI (18.5-24.9),62.9,1,NG,Nigeria,2003,NG2003DHS,AN_NUTS_W_NRM,114563050,I,433006,1433020,Region,North East,0,,0,1,ANNUTSWNRM,NGDHS2003433006,2003,DHS,1095,1120,,,1
NGA,North West,3192992,Women with normal BMI (18.5-24.9),65.3,1,NG,Nigeria,2003,NG2003DHS,AN_NUTS_W_NRM,114563050,I,433007,1433030,Region,North West,0,,0,1,ANNUTSWNRM,NGDHS2003433007,2003,DHS,1630,1404,,,1
NGA,South East,7413311,Women with normal BMI (18.5-24.9),57.9,1,NG,Nigeria,2003,NG2003DHS,AN_NUTS_W_NRM,114563050,I,433008,1433040,Region,South East,0,,0,1,ANNUTSWNRM,NGDHS2003433008,2003,DHS,648,985,,,1
NGA,South West,7554418,Women with normal BMI (18.5-24.9),62.5,1,NG,Nigeria,2003,NG2003DHS,AN_NUTS_W_NRM,114563050,I,433009,1433050,Region,South West,0,,0,1,ANNUTSWNRM,NGDHS2003433009,2003,DHS,872,1037,,,1
NGA,South South,6168756,Women with normal BMI (18.5-24.9),64.2,1,NG,Nigeria,2003,NG2003DHS,AN_NUTS_W_NRM,114563050,I,433010,1433060,Region,South South,0,,0,1,ANNUTSWNRM,NGDHS2003433010,2003,DHS,1173,811,,,1
NGA,North Central,4990369,Women who are thin according to BMI (<18.5),6.6,1,NG,Nigeria,2003,NG2003DHS,AN_NUTS_W_THN,114563060,I,433005,1433010,Region,North Central,0,,0,1,ANNUTSWTHN,NGDHS2003433005,2003,DHS,944,1069,,,1
NGA,North East,5087063,Women who are thin according to BMI (<18.5),23,1,NG,Nigeria,2003,NG2003DHS,AN_NUTS_W_THN,114563060,I,433006,1433020,Region,North East,0,,0,1,ANNUTSWTHN,NGDHS2003433006,2003,DHS,1095,1120,,,1
NGA,North West,3192993,Women who are thin according to BMI (<18.5),19.7,1,NG,Nigeria,2003,NG2003DHS,AN_NUTS_W_THN,114563060,I,433007,1433030,Region,North West,0,,0,1,ANNUTSWTHN,NGDHS2003433007,2003,DHS,1630,1404,,,1
NGA,South East,7413312,Women who are thin according to BMI (<18.5),8.2,1,NG,Nigeria,2003,NG2003DHS,AN_NUTS_W_THN,114563060,I,433008,1433040,Region,South East,0,,0,1,ANNUTSWTHN,NGDHS2003433008,2003,DHS,648,985,,,1
NGA,South West,7554419,Women who are thin according to BMI (<18.5),16.7,1,NG,Nigeria,2003,NG2003DHS,AN_NUTS_W_THN,114563060,I,433009,1433050,Region,South West,0,,0,1,ANNUTSWTHN,NGDHS2003433009,2003,DHS,872,1037,,,1
NGA,South South,6168758,Women who are thin according to BMI (<18.5),11.1,1,NG,Nigeria,2003,NG2003DHS,AN_NUTS_W_THN,114563060,I,433010,1433060,Region,South South,0,,0,1,ANNUTSWTHN,NGDHS2003433010,2003,DHS,1173,811,,,1
NGA,North Central,4990411,Women who are mildly thin according to BMI (17.0-18.4),5.3,1,NG,Nigeria,2003,NG2003DHS,AN_NUTS_W_TH1,114563070,I,433005,1433010,Region,North Central,0,,0,1,ANNUTSWTH1,NGDHS2003433005,2003,DHS,944,1069,,,1
NGA,North East,5087064,Women who are mildly thin according to BMI (17.0-18.4),16.1,1,NG,Nigeria,2003,NG2003DHS,AN_NUTS_W_TH1,114563070,I,433006,1433020,Region,North East,0,,0,1,ANNUTSWTH1,NGDHS2003433006,2003,DHS,1095,1120,,,1
NGA,North West,3192994,Women who are mildly thin according to BMI (17.0-18.4),12.9,1,NG,Nigeria,2003,NG2003DHS,AN_NUTS_W_TH1,114563070,I,433007,1433030,Region,North West,0,,0,1,ANNUTSWTH1,NGDHS2003433007,2003,DHS,1630,1404,,,1
NGA,South East,7413313,Women who are mildly thin according to BMI (17.0-18.4),6.2,1,NG,Nigeria,2003,NG2003DHS,AN_NUTS_W_TH1,114563070,I,433008,1433040,Region,South East,0,,0,1,ANNUTSWTH1,NGDHS2003433008,2003,DHS,648,985,,,1
NGA,South West,7554420,Women who are mildly thin according to BMI (17.0-18.4),11.9,1,NG,Nigeria,2003,NG2003DHS,AN_NUTS_W_TH1,114563070,I,433009,1433050,Region,South West,0,,0,1,ANNUTSWTH1,NGDHS2003433009,2003,DHS,872,1037,,,1
NGA,South South,6168759,Women who are mildly thin according to BMI (17.0-18.4),8.7,1,NG,Nigeria,2003,NG2003DHS,AN_NUTS_W_TH1,114563070,I,433010,1433060,Region,South South,0,,0,1,ANNUTSWTH1,NGDHS2003433010,2003,DHS,1173,811,,,1
NGA,North Central,4990366,Women who are moderately thin according to BMI (<17.0),1.3,1,NG,Nigeria,2003,NG2003DHS,AN_NUTS_W_TH2,114563080,I,433005,1433010,Region,North Central,0,,0,1,ANNUTSWTH2,NGDHS2003433005,2003,DHS,944,1069,,,1
NGA,North East,5087065,Women who are moderately thin according to BMI (<17.0),7,1,NG,Nigeria,2003,NG2003DHS,AN_NUTS_W_TH2,114563080,I,433006,1433020,Region,North East,0,,0,1,ANNUTSWTH2,NGDHS2003433006,2003,DHS,1095,1120,,,1
NGA,North West,3192995,Women who are moderately thin according to BMI (<17.0),6.9,1,NG,Nigeria,2003,NG2003DHS,AN_NUTS_W_TH2,114563080,I,433007,1433030,Region,North West,0,,0,1,ANNUTSWTH2,NGDHS2003433007,2003,DHS,1630,1404,,,1
NGA,South East,7413320,Women who are moderately thin according to BMI (<17.0),2,1,NG,Nigeria,2003,NG2003DHS,AN_NUTS_W_TH2,114563080,I,433008,1433040,Region,South East,0,,0,1,ANNUTSWTH2,NGDHS2003433008,2003,DHS,648,985,,,1
NGA,South West,7554421,Women who are moderately thin according to BMI (<17.0),4.8,1,NG,Nigeria,2003,NG2003DHS,AN_NUTS_W_TH2,114563080,I,433009,1433050,Region,South West,0,,0,1,ANNUTSWTH2,NGDHS2003433009,2003,DHS,872,1037,,,1
NGA,South South,6168754,Women who are moderately thin according to BMI (<17.0),2.4,1,NG,Nigeria,2003,NG2003DHS,AN_NUTS_W_TH2,114563080,I,433010,1433060,Region,South South,0,,0,1,ANNUTSWTH2,NGDHS2003433010,2003,DHS,1173,811,,,1
NGA,North Central,4990412,Women who are overweight or obese according to BMI (>=25.0),23.1,1,NG,Nigeria,2003,NG2003DHS,AN_NUTS_W_OWT,114563090,I,433005,1433010,Region,North Central,0,,0,1,ANNUTSWOWT,NGDHS2003433005,2003,DHS,944,1069,,,1
NGA,North East,5087094,Women who are overweight or obese according to BMI (>=25.0),14.1,1,NG,Nigeria,2003,NG2003DHS,AN_NUTS_W_OWT,114563090,I,433006,1433020,Region,North East,0,,0,1,ANNUTSWOWT,NGDHS2003433006,2003,DHS,1095,1120,,,1
NGA,North West,3192997,Women who are overweight or obese according to BMI (>=25.0),15,1,NG,Nigeria,2003,NG2003DHS,AN_NUTS_W_OWT,114563090,I,433007,1433030,Region,North West,0,,0,1,ANNUTSWOWT,NGDHS2003433007,2003,DHS,1630,1404,,,1
NGA,South East,7413322,Women who are overweight or obese according to BMI (>=25.0),33.9,1,NG,Nigeria,2003,NG2003DHS,AN_NUTS_W_OWT,114563090,I,433008,1433040,Region,South East,0,,0,1,ANNUTSWOWT,NGDHS2003433008,2003,DHS,648,985,,,1
NGA,South West,7554423,Women who are overweight or obese according to BMI (>=25.0),20.8,1,NG,Nigeria,2003,NG2003DHS,AN_NUTS_W_OWT,114563090,I,433009,1433050,Region,South West,0,,0,1,ANNUTSWOWT,NGDHS2003433009,2003,DHS,872,1037,,,1
NGA,South South,6168792,Women who are overweight or obese according to BMI (>=25.0),24.7,1,NG,Nigeria,2003,NG2003DHS,AN_NUTS_W_OWT,114563090,I,433010,1433060,Region,South South,0,,0,1,ANNUTSWOWT,NGDHS2003433010,2003,DHS,1173,811,,,1
NGA,North Central,4990413,Women who are overweight according to BMI (25.0-29.9),16.9,1,NG,Nigeria,2003,NG2003DHS,AN_NUTS_W_OVW,114563100,I,433005,1433010,Region,North Central,0,,0,1,ANNUTSWOVW,NGDHS2003433005,2003,DHS,944,1069,,,1
NGA,North East,5087068,Women who are overweight according to BMI (25.0-29.9),10.4,1,NG,Nigeria,2003,NG2003DHS,AN_NUTS_W_OVW,114563100,I,433006,1433020,Region,North East,0,,0,1,ANNUTSWOVW,NGDHS2003433006,2003,DHS,1095,1120,,,1
NGA,North West,3192996,Women who are overweight according to BMI (25.0-29.9),10.7,1,NG,Nigeria,2003,NG2003DHS,AN_NUTS_W_OVW,114563100,I,433007,1433030,Region,North West,0,,0,1,ANNUTSWOVW,NGDHS2003433007,2003,DHS,1630,1404,,,1
NGA,South East,7413321,Women who are overweight according to BMI (25.0-29.9),25.5,1,NG,Nigeria,2003,NG2003DHS,AN_NUTS_W_OVW,114563100,I,433008,1433040,Region,South East,0,,0,1,ANNUTSWOVW,NGDHS2003433008,2003,DHS,648,985,,,1
NGA,South West,7554422,Women who are overweight according to BMI (25.0-29.9),15,1,NG,Nigeria,2003,NG2003DHS,AN_NUTS_W_OVW,114563100,I,433009,1433050,Region,South West,0,,0,1,ANNUTSWOVW,NGDHS2003433009,2003,DHS,872,1037,,,1
NGA,South South,6168755,Women who are overweight according to BMI (25.0-29.9),16.8,1,NG,Nigeria,2003,NG2003DHS,AN_NUTS_W_OVW,114563100,I,433010,1433060,Region,South South,0,,0,1,ANNUTSWOVW,NGDHS2003433010,2003,DHS,1173,811,,,1
NGA,North Central,4990414,Women who are obese according to BMI (>=30.0),6.2,1,NG,Nigeria,2003,NG2003DHS,AN_NUTS_W_OBS,114563110,I,433005,1433010,Region,North Central,0,,0,1,ANNUTSWOBS,NGDHS2003433005,2003,DHS,944,1069,,,1
NGA,North East,5087095,Women who are obese according to BMI (>=30.0),3.7,1,NG,Nigeria,2003,NG2003DHS,AN_NUTS_W_OBS,114563110,I,433006,1433020,Region,North East,0,,0,1,ANNUTSWOBS,NGDHS2003433006,2003,DHS,1095,1120,,,1
NGA,North West,3192998,Women who are obese according to BMI (>=30.0),4.2,1,NG,Nigeria,2003,NG2003DHS,AN_NUTS_W_OBS,114563110,I,433007,1433030,Region,North West,0,,0,1,ANNUTSWOBS,NGDHS2003433007,2003,DHS,1630,1404,,,1
NGA,South East,7413323,Women who are obese according to BMI (>=30.0),8.4,1,NG,Nigeria,2003,NG2003DHS,AN_NUTS_W_OBS,114563110,I,433008,1433040,Region,South East,0,,0,1,ANNUTSWOBS,NGDHS2003433008,2003,DHS,648,985,,,1
NGA,South West,7554424,Women who are obese according to BMI (>=30.0),5.9,1,NG,Nigeria,2003,NG2003DHS,AN_NUTS_W_OBS,114563110,I,433009,1433050,Region,South West,0,,0,1,ANNUTSWOBS,NGDHS2003433009,2003,DHS,872,1037,,,1
NGA,South South,6168793,Women who are obese according to BMI (>=30.0),8,1,NG,Nigeria,2003,NG2003DHS,AN_NUTS_W_OBS,114563110,I,433010,1433060,Region,South South,0,,0,1,ANNUTSWOBS,NGDHS2003433010,2003,DHS,1173,811,,,1
NGA,North Central,5185942,Number of women,944,0,NG,Nigeria,2003,NG2003DHS,AN_NUTS_W_NUM,114563120,D,433005,1433010,Region,North Central,0,,0,1,ANNUTSWNUM,NGDHS2003433005,2003,DHS,,1069,,,1
NGA,North East,5113962,Number of women,1095,0,NG,Nigeria,2003,NG2003DHS,AN_NUTS_W_NUM,114563120,D,433006,1433020,Region,North East,0,,0,1,ANNUTSWNUM,NGDHS2003433006,2003,DHS,,1120,,,1
NGA,North West,1343166,Number of women,1630,0,NG,Nigeria,2003,NG2003DHS,AN_NUTS_W_NUM,114563120,D,433007,1433030,Region,North West,0,,0,1,ANNUTSWNUM,NGDHS2003433007,2003,DHS,,1404,,,1
NGA,South East,7451814,Number of women,648,0,NG,Nigeria,2003,NG2003DHS,AN_NUTS_W_NUM,114563120,D,433008,1433040,Region,South East,0,,0,1,ANNUTSWNUM,NGDHS2003433008,2003,DHS,,985,,,1
NGA,South West,7553617,Number of women,872,0,NG,Nigeria,2003,NG2003DHS,AN_NUTS_W_NUM,114563120,D,433009,1433050,Region,South West,0,,0,1,ANNUTSWNUM,NGDHS2003433009,2003,DHS,,1037,,,1
NGA,South South,6168757,Number of women,1173,0,NG,Nigeria,2003,NG2003DHS,AN_NUTS_W_NUM,114563120,D,433010,1433060,Region,South South,0,,0,1,ANNUTSWNUM,NGDHS2003433010,2003,DHS,,811,,,1
NGA,North Central,2761206,Number of women (unweighted),1069,0,NG,Nigeria,2003,NG2003DHS,AN_NUTS_W_UNW,114563130,U,433005,1433010,Region,North Central,0,,0,1,ANNUTSWUNW,NGDHS2003433005,2003,DHS,944,,,,1
NGA,North East,5804436,Number of women (unweighted),1120,0,NG,Nigeria,2003,NG2003DHS,AN_NUTS_W_UNW,114563130,U,433006,1433020,Region,North East,0,,0,1,ANNUTSWUNW,NGDHS2003433006,2003,DHS,1095,,,,1
NGA,North West,3192999,Number of women (unweighted),1404,0,NG,Nigeria,2003,NG2003DHS,AN_NUTS_W_UNW,114563130,U,433007,1433030,Region,North West,0,,0,1,ANNUTSWUNW,NGDHS2003433007,2003,DHS,1630,,,,1
NGA,South East,3232455,Number of women (unweighted),985,0,NG,Nigeria,2003,NG2003DHS,AN_NUTS_W_UNW,114563130,U,433008,1433040,Region,South East,0,,0,1,ANNUTSWUNW,NGDHS2003433008,2003,DHS,648,,,,1
NGA,South West,7544069,Number of women (unweighted),1037,0,NG,Nigeria,2003,NG2003DHS,AN_NUTS_W_UNW,114563130,U,433009,1433050,Region,South West,0,,0,1,ANNUTSWUNW,NGDHS2003433009,2003,DHS,872,,,,1
NGA,South South,1337553,Number of women (unweighted),811,0,NG,Nigeria,2003,NG2003DHS,AN_NUTS_W_UNW,114563130,U,433010,1433060,Region,South South,0,,0,1,ANNUTSWUNW,NGDHS2003433010,2003,DHS,1173,,,,1
NGA,North Central,7458697,Children severely stunted,25.2,1,NG,Nigeria,2008,NG2008DHS,CN_NUTS_C_HA3,104236010,I,433005,1433010,Region,North Central,0,,0,1,CNNUTSCHA3,NGDHS2008433005,2008,DHS,2800,3812,,,1
NGA,North East,1337540,Children severely stunted,29.2,1,NG,Nigeria,2008,NG2008DHS,CN_NUTS_C_HA3,104236010,I,433006,1433020,Region,North East,0,,0,1,CNNUTSCHA3,NGDHS2008433006,2008,DHS,3097,4529,,,1
NGA,North West,6178991,Children severely stunted,33.5,1,NG,Nigeria,2008,NG2008DHS,CN_NUTS_C_HA3,104236010,I,433007,1433030,Region,North West,0,,0,1,CNNUTSCHA3,NGDHS2008433007,2008,DHS,5488,5032,,,1
NGA,South East,2904124,Children severely stunted,9,1,NG,Nigeria,2008,NG2008DHS,CN_NUTS_C_HA3,104236010,I,433008,1433040,Region,South East,0,,0,1,CNNUTSCHA3,NGDHS2008433008,2008,DHS,1947,1864,,,1
NGA,South West,6236145,Children severely stunted,13.8,1,NG,Nigeria,2008,NG2008DHS,CN_NUTS_C_HA3,104236010,I,433009,1433050,Region,South West,0,,0,1,CNNUTSCHA3,NGDHS2008433009,2008,DHS,3795,2822,,,1
NGA,South South,5104494,Children severely stunted,14.2,1,NG,Nigeria,2008,NG2008DHS,CN_NUTS_C_HA3,104236010,I,433010,1433060,Region,South South,0,,0,1,CNNUTSCHA3,NGDHS2008433010,2008,DHS,2769,2574,,,1
NGA,North Central,7458699,Children stunted,43.8,1,NG,Nigeria,2008,NG2008DHS,CN_NUTS_C_HA2,104236020,I,433005,1433010,Region,North Central,0,,0,1,CNNUTSCHA2,NGDHS2008433005,2008,DHS,2800,3812,,,1
NGA,North East,1337544,Children stunted,48.6,1,NG,Nigeria,2008,NG2008DHS,CN_NUTS_C_HA2,104236020,I,433006,1433020,Region,North East,0,,0,1,CNNUTSCHA2,NGDHS2008433006,2008,DHS,3097,4529,,,1
NGA,North West,6179174,Children stunted,52.6,1,NG,Nigeria,2008,NG2008DHS,CN_NUTS_C_HA2,104236020,I,433007,1433030,Region,North West,0,,0,1,CNNUTSCHA2,NGDHS2008433007,2008,DHS,5488,5032,,,1
NGA,South East,2904123,Children stunted,21.7,1,NG,Nigeria,2008,NG2008DHS,CN_NUTS_C_HA2,104236020,I,433008,1433040,Region,South East,0,,0,1,CNNUTSCHA2,NGDHS2008433008,2008,DHS,1947,1864,,,1
NGA,South West,6236146,Children stunted,31.2,1,NG,Nigeria,2008,NG2008DHS,CN_NUTS_C_HA2,104236020,I,433009,1433050,Region,South West,0,,0,1,CNNUTSCHA2,NGDHS2008433009,2008,DHS,3795,2822,,,1
NGA,South South,5104493,Children stunted,31.1,1,NG,Nigeria,2008,NG2008DHS,CN_NUTS_C_HA2,104236020,I,433010,1433060,Region,South South,0,,0,1,CNNUTSCHA2,NGDHS2008433010,2008,DHS,2769,2574,,,1
NGA,North Central,7458698,Mean height for age of children,-1.7,1,NG,Nigeria,2008,NG2008DHS,CN_NUTS_C_HAM,104236030,I,433005,1433010,Region,North Central,0,,0,1,CNNUTSCHAM,NGDHS2008433005,2008,DHS,2800,3812,,,1
NGA,North East,1337543,Mean height for age of children,-1.8,1,NG,Nigeria,2008,NG2008DHS,CN_NUTS_C_HAM,104236030,I,433006,1433020,Region,North East,0,,0,1,CNNUTSCHAM,NGDHS2008433006,2008,DHS,3097,4529,,,1
NGA,North West,6178992,Mean height for age of children,-1.9,1,NG,Nigeria,2008,NG2008DHS,CN_NUTS_C_HAM,104236030,I,433007,1433030,Region,North West,0,,0,1,CNNUTSCHAM,NGDHS2008433007,2008,DHS,5488,5032,,,1
NGA,South East,2904122,Mean height for age of children,-0.7,1,NG,Nigeria,2008,NG2008DHS,CN_NUTS_C_HAM,104236030,I,433008,1433040,Region,South East,0,,0,1,CNNUTSCHAM,NGDHS2008433008,2008,DHS,1947,1864,,,1
NGA,South West,6236144,Mean height for age of children,-1.1,1,NG,Nigeria,2008,NG2008DHS,CN_NUTS_C_HAM,104236030,I,433009,1433050,Region,South West,0,,0,1,CNNUTSCHAM,NGDHS2008433009,2008,DHS,3795,2822,,,1
NGA,South South,5104492,Mean height for age of children,-1.1,1,NG,Nigeria,2008,NG2008DHS,CN_NUTS_C_HAM,104236030,I,433010,1433060,Region,South South,0,,0,1,CNNUTSCHAM,NGDHS2008433010,2008,DHS,2769,2574,,,1
NGA,North Central,7457382,Children severely wasted,5.2,1,NG,Nigeria,2008,NG2008DHS,CN_NUTS_C_WH3,104236040,I,433005,1433010,Region,North Central,0,,0,1,CNNUTSCWH3,NGDHS2008433005,2008,DHS,2800,3812,,,1
NGA,North East,5032977,Children severely wasted,11.4,1,NG,Nigeria,2008,NG2008DHS,CN_NUTS_C_WH3,104236040,I,433006,1433020,Region,North East,0,,0,1,CNNUTSCWH3,NGDHS2008433006,2008,DHS,3097,4529,,,1
NGA,North West,2946730,Children severely wasted,10.6,1,NG,Nigeria,2008,NG2008DHS,CN_NUTS_C_WH3,104236040,I,433007,1433030,Region,North West,0,,0,1,CNNUTSCWH3,NGDHS2008433007,2008,DHS,5488,5032,,,1
NGA,South East,6308426,Children severely wasted,3.4,1,NG,Nigeria,2008,NG2008DHS,CN_NUTS_C_WH3,104236040,I,433008,1433040,Region,South East,0,,0,1,CNNUTSCWH3,NGDHS2008433008,2008,DHS,1947,1864,,,1
NGA,South West,4027892,Children severely wasted,4.2,1,NG,Nigeria,2008,NG2008DHS,CN_NUTS_C_WH3,104236040,I,433009,1433050,Region,South West,0,,0,1,CNNUTSCWH3,NGDHS2008433009,2008,DHS,3795,2822,,,1
NGA,South South,6122845,Children severely wasted,2.9,1,NG,Nigeria,2008,NG2008DHS,CN_NUTS_C_WH3,104236040,I,433010,1433060,Region,South South,0,,0,1,CNNUTSCWH3,NGDHS2008433010,2008,DHS,2769,2574,,,1
NGA,North Central,7457383,Children wasted,9.3,1,NG,Nigeria,2008,NG2008DHS,CN_NUTS_C_WH2,104236050,I,433005,1433010,Region,North Central,0,,0,1,CNNUTSCWH2,NGDHS2008433005,2008,DHS,2800,3812,,,1
NGA,North East,5032978,Children wasted,22.2,1,NG,Nigeria,2008,NG2008DHS,CN_NUTS_C_WH2,104236050,I,433006,1433020,Region,North East,0,,0,1,CNNUTSCWH2,NGDHS2008433006,2008,DHS,3097,4529,,,1
NGA,North West,2946731,Children wasted,19.9,1,NG,Nigeria,2008,NG2008DHS,CN_NUTS_C_WH2,104236050,I,433007,1433030,Region,North West,0,,0,1,CNNUTSCWH2,NGDHS2008433007,2008,DHS,5488,5032,,,1
NGA,South East,6308427,Children wasted,8.6,1,NG,Nigeria,2008,NG2008DHS,CN_NUTS_C_WH2,104236050,I,433008,1433040,Region,South East,0,,0,1,CNNUTSCWH2,NGDHS2008433008,2008,DHS,1947,1864,,,1
NGA,South West,4027893,Children wasted,9.3,1,NG,Nigeria,2008,NG2008DHS,CN_NUTS_C_WH2,104236050,I,433009,1433050,Region,South West,0,,0,1,CNNUTSCWH2,NGDHS2008433009,2008,DHS,3795,2822,,,1
NGA,South South,6122846,Children wasted,7.5,1,NG,Nigeria,2008,NG2008DHS,CN_NUTS_C_WH2,104236050,I,433010,1433060,Region,South South,0,,0,1,CNNUTSCWH2,NGDHS2008433010,2008,DHS,2769,2574,,,1
NGA,North Central,7457384,Children overweight,10.6,1,NG,Nigeria,2008,NG2008DHS,CN_NUTS_C_WHP,104236060,I,433005,1433010,Region,North Central,0,,0,1,CNNUTSCWHP,NGDHS2008433005,2008,DHS,2800,3812,,,1
NGA,North East,5032979,Children overweight,8.5,1,NG,Nigeria,2008,NG2008DHS,CN_NUTS_C_WHP,104236060,I,433006,1433020,Region,North East,0,,0,1,CNNUTSCWHP,NGDHS2008433006,2008,DHS,3097,4529,,,1
NGA,North West,2946763,Children overweight,8.9,1,NG,Nigeria,2008,NG2008DHS,CN_NUTS_C_WHP,104236060,I,433007,1433030,Region,North West,0,,0,1,CNNUTSCWHP,NGDHS2008433007,2008,DHS,5488,5032,,,1
NGA,South East,6308437,Children overweight,7.4,1,NG,Nigeria,2008,NG2008DHS,CN_NUTS_C_WHP,104236060,I,433008,1433040,Region,South East,0,,0,1,CNNUTSCWHP,NGDHS2008433008,2008,DHS,1947,1864,,,1
NGA,South West,4027894,Children overweight,7.7,1,NG,Nigeria,2008,NG2008DHS,CN_NUTS_C_WHP,104236060,I,433009,1433050,Region,South West,0,,0,1,CNNUTSCWHP,NGDHS2008433009,2008,DHS,3795,2822,,,1
NGA,South South,6122847,Children overweight,9.2,1,NG,Nigeria,2008,NG2008DHS,CN_NUTS_C_WHP,104236060,I,433010,1433060,Region,South South,0,,0,1,CNNUTSCWHP,NGDHS2008433010,2008,DHS,2769,2574,,,1
NGA,North Central,7457389,Mean weight for height of children,0.1,1,NG,Nigeria,2008,NG2008DHS,CN_NUTS_C_WHM,104236070,I,433005,1433010,Region,North Central,0,,0,1,CNNUTSCWHM,NGDHS2008433005,2008,DHS,2800,3812,,,1
NGA,North East,5033036,Mean weight for height of children,-0.5,1,NG,Nigeria,2008,NG2008DHS,CN_NUTS_C_WHM,104236070,I,433006,1433020,Region,North East,0,,0,1,CNNUTSCWHM,NGDHS2008433006,2008,DHS,3097,4529,,,1
NGA,North West,2946765,Mean weight for height of children,-0.4,1,NG,Nigeria,2008,NG2008DHS,CN_NUTS_C_WHM,104236070,I,433007,1433030,Region,North West,0,,0,1,CNNUTSCWHM,NGDHS2008433007,2008,DHS,5488,5032,,,1
NGA,South East,6308438,Mean weight for height of children,0,1,NG,Nigeria,2008,NG2008DHS,CN_NUTS_C_WHM,104236070,I,433008,1433040,Region,South East,0,,0,1,CNNUTSCWHM,NGDHS2008433008,2008,DHS,1947,1864,,,1
NGA,South West,4027895,Mean weight for height of children,-0.1,1,NG,Nigeria,2008,NG2008DHS,CN_NUTS_C_WHM,104236070,I,433009,1433050,Region,South West,0,,0,1,CNNUTSCWHM,NGDHS2008433009,2008,DHS,3795,2822,,,1
NGA,South South,6122848,Mean weight for height of children,0.1,1,NG,Nigeria,2008,NG2008DHS,CN_NUTS_C_WHM,104236070,I,433010,1433060,Region,South South,0,,0,1,CNNUTSCWHM,NGDHS2008433010,2008,DHS,2769,2574,,,1
NGA,North Central,7458350,Children severely underweight,6.5,1,NG,Nigeria,2008,NG2008DHS,CN_NUTS_C_WA3,104236080,I,433005,1433010,Region,North Central,0,,0,1,CNNUTSCWA3,NGDHS2008433005,2008,DHS,2800,3812,,,1
NGA,North East,5088422,Children severely underweight,15.2,1,NG,Nigeria,2008,NG2008DHS,CN_NUTS_C_WA3,104236080,I,433006,1433020,Region,North East,0,,0,1,CNNUTSCWA3,NGDHS2008433006,2008,DHS,3097,4529,,,1
NGA,North West,1324283,Children severely underweight,14.9,1,NG,Nigeria,2008,NG2008DHS,CN_NUTS_C_WA3,104236080,I,433007,1433030,Region,North West,0,,0,1,CNNUTSCWA3,NGDHS2008433007,2008,DHS,5488,5032,,,1
NGA,South East,542344,Children severely underweight,3.3,1,NG,Nigeria,2008,NG2008DHS,CN_NUTS_C_WA3,104236080,I,433008,1433040,Region,South East,0,,0,1,CNNUTSCWA3,NGDHS2008433008,2008,DHS,1947,1864,,,1
NGA,South West,1324271,Children severely underweight,4,1,NG,Nigeria,2008,NG2008DHS,CN_NUTS_C_WA3,104236080,I,433009,1433050,Region,South West,0,,0,1,CNNUTSCWA3,NGDHS2008433009,2008,DHS,3795,2822,,,1
NGA,South South,3610696,Children severely underweight,3.9,1,NG,Nigeria,2008,NG2008DHS,CN_NUTS_C_WA3,104236080,I,433010,1433060,Region,South South,0,,0,1,CNNUTSCWA3,NGDHS2008433010,2008,DHS,2769,2574,,,1
NGA,North Central,7458352,Children underweight,19.5,1,NG,Nigeria,2008,NG2008DHS,CN_NUTS_C_WA2,104236090,I,433005,1433010,Region,North Central,0,,0,1,CNNUTSCWA2,NGDHS2008433005,2008,DHS,2800,3812,,,1
NGA,North East,5088403,Children underweight,34.5,1,NG,Nigeria,2008,NG2008DHS,CN_NUTS_C_WA2,104236090,I,433006,1433020,Region,North East,0,,0,1,CNNUTSCWA2,NGDHS2008433006,2008,DHS,3097,4529,,,1
NGA,North West,1324285,Children underweight,35.1,1,NG,Nigeria,2008,NG2008DHS,CN_NUTS_C_WA2,104236090,I,433007,1433030,Region,North West,0,,0,1,CNNUTSCWA2,NGDHS2008433007,2008,DHS,5488,5032,,,1
NGA,South East,542343,Children underweight,10,1,NG,Nigeria,2008,NG2008DHS,CN_NUTS_C_WA2,104236090,I,433008,1433040,Region,South East,0,,0,1,CNNUTSCWA2,NGDHS2008433008,2008,DHS,1947,1864,,,1
NGA,South West,1324272,Children underweight,13.3,1,NG,Nigeria,2008,NG2008DHS,CN_NUTS_C_WA2,104236090,I,433009,1433050,Region,South West,0,,0,1,CNNUTSCWA2,NGDHS2008433009,2008,DHS,3795,2822,,,1
NGA,South South,3610694,Children underweight,12.8,1,NG,Nigeria,2008,NG2008DHS,CN_NUTS_C_WA2,104236090,I,433010,1433060,Region,South South,0,,0,1,CNNUTSCWA2,NGDHS2008433010,2008,DHS,2769,2574,,,1
NGA,North Central,7458351,Children overweight for their age,2.2,1,NG,Nigeria,2008,NG2008DHS,CN_NUTS_C_WAP,104236100,I,433005,1433010,Region,North Central,0,,0,1,CNNUTSCWAP,NGDHS2008433005,2008,DHS,2800,3812,,,1
NGA,North East,5088423,Children overweight for their age,1.6,1,NG,Nigeria,2008,NG2008DHS,CN_NUTS_C_WAP,104236100,I,433006,1433020,Region,North East,0,,0,1,CNNUTSCWAP,NGDHS2008433006,2008,DHS,3097,4529,,,1
NGA,North West,1324284,Children overweight for their age,2,1,NG,Nigeria,2008,NG2008DHS,CN_NUTS_C_WAP,104236100,I,433007,1433030,Region,North West,0,,0,1,CNNUTSCWAP,NGDHS2008433007,2008,DHS,5488,5032,,,1
NGA,South East,542351,Children overweight for their age,3,1,NG,Nigeria,2008,NG2008DHS,CN_NUTS_C_WAP,104236100,I,433008,1433040,Region,South East,0,,0,1,CNNUTSCWAP,NGDHS2008433008,2008,DHS,1947,1864,,,1
NGA,South West,1324274,Children overweight for their age,1.9,1,NG,Nigeria,2008,NG2008DHS,CN_NUTS_C_WAP,104236100,I,433009,1433050,Region,South West,0,,0,1,CNNUTSCWAP,NGDHS2008433009,2008,DHS,3795,2822,,,1
NGA,South South,3610697,Children overweight for their age,1.8,1,NG,Nigeria,2008,NG2008DHS,CN_NUTS_C_WAP,104236100,I,433010,1433060,Region,South South,0,,0,1,CNNUTSCWAP,NGDHS2008433010,2008,DHS,2769,2574,,,1
NGA,North Central,7458353,Mean weight for age of children,-0.9,1,NG,Nigeria,2008,NG2008DHS,CN_NUTS_C_WAM,104236110,I,433005,1433010,Region,North Central,0,,0,1,CNNUTSCWAM,NGDHS2008433005,2008,DHS,2800,3812,,,1
NGA,North East,5088424,Mean weight for age of children,-1.4,1,NG,Nigeria,2008,NG2008DHS,CN_NUTS_C_WAM,104236110,I,433006,1433020,Region,North East,0,,0,1,CNNUTSCWAM,NGDHS2008433006,2008,DHS,3097,4529,,,1
NGA,North West,1324286,Mean weight for age of children,-1.4,1,NG,Nigeria,2008,NG2008DHS,CN_NUTS_C_WAM,104236110,I,433007,1433030,Region,North West,0,,0,1,CNNUTSCWAM,NGDHS2008433007,2008,DHS,5488,5032,,,1
NGA,South East,542352,Mean weight for age of children,-0.4,1,NG,Nigeria,2008,NG2008DHS,CN_NUTS_C_WAM,104236110,I,433008,1433040,Region,South East,0,,0,1,CNNUTSCWAM,NGDHS2008433008,2008,DHS,1947,1864,,,1
NGA,South West,1324273,Mean weight for age of children,-0.7,1,NG,Nigeria,2008,NG2008DHS,CN_NUTS_C_WAM,104236110,I,433009,1433050,Region,South West,0,,0,1,CNNUTSCWAM,NGDHS2008433009,2008,DHS,3795,2822,,,1
NGA,South South,3610695,Mean weight for age of children,-0.6,1,NG,Nigeria,2008,NG2008DHS,CN_NUTS_C_WAM,104236110,I,433010,1433060,Region,South South,0,,0,1,CNNUTSCWAM,NGDHS2008433010,2008,DHS,2769,2574,,,1
NGA,North Central,7456685,Women with height below 145 cm,2.8,1,NG,Nigeria,2008,NG2008DHS,AN_NUTS_W_SHT,114563010,I,433005,1433010,Region,North Central,0,,0,1,ANNUTSWSHT,NGDHS2008433005,2008,DHS,4646,6225,,,1
NGA,North East,6114769,Women with height below 145 cm,3.1,1,NG,Nigeria,2008,NG2008DHS,AN_NUTS_W_SHT,114563010,I,433006,1433020,Region,North East,0,,0,1,ANNUTSWSHT,NGDHS2008433006,2008,DHS,4130,6014,,,1
NGA,North West,3896887,Women with height below 145 cm,5.5,1,NG,Nigeria,2008,NG2008DHS,AN_NUTS_W_SHT,114563010,I,433007,1433030,Region,North West,0,,0,1,ANNUTSWSHT,NGDHS2008433007,2008,DHS,7640,6954,,,1
NGA,South East,4977046,Women with height below 145 cm,2,1,NG,Nigeria,2008,NG2008DHS,AN_NUTS_W_SHT,114563010,I,433008,1433040,Region,South East,0,,0,1,ANNUTSWSHT,NGDHS2008433008,2008,DHS,3960,3556,,,1
NGA,South West,5079035,Women with height below 145 cm,1.6,1,NG,Nigeria,2008,NG2008DHS,AN_NUTS_W_SHT,114563010,I,433009,1433050,Region,South West,0,,0,1,ANNUTSWSHT,NGDHS2008433009,2008,DHS,6678,4942,,,1
NGA,South South,3186407,Women with height below 145 cm,1.8,1,NG,Nigeria,2008,NG2008DHS,AN_NUTS_W_SHT,114563010,I,433010,1433060,Region,South South,0,,0,1,ANNUTSWSHT,NGDHS2008433010,2008,DHS,5313,4670,,,1
NGA,North Central,7456785,Number of women,4646,0,NG,Nigeria,2008,NG2008DHS,AN_NUTS_W_NM1,114563020,D,433005,1433010,Region,North Central,0,,0,1,ANNUTSWNM1,NGDHS2008433005,2008,DHS,,6225,,,1
NGA,North East,6229741,Number of women,4130,0,NG,Nigeria,2008,NG2008DHS,AN_NUTS_W_NM1,114563020,D,433006,1433020,Region,North East,0,,0,1,ANNUTSWNM1,NGDHS2008433006,2008,DHS,,6014,,,1
NGA,North West,4004829,Number of women,7640,0,NG,Nigeria,2008,NG2008DHS,AN_NUTS_W_NM1,114563020,D,433007,1433030,Region,North West,0,,0,1,ANNUTSWNM1,NGDHS2008433007,2008,DHS,,6954,,,1
NGA,South East,5199312,Number of women,3960,0,NG,Nigeria,2008,NG2008DHS,AN_NUTS_W_NM1,114563020,D,433008,1433040,Region,South East,0,,0,1,ANNUTSWNM1,NGDHS2008433008,2008,DHS,,3556,,,1
NGA,South West,5156785,Number of women,6678,0,NG,Nigeria,2008,NG2008DHS,AN_NUTS_W_NM1,114563020,D,433009,1433050,Region,South West,0,,0,1,ANNUTSWNM1,NGDHS2008433009,2008,DHS,,4942,,,1
NGA,South South,1324329,Number of women,5313,0,NG,Nigeria,2008,NG2008DHS,AN_NUTS_W_NM1,114563020,D,433010,1433060,Region,South South,0,,0,1,ANNUTSWNM1,NGDHS2008433010,2008,DHS,,4670,,,1
NGA,North Central,7456102,Number of women (unweighted),6225,0,NG,Nigeria,2008,NG2008DHS,AN_NUTS_W_UN1,114563030,U,433005,1433010,Region,North Central,0,,0,1,ANNUTSWUN1,NGDHS2008433005,2008,DHS,4646,,,,1
NGA,North East,3336150,Number of women (unweighted),6014,0,NG,Nigeria,2008,NG2008DHS,AN_NUTS_W_UN1,114563030,U,433006,1433020,Region,North East,0,,0,1,ANNUTSWUN1,NGDHS2008433006,2008,DHS,4130,,,,1
NGA,North West,469116,Number of women (unweighted),6954,0,NG,Nigeria,2008,NG2008DHS,AN_NUTS_W_UN1,114563030,U,433007,1433030,Region,North West,0,,0,1,ANNUTSWUN1,NGDHS2008433007,2008,DHS,7640,,,,1
NGA,South East,2753211,Number of women (unweighted),3556,0,NG,Nigeria,2008,NG2008DHS,AN_NUTS_W_UN1,114563030,U,433008,1433040,Region,South East,0,,0,1,ANNUTSWUN1,NGDHS2008433008,2008,DHS,3960,,,,1
NGA,South West,447041,Number of women (unweighted),4942,0,NG,Nigeria,2008,NG2008DHS,AN_NUTS_W_UN1,114563030,U,433009,1433050,Region,South West,0,,0,1,ANNUTSWUN1,NGDHS2008433009,2008,DHS,6678,,,,1
NGA,South South,3186318,Number of women (unweighted),4670,0,NG,Nigeria,2008,NG2008DHS,AN_NUTS_W_UN1,114563030,U,433010,1433060,Region,South South,0,,0,1,ANNUTSWUN1,NGDHS2008433010,2008,DHS,5313,,,,1
NGA,North Central,7457390,Mean Body Mass Index (BMI) for women,22.8,1,NG,Nigeria,2008,NG2008DHS,AN_NUTS_W_BMI,114563040,I,433005,1433010,Region,North Central,0,,0,1,ANNUTSWBMI,NGDHS2008433005,2008,DHS,4043,5437,,,1
NGA,North East,6979125,Mean Body Mass Index (BMI) for women,21.3,1,NG,Nigeria,2008,NG2008DHS,AN_NUTS_W_BMI,114563040,I,433006,1433020,Region,North East,0,,0,1,ANNUTSWBMI,NGDHS2008433006,2008,DHS,3456,5046,,,1
NGA,North West,3895485,Mean Body Mass Index (BMI) for women,21.5,1,NG,Nigeria,2008,NG2008DHS,AN_NUTS_W_BMI,114563040,I,433007,1433030,Region,North West,0,,0,1,ANNUTSWBMI,NGDHS2008433007,2008,DHS,6395,5818,,,1
NGA,South East,4826645,Mean Body Mass Index (BMI) for women,23.5,1,NG,Nigeria,2008,NG2008DHS,AN_NUTS_W_BMI,114563040,I,433008,1433040,Region,South East,0,,0,1,ANNUTSWBMI,NGDHS2008433008,2008,DHS,3529,3171,,,1
NGA,South West,4248567,Mean Body Mass Index (BMI) for women,23.3,1,NG,Nigeria,2008,NG2008DHS,AN_NUTS_W_BMI,114563040,I,433009,1433050,Region,South West,0,,0,1,ANNUTSWBMI,NGDHS2008433009,2008,DHS,5998,4441,,,1
NGA,South South,6011935,Mean Body Mass Index (BMI) for women,23.3,1,NG,Nigeria,2008,NG2008DHS,AN_NUTS_W_BMI,114563040,I,433010,1433060,Region,South South,0,,0,1,ANNUTSWBMI,NGDHS2008433010,2008,DHS,4779,4206,,,1
NGA,North Central,7457391,Women with normal BMI (18.5-24.9),70.4,1,NG,Nigeria,2008,NG2008DHS,AN_NUTS_W_NRM,114563050,I,433005,1433010,Region,North Central,0,,0,1,ANNUTSWNRM,NGDHS2008433005,2008,DHS,4043,5437,,,1
NGA,North East,6979201,Women with normal BMI (18.5-24.9),66.6,1,NG,Nigeria,2008,NG2008DHS,AN_NUTS_W_NRM,114563050,I,433006,1433020,Region,North East,0,,0,1,ANNUTSWNRM,NGDHS2008433006,2008,DHS,3456,5046,,,1
NGA,North West,3895486,Women with normal BMI (18.5-24.9),66.6,1,NG,Nigeria,2008,NG2008DHS,AN_NUTS_W_NRM,114563050,I,433007,1433030,Region,North West,0,,0,1,ANNUTSWNRM,NGDHS2008433007,2008,DHS,6395,5818,,,1
NGA,South East,4826649,Women with normal BMI (18.5-24.9),63.7,1,NG,Nigeria,2008,NG2008DHS,AN_NUTS_W_NRM,114563050,I,433008,1433040,Region,South East,0,,0,1,ANNUTSWNRM,NGDHS2008433008,2008,DHS,3529,3171,,,1
NGA,South West,4248568,Women with normal BMI (18.5-24.9),62.4,1,NG,Nigeria,2008,NG2008DHS,AN_NUTS_W_NRM,114563050,I,433009,1433050,Region,South West,0,,0,1,ANNUTSWNRM,NGDHS2008433009,2008,DHS,5998,4441,,,1
NGA,South South,6011936,Women with normal BMI (18.5-24.9),65.7,1,NG,Nigeria,2008,NG2008DHS,AN_NUTS_W_NRM,114563050,I,433010,1433060,Region,South South,0,,0,1,ANNUTSWNRM,NGDHS2008433010,2008,DHS,4779,4206,,,1
NGA,North Central,7457392,Women who are thin according to BMI (<18.5),8.5,1,NG,Nigeria,2008,NG2008DHS,AN_NUTS_W_THN,114563060,I,433005,1433010,Region,North Central,0,,0,1,ANNUTSWTHN,NGDHS2008433005,2008,DHS,4043,5437,,,1
NGA,North East,6979202,Women who are thin according to BMI (<18.5),20.7,1,NG,Nigeria,2008,NG2008DHS,AN_NUTS_W_THN,114563060,I,433006,1433020,Region,North East,0,,0,1,ANNUTSWTHN,NGDHS2008433006,2008,DHS,3456,5046,,,1
NGA,North West,3895497,Women who are thin according to BMI (<18.5),18.6,1,NG,Nigeria,2008,NG2008DHS,AN_NUTS_W_THN,114563060,I,433007,1433030,Region,North West,0,,0,1,ANNUTSWTHN,NGDHS2008433007,2008,DHS,6395,5818,,,1
NGA,South East,4826666,Women who are thin according to BMI (<18.5),6.8,1,NG,Nigeria,2008,NG2008DHS,AN_NUTS_W_THN,114563060,I,433008,1433040,Region,South East,0,,0,1,ANNUTSWTHN,NGDHS2008433008,2008,DHS,3529,3171,,,1
NGA,South West,4248569,Women who are thin according to BMI (<18.5),9.7,1,NG,Nigeria,2008,NG2008DHS,AN_NUTS_W_THN,114563060,I,433009,1433050,Region,South West,0,,0,1,ANNUTSWTHN,NGDHS2008433009,2008,DHS,5998,4441,,,1
NGA,South South,6011937,Women who are thin according to BMI (<18.5),7.7,1,NG,Nigeria,2008,NG2008DHS,AN_NUTS_W_THN,114563060,I,433010,1433060,Region,South South,0,,0,1,ANNUTSWTHN,NGDHS2008433010,2008,DHS,4779,4206,,,1
NGA,North Central,7457393,Women who are mildly thin according to BMI (17.0-18.4),6.5,1,NG,Nigeria,2008,NG2008DHS,AN_NUTS_W_TH1,114563070,I,433005,1433010,Region,North Central,0,,0,1,ANNUTSWTH1,NGDHS2008433005,2008,DHS,4043,5437,,,1
NGA,North East,6979203,Women who are mildly thin according to BMI (17.0-18.4),14,1,NG,Nigeria,2008,NG2008DHS,AN_NUTS_W_TH1,114563070,I,433006,1433020,Region,North East,0,,0,1,ANNUTSWTH1,NGDHS2008433006,2008,DHS,3456,5046,,,1
NGA,North West,3895498,Women who are mildly thin according to BMI (17.0-18.4),12.6,1,NG,Nigeria,2008,NG2008DHS,AN_NUTS_W_TH1,114563070,I,433007,1433030,Region,North West,0,,0,1,ANNUTSWTH1,NGDHS2008433007,2008,DHS,6395,5818,,,1
NGA,South East,4826667,Women who are mildly thin according to BMI (17.0-18.4),5.6,1,NG,Nigeria,2008,NG2008DHS,AN_NUTS_W_TH1,114563070,I,433008,1433040,Region,South East,0,,0,1,ANNUTSWTH1,NGDHS2008433008,2008,DHS,3529,3171,,,1
NGA,South West,4248570,Women who are mildly thin according to BMI (17.0-18.4),6.9,1,NG,Nigeria,2008,NG2008DHS,AN_NUTS_W_TH1,114563070,I,433009,1433050,Region,South West,0,,0,1,ANNUTSWTH1,NGDHS2008433009,2008,DHS,5998,4441,,,1
NGA,South South,6011938,Women who are mildly thin according to BMI (17.0-18.4),6,1,NG,Nigeria,2008,NG2008DHS,AN_NUTS_W_TH1,114563070,I,433010,1433060,Region,South South,0,,0,1,ANNUTSWTH1,NGDHS2008433010,2008,DHS,4779,4206,,,1
NGA,North Central,7457394,Women who are moderately thin according to BMI (<17.0),2,1,NG,Nigeria,2008,NG2008DHS,AN_NUTS_W_TH2,114563080,I,433005,1433010,Region,North Central,0,,0,1,ANNUTSWTH2,NGDHS2008433005,2008,DHS,4043,5437,,,1
NGA,North East,6979124,Women who are moderately thin according to BMI (<17.0),6.7,1,NG,Nigeria,2008,NG2008DHS,AN_NUTS_W_TH2,114563080,I,433006,1433020,Region,North East,0,,0,1,ANNUTSWTH2,NGDHS2008433006,2008,DHS,3456,5046,,,1
NGA,North West,3895495,Women who are moderately thin according to BMI (<17.0),6,1,NG,Nigeria,2008,NG2008DHS,AN_NUTS_W_TH2,114563080,I,433007,1433030,Region,North West,0,,0,1,ANNUTSWTH2,NGDHS2008433007,2008,DHS,6395,5818,,,1
NGA,South East,4826643,Women who are moderately thin according to BMI (<17.0),1.2,1,NG,Nigeria,2008,NG2008DHS,AN_NUTS_W_TH2,114563080,I,433008,1433040,Region,South East,0,,0,1,ANNUTSWTH2,NGDHS2008433008,2008,DHS,3529,3171,,,1
NGA,South West,4248543,Women who are moderately thin according to BMI (<17.0),2.8,1,NG,Nigeria,2008,NG2008DHS,AN_NUTS_W_TH2,114563080,I,433009,1433050,Region,South West,0,,0,1,ANNUTSWTH2,NGDHS2008433009,2008,DHS,5998,4441,,,1
NGA,South South,6011934,Women who are moderately thin according to BMI (<17.0),1.7,1,NG,Nigeria,2008,NG2008DHS,AN_NUTS_W_TH2,114563080,I,433010,1433060,Region,South South,0,,0,1,ANNUTSWTH2,NGDHS2008433010,2008,DHS,4779,4206,,,1
NGA,North Central,7457396,Women who are overweight or obese according to BMI (>=25.0),21.1,1,NG,Nigeria,2008,NG2008DHS,AN_NUTS_W_OWT,114563090,I,433005,1433010,Region,North Central,0,,0,1,ANNUTSWOWT,NGDHS2008433005,2008,DHS,4043,5437,,,1
NGA,North East,6979126,Women who are overweight or obese according to BMI (>=25.0),12.7,1,NG,Nigeria,2008,NG2008DHS,AN_NUTS_W_OWT,114563090,I,433006,1433020,Region,North East,0,,0,1,ANNUTSWOWT,NGDHS2008433006,2008,DHS,3456,5046,,,1
NGA,North West,3895487,Women who are overweight or obese according to BMI (>=25.0),14.8,1,NG,Nigeria,2008,NG2008DHS,AN_NUTS_W_OWT,114563090,I,433007,1433030,Region,North West,0,,0,1,ANNUTSWOWT,NGDHS2008433007,2008,DHS,6395,5818,,,1
NGA,South East,4826641,Women who are overweight or obese according to BMI (>=25.0),29.5,1,NG,Nigeria,2008,NG2008DHS,AN_NUTS_W_OWT,114563090,I,433008,1433040,Region,South East,0,,0,1,ANNUTSWOWT,NGDHS2008433008,2008,DHS,3529,3171,,,1
NGA,South West,4248565,Women who are overweight or obese according to BMI (>=25.0),27.9,1,NG,Nigeria,2008,NG2008DHS,AN_NUTS_W_OWT,114563090,I,433009,1433050,Region,South West,0,,0,1,ANNUTSWOWT,NGDHS2008433009,2008,DHS,5998,4441,,,1
NGA,South South,6011944,Women who are overweight or obese according to BMI (>=25.0),26.7,1,NG,Nigeria,2008,NG2008DHS,AN_NUTS_W_OWT,114563090,I,433010,1433060,Region,South South,0,,0,1,ANNUTSWOWT,NGDHS2008433010,2008,DHS,4779,4206,,,1
NGA,North Central,7457395,Women who are overweight according to BMI (25.0-29.9),15.8,1,NG,Nigeria,2008,NG2008DHS,AN_NUTS_W_OVW,114563100,I,433005,1433010,Region,North Central,0,,0,1,ANNUTSWOVW,NGDHS2008433005,2008,DHS,4043,5437,,,1
NGA,North East,6979128,Women who are overweight according to BMI (25.0-29.9),9.7,1,NG,Nigeria,2008,NG2008DHS,AN_NUTS_W_OVW,114563100,I,433006,1433020,Region,North East,0,,0,1,ANNUTSWOVW,NGDHS2008433006,2008,DHS,3456,5046,,,1
NGA,North West,3895496,Women who are overweight according to BMI (25.0-29.9),11.5,1,NG,Nigeria,2008,NG2008DHS,AN_NUTS_W_OVW,114563100,I,433007,1433030,Region,North West,0,,0,1,ANNUTSWOVW,NGDHS2008433007,2008,DHS,6395,5818,,,1
NGA,South East,4826644,Women who are overweight according to BMI (25.0-29.9),21,1,NG,Nigeria,2008,NG2008DHS,AN_NUTS_W_OVW,114563100,I,433008,1433040,Region,South East,0,,0,1,ANNUTSWOVW,NGDHS2008433008,2008,DHS,3529,3171,,,1
NGA,South West,4248544,Women who are overweight according to BMI (25.0-29.9),19.7,1,NG,Nigeria,2008,NG2008DHS,AN_NUTS_W_OVW,114563100,I,433009,1433050,Region,South West,0,,0,1,ANNUTSWOVW,NGDHS2008433009,2008,DHS,5998,4441,,,1
NGA,South South,6011946,Women who are overweight according to BMI (25.0-29.9),18.8,1,NG,Nigeria,2008,NG2008DHS,AN_NUTS_W_OVW,114563100,I,433010,1433060,Region,South South,0,,0,1,ANNUTSWOVW,NGDHS2008433010,2008,DHS,4779,4206,,,1
NGA,North Central,7457397,Women who are obese according to BMI (>=30.0),5.3,1,NG,Nigeria,2008,NG2008DHS,AN_NUTS_W_OBS,114563110,I,433005,1433010,Region,North Central,0,,0,1,ANNUTSWOBS,NGDHS2008433005,2008,DHS,4043,5437,,,1
NGA,North East,6979127,Women who are obese according to BMI (>=30.0),3,1,NG,Nigeria,2008,NG2008DHS,AN_NUTS_W_OBS,114563110,I,433006,1433020,Region,North East,0,,0,1,ANNUTSWOBS,NGDHS2008433006,2008,DHS,3456,5046,,,1
NGA,North West,3895488,Women who are obese according to BMI (>=30.0),3.4,1,NG,Nigeria,2008,NG2008DHS,AN_NUTS_W_OBS,114563110,I,433007,1433030,Region,North West,0,,0,1,ANNUTSWOBS,NGDHS2008433007,2008,DHS,6395,5818,,,1
NGA,South East,4826642,Women who are obese according to BMI (>=30.0),8.5,1,NG,Nigeria,2008,NG2008DHS,AN_NUTS_W_OBS,114563110,I,433008,1433040,Region,South East,0,,0,1,ANNUTSWOBS,NGDHS2008433008,2008,DHS,3529,3171,,,1
NGA,South West,4248566,Women who are obese according to BMI (>=30.0),8.2,1,NG,Nigeria,2008,NG2008DHS,AN_NUTS_W_OBS,114563110,I,433009,1433050,Region,South West,0,,0,1,ANNUTSWOBS,NGDHS2008433009,2008,DHS,5998,4441,,,1
NGA,South South,6011945,Women who are obese according to BMI (>=30.0),7.9,1,NG,Nigeria,2008,NG2008DHS,AN_NUTS_W_OBS,114563110,I,433010,1433060,Region,South South,0,,0,1,ANNUTSWOBS,NGDHS2008433010,2008,DHS,4779,4206,,,1
NGA,North Central,7456786,Number of women,4043,0,NG,Nigeria,2008,NG2008DHS,AN_NUTS_W_NUM,114563120,D,433005,1433010,Region,North Central,0,,0,1,ANNUTSWNUM,NGDHS2008433005,2008,DHS,,5437,,,1
NGA,North East,7004225,Number of women,3456,0,NG,Nigeria,2008,NG2008DHS,AN_NUTS_W_NUM,114563120,D,433006,1433020,Region,North East,0,,0,1,ANNUTSWNUM,NGDHS2008433006,2008,DHS,,5046,,,1
NGA,North West,3895499,Number of women,6395,0,NG,Nigeria,2008,NG2008DHS,AN_NUTS_W_NUM,114563120,D,433007,1433030,Region,North West,0,,0,1,ANNUTSWNUM,NGDHS2008433007,2008,DHS,,5818,,,1
NGA,South East,4977444,Number of women,3529,0,NG,Nigeria,2008,NG2008DHS,AN_NUTS_W_NUM,114563120,D,433008,1433040,Region,South East,0,,0,1,ANNUTSWNUM,NGDHS2008433008,2008,DHS,,3171,,,1
NGA,South West,4297539,Number of women,5998,0,NG,Nigeria,2008,NG2008DHS,AN_NUTS_W_NUM,114563120,D,433009,1433050,Region,South West,0,,0,1,ANNUTSWNUM,NGDHS2008433009,2008,DHS,,4441,,,1
NGA,South South,6091075,Number of women,4779,0,NG,Nigeria,2008,NG2008DHS,AN_NUTS_W_NUM,114563120,D,433010,1433060,Region,South South,0,,0,1,ANNUTSWNUM,NGDHS2008433010,2008,DHS,,4206,,,1
NGA,North Central,7457708,Number of women (unweighted),5437,0,NG,Nigeria,2008,NG2008DHS,AN_NUTS_W_UNW,114563130,U,433005,1433010,Region,North Central,0,,0,1,ANNUTSWUNW,NGDHS2008433005,2008,DHS,4043,,,,1
NGA,North East,101489,Number of women (unweighted),5046,0,NG,Nigeria,2008,NG2008DHS,AN_NUTS_W_UNW,114563130,U,433006,1433020,Region,North East,0,,0,1,ANNUTSWUNW,NGDHS2008433006,2008,DHS,3456,,,,1
NGA,North West,1324327,Number of women (unweighted),5818,0,NG,Nigeria,2008,NG2008DHS,AN_NUTS_W_UNW,114563130,U,433007,1433030,Region,North West,0,,0,1,ANNUTSWUNW,NGDHS2008433007,2008,DHS,6395,,,,1
NGA,South East,3218024,Number of women (unweighted),3171,0,NG,Nigeria,2008,NG2008DHS,AN_NUTS_W_UNW,114563130,U,433008,1433040,Region,South East,0,,0,1,ANNUTSWUNW,NGDHS2008433008,2008,DHS,3529,,,,1
NGA,South West,2865550,Number of women (unweighted),4441,0,NG,Nigeria,2008,NG2008DHS,AN_NUTS_W_UNW,114563130,U,433009,1433050,Region,South West,0,,0,1,ANNUTSWUNW,NGDHS2008433009,2008,DHS,5998,,,,1
NGA,South South,641534,Number of women (unweighted),4206,0,NG,Nigeria,2008,NG2008DHS,AN_NUTS_W_UNW,114563130,U,433010,1433060,Region,South South,0,,0,1,ANNUTSWUNW,NGDHS2008433010,2008,DHS,4779,,,,1
NGA,North Central,1006925,Mean height for age of children,0,1,NG,Nigeria,2010,NG2010MIS,CN_NUTS_C_HAM,104236030,I,433005,1433010,Region,North Central,0,,0,1,CNNUTSCHAM,NGMIS2010433005,2010,MIS,,,,,1
NGA,North East,1007450,Mean height for age of children,0,1,NG,Nigeria,2010,NG2010MIS,CN_NUTS_C_HAM,104236030,I,433006,1433020,Region,North East,0,,0,1,CNNUTSCHAM,NGMIS2010433006,2010,MIS,,,,,1
NGA,North West,1009833,Mean height for age of children,0,1,NG,Nigeria,2010,NG2010MIS,CN_NUTS_C_HAM,104236030,I,433007,1433030,Region,North West,0,,0,1,CNNUTSCHAM,NGMIS2010433007,2010,MIS,,,,,1
NGA,South East,1007468,Mean height for age of children,0,1,NG,Nigeria,2010,NG2010MIS,CN_NUTS_C_HAM,104236030,I,433008,1433040,Region,South East,0,,0,1,CNNUTSCHAM,NGMIS2010433008,2010,MIS,,,,,1
NGA,South West,5318985,Mean height for age of children,0,1,NG,Nigeria,2010,NG2010MIS,CN_NUTS_C_HAM,104236030,I,433009,1433050,Region,South West,0,,0,1,CNNUTSCHAM,NGMIS2010433009,2010,MIS,,,,,1
NGA,South South,1027164,Mean height for age of children,0,1,NG,Nigeria,2010,NG2010MIS,CN_NUTS_C_HAM,104236030,I,433010,1433060,Region,South South,0,,0,1,CNNUTSCHAM,NGMIS2010433010,2010,MIS,,,,,1
NGA,North Central,1006956,Mean weight for height of children,0,1,NG,Nigeria,2010,NG2010MIS,CN_NUTS_C_WHM,104236070,I,433005,1433010,Region,North Central,0,,0,1,CNNUTSCWHM,NGMIS2010433005,2010,MIS,,,,,1
NGA,North East,1007448,Mean weight for height of children,0,1,NG,Nigeria,2010,NG2010MIS,CN_NUTS_C_WHM,104236070,I,433006,1433020,Region,North East,0,,0,1,CNNUTSCWHM,NGMIS2010433006,2010,MIS,,,,,1
NGA,North West,1009831,Mean weight for height of children,0,1,NG,Nigeria,2010,NG2010MIS,CN_NUTS_C_WHM,104236070,I,433007,1433030,Region,North West,0,,0,1,CNNUTSCWHM,NGMIS2010433007,2010,MIS,,,,,1
NGA,South East,1007469,Mean weight for height of children,0,1,NG,Nigeria,2010,NG2010MIS,CN_NUTS_C_WHM,104236070,I,433008,1433040,Region,South East,0,,0,1,CNNUTSCWHM,NGMIS2010433008,2010,MIS,,,,,1
NGA,South West,1009847,Mean weight for height of children,0,1,NG,Nigeria,2010,NG2010MIS,CN_NUTS_C_WHM,104236070,I,433009,1433050,Region,South West,0,,0,1,CNNUTSCWHM,NGMIS2010433009,2010,MIS,,,,,1
NGA,South South,5252140,Mean weight for height of children,0,1,NG,Nigeria,2010,NG2010MIS,CN_NUTS_C_WHM,104236070,I,433010,1433060,Region,South South,0,,0,1,CNNUTSCWHM,NGMIS2010433010,2010,MIS,,,,,1
NGA,North Central,747961,Mean weight for age of children,0,1,NG,Nigeria,2010,NG2010MIS,CN_NUTS_C_WAM,104236110,I,433005,1433010,Region,North Central,0,,0,1,CNNUTSCWAM,NGMIS2010433005,2010,MIS,,,,,1
NGA,North East,1007455,Mean weight for age of children,0,1,NG,Nigeria,2010,NG2010MIS,CN_NUTS_C_WAM,104236110,I,433006,1433020,Region,North East,0,,0,1,CNNUTSCWAM,NGMIS2010433006,2010,MIS,,,,,1
NGA,North West,6862749,Mean weight for age of children,0,1,NG,Nigeria,2010,NG2010MIS,CN_NUTS_C_WAM,104236110,I,433007,1433030,Region,North West,0,,0,1,CNNUTSCWAM,NGMIS2010433007,2010,MIS,,,,,1
NGA,South East,1007470,Mean weight for age of children,0,1,NG,Nigeria,2010,NG2010MIS,CN_NUTS_C_WAM,104236110,I,433008,1433040,Region,South East,0,,0,1,CNNUTSCWAM,NGMIS2010433008,2010,MIS,,,,,1
NGA,South West,4481091,Mean weight for age of children,0,1,NG,Nigeria,2010,NG2010MIS,CN_NUTS_C_WAM,104236110,I,433009,1433050,Region,South West,0,,0,1,CNNUTSCWAM,NGMIS2010433009,2010,MIS,,,,,1
NGA,South South,1027142,Mean weight for age of children,0,1,NG,Nigeria,2010,NG2010MIS,CN_NUTS_C_WAM,104236110,I,433010,1433060,Region,South South,0,,0,1,CNNUTSCWAM,NGMIS2010433010,2010,MIS,,,,,1
NGA,North Central,6746428,Children severely stunted,14.3,1,NG,Nigeria,2013,NG2013DHS,CN_NUTS_C_HA3,104236010,I,433005,1433010,Region,North Central,0,,0,1,CNNUTSCHA3,NGDHS2013433005,2013,DHS,3764,4116,,,1
NGA,FCT Abuja,981972,Children severely stunted,9,1,NG,Nigeria,2013,NG2013DHS,CN_NUTS_C_HA3,104236010,I,433011,1433011,Region,..FCT Abuja,0,,0,1,CNNUTSCHA3,NGDHS2013433011,2013,DHS,184,456,,,2
NGA,Benue,6385975,Children severely stunted,10.4,1,NG,Nigeria,2013,NG2013DHS,CN_NUTS_C_HA3,104236010,I,433012,1433012,Region,..Benue,0,,0,1,CNNUTSCHA3,NGDHS2013433012,2013,DHS,838,580,,,2
NGA,Kogi,1331328,Children severely stunted,10.7,1,NG,Nigeria,2013,NG2013DHS,CN_NUTS_C_HA3,104236010,I,433013,1433013,Region,..Kogi,0,,0,1,CNNUTSCHA3,NGDHS2013433013,2013,DHS,362,441,,,2
NGA,Kwara,5360859,Children severely stunted,10.1,1,NG,Nigeria,2013,NG2013DHS,CN_NUTS_C_HA3,104236010,I,433014,1433014,Region,..Kwara,0,,0,1,CNNUTSCHA3,NGDHS2013433014,2013,DHS,383,644,,,2
NGA,Nasarawa,3747349,Children severely stunted,19.9,1,NG,Nigeria,2013,NG2013DHS,CN_NUTS_C_HA3,104236010,I,433015,1433015,Region,..Nasarawa,0,,0,1,CNNUTSCHA3,NGDHS2013433015,2013,DHS,398,579,,,2
NGA,Niger,3166088,Children severely stunted,16.9,1,NG,Nigeria,2013,NG2013DHS,CN_NUTS_C_HA3,104236010,I,433016,1433016,Region,..Niger,0,,0,1,CNNUTSCHA3,NGDHS2013433016,2013,DHS,1183,821,,,2
NGA,Plateau,3480804,Children severely stunted,18.5,1,NG,Nigeria,2013,NG2013DHS,CN_NUTS_C_HA3,104236010,I,433017,1433017,Region,..Plateau,0,,0,1,CNNUTSCHA3,NGDHS2013433017,2013,DHS,416,595,,,2
NGA,North East,873895,Children severely stunted,23.6,1,NG,Nigeria,2013,NG2013DHS,CN_NUTS_C_HA3,104236010,I,433006,1433020,Region,North East,0,,0,1,CNNUTSCHA3,NGDHS2013433006,2013,DHS,4286,5213,,,1
NGA,Adamawa,541852,Children severely stunted,12.7,1,NG,Nigeria,2013,NG2013DHS,CN_NUTS_C_HA3,104236010,I,433021,1433021,Region,..Adamawa,0,,0,1,CNNUTSCHA3,NGDHS2013433021,2013,DHS,645,882,,,2
NGA,Bauchi,1324351,Children severely stunted,30.9,1,NG,Nigeria,2013,NG2013DHS,CN_NUTS_C_HA3,104236010,I,433022,1433022,Region,..Bauchi,0,,0,1,CNNUTSCHA3,NGDHS2013433022,2013,DHS,1024,1083,,,2
NGA,Borno,6727407,Children severely stunted,13.7,1,NG,Nigeria,2013,NG2013DHS,CN_NUTS_C_HA3,104236010,I,433023,1433023,Region,..Borno,0,,0,1,CNNUTSCHA3,NGDHS2013433023,2013,DHS,760,416,,,2
NGA,Gombe,6415123,Children severely stunted,27.2,1,NG,Nigeria,2013,NG2013DHS,CN_NUTS_C_HA3,104236010,I,433024,1433024,Region,..Gombe,0,,0,1,CNNUTSCHA3,NGDHS2013433024,2013,DHS,473,938,,,2
NGA,Taraba,1331360,Children severely stunted,23.8,1,NG,Nigeria,2013,NG2013DHS,CN_NUTS_C_HA3,104236010,I,433025,1433025,Region,..Taraba,0,,0,1,CNNUTSCHA3,NGDHS2013433025,2013,DHS,675,1090,,,2
NGA,Yobe,7134063,Children severely stunted,31.1,1,NG,Nigeria,2013,NG2013DHS,CN_NUTS_C_HA3,104236010,I,433026,1433026,Region,..Yobe,0,,0,1,CNNUTSCHA3,NGDHS2013433026,2013,DHS,709,804,,,2
NGA,North West,7134594,Children severely stunted,36.2,1,NG,Nigeria,2013,NG2013DHS,CN_NUTS_C_HA3,104236010,I,433007,1433030,Region,North West,0,,0,1,CNNUTSCHA3,NGDHS2013433007,2013,DHS,9049,7530,,,1
NGA,Jigawa,6403375,Children severely stunted,41.5,1,NG,Nigeria,2013,NG2013DHS,CN_NUTS_C_HA3,104236010,I,433031,1433031,Region,..Jigawa,0,,0,1,CNNUTSCHA3,NGDHS2013433031,2013,DHS,1147,1042,,,2
NGA,Kaduna,4011539,Children severely stunted,41.7,1,NG,Nigeria,2013,NG2013DHS,CN_NUTS_C_HA3,104236010,I,433032,1433032,Region,..Kaduna,0,,0,1,CNNUTSCHA3,NGDHS2013433032,2013,DHS,1054,622,,,2
NGA,Kano,5398588,Children severely stunted,31.1,1,NG,Nigeria,2013,NG2013DHS,CN_NUTS_C_HA3,104236010,I,433033,1433033,Region,..Kano,0,,0,1,CNNUTSCHA3,NGDHS2013433033,2013,DHS,2372,1647,,,2
NGA,Katsina,3755446,Children severely stunted,38,1,NG,Nigeria,2013,NG2013DHS,CN_NUTS_C_HA3,104236010,I,433034,1433034,Region,..Katsina,0,,0,1,CNNUTSCHA3,NGDHS2013433034,2013,DHS,1358,1159,,,2
NGA,Kebbi,3159021,Children severely stunted,42.7,1,NG,Nigeria,2013,NG2013DHS,CN_NUTS_C_HA3,104236010,I,433035,1433035,Region,..Kebbi,0,,0,1,CNNUTSCHA3,NGDHS2013433035,2013,DHS,889,844,,,2
NGA,Sokoto,7756795,Children severely stunted,30.8,1,NG,Nigeria,2013,NG2013DHS,CN_NUTS_C_HA3,104236010,I,433036,1433036,Region,..Sokoto,0,,0,1,CNNUTSCHA3,NGDHS2013433036,2013,DHS,929,1087,,,2
NGA,Zamfara,4468855,Children severely stunted,33.5,1,NG,Nigeria,2013,NG2013DHS,CN_NUTS_C_HA3,104236010,I,433037,1433037,Region,..Zamfara,0,,0,1,CNNUTSCHA3,NGDHS2013433037,2013,DHS,1301,1129,,,2
NGA,South East,2863438,Children severely stunted,5.8,1,NG,Nigeria,2013,NG2013DHS,CN_NUTS_C_HA3,104236010,I,433008,1433040,Region,South East,0,,0,1,CNNUTSCHA3,NGDHS2013433008,2013,DHS,2455,2513,,,1
NGA,Abia,2681706,Children severely stunted,6.2,1,NG,Nigeria,2013,NG2013DHS,CN_NUTS_C_HA3,104236010,I,433041,1433041,Region,..Abia,0,,0,1,CNNUTSCHA3,NGDHS2013433041,2013,DHS,299,464,,,2
NGA,Anambra,3069510,Children severely stunted,9.2,1,NG,Nigeria,2013,NG2013DHS,CN_NUTS_C_HA3,104236010,I,433042,1433042,Region,..Anambra,0,,0,1,CNNUTSCHA3,NGDHS2013433042,2013,DHS,498,420,,,2
NGA,Ebonyi,6408098,Children severely stunted,6.1,1,NG,Nigeria,2013,NG2013DHS,CN_NUTS_C_HA3,104236010,I,433043,1433043,Region,..Ebonyi,0,,0,1,CNNUTSCHA3,NGDHS2013433043,2013,DHS,671,645,,,2
NGA,Enugu,7890548,Children severely stunted,2.5,1,NG,Nigeria,2013,NG2013DHS,CN_NUTS_C_HA3,104236010,I,433044,1433044,Region,..Enugu,0,,0,1,CNNUTSCHA3,NGDHS2013433044,2013,DHS,495,547,,,2
NGA,Imo,5620900,Children severely stunted,4.7,1,NG,Nigeria,2013,NG2013DHS,CN_NUTS_C_HA3,104236010,I,433045,1433045,Region,..Imo,0,,0,1,CNNUTSCHA3,NGDHS2013433045,2013,DHS,493,437,,,2
NGA,South West,4815298,Children severely stunted,8.5,1,NG,Nigeria,2013,NG2013DHS,CN_NUTS_C_HA3,104236010,I,433009,1433050,Region,South West,0,,0,1,CNNUTSCHA3,NGDHS2013433009,2013,DHS,4016,3575,,,1
NGA,Ekiti,878076,Children severely stunted,7.3,1,NG,Nigeria,2013,NG2013DHS,CN_NUTS_C_HA3,104236010,I,433051,1433051,Region,..Ekiti,0,,0,1,CNNUTSCHA3,NGDHS2013433051,2013,DHS,188,493,,,2
NGA,Lagos,7029516,Children severely stunted,6.3,1,NG,Nigeria,2013,NG2013DHS,CN_NUTS_C_HA3,104236010,I,433052,1433052,Region,..Lagos,0,,0,1,CNNUTSCHA3,NGDHS2013433052,2013,DHS,1141,846,,,2
NGA,Ogun,1324458,Children severely stunted,9.9,1,NG,Nigeria,2013,NG2013DHS,CN_NUTS_C_HA3,104236010,I,433053,1433053,Region,..Ogun,0,,0,1,CNNUTSCHA3,NGDHS2013433053,2013,DHS,677,494,,,2
NGA,Ondo,999513,Children severely stunted,10.4,1,NG,Nigeria,2013,NG2013DHS,CN_NUTS_C_HA3,104236010,I,433054,1433054,Region,..Ondo,0,,0,1,CNNUTSCHA3,NGDHS2013433054,2013,DHS,523,594,,,2
NGA,Osun,7766134,Children severely stunted,7.9,1,NG,Nigeria,2013,NG2013DHS,CN_NUTS_C_HA3,104236010,I,433055,1433055,Region,..Osun,0,,0,1,CNNUTSCHA3,NGDHS2013433055,2013,DHS,429,523,,,2
NGA,Oyo,1324379,Children severely stunted,9.6,1,NG,Nigeria,2013,NG2013DHS,CN_NUTS_C_HA3,104236010,I,433056,1433056,Region,..Oyo,0,,0,1,CNNUTSCHA3,NGDHS2013433056,2013,DHS,1059,625,,,2
NGA,South South,3306058,Children severely stunted,8.3,1,NG,Nigeria,2013,NG2013DHS,CN_NUTS_C_HA3,104236010,I,433010,1433060,Region,South South,0,,0,1,CNNUTSCHA3,NGDHS2013433010,2013,DHS,2619,3359,,,1
NGA,Akwa Ibom,4559688,Children severely stunted,10.9,1,NG,Nigeria,2013,NG2013DHS,CN_NUTS_C_HA3,104236010,I,433061,1433061,Region,..Akwa Ibom,0,,0,1,CNNUTSCHA3,NGDHS2013433061,2013,DHS,424,533,,,2
NGA,Bayelsa,6441823,Children severely stunted,8.8,1,NG,Nigeria,2013,NG2013DHS,CN_NUTS_C_HA3,104236010,I,433062,1433062,Region,..Bayelsa,0,,0,1,CNNUTSCHA3,NGDHS2013433062,2013,DHS,217,733,,,2
NGA,Cross River,4274606,Children severely stunted,8.5,1,NG,Nigeria,2013,NG2013DHS,CN_NUTS_C_HA3,104236010,I,433063,1433063,Region,..Cross River,0,,0,1,CNNUTSCHA3,NGDHS2013433063,2013,DHS,514,515,,,2
NGA,Delta,5600245,Children severely stunted,8.6,1,NG,Nigeria,2013,NG2013DHS,CN_NUTS_C_HA3,104236010,I,433064,1433064,Region,..Delta,0,,0,1,CNNUTSCHA3,NGDHS2013433064,2013,DHS,493,594,,,2
NGA,Edo,5185960,Children severely stunted,6.8,1,NG,Nigeria,2013,NG2013DHS,CN_NUTS_C_HA3,104236010,I,433065,1433065,Region,..Edo,0,,0,1,CNNUTSCHA3,NGDHS2013433065,2013,DHS,349,519,,,2
NGA,Rivers,467142,Children severely stunted,6.8,1,NG,Nigeria,2013,NG2013DHS,CN_NUTS_C_HA3,104236010,I,433066,1433066,Region,..Rivers,0,,0,1,CNNUTSCHA3,NGDHS2013433066,2013,DHS,622,465,,,2
NGA,North Central,6746427,Children stunted,29.3,1,NG,Nigeria,2013,NG2013DHS,CN_NUTS_C_HA2,104236020,I,433005,1433010,Region,North Central,0,,0,1,CNNUTSCHA2,NGDHS2013433005,2013,DHS,3764,4116,,,1
NGA,FCT Abuja,982036,Children stunted,20.6,1,NG,Nigeria,2013,NG2013DHS,CN_NUTS_C_HA2,104236020,I,433011,1433011,Region,..FCT Abuja,0,,0,1,CNNUTSCHA2,NGDHS2013433011,2013,DHS,184,456,,,2
NGA,Benue,6385974,Children stunted,22.6,1,NG,Nigeria,2013,NG2013DHS,CN_NUTS_C_HA2,104236020,I,433012,1433012,Region,..Benue,0,,0,1,CNNUTSCHA2,NGDHS2013433012,2013,DHS,838,580,,,2
NGA,Kogi,1331311,Children stunted,23.1,1,NG,Nigeria,2013,NG2013DHS,CN_NUTS_C_HA2,104236020,I,433013,1433013,Region,..Kogi,0,,0,1,CNNUTSCHA2,NGDHS2013433013,2013,DHS,362,441,,,2
NGA,Kwara,5360858,Children stunted,27.1,1,NG,Nigeria,2013,NG2013DHS,CN_NUTS_C_HA2,104236020,I,433014,1433014,Region,..Kwara,0,,0,1,CNNUTSCHA2,NGDHS2013433014,2013,DHS,383,644,,,2
NGA,Nasarawa,3747347,Children stunted,34.5,1,NG,Nigeria,2013,NG2013DHS,CN_NUTS_C_HA2,104236020,I,433015,1433015,Region,..Nasarawa,0,,0,1,CNNUTSCHA2,NGDHS2013433015,2013,DHS,398,579,,,2
NGA,Niger,3166087,Children stunted,34.2,1,NG,Nigeria,2013,NG2013DHS,CN_NUTS_C_HA2,104236020,I,433016,1433016,Region,..Niger,0,,0,1,CNNUTSCHA2,NGDHS2013433016,2013,DHS,1183,821,,,2
NGA,Plateau,3480803,Children stunted,35.8,1,NG,Nigeria,2013,NG2013DHS,CN_NUTS_C_HA2,104236020,I,433017,1433017,Region,..Plateau,0,,0,1,CNNUTSCHA2,NGDHS2013433017,2013,DHS,416,595,,,2
NGA,North East,873894,Children stunted,42.3,1,NG,Nigeria,2013,NG2013DHS,CN_NUTS_C_HA2,104236020,I,433006,1433020,Region,North East,0,,0,1,CNNUTSCHA2,NGDHS2013433006,2013,DHS,4286,5213,,,1
NGA,Adamawa,541850,Children stunted,34.3,1,NG,Nigeria,2013,NG2013DHS,CN_NUTS_C_HA2,104236020,I,433021,1433021,Region,..Adamawa,0,,0,1,CNNUTSCHA2,NGDHS2013433021,2013,DHS,645,882,,,2
NGA,Bauchi,1324349,Children stunted,50.8,1,NG,Nigeria,2013,NG2013DHS,CN_NUTS_C_HA2,104236020,I,433022,1433022,Region,..Bauchi,0,,0,1,CNNUTSCHA2,NGDHS2013433022,2013,DHS,1024,1083,,,2
NGA,Borno,6727506,Children stunted,26.8,1,NG,Nigeria,2013,NG2013DHS,CN_NUTS_C_HA2,104236020,I,433023,1433023,Region,..Borno,0,,0,1,CNNUTSCHA2,NGDHS2013433023,2013,DHS,760,416,,,2
NGA,Gombe,6415122,Children stunted,47.5,1,NG,Nigeria,2013,NG2013DHS,CN_NUTS_C_HA2,104236020,I,433024,1433024,Region,..Gombe,0,,0,1,CNNUTSCHA2,NGDHS2013433024,2013,DHS,473,938,,,2
NGA,Taraba,1331358,Children stunted,43.4,1,NG,Nigeria,2013,NG2013DHS,CN_NUTS_C_HA2,104236020,I,433025,1433025,Region,..Taraba,0,,0,1,CNNUTSCHA2,NGDHS2013433025,2013,DHS,675,1090,,,2
NGA,Yobe,7134062,Children stunted,49.3,1,NG,Nigeria,2013,NG2013DHS,CN_NUTS_C_HA2,104236020,I,433026,1433026,Region,..Yobe,0,,0,1,CNNUTSCHA2,NGDHS2013433026,2013,DHS,709,804,,,2
NGA,North West,7134612,Children stunted,54.8,1,NG,Nigeria,2013,NG2013DHS,CN_NUTS_C_HA2,104236020,I,433007,1433030,Region,North West,0,,0,1,CNNUTSCHA2,NGDHS2013433007,2013,DHS,9049,7530,,,1
NGA,Jigawa,6403240,Children stunted,59,1,NG,Nigeria,2013,NG2013DHS,CN_NUTS_C_HA2,104236020,I,433031,1433031,Region,..Jigawa,0,,0,1,CNNUTSCHA2,NGDHS2013433031,2013,DHS,1147,1042,,,2
NGA,Kaduna,4011528,Children stunted,56.6,1,NG,Nigeria,2013,NG2013DHS,CN_NUTS_C_HA2,104236020,I,433032,1433032,Region,..Kaduna,0,,0,1,CNNUTSCHA2,NGDHS2013433032,2013,DHS,1054,622,,,2
NGA,Kano,5398587,Children stunted,48.3,1,NG,Nigeria,2013,NG2013DHS,CN_NUTS_C_HA2,104236020,I,433033,1433033,Region,..Kano,0,,0,1,CNNUTSCHA2,NGDHS2013433033,2013,DHS,2372,1647,,,2
NGA,Katsina,3755445,Children stunted,58.5,1,NG,Nigeria,2013,NG2013DHS,CN_NUTS_C_HA2,104236020,I,433034,1433034,Region,..Katsina,0,,0,1,CNNUTSCHA2,NGDHS2013433034,2013,DHS,1358,1159,,,2
NGA,Kebbi,3159022,Children stunted,60.6,1,NG,Nigeria,2013,NG2013DHS,CN_NUTS_C_HA2,104236020,I,433035,1433035,Region,..Kebbi,0,,0,1,CNNUTSCHA2,NGDHS2013433035,2013,DHS,889,844,,,2
NGA,Sokoto,7756796,Children stunted,51.6,1,NG,Nigeria,2013,NG2013DHS,CN_NUTS_C_HA2,104236020,I,433036,1433036,Region,..Sokoto,0,,0,1,CNNUTSCHA2,NGDHS2013433036,2013,DHS,929,1087,,,2
NGA,Zamfara,4468854,Children stunted,55.9,1,NG,Nigeria,2013,NG2013DHS,CN_NUTS_C_HA2,104236020,I,433037,1433037,Region,..Zamfara,0,,0,1,CNNUTSCHA2,NGDHS2013433037,2013,DHS,1301,1129,,,2
NGA,South East,2863436,Children stunted,16,1,NG,Nigeria,2013,NG2013DHS,CN_NUTS_C_HA2,104236020,I,433008,1433040,Region,South East,0,,0,1,CNNUTSCHA2,NGDHS2013433008,2013,DHS,2455,2513,,,1
NGA,Abia,2681705,Children stunted,17.3,1,NG,Nigeria,2013,NG2013DHS,CN_NUTS_C_HA2,104236020,I,433041,1433041,Region,..Abia,0,,0,1,CNNUTSCHA2,NGDHS2013433041,2013,DHS,299,464,,,2
NGA,Anambra,3069509,Children stunted,18.4,1,NG,Nigeria,2013,NG2013DHS,CN_NUTS_C_HA2,104236020,I,433042,1433042,Region,..Anambra,0,,0,1,CNNUTSCHA2,NGDHS2013433042,2013,DHS,498,420,,,2
NGA,Ebonyi,6408097,Children stunted,16.2,1,NG,Nigeria,2013,NG2013DHS,CN_NUTS_C_HA2,104236020,I,433043,1433043,Region,..Ebonyi,0,,0,1,CNNUTSCHA2,NGDHS2013433043,2013,DHS,671,645,,,2
NGA,Enugu,7890546,Children stunted,11.7,1,NG,Nigeria,2013,NG2013DHS,CN_NUTS_C_HA2,104236020,I,433044,1433044,Region,..Enugu,0,,0,1,CNNUTSCHA2,NGDHS2013433044,2013,DHS,495,547,,,2
NGA,Imo,5620899,Children stunted,16.9,1,NG,Nigeria,2013,NG2013DHS,CN_NUTS_C_HA2,104236020,I,433045,1433045,Region,..Imo,0,,0,1,CNNUTSCHA2,NGDHS2013433045,2013,DHS,493,437,,,2
NGA,South West,4815297,Children stunted,22.2,1,NG,Nigeria,2013,NG2013DHS,CN_NUTS_C_HA2,104236020,I,433009,1433050,Region,South West,0,,0,1,CNNUTSCHA2,NGDHS2013433009,2013,DHS,4016,3575,,,1
NGA,Ekiti,878077,Children stunted,19.2,1,NG,Nigeria,2013,NG2013DHS,CN_NUTS_C_HA2,104236020,I,433051,1433051,Region,..Ekiti,0,,0,1,CNNUTSCHA2,NGDHS2013433051,2013,DHS,188,493,,,2
NGA,Lagos,7029515,Children stunted,17,1,NG,Nigeria,2013,NG2013DHS,CN_NUTS_C_HA2,104236020,I,433052,1433052,Region,..Lagos,0,,0,1,CNNUTSCHA2,NGDHS2013433052,2013,DHS,1141,846,,,2
NGA,Ogun,1324390,Children stunted,23.8,1,NG,Nigeria,2013,NG2013DHS,CN_NUTS_C_HA2,104236020,I,433053,1433053,Region,..Ogun,0,,0,1,CNNUTSCHA2,NGDHS2013433053,2013,DHS,677,494,,,2
NGA,Ondo,999514,Children stunted,24,1,NG,Nigeria,2013,NG2013DHS,CN_NUTS_C_HA2,104236020,I,433054,1433054,Region,..Ondo,0,,0,1,CNNUTSCHA2,NGDHS2013433054,2013,DHS,523,594,,,2
NGA,Osun,7766133,Children stunted,20.5,1,NG,Nigeria,2013,NG2013DHS,CN_NUTS_C_HA2,104236020,I,433055,1433055,Region,..Osun,0,,0,1,CNNUTSCHA2,NGDHS2013433055,2013,DHS,429,523,,,2
NGA,Oyo,1324378,Children stunted,27.2,1,NG,Nigeria,2013,NG2013DHS,CN_NUTS_C_HA2,104236020,I,433056,1433056,Region,..Oyo,0,,0,1,CNNUTSCHA2,NGDHS2013433056,2013,DHS,1059,625,,,2
NGA,South South,3306056,Children stunted,18.3,1,NG,Nigeria,2013,NG2013DHS,CN_NUTS_C_HA2,104236020,I,433010,1433060,Region,South South,0,,0,1,CNNUTSCHA2,NGDHS2013433010,2013,DHS,2619,3359,,,1
NGA,Akwa Ibom,4559682,Children stunted,22.4,1,NG,Nigeria,2013,NG2013DHS,CN_NUTS_C_HA2,104236020,I,433061,1433061,Region,..Akwa Ibom,0,,0,1,CNNUTSCHA2,NGDHS2013433061,2013,DHS,424,533,,,2
NGA,Bayelsa,6441825,Children stunted,20.5,1,NG,Nigeria,2013,NG2013DHS,CN_NUTS_C_HA2,104236020,I,433062,1433062,Region,..Bayelsa,0,,0,1,CNNUTSCHA2,NGDHS2013433062,2013,DHS,217,733,,,2
NGA,Cross River,4274605,Children stunted,21.7,1,NG,Nigeria,2013,NG2013DHS,CN_NUTS_C_HA2,104236020,I,433063,1433063,Region,..Cross River,0,,0,1,CNNUTSCHA2,NGDHS2013433063,2013,DHS,514,515,,,2
NGA,Delta,5600258,Children stunted,14.9,1,NG,Nigeria,2013,NG2013DHS,CN_NUTS_C_HA2,104236020,I,433064,1433064,Region,..Delta,0,,0,1,CNNUTSCHA2,NGDHS2013433064,2013,DHS,493,594,,,2
NGA,Edo,5185912,Children stunted,15.8,1,NG,Nigeria,2013,NG2013DHS,CN_NUTS_C_HA2,104236020,I,433065,1433065,Region,..Edo,0,,0,1,CNNUTSCHA2,NGDHS2013433065,2013,DHS,349,519,,,2
NGA,Rivers,467140,Children stunted,16.1,1,NG,Nigeria,2013,NG2013DHS,CN_NUTS_C_HA2,104236020,I,433066,1433066,Region,..Rivers,0,,0,1,CNNUTSCHA2,NGDHS2013433066,2013,DHS,622,465,,,2
NGA,North Central,6746426,Mean height for age of children,-1.1,1,NG,Nigeria,2013,NG2013DHS,CN_NUTS_C_HAM,104236030,I,433005,1433010,Region,North Central,0,,0,1,CNNUTSCHAM,NGDHS2013433005,2013,DHS,3764,4116,,,1
NGA,FCT Abuja,982037,Mean height for age of children,-0.6,1,NG,Nigeria,2013,NG2013DHS,CN_NUTS_C_HAM,104236030,I,433011,1433011,Region,..FCT Abuja,0,,0,1,CNNUTSCHAM,NGDHS2013433011,2013,DHS,184,456,,,2
NGA,Benue,6385973,Mean height for age of children,-0.8,1,NG,Nigeria,2013,NG2013DHS,CN_NUTS_C_HAM,104236030,I,433012,1433012,Region,..Benue,0,,0,1,CNNUTSCHAM,NGDHS2013433012,2013,DHS,838,580,,,2
NGA,Kogi,1331310,Mean height for age of children,-0.8,1,NG,Nigeria,2013,NG2013DHS,CN_NUTS_C_HAM,104236030,I,433013,1433013,Region,..Kogi,0,,0,1,CNNUTSCHAM,NGDHS2013433013,2013,DHS,362,441,,,2
NGA,Kwara,5360857,Mean height for age of children,-1.2,1,NG,Nigeria,2013,NG2013DHS,CN_NUTS_C_HAM,104236030,I,433014,1433014,Region,..Kwara,0,,0,1,CNNUTSCHAM,NGDHS2013433014,2013,DHS,383,644,,,2
NGA,Nasarawa,3747348,Mean height for age of children,-1.3,1,NG,Nigeria,2013,NG2013DHS,CN_NUTS_C_HAM,104236030,I,433015,1433015,Region,..Nasarawa,0,,0,1,CNNUTSCHAM,NGDHS2013433015,2013,DHS,398,579,,,2
NGA,Niger,3166086,Mean height for age of children,-1.2,1,NG,Nigeria,2013,NG2013DHS,CN_NUTS_C_HAM,104236030,I,433016,1433016,Region,..Niger,0,,0,1,CNNUTSCHAM,NGDHS2013433016,2013,DHS,1183,821,,,2
NGA,Plateau,3480802,Mean height for age of children,-1.3,1,NG,Nigeria,2013,NG2013DHS,CN_NUTS_C_HAM,104236030,I,433017,1433017,Region,..Plateau,0,,0,1,CNNUTSCHAM,NGDHS2013433017,2013,DHS,416,595,,,2
NGA,North East,873893,Mean height for age of children,-1.5,1,NG,Nigeria,2013,NG2013DHS,CN_NUTS_C_HAM,104236030,I,433006,1433020,Region,North East,0,,0,1,CNNUTSCHAM,NGDHS2013433006,2013,DHS,4286,5213,,,1
NGA,Adamawa,541851,Mean height for age of children,-1.3,1,NG,Nigeria,2013,NG2013DHS,CN_NUTS_C_HAM,104236030,I,433021,1433021,Region,..Adamawa,0,,0,1,CNNUTSCHAM,NGDHS2013433021,2013,DHS,645,882,,,2
NGA,Bauchi,1324350,Mean height for age of children,-1.9,1,NG,Nigeria,2013,NG2013DHS,CN_NUTS_C_HAM,104236030,I,433022,1433022,Region,..Bauchi,0,,0,1,CNNUTSCHAM,NGDHS2013433022,2013,DHS,1024,1083,,,2
NGA,Borno,6727505,Mean height for age of children,-0.4,1,NG,Nigeria,2013,NG2013DHS,CN_NUTS_C_HAM,104236030,I,433023,1433023,Region,..Borno,0,,0,1,CNNUTSCHAM,NGDHS2013433023,2013,DHS,760,416,,,2
NGA,Gombe,6415121,Mean height for age of children,-1.8,1,NG,Nigeria,2013,NG2013DHS,CN_NUTS_C_HAM,104236030,I,433024,1433024,Region,..Gombe,0,,0,1,CNNUTSCHAM,NGDHS2013433024,2013,DHS,473,938,,,2
NGA,Taraba,1331357,Mean height for age of children,-1.6,1,NG,Nigeria,2013,NG2013DHS,CN_NUTS_C_HAM,104236030,I,433025,1433025,Region,..Taraba,0,,0,1,CNNUTSCHAM,NGDHS2013433025,2013,DHS,675,1090,,,2
NGA,Yobe,7134061,Mean height for age of children,-1.8,1,NG,Nigeria,2013,NG2013DHS,CN_NUTS_C_HAM,104236030,I,433026,1433026,Region,..Yobe,0,,0,1,CNNUTSCHAM,NGDHS2013433026,2013,DHS,709,804,,,2
NGA,North West,7134611,Mean height for age of children,-2.2,1,NG,Nigeria,2013,NG2013DHS,CN_NUTS_C_HAM,104236030,I,433007,1433030,Region,North West,0,,0,1,CNNUTSCHAM,NGDHS2013433007,2013,DHS,9049,7530,,,1
NGA,Jigawa,6403239,Mean height for age of children,-2.2,1,NG,Nigeria,2013,NG2013DHS,CN_NUTS_C_HAM,104236030,I,433031,1433031,Region,..Jigawa,0,,0,1,CNNUTSCHAM,NGDHS2013433031,2013,DHS,1147,1042,,,2
NGA,Kaduna,4011527,Mean height for age of children,-2.4,1,NG,Nigeria,2013,NG2013DHS,CN_NUTS_C_HAM,104236030,I,433032,1433032,Region,..Kaduna,0,,0,1,CNNUTSCHAM,NGDHS2013433032,2013,DHS,1054,622,,,2
NGA,Kano,5398519,Mean height for age of children,-1.9,1,NG,Nigeria,2013,NG2013DHS,CN_NUTS_C_HAM,104236030,I,433033,1433033,Region,..Kano,0,,0,1,CNNUTSCHAM,NGDHS2013433033,2013,DHS,2372,1647,,,2
NGA,Katsina,3755555,Mean height for age of children,-2.2,1,NG,Nigeria,2013,NG2013DHS,CN_NUTS_C_HAM,104236030,I,433034,1433034,Region,..Katsina,0,,0,1,CNNUTSCHAM,NGDHS2013433034,2013,DHS,1358,1159,,,2
NGA,Kebbi,3159012,Mean height for age of children,-2.5,1,NG,Nigeria,2013,NG2013DHS,CN_NUTS_C_HAM,104236030,I,433035,1433035,Region,..Kebbi,0,,0,1,CNNUTSCHAM,NGDHS2013433035,2013,DHS,889,844,,,2
NGA,Sokoto,7756794,Mean height for age of children,-2.1,1,NG,Nigeria,2013,NG2013DHS,CN_NUTS_C_HAM,104236030,I,433036,1433036,Region,..Sokoto,0,,0,1,CNNUTSCHAM,NGDHS2013433036,2013,DHS,929,1087,,,2
NGA,Zamfara,4468853,Mean height for age of children,-2.2,1,NG,Nigeria,2013,NG2013DHS,CN_NUTS_C_HAM,104236030,I,433037,1433037,Region,..Zamfara,0,,0,1,CNNUTSCHAM,NGDHS2013433037,2013,DHS,1301,1129,,,2
NGA,South East,2863437,Mean height for age of children,-0.5,1,NG,Nigeria,2013,NG2013DHS,CN_NUTS_C_HAM,104236030,I,433008,1433040,Region,South East,0,,0,1,CNNUTSCHAM,NGDHS2013433008,2013,DHS,2455,2513,,,1
NGA,Abia,2681704,Mean height for age of children,-0.6,1,NG,Nigeria,2013,NG2013DHS,CN_NUTS_C_HAM,104236030,I,433041,1433041,Region,..Abia,0,,0,1,CNNUTSCHAM,NGDHS2013433041,2013,DHS,299,464,,,2
NGA,Anambra,3069488,Mean height for age of children,-0.4,1,NG,Nigeria,2013,NG2013DHS,CN_NUTS_C_HAM,104236030,I,433042,1433042,Region,..Anambra,0,,0,1,CNNUTSCHAM,NGDHS2013433042,2013,DHS,498,420,,,2
NGA,Ebonyi,6408096,Mean height for age of children,-0.6,1,NG,Nigeria,2013,NG2013DHS,CN_NUTS_C_HAM,104236030,I,433043,1433043,Region,..Ebonyi,0,,0,1,CNNUTSCHAM,NGDHS2013433043,2013,DHS,671,645,,,2
NGA,Enugu,7890545,Mean height for age of children,-0.3,1,NG,Nigeria,2013,NG2013DHS,CN_NUTS_C_HAM,104236030,I,433044,1433044,Region,..Enugu,0,,0,1,CNNUTSCHAM,NGDHS2013433044,2013,DHS,495,547,,,2
NGA,Imo,5620898,Mean height for age of children,-0.5,1,NG,Nigeria,2013,NG2013DHS,CN_NUTS_C_HAM,104236030,I,433045,1433045,Region,..Imo,0,,0,1,CNNUTSCHAM,NGDHS2013433045,2013,DHS,493,437,,,2
NGA,South West,4815296,Mean height for age of children,-0.9,1,NG,Nigeria,2013,NG2013DHS,CN_NUTS_C_HAM,104236030,I,433009,1433050,Region,South West,0,,0,1,CNNUTSCHAM,NGDHS2013433009,2013,DHS,4016,3575,,,1
NGA,Ekiti,878075,Mean height for age of children,-0.8,1,NG,Nigeria,2013,NG2013DHS,CN_NUTS_C_HAM,104236030,I,433051,1433051,Region,..Ekiti,0,,0,1,CNNUTSCHAM,NGDHS2013433051,2013,DHS,188,493,,,2
NGA,Lagos,7029514,Mean height for age of children,-0.4,1,NG,Nigeria,2013,NG2013DHS,CN_NUTS_C_HAM,104236030,I,433052,1433052,Region,..Lagos,0,,0,1,CNNUTSCHAM,NGDHS2013433052,2013,DHS,1141,846,,,2
NGA,Ogun,1324389,Mean height for age of children,-1,1,NG,Nigeria,2013,NG2013DHS,CN_NUTS_C_HAM,104236030,I,433053,1433053,Region,..Ogun,0,,0,1,CNNUTSCHAM,NGDHS2013433053,2013,DHS,677,494,,,2
NGA,Ondo,999510,Mean height for age of children,-1.1,1,NG,Nigeria,2013,NG2013DHS,CN_NUTS_C_HAM,104236030,I,433054,1433054,Region,..Ondo,0,,0,1,CNNUTSCHAM,NGDHS2013433054,2013,DHS,523,594,,,2
NGA,Osun,7766132,Mean height for age of children,-0.7,1,NG,Nigeria,2013,NG2013DHS,CN_NUTS_C_HAM,104236030,I,433055,1433055,Region,..Osun,0,,0,1,CNNUTSCHAM,NGDHS2013433055,2013,DHS,429,523,,,2
NGA,Oyo,1324367,Mean height for age of children,-1.2,1,NG,Nigeria,2013,NG2013DHS,CN_NUTS_C_HAM,104236030,I,433056,1433056,Region,..Oyo,0,,0,1,CNNUTSCHAM,NGDHS2013433056,2013,DHS,1059,625,,,2
NGA,South South,3306057,Mean height for age of children,-0.5,1,NG,Nigeria,2013,NG2013DHS,CN_NUTS_C_HAM,104236030,I,433010,1433060,Region,South South,0,,0,1,CNNUTSCHAM,NGDHS2013433010,2013,DHS,2619,3359,,,1
NGA,Akwa Ibom,4559681,Mean height for age of children,-0.8,1,NG,Nigeria,2013,NG2013DHS,CN_NUTS_C_HAM,104236030,I,433061,1433061,Region,..Akwa Ibom,0,,0,1,CNNUTSCHAM,NGDHS2013433061,2013,DHS,424,533,,,2
NGA,Bayelsa,6441824,Mean height for age of children,-0.5,1,NG,Nigeria,2013,NG2013DHS,CN_NUTS_C_HAM,104236030,I,433062,1433062,Region,..Bayelsa,0,,0,1,CNNUTSCHAM,NGDHS2013433062,2013,DHS,217,733,,,2
NGA,Cross River,4274603,Mean height for age of children,-0.8,1,NG,Nigeria,2013,NG2013DHS,CN_NUTS_C_HAM,104236030,I,433063,1433063,Region,..Cross River,0,,0,1,CNNUTSCHAM,NGDHS2013433063,2013,DHS,514,515,,,2
NGA,Delta,5600244,Mean height for age of children,-0.4,1,NG,Nigeria,2013,NG2013DHS,CN_NUTS_C_HAM,104236030,I,433064,1433064,Region,..Delta,0,,0,1,CNNUTSCHAM,NGDHS2013433064,2013,DHS,493,594,,,2
NGA,Edo,5185907,Mean height for age of children,-0.5,1,NG,Nigeria,2013,NG2013DHS,CN_NUTS_C_HAM,104236030,I,433065,1433065,Region,..Edo,0,,0,1,CNNUTSCHAM,NGDHS2013433065,2013,DHS,349,519,,,2
NGA,Rivers,467139,Mean height for age of children,-0.2,1,NG,Nigeria,2013,NG2013DHS,CN_NUTS_C_HAM,104236030,I,433066,1433066,Region,..Rivers,0,,0,1,CNNUTSCHAM,NGDHS2013433066,2013,DHS,622,465,,,2
NGA,North Central,4681649,Children severely wasted,4.3,1,NG,Nigeria,2013,NG2013DHS,CN_NUTS_C_WH3,104236040,I,433005,1433010,Region,North Central,0,,0,1,CNNUTSCWH3,NGDHS2013433005,2013,DHS,3764,4116,,,1
NGA,FCT Abuja,3408043,Children severely wasted,5,1,NG,Nigeria,2013,NG2013DHS,CN_NUTS_C_WH3,104236040,I,433011,1433011,Region,..FCT Abuja,0,,0,1,CNNUTSCWH3,NGDHS2013433011,2013,DHS,184,456,,,2
NGA,Benue,4241791,Children severely wasted,1.4,1,NG,Nigeria,2013,NG2013DHS,CN_NUTS_C_WH3,104236040,I,433012,1433012,Region,..Benue,0,,0,1,CNNUTSCWH3,NGDHS2013433012,2013,DHS,838,580,,,2
NGA,Kogi,7253479,Children severely wasted,2.8,1,NG,Nigeria,2013,NG2013DHS,CN_NUTS_C_WH3,104236040,I,433013,1433013,Region,..Kogi,0,,0,1,CNNUTSCWH3,NGDHS2013433013,2013,DHS,362,441,,,2
NGA,Kwara,1331320,Children severely wasted,1.4,1,NG,Nigeria,2013,NG2013DHS,CN_NUTS_C_WH3,104236040,I,433014,1433014,Region,..Kwara,0,,0,1,CNNUTSCWH3,NGDHS2013433014,2013,DHS,383,644,,,2
NGA,Nasarawa,5274153,Children severely wasted,3.5,1,NG,Nigeria,2013,NG2013DHS,CN_NUTS_C_WH3,104236040,I,433015,1433015,Region,..Nasarawa,0,,0,1,CNNUTSCWH3,NGDHS2013433015,2013,DHS,398,579,,,2
NGA,Niger,1324339,Children severely wasted,8,1,NG,Nigeria,2013,NG2013DHS,CN_NUTS_C_WH3,104236040,I,433016,1433016,Region,..Niger,0,,0,1,CNNUTSCWH3,NGDHS2013433016,2013,DHS,1183,821,,,2
NGA,Plateau,159379,Children severely wasted,4.4,1,NG,Nigeria,2013,NG2013DHS,CN_NUTS_C_WH3,104236040,I,433017,1433017,Region,..Plateau,0,,0,1,CNNUTSCWH3,NGDHS2013433017,2013,DHS,416,595,,,2
NGA,North East,874324,Children severely wasted,9.3,1,NG,Nigeria,2013,NG2013DHS,CN_NUTS_C_WH3,104236040,I,433006,1433020,Region,North East,0,,0,1,CNNUTSCWH3,NGDHS2013433006,2013,DHS,4286,5213,,,1
NGA,Adamawa,2839429,Children severely wasted,5.2,1,NG,Nigeria,2013,NG2013DHS,CN_NUTS_C_WH3,104236040,I,433021,1433021,Region,..Adamawa,0,,0,1,CNNUTSCWH3,NGDHS2013433021,2013,DHS,645,882,,,2
NGA,Bauchi,4990946,Children severely wasted,8.6,1,NG,Nigeria,2013,NG2013DHS,CN_NUTS_C_WH3,104236040,I,433022,1433022,Region,..Bauchi,0,,0,1,CNNUTSCWH3,NGDHS2013433022,2013,DHS,1024,1083,,,2
NGA,Borno,2601778,Children severely wasted,17.9,1,NG,Nigeria,2013,NG2013DHS,CN_NUTS_C_WH3,104236040,I,433023,1433023,Region,..Borno,0,,0,1,CNNUTSCWH3,NGDHS2013433023,2013,DHS,760,416,,,2
NGA,Gombe,4675440,Children severely wasted,5.9,1,NG,Nigeria,2013,NG2013DHS,CN_NUTS_C_WH3,104236040,I,433024,1433024,Region,..Gombe,0,,0,1,CNNUTSCWH3,NGDHS2013433024,2013,DHS,473,938,,,2
NGA,Taraba,6217163,Children severely wasted,2.4,1,NG,Nigeria,2013,NG2013DHS,CN_NUTS_C_WH3,104236040,I,433025,1433025,Region,..Taraba,0,,0,1,CNNUTSCWH3,NGDHS2013433025,2013,DHS,675,1090,,,2
NGA,Yobe,5647526,Children severely wasted,13.3,1,NG,Nigeria,2013,NG2013DHS,CN_NUTS_C_WH3,104236040,I,433026,1433026,Region,..Yobe,0,,0,1,CNNUTSCWH3,NGDHS2013433026,2013,DHS,709,804,,,2
NGA,North West,1331295,Children severely wasted,15.3,1,NG,Nigeria,2013,NG2013DHS,CN_NUTS_C_WH3,104236040,I,433007,1433030,Region,North West,0,,0,1,CNNUTSCWH3,NGDHS2013433007,2013,DHS,9049,7530,,,1
NGA,Jigawa,4245210,Children severely wasted,7.8,1,NG,Nigeria,2013,NG2013DHS,CN_NUTS_C_WH3,104236040,I,433031,1433031,Region,..Jigawa,0,,0,1,CNNUTSCWH3,NGDHS2013433031,2013,DHS,1147,1042,,,2
NGA,Kaduna,7251930,Children severely wasted,27.6,1,NG,Nigeria,2013,NG2013DHS,CN_NUTS_C_WH3,104236040,I,433032,1433032,Region,..Kaduna,0,,0,1,CNNUTSCWH3,NGDHS2013433032,2013,DHS,1054,622,,,2
NGA,Kano,1337640,Children severely wasted,25.1,1,NG,Nigeria,2013,NG2013DHS,CN_NUTS_C_WH3,104236040,I,433033,1433033,Region,..Kano,0,,0,1,CNNUTSCWH3,NGDHS2013433033,2013,DHS,2372,1647,,,2
NGA,Katsina,5552319,Children severely wasted,12,1,NG,Nigeria,2013,NG2013DHS,CN_NUTS_C_WH3,104236040,I,433034,1433034,Region,..Katsina,0,,0,1,CNNUTSCWH3,NGDHS2013433034,2013,DHS,1358,1159,,,2
NGA,Kebbi,1331341,Children severely wasted,9.4,1,NG,Nigeria,2013,NG2013DHS,CN_NUTS_C_WH3,104236040,I,433035,1433035,Region,..Kebbi,0,,0,1,CNNUTSCWH3,NGDHS2013433035,2013,DHS,889,844,,,2
NGA,Sokoto,7756222,Children severely wasted,8.8,1,NG,Nigeria,2013,NG2013DHS,CN_NUTS_C_WH3,104236040,I,433036,1433036,Region,..Sokoto,0,,0,1,CNNUTSCWH3,NGDHS2013433036,2013,DHS,929,1087,,,2
NGA,Zamfara,6770516,Children severely wasted,6.1,1,NG,Nigeria,2013,NG2013DHS,CN_NUTS_C_WH3,104236040,I,433037,1433037,Region,..Zamfara,0,,0,1,CNNUTSCWH3,NGDHS2013433037,2013,DHS,1301,1129,,,2
NGA,South East,5686401,Children severely wasted,4.4,1,NG,Nigeria,2013,NG2013DHS,CN_NUTS_C_WH3,104236040,I,433008,1433040,Region,South East,0,,0,1,CNNUTSCWH3,NGDHS2013433008,2013,DHS,2455,2513,,,1
NGA,Abia,4983380,Children severely wasted,4.8,1,NG,Nigeria,2013,NG2013DHS,CN_NUTS_C_WH3,104236040,I,433041,1433041,Region,..Abia,0,,0,1,CNNUTSCWH3,NGDHS2013433041,2013,DHS,299,464,,,2
NGA,Anambra,4173882,Children severely wasted,9.2,1,NG,Nigeria,2013,NG2013DHS,CN_NUTS_C_WH3,104236040,I,433042,1433042,Region,..Anambra,0,,0,1,CNNUTSCWH3,NGDHS2013433042,2013,DHS,498,420,,,2
NGA,Ebonyi,4580128,Children severely wasted,3.2,1,NG,Nigeria,2013,NG2013DHS,CN_NUTS_C_WH3,104236040,I,433043,1433043,Region,..Ebonyi,0,,0,1,CNNUTSCWH3,NGDHS2013433043,2013,DHS,671,645,,,2
NGA,Enugu,7888942,Children severely wasted,2,1,NG,Nigeria,2013,NG2013DHS,CN_NUTS_C_WH3,104236040,I,433044,1433044,Region,..Enugu,0,,0,1,CNNUTSCWH3,NGDHS2013433044,2013,DHS,495,547,,,2
NGA,Imo,5654893,Children severely wasted,3.5,1,NG,Nigeria,2013,NG2013DHS,CN_NUTS_C_WH3,104236040,I,433045,1433045,Region,..Imo,0,,0,1,CNNUTSCWH3,NGDHS2013433045,2013,DHS,493,437,,,2
NGA,South West,1331292,Children severely wasted,3,1,NG,Nigeria,2013,NG2013DHS,CN_NUTS_C_WH3,104236040,I,433009,1433050,Region,South West,0,,0,1,CNNUTSCWH3,NGDHS2013433009,2013,DHS,4016,3575,,,1
NGA,Ekiti,876243,Children severely wasted,2.3,1,NG,Nigeria,2013,NG2013DHS,CN_NUTS_C_WH3,104236040,I,433051,1433051,Region,..Ekiti,0,,0,1,CNNUTSCWH3,NGDHS2013433051,2013,DHS,188,493,,,2
NGA,Lagos,1337670,Children severely wasted,3.8,1,NG,Nigeria,2013,NG2013DHS,CN_NUTS_C_WH3,104236040,I,433052,1433052,Region,..Lagos,0,,0,1,CNNUTSCWH3,NGDHS2013433052,2013,DHS,1141,846,,,2
NGA,Ogun,5525414,Children severely wasted,4.6,1,NG,Nigeria,2013,NG2013DHS,CN_NUTS_C_WH3,104236040,I,433053,1433053,Region,..Ogun,0,,0,1,CNNUTSCWH3,NGDHS2013433053,2013,DHS,677,494,,,2
NGA,Ondo,1337664,Children severely wasted,1.7,1,NG,Nigeria,2013,NG2013DHS,CN_NUTS_C_WH3,104236040,I,433054,1433054,Region,..Ondo,0,,0,1,CNNUTSCWH3,NGDHS2013433054,2013,DHS,523,594,,,2
NGA,Osun,7760106,Children severely wasted,3.3,1,NG,Nigeria,2013,NG2013DHS,CN_NUTS_C_WH3,104236040,I,433055,1433055,Region,..Osun,0,,0,1,CNNUTSCWH3,NGDHS2013433055,2013,DHS,429,523,,,2
NGA,Oyo,6733435,Children severely wasted,1.9,1,NG,Nigeria,2013,NG2013DHS,CN_NUTS_C_WH3,104236040,I,433056,1433056,Region,..Oyo,0,,0,1,CNNUTSCWH3,NGDHS2013433056,2013,DHS,1059,625,,,2
NGA,South South,6888883,Children severely wasted,3.6,1,NG,Nigeria,2013,NG2013DHS,CN_NUTS_C_WH3,104236040,I,433010,1433060,Region,South South,0,,0,1,CNNUTSCWH3,NGDHS2013433010,2013,DHS,2619,3359,,,1
NGA,Akwa Ibom,4180757,Children severely wasted,2.7,1,NG,Nigeria,2013,NG2013DHS,CN_NUTS_C_WH3,104236040,I,433061,1433061,Region,..Akwa Ibom,0,,0,1,CNNUTSCWH3,NGDHS2013433061,2013,DHS,424,533,,,2
NGA,Bayelsa,4586813,Children severely wasted,1.3,1,NG,Nigeria,2013,NG2013DHS,CN_NUTS_C_WH3,104236040,I,433062,1433062,Region,..Bayelsa,0,,0,1,CNNUTSCWH3,NGDHS2013433062,2013,DHS,217,733,,,2
NGA,Cross River,6682097,Children severely wasted,3.1,1,NG,Nigeria,2013,NG2013DHS,CN_NUTS_C_WH3,104236040,I,433063,1433063,Region,..Cross River,0,,0,1,CNNUTSCWH3,NGDHS2013433063,2013,DHS,514,515,,,2
NGA,Delta,5661835,Children severely wasted,7.2,1,NG,Nigeria,2013,NG2013DHS,CN_NUTS_C_WH3,104236040,I,433064,1433064,Region,..Delta,0,,0,1,CNNUTSCWH3,NGDHS2013433064,2013,DHS,493,594,,,2
NGA,Edo,5710500,Children severely wasted,3.6,1,NG,Nigeria,2013,NG2013DHS,CN_NUTS_C_WH3,104236040,I,433065,1433065,Region,..Edo,0,,0,1,CNNUTSCWH3,NGDHS2013433065,2013,DHS,349,519,,,2
NGA,Rivers,1343213,Children severely wasted,2.8,1,NG,Nigeria,2013,NG2013DHS,CN_NUTS_C_WH3,104236040,I,433066,1433066,Region,..Rivers,0,,0,1,CNNUTSCWH3,NGDHS2013433066,2013,DHS,622,465,,,2
NGA,North Central,4681650,Children wasted,11.7,1,NG,Nigeria,2013,NG2013DHS,CN_NUTS_C_WH2,104236050,I,433005,1433010,Region,North Central,0,,0,1,CNNUTSCWH2,NGDHS2013433005,2013,DHS,3764,4116,,,1
NGA,FCT Abuja,3408065,Children wasted,13.8,1,NG,Nigeria,2013,NG2013DHS,CN_NUTS_C_WH2,104236050,I,433011,1433011,Region,..FCT Abuja,0,,0,1,CNNUTSCWH2,NGDHS2013433011,2013,DHS,184,456,,,2
NGA,Benue,4241792,Children wasted,7.8,1,NG,Nigeria,2013,NG2013DHS,CN_NUTS_C_WH2,104236050,I,433012,1433012,Region,..Benue,0,,0,1,CNNUTSCWH2,NGDHS2013433012,2013,DHS,838,580,,,2
NGA,Kogi,7253480,Children wasted,9.5,1,NG,Nigeria,2013,NG2013DHS,CN_NUTS_C_WH2,104236050,I,433013,1433013,Region,..Kogi,0,,0,1,CNNUTSCWH2,NGDHS2013433013,2013,DHS,362,441,,,2
NGA,Kwara,1331321,Children wasted,6.5,1,NG,Nigeria,2013,NG2013DHS,CN_NUTS_C_WH2,104236050,I,433014,1433014,Region,..Kwara,0,,0,1,CNNUTSCWH2,NGDHS2013433014,2013,DHS,383,644,,,2
NGA,Nasarawa,5274154,Children wasted,9.8,1,NG,Nigeria,2013,NG2013DHS,CN_NUTS_C_WH2,104236050,I,433015,1433015,Region,..Nasarawa,0,,0,1,CNNUTSCWH2,NGDHS2013433015,2013,DHS,398,579,,,2
NGA,Niger,1324340,Children wasted,17.7,1,NG,Nigeria,2013,NG2013DHS,CN_NUTS_C_WH2,104236050,I,433016,1433016,Region,..Niger,0,,0,1,CNNUTSCWH2,NGDHS2013433016,2013,DHS,1183,821,,,2
NGA,Plateau,159380,Children wasted,10.5,1,NG,Nigeria,2013,NG2013DHS,CN_NUTS_C_WH2,104236050,I,433017,1433017,Region,..Plateau,0,,0,1,CNNUTSCWH2,NGDHS2013433017,2013,DHS,416,595,,,2
NGA,North East,874325,Children wasted,19.5,1,NG,Nigeria,2013,NG2013DHS,CN_NUTS_C_WH2,104236050,I,433006,1433020,Region,North East,0,,0,1,CNNUTSCWH2,NGDHS2013433006,2013,DHS,4286,5213,,,1
NGA,Adamawa,2839430,Children wasted,14.5,1,NG,Nigeria,2013,NG2013DHS,CN_NUTS_C_WH2,104236050,I,433021,1433021,Region,..Adamawa,0,,0,1,CNNUTSCWH2,NGDHS2013433021,2013,DHS,645,882,,,2
NGA,Bauchi,4990947,Children wasted,23.3,1,NG,Nigeria,2013,NG2013DHS,CN_NUTS_C_WH2,104236050,I,433022,1433022,Region,..Bauchi,0,,0,1,CNNUTSCWH2,NGDHS2013433022,2013,DHS,1024,1083,,,2
NGA,Borno,2601779,Children wasted,28.2,1,NG,Nigeria,2013,NG2013DHS,CN_NUTS_C_WH2,104236050,I,433023,1433023,Region,..Borno,0,,0,1,CNNUTSCWH2,NGDHS2013433023,2013,DHS,760,416,,,2
NGA,Gombe,4675442,Children wasted,14.2,1,NG,Nigeria,2013,NG2013DHS,CN_NUTS_C_WH2,104236050,I,433024,1433024,Region,..Gombe,0,,0,1,CNNUTSCWH2,NGDHS2013433024,2013,DHS,473,938,,,2
NGA,Taraba,6217164,Children wasted,7.9,1,NG,Nigeria,2013,NG2013DHS,CN_NUTS_C_WH2,104236050,I,433025,1433025,Region,..Taraba,0,,0,1,CNNUTSCWH2,NGDHS2013433025,2013,DHS,675,1090,,,2
NGA,Yobe,5647533,Children wasted,23.6,1,NG,Nigeria,2013,NG2013DHS,CN_NUTS_C_WH2,104236050,I,433026,1433026,Region,..Yobe,0,,0,1,CNNUTSCWH2,NGDHS2013433026,2013,DHS,709,804,,,2
NGA,North West,1331296,Children wasted,27.1,1,NG,Nigeria,2013,NG2013DHS,CN_NUTS_C_WH2,104236050,I,433007,1433030,Region,North West,0,,0,1,CNNUTSCWH2,NGDHS2013433007,2013,DHS,9049,7530,,,1
NGA,Jigawa,4245211,Children wasted,17,1,NG,Nigeria,2013,NG2013DHS,CN_NUTS_C_WH2,104236050,I,433031,1433031,Region,..Jigawa,0,,0,1,CNNUTSCWH2,NGDHS2013433031,2013,DHS,1147,1042,,,2
NGA,Kaduna,7251931,Children wasted,41.7,1,NG,Nigeria,2013,NG2013DHS,CN_NUTS_C_WH2,104236050,I,433032,1433032,Region,..Kaduna,0,,0,1,CNNUTSCWH2,NGDHS2013433032,2013,DHS,1054,622,,,2
NGA,Kano,1337641,Children wasted,39.7,1,NG,Nigeria,2013,NG2013DHS,CN_NUTS_C_WH2,104236050,I,433033,1433033,Region,..Kano,0,,0,1,CNNUTSCWH2,NGDHS2013433033,2013,DHS,2372,1647,,,2
NGA,Katsina,5552320,Children wasted,24.3,1,NG,Nigeria,2013,NG2013DHS,CN_NUTS_C_WH2,104236050,I,433034,1433034,Region,..Katsina,0,,0,1,CNNUTSCWH2,NGDHS2013433034,2013,DHS,1358,1159,,,2
NGA,Kebbi,1331345,Children wasted,18.1,1,NG,Nigeria,2013,NG2013DHS,CN_NUTS_C_WH2,104236050,I,433035,1433035,Region,..Kebbi,0,,0,1,CNNUTSCWH2,NGDHS2013433035,2013,DHS,889,844,,,2
NGA,Sokoto,7756223,Children wasted,19.3,1,NG,Nigeria,2013,NG2013DHS,CN_NUTS_C_WH2,104236050,I,433036,1433036,Region,..Sokoto,0,,0,1,CNNUTSCWH2,NGDHS2013433036,2013,DHS,929,1087,,,2
NGA,Zamfara,6770517,Children wasted,16.2,1,NG,Nigeria,2013,NG2013DHS,CN_NUTS_C_WH2,104236050,I,433037,1433037,Region,..Zamfara,0,,0,1,CNNUTSCWH2,NGDHS2013433037,2013,DHS,1301,1129,,,2
NGA,South East,5686402,Children wasted,11.9,1,NG,Nigeria,2013,NG2013DHS,CN_NUTS_C_WH2,104236050,I,433008,1433040,Region,South East,0,,0,1,CNNUTSCWH2,NGDHS2013433008,2013,DHS,2455,2513,,,1
NGA,Abia,4983381,Children wasted,11,1,NG,Nigeria,2013,NG2013DHS,CN_NUTS_C_WH2,104236050,I,433041,1433041,Region,..Abia,0,,0,1,CNNUTSCWH2,NGDHS2013433041,2013,DHS,299,464,,,2
NGA,Anambra,4173883,Children wasted,17.3,1,NG,Nigeria,2013,NG2013DHS,CN_NUTS_C_WH2,104236050,I,433042,1433042,Region,..Anambra,0,,0,1,CNNUTSCWH2,NGDHS2013433042,2013,DHS,498,420,,,2
NGA,Ebonyi,4580129,Children wasted,10.5,1,NG,Nigeria,2013,NG2013DHS,CN_NUTS_C_WH2,104236050,I,433043,1433043,Region,..Ebonyi,0,,0,1,CNNUTSCWH2,NGDHS2013433043,2013,DHS,671,645,,,2
NGA,Enugu,7888943,Children wasted,8.9,1,NG,Nigeria,2013,NG2013DHS,CN_NUTS_C_WH2,104236050,I,433044,1433044,Region,..Enugu,0,,0,1,CNNUTSCWH2,NGDHS2013433044,2013,DHS,495,547,,,2
NGA,Imo,5654894,Children wasted,11.8,1,NG,Nigeria,2013,NG2013DHS,CN_NUTS_C_WH2,104236050,I,433045,1433045,Region,..Imo,0,,0,1,CNNUTSCWH2,NGDHS2013433045,2013,DHS,493,437,,,2
NGA,South West,1331303,Children wasted,10,1,NG,Nigeria,2013,NG2013DHS,CN_NUTS_C_WH2,104236050,I,433009,1433050,Region,South West,0,,0,1,CNNUTSCWH2,NGDHS2013433009,2013,DHS,4016,3575,,,1
NGA,Ekiti,876244,Children wasted,8.3,1,NG,Nigeria,2013,NG2013DHS,CN_NUTS_C_WH2,104236050,I,433051,1433051,Region,..Ekiti,0,,0,1,CNNUTSCWH2,NGDHS2013433051,2013,DHS,188,493,,,2
NGA,Lagos,1337682,Children wasted,11.3,1,NG,Nigeria,2013,NG2013DHS,CN_NUTS_C_WH2,104236050,I,433052,1433052,Region,..Lagos,0,,0,1,CNNUTSCWH2,NGDHS2013433052,2013,DHS,1141,846,,,2
NGA,Ogun,5525415,Children wasted,10,1,NG,Nigeria,2013,NG2013DHS,CN_NUTS_C_WH2,104236050,I,433053,1433053,Region,..Ogun,0,,0,1,CNNUTSCWH2,NGDHS2013433053,2013,DHS,677,494,,,2
NGA,Ondo,1337675,Children wasted,6.6,1,NG,Nigeria,2013,NG2013DHS,CN_NUTS_C_WH2,104236050,I,433054,1433054,Region,..Ondo,0,,0,1,CNNUTSCWH2,NGDHS2013433054,2013,DHS,523,594,,,2
NGA,Osun,7760107,Children wasted,11.1,1,NG,Nigeria,2013,NG2013DHS,CN_NUTS_C_WH2,104236050,I,433055,1433055,Region,..Osun,0,,0,1,CNNUTSCWH2,NGDHS2013433055,2013,DHS,429,523,,,2
NGA,Oyo,6733436,Children wasted,10.1,1,NG,Nigeria,2013,NG2013DHS,CN_NUTS_C_WH2,104236050,I,433056,1433056,Region,..Oyo,0,,0,1,CNNUTSCWH2,NGDHS2013433056,2013,DHS,1059,625,,,2
NGA,South South,6888884,Children wasted,11.1,1,NG,Nigeria,2013,NG2013DHS,CN_NUTS_C_WH2,104236050,I,433010,1433060,Region,South South,0,,0,1,CNNUTSCWH2,NGDHS2013433010,2013,DHS,2619,3359,,,1
NGA,Akwa Ibom,4180758,Children wasted,10.5,1,NG,Nigeria,2013,NG2013DHS,CN_NUTS_C_WH2,104236050,I,433061,1433061,Region,..Akwa Ibom,0,,0,1,CNNUTSCWH2,NGDHS2013433061,2013,DHS,424,533,,,2
NGA,Bayelsa,4586814,Children wasted,5.2,1,NG,Nigeria,2013,NG2013DHS,CN_NUTS_C_WH2,104236050,I,433062,1433062,Region,..Bayelsa,0,,0,1,CNNUTSCWH2,NGDHS2013433062,2013,DHS,217,733,,,2
NGA,Cross River,6682098,Children wasted,9.8,1,NG,Nigeria,2013,NG2013DHS,CN_NUTS_C_WH2,104236050,I,433063,1433063,Region,..Cross River,0,,0,1,CNNUTSCWH2,NGDHS2013433063,2013,DHS,514,515,,,2
NGA,Delta,5661836,Children wasted,17,1,NG,Nigeria,2013,NG2013DHS,CN_NUTS_C_WH2,104236050,I,433064,1433064,Region,..Delta,0,,0,1,CNNUTSCWH2,NGDHS2013433064,2013,DHS,493,594,,,2
NGA,Edo,5710501,Children wasted,10.5,1,NG,Nigeria,2013,NG2013DHS,CN_NUTS_C_WH2,104236050,I,433065,1433065,Region,..Edo,0,,0,1,CNNUTSCWH2,NGDHS2013433065,2013,DHS,349,519,,,2
NGA,Rivers,1343214,Children wasted,10.5,1,NG,Nigeria,2013,NG2013DHS,CN_NUTS_C_WH2,104236050,I,433066,1433066,Region,..Rivers,0,,0,1,CNNUTSCWH2,NGDHS2013433066,2013,DHS,622,465,,,2
NGA,North Central,4681651,Children overweight,3.6,1,NG,Nigeria,2013,NG2013DHS,CN_NUTS_C_WHP,104236060,I,433005,1433010,Region,North Central,0,,0,1,CNNUTSCWHP,NGDHS2013433005,2013,DHS,3764,4116,,,1
NGA,FCT Abuja,3408066,Children overweight,3.8,1,NG,Nigeria,2013,NG2013DHS,CN_NUTS_C_WHP,104236060,I,433011,1433011,Region,..FCT Abuja,0,,0,1,CNNUTSCWHP,NGDHS2013433011,2013,DHS,184,456,,,2
NGA,Benue,4241793,Children overweight,2.7,1,NG,Nigeria,2013,NG2013DHS,CN_NUTS_C_WHP,104236060,I,433012,1433012,Region,..Benue,0,,0,1,CNNUTSCWHP,NGDHS2013433012,2013,DHS,838,580,,,2
NGA,Kogi,7253478,Children overweight,1.6,1,NG,Nigeria,2013,NG2013DHS,CN_NUTS_C_WHP,104236060,I,433013,1433013,Region,..Kogi,0,,0,1,CNNUTSCWHP,NGDHS2013433013,2013,DHS,362,441,,,2
NGA,Kwara,1331322,Children overweight,4.2,1,NG,Nigeria,2013,NG2013DHS,CN_NUTS_C_WHP,104236060,I,433014,1433014,Region,..Kwara,0,,0,1,CNNUTSCWHP,NGDHS2013433014,2013,DHS,383,644,,,2
NGA,Nasarawa,5274155,Children overweight,6.5,1,NG,Nigeria,2013,NG2013DHS,CN_NUTS_C_WHP,104236060,I,433015,1433015,Region,..Nasarawa,0,,0,1,CNNUTSCWHP,NGDHS2013433015,2013,DHS,398,579,,,2
NGA,Niger,1324341,Children overweight,2.8,1,NG,Nigeria,2013,NG2013DHS,CN_NUTS_C_WHP,104236060,I,433016,1433016,Region,..Niger,0,,0,1,CNNUTSCWHP,NGDHS2013433016,2013,DHS,1183,821,,,2
NGA,Plateau,159381,Children overweight,5.9,1,NG,Nigeria,2013,NG2013DHS,CN_NUTS_C_WHP,104236060,I,433017,1433017,Region,..Plateau,0,,0,1,CNNUTSCWHP,NGDHS2013433017,2013,DHS,416,595,,,2
NGA,North East,874326,Children overweight,4.1,1,NG,Nigeria,2013,NG2013DHS,CN_NUTS_C_WHP,104236060,I,433006,1433020,Region,North East,0,,0,1,CNNUTSCWHP,NGDHS2013433006,2013,DHS,4286,5213,,,1
NGA,Adamawa,2839431,Children overweight,1.9,1,NG,Nigeria,2013,NG2013DHS,CN_NUTS_C_WHP,104236060,I,433021,1433021,Region,..Adamawa,0,,0,1,CNNUTSCWHP,NGDHS2013433021,2013,DHS,645,882,,,2
NGA,Bauchi,4990949,Children overweight,1.2,1,NG,Nigeria,2013,NG2013DHS,CN_NUTS_C_WHP,104236060,I,433022,1433022,Region,..Bauchi,0,,0,1,CNNUTSCWHP,NGDHS2013433022,2013,DHS,1024,1083,,,2
NGA,Borno,2601781,Children overweight,5.2,1,NG,Nigeria,2013,NG2013DHS,CN_NUTS_C_WHP,104236060,I,433023,1433023,Region,..Borno,0,,0,1,CNNUTSCWHP,NGDHS2013433023,2013,DHS,760,416,,,2
NGA,Gombe,4675443,Children overweight,3.3,1,NG,Nigeria,2013,NG2013DHS,CN_NUTS_C_WHP,104236060,I,433024,1433024,Region,..Gombe,0,,0,1,CNNUTSCWHP,NGDHS2013433024,2013,DHS,473,938,,,2
NGA,Taraba,6217165,Children overweight,3.2,1,NG,Nigeria,2013,NG2013DHS,CN_NUTS_C_WHP,104236060,I,433025,1433025,Region,..Taraba,0,,0,1,CNNUTSCWHP,NGDHS2013433025,2013,DHS,675,1090,,,2
NGA,Yobe,5647534,Children overweight,10.7,1,NG,Nigeria,2013,NG2013DHS,CN_NUTS_C_WHP,104236060,I,433026,1433026,Region,..Yobe,0,,0,1,CNNUTSCWHP,NGDHS2013433026,2013,DHS,709,804,,,2
NGA,North West,1331297,Children overweight,5.3,1,NG,Nigeria,2013,NG2013DHS,CN_NUTS_C_WHP,104236060,I,433007,1433030,Region,North West,0,,0,1,CNNUTSCWHP,NGDHS2013433007,2013,DHS,9049,7530,,,1
NGA,Jigawa,4245212,Children overweight,5,1,NG,Nigeria,2013,NG2013DHS,CN_NUTS_C_WHP,104236060,I,433031,1433031,Region,..Jigawa,0,,0,1,CNNUTSCWHP,NGDHS2013433031,2013,DHS,1147,1042,,,2
NGA,Kaduna,7251932,Children overweight,5.6,1,NG,Nigeria,2013,NG2013DHS,CN_NUTS_C_WHP,104236060,I,433032,1433032,Region,..Kaduna,0,,0,1,CNNUTSCWHP,NGDHS2013433032,2013,DHS,1054,622,,,2
NGA,Kano,1337676,Children overweight,2.5,1,NG,Nigeria,2013,NG2013DHS,CN_NUTS_C_WHP,104236060,I,433033,1433033,Region,..Kano,0,,0,1,CNNUTSCWHP,NGDHS2013433033,2013,DHS,2372,1647,,,2
NGA,Katsina,5552321,Children overweight,5.5,1,NG,Nigeria,2013,NG2013DHS,CN_NUTS_C_WHP,104236060,I,433034,1433034,Region,..Katsina,0,,0,1,CNNUTSCWHP,NGDHS2013433034,2013,DHS,1358,1159,,,2
NGA,Kebbi,1331346,Children overweight,11.6,1,NG,Nigeria,2013,NG2013DHS,CN_NUTS_C_WHP,104236060,I,433035,1433035,Region,..Kebbi,0,,0,1,CNNUTSCWHP,NGDHS2013433035,2013,DHS,889,844,,,2
NGA,Sokoto,7756224,Children overweight,6.8,1,NG,Nigeria,2013,NG2013DHS,CN_NUTS_C_WHP,104236060,I,433036,1433036,Region,..Sokoto,0,,0,1,CNNUTSCWHP,NGDHS2013433036,2013,DHS,929,1087,,,2
NGA,Zamfara,6770518,Children overweight,4.5,1,NG,Nigeria,2013,NG2013DHS,CN_NUTS_C_WHP,104236060,I,433037,1433037,Region,..Zamfara,0,,0,1,CNNUTSCWHP,NGDHS2013433037,2013,DHS,1301,1129,,,2
NGA,South East,5686403,Children overweight,2.6,1,NG,Nigeria,2013,NG2013DHS,CN_NUTS_C_WHP,104236060,I,433008,1433040,Region,South East,0,,0,1,CNNUTSCWHP,NGDHS2013433008,2013,DHS,2455,2513,,,1
NGA,Abia,4983382,Children overweight,1.2,1,NG,Nigeria,2013,NG2013DHS,CN_NUTS_C_WHP,104236060,I,433041,1433041,Region,..Abia,0,,0,1,CNNUTSCWHP,NGDHS2013433041,2013,DHS,299,464,,,2
NGA,Anambra,4173884,Children overweight,7.4,1,NG,Nigeria,2013,NG2013DHS,CN_NUTS_C_WHP,104236060,I,433042,1433042,Region,..Anambra,0,,0,1,CNNUTSCWHP,NGDHS2013433042,2013,DHS,498,420,,,2
NGA,Ebonyi,4580130,Children overweight,1.2,1,NG,Nigeria,2013,NG2013DHS,CN_NUTS_C_WHP,104236060,I,433043,1433043,Region,..Ebonyi,0,,0,1,CNNUTSCWHP,NGDHS2013433043,2013,DHS,671,645,,,2
NGA,Enugu,7888950,Children overweight,1.6,1,NG,Nigeria,2013,NG2013DHS,CN_NUTS_C_WHP,104236060,I,433044,1433044,Region,..Enugu,0,,0,1,CNNUTSCWHP,NGDHS2013433044,2013,DHS,495,547,,,2
NGA,Imo,5654895,Children overweight,1.3,1,NG,Nigeria,2013,NG2013DHS,CN_NUTS_C_WHP,104236060,I,433045,1433045,Region,..Imo,0,,0,1,CNNUTSCWHP,NGDHS2013433045,2013,DHS,493,437,,,2
NGA,South West,1331304,Children overweight,1.6,1,NG,Nigeria,2013,NG2013DHS,CN_NUTS_C_WHP,104236060,I,433009,1433050,Region,South West,0,,0,1,CNNUTSCWHP,NGDHS2013433009,2013,DHS,4016,3575,,,1
NGA,Ekiti,876245,Children overweight,1.3,1,NG,Nigeria,2013,NG2013DHS,CN_NUTS_C_WHP,104236060,I,433051,1433051,Region,..Ekiti,0,,0,1,CNNUTSCWHP,NGDHS2013433051,2013,DHS,188,493,,,2
NGA,Lagos,1337729,Children overweight,1.7,1,NG,Nigeria,2013,NG2013DHS,CN_NUTS_C_WHP,104236060,I,433052,1433052,Region,..Lagos,0,,0,1,CNNUTSCWHP,NGDHS2013433052,2013,DHS,1141,846,,,2
NGA,Ogun,5525416,Children overweight,1.3,1,NG,Nigeria,2013,NG2013DHS,CN_NUTS_C_WHP,104236060,I,433053,1433053,Region,..Ogun,0,,0,1,CNNUTSCWHP,NGDHS2013433053,2013,DHS,677,494,,,2
NGA,Ondo,1337692,Children overweight,2.3,1,NG,Nigeria,2013,NG2013DHS,CN_NUTS_C_WHP,104236060,I,433054,1433054,Region,..Ondo,0,,0,1,CNNUTSCWHP,NGDHS2013433054,2013,DHS,523,594,,,2
NGA,Osun,7760108,Children overweight,3,1,NG,Nigeria,2013,NG2013DHS,CN_NUTS_C_WHP,104236060,I,433055,1433055,Region,..Osun,0,,0,1,CNNUTSCWHP,NGDHS2013433055,2013,DHS,429,523,,,2
NGA,Oyo,6733437,Children overweight,0.9,1,NG,Nigeria,2013,NG2013DHS,CN_NUTS_C_WHP,104236060,I,433056,1433056,Region,..Oyo,0,,0,1,CNNUTSCWHP,NGDHS2013433056,2013,DHS,1059,625,,,2
NGA,South South,6888885,Children overweight,4.5,1,NG,Nigeria,2013,NG2013DHS,CN_NUTS_C_WHP,104236060,I,433010,1433060,Region,South South,0,,0,1,CNNUTSCWHP,NGDHS2013433010,2013,DHS,2619,3359,,,1
NGA,Akwa Ibom,4180759,Children overweight,2.7,1,NG,Nigeria,2013,NG2013DHS,CN_NUTS_C_WHP,104236060,I,433061,1433061,Region,..Akwa Ibom,0,,0,1,CNNUTSCWHP,NGDHS2013433061,2013,DHS,424,533,,,2
NGA,Bayelsa,4586815,Children overweight,3.2,1,NG,Nigeria,2013,NG2013DHS,CN_NUTS_C_WHP,104236060,I,433062,1433062,Region,..Bayelsa,0,,0,1,CNNUTSCWHP,NGDHS2013433062,2013,DHS,217,733,,,2
NGA,Cross River,6682099,Children overweight,1.1,1,NG,Nigeria,2013,NG2013DHS,CN_NUTS_C_WHP,104236060,I,433063,1433063,Region,..Cross River,0,,0,1,CNNUTSCWHP,NGDHS2013433063,2013,DHS,514,515,,,2
NGA,Delta,5661837,Children overweight,3.8,1,NG,Nigeria,2013,NG2013DHS,CN_NUTS_C_WHP,104236060,I,433064,1433064,Region,..Delta,0,,0,1,CNNUTSCWHP,NGDHS2013433064,2013,DHS,493,594,,,2
NGA,Edo,5710502,Children overweight,8.9,1,NG,Nigeria,2013,NG2013DHS,CN_NUTS_C_WHP,104236060,I,433065,1433065,Region,..Edo,0,,0,1,CNNUTSCWHP,NGDHS2013433065,2013,DHS,349,519,,,2
NGA,Rivers,1343215,Children overweight,7.1,1,NG,Nigeria,2013,NG2013DHS,CN_NUTS_C_WHP,104236060,I,433066,1433066,Region,..Rivers,0,,0,1,CNNUTSCWHP,NGDHS2013433066,2013,DHS,622,465,,,2
NGA,North Central,4681652,Mean weight for height of children,-0.4,1,NG,Nigeria,2013,NG2013DHS,CN_NUTS_C_WHM,104236070,I,433005,1433010,Region,North Central,0,,0,1,CNNUTSCWHM,NGDHS2013433005,2013,DHS,3764,4116,,,1
NGA,FCT Abuja,3408042,Mean weight for height of children,-0.4,1,NG,Nigeria,2013,NG2013DHS,CN_NUTS_C_WHM,104236070,I,433011,1433011,Region,..FCT Abuja,0,,0,1,CNNUTSCWHM,NGDHS2013433011,2013,DHS,184,456,,,2
NGA,Benue,4241794,Mean weight for height of children,-0.2,1,NG,Nigeria,2013,NG2013DHS,CN_NUTS_C_WHM,104236070,I,433012,1433012,Region,..Benue,0,,0,1,CNNUTSCWHM,NGDHS2013433012,2013,DHS,838,580,,,2
NGA,Kogi,7253481,Mean weight for height of children,-0.4,1,NG,Nigeria,2013,NG2013DHS,CN_NUTS_C_WHM,104236070,I,433013,1433013,Region,..Kogi,0,,0,1,CNNUTSCWHM,NGDHS2013433013,2013,DHS,362,441,,,2
NGA,Kwara,1331323,Mean weight for height of children,-0.2,1,NG,Nigeria,2013,NG2013DHS,CN_NUTS_C_WHM,104236070,I,433014,1433014,Region,..Kwara,0,,0,1,CNNUTSCWHM,NGDHS2013433014,2013,DHS,383,644,,,2
NGA,Nasarawa,5274146,Mean weight for height of children,-0.2,1,NG,Nigeria,2013,NG2013DHS,CN_NUTS_C_WHM,104236070,I,433015,1433015,Region,..Nasarawa,0,,0,1,CNNUTSCWHM,NGDHS2013433015,2013,DHS,398,579,,,2
NGA,Niger,1324342,Mean weight for height of children,-0.8,1,NG,Nigeria,2013,NG2013DHS,CN_NUTS_C_WHM,104236070,I,433016,1433016,Region,..Niger,0,,0,1,CNNUTSCWHM,NGDHS2013433016,2013,DHS,1183,821,,,2
NGA,Plateau,159378,Mean weight for height of children,-0.2,1,NG,Nigeria,2013,NG2013DHS,CN_NUTS_C_WHM,104236070,I,433017,1433017,Region,..Plateau,0,,0,1,CNNUTSCWHM,NGDHS2013433017,2013,DHS,416,595,,,2
NGA,North East,874327,Mean weight for height of children,-0.7,1,NG,Nigeria,2013,NG2013DHS,CN_NUTS_C_WHM,104236070,I,433006,1433020,Region,North East,0,,0,1,CNNUTSCWHM,NGDHS2013433006,2013,DHS,4286,5213,,,1
NGA,Adamawa,2839432,Mean weight for height of children,-0.6,1,NG,Nigeria,2013,NG2013DHS,CN_NUTS_C_WHM,104236070,I,433021,1433021,Region,..Adamawa,0,,0,1,CNNUTSCWHM,NGDHS2013433021,2013,DHS,645,882,,,2
NGA,Bauchi,4990950,Mean weight for height of children,-0.9,1,NG,Nigeria,2013,NG2013DHS,CN_NUTS_C_WHM,104236070,I,433022,1433022,Region,..Bauchi,0,,0,1,CNNUTSCWHM,NGDHS2013433022,2013,DHS,1024,1083,,,2
NGA,Borno,2601780,Mean weight for height of children,-1,1,NG,Nigeria,2013,NG2013DHS,CN_NUTS_C_WHM,104236070,I,433023,1433023,Region,..Borno,0,,0,1,CNNUTSCWHM,NGDHS2013433023,2013,DHS,760,416,,,2
NGA,Gombe,4675441,Mean weight for height of children,-0.6,1,NG,Nigeria,2013,NG2013DHS,CN_NUTS_C_WHM,104236070,I,433024,1433024,Region,..Gombe,0,,0,1,CNNUTSCWHM,NGDHS2013433024,2013,DHS,473,938,,,2
NGA,Taraba,6217185,Mean weight for height of children,-0.2,1,NG,Nigeria,2013,NG2013DHS,CN_NUTS_C_WHM,104236070,I,433025,1433025,Region,..Taraba,0,,0,1,CNNUTSCWHM,NGDHS2013433025,2013,DHS,675,1090,,,2
NGA,Yobe,5647535,Mean weight for height of children,-0.5,1,NG,Nigeria,2013,NG2013DHS,CN_NUTS_C_WHM,104236070,I,433026,1433026,Region,..Yobe,0,,0,1,CNNUTSCWHM,NGDHS2013433026,2013,DHS,709,804,,,2
NGA,North West,1331298,Mean weight for height of children,-0.9,1,NG,Nigeria,2013,NG2013DHS,CN_NUTS_C_WHM,104236070,I,433007,1433030,Region,North West,0,,0,1,CNNUTSCWHM,NGDHS2013433007,2013,DHS,9049,7530,,,1
NGA,Jigawa,4245213,Mean weight for height of children,-0.6,1,NG,Nigeria,2013,NG2013DHS,CN_NUTS_C_WHM,104236070,I,433031,1433031,Region,..Jigawa,0,,0,1,CNNUTSCWHM,NGDHS2013433031,2013,DHS,1147,1042,,,2
NGA,Kaduna,7251933,Mean weight for height of children,-1.4,1,NG,Nigeria,2013,NG2013DHS,CN_NUTS_C_WHM,104236070,I,433032,1433032,Region,..Kaduna,0,,0,1,CNNUTSCWHM,NGDHS2013433032,2013,DHS,1054,622,,,2
NGA,Kano,1337677,Mean weight for height of children,-1.6,1,NG,Nigeria,2013,NG2013DHS,CN_NUTS_C_WHM,104236070,I,433033,1433033,Region,..Kano,0,,0,1,CNNUTSCWHM,NGDHS2013433033,2013,DHS,2372,1647,,,2
NGA,Katsina,5552322,Mean weight for height of children,-0.8,1,NG,Nigeria,2013,NG2013DHS,CN_NUTS_C_WHM,104236070,I,433034,1433034,Region,..Katsina,0,,0,1,CNNUTSCWHM,NGDHS2013433034,2013,DHS,1358,1159,,,2
NGA,Kebbi,1331347,Mean weight for height of children,-0.3,1,NG,Nigeria,2013,NG2013DHS,CN_NUTS_C_WHM,104236070,I,433035,1433035,Region,..Kebbi,0,,0,1,CNNUTSCWHM,NGDHS2013433035,2013,DHS,889,844,,,2
NGA,Sokoto,7756225,Mean weight for height of children,-0.6,1,NG,Nigeria,2013,NG2013DHS,CN_NUTS_C_WHM,104236070,I,433036,1433036,Region,..Sokoto,0,,0,1,CNNUTSCWHM,NGDHS2013433036,2013,DHS,929,1087,,,2
NGA,Zamfara,6770519,Mean weight for height of children,-0.5,1,NG,Nigeria,2013,NG2013DHS,CN_NUTS_C_WHM,104236070,I,433037,1433037,Region,..Zamfara,0,,0,1,CNNUTSCWHM,NGDHS2013433037,2013,DHS,1301,1129,,,2
NGA,South East,5686435,Mean weight for height of children,-0.5,1,NG,Nigeria,2013,NG2013DHS,CN_NUTS_C_WHM,104236070,I,433008,1433040,Region,South East,0,,0,1,CNNUTSCWHM,NGDHS2013433008,2013,DHS,2455,2513,,,1
NGA,Abia,4983383,Mean weight for height of children,-0.6,1,NG,Nigeria,2013,NG2013DHS,CN_NUTS_C_WHM,104236070,I,433041,1433041,Region,..Abia,0,,0,1,CNNUTSCWHM,NGDHS2013433041,2013,DHS,299,464,,,2
NGA,Anambra,4173885,Mean weight for height of children,-0.4,1,NG,Nigeria,2013,NG2013DHS,CN_NUTS_C_WHM,104236070,I,433042,1433042,Region,..Anambra,0,,0,1,CNNUTSCWHM,NGDHS2013433042,2013,DHS,498,420,,,2
NGA,Ebonyi,4580131,Mean weight for height of children,-0.5,1,NG,Nigeria,2013,NG2013DHS,CN_NUTS_C_WHM,104236070,I,433043,1433043,Region,..Ebonyi,0,,0,1,CNNUTSCWHM,NGDHS2013433043,2013,DHS,671,645,,,2
NGA,Enugu,7888951,Mean weight for height of children,-0.4,1,NG,Nigeria,2013,NG2013DHS,CN_NUTS_C_WHM,104236070,I,433044,1433044,Region,..Enugu,0,,0,1,CNNUTSCWHM,NGDHS2013433044,2013,DHS,495,547,,,2
NGA,Imo,5654896,Mean weight for height of children,-0.6,1,NG,Nigeria,2013,NG2013DHS,CN_NUTS_C_WHM,104236070,I,433045,1433045,Region,..Imo,0,,0,1,CNNUTSCWHM,NGDHS2013433045,2013,DHS,493,437,,,2
NGA,South West,1331308,Mean weight for height of children,-0.5,1,NG,Nigeria,2013,NG2013DHS,CN_NUTS_C_WHM,104236070,I,433009,1433050,Region,South West,0,,0,1,CNNUTSCWHM,NGDHS2013433009,2013,DHS,4016,3575,,,1
NGA,Ekiti,876246,Mean weight for height of children,-0.3,1,NG,Nigeria,2013,NG2013DHS,CN_NUTS_C_WHM,104236070,I,433051,1433051,Region,..Ekiti,0,,0,1,CNNUTSCWHM,NGDHS2013433051,2013,DHS,188,493,,,2
NGA,Lagos,1337730,Mean weight for height of children,-0.6,1,NG,Nigeria,2013,NG2013DHS,CN_NUTS_C_WHM,104236070,I,433052,1433052,Region,..Lagos,0,,0,1,CNNUTSCWHM,NGDHS2013433052,2013,DHS,1141,846,,,2
NGA,Ogun,5525448,Mean weight for height of children,-0.6,1,NG,Nigeria,2013,NG2013DHS,CN_NUTS_C_WHM,104236070,I,433053,1433053,Region,..Ogun,0,,0,1,CNNUTSCWHM,NGDHS2013433053,2013,DHS,677,494,,,2
NGA,Ondo,1337694,Mean weight for height of children,-0.4,1,NG,Nigeria,2013,NG2013DHS,CN_NUTS_C_WHM,104236070,I,433054,1433054,Region,..Ondo,0,,0,1,CNNUTSCWHM,NGDHS2013433054,2013,DHS,523,594,,,2
NGA,Osun,7760109,Mean weight for height of children,-0.4,1,NG,Nigeria,2013,NG2013DHS,CN_NUTS_C_WHM,104236070,I,433055,1433055,Region,..Osun,0,,0,1,CNNUTSCWHM,NGDHS2013433055,2013,DHS,429,523,,,2
NGA,Oyo,6733438,Mean weight for height of children,-0.5,1,NG,Nigeria,2013,NG2013DHS,CN_NUTS_C_WHM,104236070,I,433056,1433056,Region,..Oyo,0,,0,1,CNNUTSCWHM,NGDHS2013433056,2013,DHS,1059,625,,,2
NGA,South South,6888882,Mean weight for height of children,-0.4,1,NG,Nigeria,2013,NG2013DHS,CN_NUTS_C_WHM,104236070,I,433010,1433060,Region,South South,0,,0,1,CNNUTSCWHM,NGDHS2013433010,2013,DHS,2619,3359,,,1
NGA,Akwa Ibom,4180787,Mean weight for height of children,-0.5,1,NG,Nigeria,2013,NG2013DHS,CN_NUTS_C_WHM,104236070,I,433061,1433061,Region,..Akwa Ibom,0,,0,1,CNNUTSCWHM,NGDHS2013433061,2013,DHS,424,533,,,2
NGA,Bayelsa,4586816,Mean weight for height of children,-0.2,1,NG,Nigeria,2013,NG2013DHS,CN_NUTS_C_WHM,104236070,I,433062,1433062,Region,..Bayelsa,0,,0,1,CNNUTSCWHM,NGDHS2013433062,2013,DHS,217,733,,,2
NGA,Cross River,6682100,Mean weight for height of children,-0.5,1,NG,Nigeria,2013,NG2013DHS,CN_NUTS_C_WHM,104236070,I,433063,1433063,Region,..Cross River,0,,0,1,CNNUTSCWHM,NGDHS2013433063,2013,DHS,514,515,,,2
NGA,Delta,5662015,Mean weight for height of children,-0.6,1,NG,Nigeria,2013,NG2013DHS,CN_NUTS_C_WHM,104236070,I,433064,1433064,Region,..Delta,0,,0,1,CNNUTSCWHM,NGDHS2013433064,2013,DHS,493,594,,,2
NGA,Edo,5710503,Mean weight for height of children,-0.2,1,NG,Nigeria,2013,NG2013DHS,CN_NUTS_C_WHM,104236070,I,433065,1433065,Region,..Edo,0,,0,1,CNNUTSCWHM,NGDHS2013433065,2013,DHS,349,519,,,2
NGA,Rivers,1343219,Mean weight for height of children,-0.4,1,NG,Nigeria,2013,NG2013DHS,CN_NUTS_C_WHM,104236070,I,433066,1433066,Region,..Rivers,0,,0,1,CNNUTSCWHM,NGDHS2013433066,2013,DHS,622,465,,,2
NGA,North Central,4806193,Children severely underweight,6.1,1,NG,Nigeria,2013,NG2013DHS,CN_NUTS_C_WA3,104236080,I,433005,1433010,Region,North Central,0,,0,1,CNNUTSCWA3,NGDHS2013433005,2013,DHS,3764,4116,,,1
NGA,FCT Abuja,3686426,Children severely underweight,3.4,1,NG,Nigeria,2013,NG2013DHS,CN_NUTS_C_WA3,104236080,I,433011,1433011,Region,..FCT Abuja,0,,0,1,CNNUTSCWA3,NGDHS2013433011,2013,DHS,184,456,,,2
NGA,Benue,4672927,Children severely underweight,3.5,1,NG,Nigeria,2013,NG2013DHS,CN_NUTS_C_WA3,104236080,I,433012,1433012,Region,..Benue,0,,0,1,CNNUTSCWA3,NGDHS2013433012,2013,DHS,838,580,,,2
NGA,Kogi,3486700,Children severely underweight,2.9,1,NG,Nigeria,2013,NG2013DHS,CN_NUTS_C_WA3,104236080,I,433013,1433013,Region,..Kogi,0,,0,1,CNNUTSCWA3,NGDHS2013433013,2013,DHS,362,441,,,2
NGA,Kwara,4561584,Children severely underweight,3.3,1,NG,Nigeria,2013,NG2013DHS,CN_NUTS_C_WA3,104236080,I,433014,1433014,Region,..Kwara,0,,0,1,CNNUTSCWA3,NGDHS2013433014,2013,DHS,383,644,,,2
NGA,Nasarawa,5883315,Children severely underweight,5.7,1,NG,Nigeria,2013,NG2013DHS,CN_NUTS_C_WA3,104236080,I,433015,1433015,Region,..Nasarawa,0,,0,1,CNNUTSCWA3,NGDHS2013433015,2013,DHS,398,579,,,2
NGA,Niger,1324357,Children severely underweight,10.6,1,NG,Nigeria,2013,NG2013DHS,CN_NUTS_C_WA3,104236080,I,433016,1433016,Region,..Niger,0,,0,1,CNNUTSCWA3,NGDHS2013433016,2013,DHS,1183,821,,,2
NGA,Plateau,5344852,Children severely underweight,5.5,1,NG,Nigeria,2013,NG2013DHS,CN_NUTS_C_WA3,104236080,I,433017,1433017,Region,..Plateau,0,,0,1,CNNUTSCWA3,NGDHS2013433017,2013,DHS,416,595,,,2
NGA,North East,873807,Children severely underweight,11.1,1,NG,Nigeria,2013,NG2013DHS,CN_NUTS_C_WA3,104236080,I,433006,1433020,Region,North East,0,,0,1,CNNUTSCWA3,NGDHS2013433006,2013,DHS,4286,5213,,,1
NGA,Adamawa,1337649,Children severely underweight,7.8,1,NG,Nigeria,2013,NG2013DHS,CN_NUTS_C_WA3,104236080,I,433021,1433021,Region,..Adamawa,0,,0,1,CNNUTSCWA3,NGDHS2013433021,2013,DHS,645,882,,,2
NGA,Bauchi,7173926,Children severely underweight,15.9,1,NG,Nigeria,2013,NG2013DHS,CN_NUTS_C_WA3,104236080,I,433022,1433022,Region,..Bauchi,0,,0,1,CNNUTSCWA3,NGDHS2013433022,2013,DHS,1024,1083,,,2
NGA,Borno,2977641,Children severely underweight,7.6,1,NG,Nigeria,2013,NG2013DHS,CN_NUTS_C_WA3,104236080,I,433023,1433023,Region,..Borno,0,,0,1,CNNUTSCWA3,NGDHS2013433023,2013,DHS,760,416,,,2
NGA,Gombe,122108,Children severely underweight,11.9,1,NG,Nigeria,2013,NG2013DHS,CN_NUTS_C_WA3,104236080,I,433024,1433024,Region,..Gombe,0,,0,1,CNNUTSCWA3,NGDHS2013433024,2013,DHS,473,938,,,2
NGA,Taraba,2593971,Children severely underweight,6.8,1,NG,Nigeria,2013,NG2013DHS,CN_NUTS_C_WA3,104236080,I,433025,1433025,Region,..Taraba,0,,0,1,CNNUTSCWA3,NGDHS2013433025,2013,DHS,675,1090,,,2
NGA,Yobe,4700185,Children severely underweight,14.6,1,NG,Nigeria,2013,NG2013DHS,CN_NUTS_C_WA3,104236080,I,433026,1433026,Region,..Yobe,0,,0,1,CNNUTSCWA3,NGDHS2013433026,2013,DHS,709,804,,,2
NGA,North West,1331312,Children severely underweight,22.6,1,NG,Nigeria,2013,NG2013DHS,CN_NUTS_C_WA3,104236080,I,433007,1433030,Region,North West,0,,0,1,CNNUTSCWA3,NGDHS2013433007,2013,DHS,9049,7530,,,1
NGA,Jigawa,4664938,Children severely underweight,18.3,1,NG,Nigeria,2013,NG2013DHS,CN_NUTS_C_WA3,104236080,I,433031,1433031,Region,..Jigawa,0,,0,1,CNNUTSCWA3,NGDHS2013433031,2013,DHS,1147,1042,,,2
NGA,Kaduna,3461480,Children severely underweight,36.9,1,NG,Nigeria,2013,NG2013DHS,CN_NUTS_C_WA3,104236080,I,433032,1433032,Region,..Kaduna,0,,0,1,CNNUTSCWA3,NGDHS2013433032,2013,DHS,1054,622,,,2
NGA,Kano,4537123,Children severely underweight,29,1,NG,Nigeria,2013,NG2013DHS,CN_NUTS_C_WA3,104236080,I,433033,1433033,Region,..Kano,0,,0,1,CNNUTSCWA3,NGDHS2013433033,2013,DHS,2372,1647,,,2
NGA,Katsina,5897381,Children severely underweight,20.8,1,NG,Nigeria,2013,NG2013DHS,CN_NUTS_C_WA3,104236080,I,433034,1433034,Region,..Katsina,0,,0,1,CNNUTSCWA3,NGDHS2013433034,2013,DHS,1358,1159,,,2
NGA,Kebbi,1331338,Children severely underweight,17.5,1,NG,Nigeria,2013,NG2013DHS,CN_NUTS_C_WA3,104236080,I,433035,1433035,Region,..Kebbi,0,,0,1,CNNUTSCWA3,NGDHS2013433035,2013,DHS,889,844,,,2
NGA,Sokoto,7757423,Children severely underweight,12.3,1,NG,Nigeria,2013,NG2013DHS,CN_NUTS_C_WA3,104236080,I,433036,1433036,Region,..Sokoto,0,,0,1,CNNUTSCWA3,NGDHS2013433036,2013,DHS,929,1087,,,2
NGA,Zamfara,2695135,Children severely underweight,15.7,1,NG,Nigeria,2013,NG2013DHS,CN_NUTS_C_WA3,104236080,I,433037,1433037,Region,..Zamfara,0,,0,1,CNNUTSCWA3,NGDHS2013433037,2013,DHS,1301,1129,,,2
NGA,South East,6571869,Children severely underweight,2.5,1,NG,Nigeria,2013,NG2013DHS,CN_NUTS_C_WA3,104236080,I,433008,1433040,Region,South East,0,,0,1,CNNUTSCWA3,NGDHS2013433008,2013,DHS,2455,2513,,,1
NGA,Abia,5757977,Children severely underweight,2.3,1,NG,Nigeria,2013,NG2013DHS,CN_NUTS_C_WA3,104236080,I,433041,1433041,Region,..Abia,0,,0,1,CNNUTSCWA3,NGDHS2013433041,2013,DHS,299,464,,,2
NGA,Anambra,2753295,Children severely underweight,4,1,NG,Nigeria,2013,NG2013DHS,CN_NUTS_C_WA3,104236080,I,433042,1433042,Region,..Anambra,0,,0,1,CNNUTSCWA3,NGDHS2013433042,2013,DHS,498,420,,,2
NGA,Ebonyi,114129,Children severely underweight,3,1,NG,Nigeria,2013,NG2013DHS,CN_NUTS_C_WA3,104236080,I,433043,1433043,Region,..Ebonyi,0,,0,1,CNNUTSCWA3,NGDHS2013433043,2013,DHS,671,645,,,2
NGA,Enugu,7890733,Children severely underweight,1.1,1,NG,Nigeria,2013,NG2013DHS,CN_NUTS_C_WA3,104236080,I,433044,1433044,Region,..Enugu,0,,0,1,CNNUTSCWA3,NGDHS2013433044,2013,DHS,495,547,,,2
NGA,Imo,6733131,Children severely underweight,2,1,NG,Nigeria,2013,NG2013DHS,CN_NUTS_C_WA3,104236080,I,433045,1433045,Region,..Imo,0,,0,1,CNNUTSCWA3,NGDHS2013433045,2013,DHS,493,437,,,2
NGA,South West,1331336,Children severely underweight,3.8,1,NG,Nigeria,2013,NG2013DHS,CN_NUTS_C_WA3,104236080,I,433009,1433050,Region,South West,0,,0,1,CNNUTSCWA3,NGDHS2013433009,2013,DHS,4016,3575,,,1
NGA,Ekiti,877669,Children severely underweight,2.9,1,NG,Nigeria,2013,NG2013DHS,CN_NUTS_C_WA3,104236080,I,433051,1433051,Region,..Ekiti,0,,0,1,CNNUTSCWA3,NGDHS2013433051,2013,DHS,188,493,,,2
NGA,Lagos,4481147,Children severely underweight,3,1,NG,Nigeria,2013,NG2013DHS,CN_NUTS_C_WA3,104236080,I,433052,1433052,Region,..Lagos,0,,0,1,CNNUTSCWA3,NGDHS2013433052,2013,DHS,1141,846,,,2
NGA,Ogun,6211757,Children severely underweight,4.5,1,NG,Nigeria,2013,NG2013DHS,CN_NUTS_C_WA3,104236080,I,433053,1433053,Region,..Ogun,0,,0,1,CNNUTSCWA3,NGDHS2013433053,2013,DHS,677,494,,,2
NGA,Ondo,1337665,Children severely underweight,2.9,1,NG,Nigeria,2013,NG2013DHS,CN_NUTS_C_WA3,104236080,I,433054,1433054,Region,..Ondo,0,,0,1,CNNUTSCWA3,NGDHS2013433054,2013,DHS,523,594,,,2
NGA,Osun,7760531,Children severely underweight,2.2,1,NG,Nigeria,2013,NG2013DHS,CN_NUTS_C_WA3,104236080,I,433055,1433055,Region,..Osun,0,,0,1,CNNUTSCWA3,NGDHS2013433055,2013,DHS,429,523,,,2
NGA,Oyo,1324374,Children severely underweight,5.4,1,NG,Nigeria,2013,NG2013DHS,CN_NUTS_C_WA3,104236080,I,433056,1433056,Region,..Oyo,0,,0,1,CNNUTSCWA3,NGDHS2013433056,2013,DHS,1059,625,,,2
NGA,South South,5511115,Children severely underweight,3.4,1,NG,Nigeria,2013,NG2013DHS,CN_NUTS_C_WA3,104236080,I,433010,1433060,Region,South South,0,,0,1,CNNUTSCWA3,NGDHS2013433010,2013,DHS,2619,3359,,,1
NGA,Akwa Ibom,4982972,Children severely underweight,4.5,1,NG,Nigeria,2013,NG2013DHS,CN_NUTS_C_WA3,104236080,I,433061,1433061,Region,..Akwa Ibom,0,,0,1,CNNUTSCWA3,NGDHS2013433061,2013,DHS,424,533,,,2
NGA,Bayelsa,460369,Children severely underweight,1.4,1,NG,Nigeria,2013,NG2013DHS,CN_NUTS_C_WA3,104236080,I,433062,1433062,Region,..Bayelsa,0,,0,1,CNNUTSCWA3,NGDHS2013433062,2013,DHS,217,733,,,2
NGA,Cross River,2579794,Children severely underweight,3.9,1,NG,Nigeria,2013,NG2013DHS,CN_NUTS_C_WA3,104236080,I,433063,1433063,Region,..Cross River,0,,0,1,CNNUTSCWA3,NGDHS2013433063,2013,DHS,514,515,,,2
NGA,Delta,6746756,Children severely underweight,4.3,1,NG,Nigeria,2013,NG2013DHS,CN_NUTS_C_WA3,104236080,I,433064,1433064,Region,..Delta,0,,0,1,CNNUTSCWA3,NGDHS2013433064,2013,DHS,493,594,,,2
NGA,Edo,6288680,Children severely underweight,3.1,1,NG,Nigeria,2013,NG2013DHS,CN_NUTS_C_WA3,104236080,I,433065,1433065,Region,..Edo,0,,0,1,CNNUTSCWA3,NGDHS2013433065,2013,DHS,349,519,,,2
NGA,Rivers,1343243,Children severely underweight,2.4,1,NG,Nigeria,2013,NG2013DHS,CN_NUTS_C_WA3,104236080,I,433066,1433066,Region,..Rivers,0,,0,1,CNNUTSCWA3,NGDHS2013433066,2013,DHS,622,465,,,2
NGA,North Central,4806191,Children underweight,18.5,1,NG,Nigeria,2013,NG2013DHS,CN_NUTS_C_WA2,104236090,I,433005,1433010,Region,North Central,0,,0,1,CNNUTSCWA2,NGDHS2013433005,2013,DHS,3764,4116,,,1
NGA,FCT Abuja,3686424,Children underweight,12.6,1,NG,Nigeria,2013,NG2013DHS,CN_NUTS_C_WA2,104236090,I,433011,1433011,Region,..FCT Abuja,0,,0,1,CNNUTSCWA2,NGDHS2013433011,2013,DHS,184,456,,,2
NGA,Benue,4672925,Children underweight,11.3,1,NG,Nigeria,2013,NG2013DHS,CN_NUTS_C_WA2,104236090,I,433012,1433012,Region,..Benue,0,,0,1,CNNUTSCWA2,NGDHS2013433012,2013,DHS,838,580,,,2
NGA,Kogi,3486699,Children underweight,14.6,1,NG,Nigeria,2013,NG2013DHS,CN_NUTS_C_WA2,104236090,I,433013,1433013,Region,..Kogi,0,,0,1,CNNUTSCWA2,NGDHS2013433013,2013,DHS,362,441,,,2
NGA,Kwara,4561582,Children underweight,13.8,1,NG,Nigeria,2013,NG2013DHS,CN_NUTS_C_WA2,104236090,I,433014,1433014,Region,..Kwara,0,,0,1,CNNUTSCWA2,NGDHS2013433014,2013,DHS,383,644,,,2
NGA,Nasarawa,5883314,Children underweight,20.9,1,NG,Nigeria,2013,NG2013DHS,CN_NUTS_C_WA2,104236090,I,433015,1433015,Region,..Nasarawa,0,,0,1,CNNUTSCWA2,NGDHS2013433015,2013,DHS,398,579,,,2
NGA,Niger,1324346,Children underweight,26,1,NG,Nigeria,2013,NG2013DHS,CN_NUTS_C_WA2,104236090,I,433016,1433016,Region,..Niger,0,,0,1,CNNUTSCWA2,NGDHS2013433016,2013,DHS,1183,821,,,2
NGA,Plateau,5344851,Children underweight,19.9,1,NG,Nigeria,2013,NG2013DHS,CN_NUTS_C_WA2,104236090,I,433017,1433017,Region,..Plateau,0,,0,1,CNNUTSCWA2,NGDHS2013433017,2013,DHS,416,595,,,2
NGA,North East,873805,Children underweight,30.8,1,NG,Nigeria,2013,NG2013DHS,CN_NUTS_C_WA2,104236090,I,433006,1433020,Region,North East,0,,0,1,CNNUTSCWA2,NGDHS2013433006,2013,DHS,4286,5213,,,1
NGA,Adamawa,1337646,Children underweight,23.1,1,NG,Nigeria,2013,NG2013DHS,CN_NUTS_C_WA2,104236090,I,433021,1433021,Region,..Adamawa,0,,0,1,CNNUTSCWA2,NGDHS2013433021,2013,DHS,645,882,,,2
NGA,Bauchi,7173925,Children underweight,40.6,1,NG,Nigeria,2013,NG2013DHS,CN_NUTS_C_WA2,104236090,I,433022,1433022,Region,..Bauchi,0,,0,1,CNNUTSCWA2,NGDHS2013433022,2013,DHS,1024,1083,,,2
NGA,Borno,2977640,Children underweight,23.3,1,NG,Nigeria,2013,NG2013DHS,CN_NUTS_C_WA2,104236090,I,433023,1433023,Region,..Borno,0,,0,1,CNNUTSCWA2,NGDHS2013433023,2013,DHS,760,416,,,2
NGA,Gombe,122107,Children underweight,32,1,NG,Nigeria,2013,NG2013DHS,CN_NUTS_C_WA2,104236090,I,433024,1433024,Region,..Gombe,0,,0,1,CNNUTSCWA2,NGDHS2013433024,2013,DHS,473,938,,,2
NGA,Taraba,2593970,Children underweight,24.5,1,NG,Nigeria,2013,NG2013DHS,CN_NUTS_C_WA2,104236090,I,433025,1433025,Region,..Taraba,0,,0,1,CNNUTSCWA2,NGDHS2013433025,2013,DHS,675,1090,,,2
NGA,Yobe,4700184,Children underweight,36.6,1,NG,Nigeria,2013,NG2013DHS,CN_NUTS_C_WA2,104236090,I,433026,1433026,Region,..Yobe,0,,0,1,CNNUTSCWA2,NGDHS2013433026,2013,DHS,709,804,,,2
NGA,North West,1331299,Children underweight,47.4,1,NG,Nigeria,2013,NG2013DHS,CN_NUTS_C_WA2,104236090,I,433007,1433030,Region,North West,0,,0,1,CNNUTSCWA2,NGDHS2013433007,2013,DHS,9049,7530,,,1
NGA,Jigawa,4664997,Children underweight,44.1,1,NG,Nigeria,2013,NG2013DHS,CN_NUTS_C_WA2,104236090,I,433031,1433031,Region,..Jigawa,0,,0,1,CNNUTSCWA2,NGDHS2013433031,2013,DHS,1147,1042,,,2
NGA,Kaduna,3461479,Children underweight,57.6,1,NG,Nigeria,2013,NG2013DHS,CN_NUTS_C_WA2,104236090,I,433032,1433032,Region,..Kaduna,0,,0,1,CNNUTSCWA2,NGDHS2013433032,2013,DHS,1054,622,,,2
NGA,Kano,4537122,Children underweight,58,1,NG,Nigeria,2013,NG2013DHS,CN_NUTS_C_WA2,104236090,I,433033,1433033,Region,..Kano,0,,0,1,CNNUTSCWA2,NGDHS2013433033,2013,DHS,2372,1647,,,2
NGA,Katsina,5897286,Children underweight,46,1,NG,Nigeria,2013,NG2013DHS,CN_NUTS_C_WA2,104236090,I,433034,1433034,Region,..Katsina,0,,0,1,CNNUTSCWA2,NGDHS2013433034,2013,DHS,1358,1159,,,2
NGA,Kebbi,1331339,Children underweight,39,1,NG,Nigeria,2013,NG2013DHS,CN_NUTS_C_WA2,104236090,I,433035,1433035,Region,..Kebbi,0,,0,1,CNNUTSCWA2,NGDHS2013433035,2013,DHS,889,844,,,2
NGA,Sokoto,7757425,Children underweight,37.7,1,NG,Nigeria,2013,NG2013DHS,CN_NUTS_C_WA2,104236090,I,433036,1433036,Region,..Sokoto,0,,0,1,CNNUTSCWA2,NGDHS2013433036,2013,DHS,929,1087,,,2
NGA,Zamfara,2695134,Children underweight,37,1,NG,Nigeria,2013,NG2013DHS,CN_NUTS_C_WA2,104236090,I,433037,1433037,Region,..Zamfara,0,,0,1,CNNUTSCWA2,NGDHS2013433037,2013,DHS,1301,1129,,,2
NGA,South East,6571868,Children underweight,11.4,1,NG,Nigeria,2013,NG2013DHS,CN_NUTS_C_WA2,104236090,I,433008,1433040,Region,South East,0,,0,1,CNNUTSCWA2,NGDHS2013433008,2013,DHS,2455,2513,,,1
NGA,Abia,5757976,Children underweight,11.6,1,NG,Nigeria,2013,NG2013DHS,CN_NUTS_C_WA2,104236090,I,433041,1433041,Region,..Abia,0,,0,1,CNNUTSCWA2,NGDHS2013433041,2013,DHS,299,464,,,2
NGA,Anambra,2753210,Children underweight,14.1,1,NG,Nigeria,2013,NG2013DHS,CN_NUTS_C_WA2,104236090,I,433042,1433042,Region,..Anambra,0,,0,1,CNNUTSCWA2,NGDHS2013433042,2013,DHS,498,420,,,2
NGA,Ebonyi,114128,Children underweight,12.4,1,NG,Nigeria,2013,NG2013DHS,CN_NUTS_C_WA2,104236090,I,433043,1433043,Region,..Ebonyi,0,,0,1,CNNUTSCWA2,NGDHS2013433043,2013,DHS,671,645,,,2
NGA,Enugu,7890732,Children underweight,7.1,1,NG,Nigeria,2013,NG2013DHS,CN_NUTS_C_WA2,104236090,I,433044,1433044,Region,..Enugu,0,,0,1,CNNUTSCWA2,NGDHS2013433044,2013,DHS,495,547,,,2
NGA,Imo,6733130,Children underweight,11.6,1,NG,Nigeria,2013,NG2013DHS,CN_NUTS_C_WA2,104236090,I,433045,1433045,Region,..Imo,0,,0,1,CNNUTSCWA2,NGDHS2013433045,2013,DHS,493,437,,,2
NGA,South West,1331306,Children underweight,14.9,1,NG,Nigeria,2013,NG2013DHS,CN_NUTS_C_WA2,104236090,I,433009,1433050,Region,South West,0,,0,1,CNNUTSCWA2,NGDHS2013433009,2013,DHS,4016,3575,,,1
NGA,Ekiti,877667,Children underweight,10.4,1,NG,Nigeria,2013,NG2013DHS,CN_NUTS_C_WA2,104236090,I,433051,1433051,Region,..Ekiti,0,,0,1,CNNUTSCWA2,NGDHS2013433051,2013,DHS,188,493,,,2
NGA,Lagos,4481145,Children underweight,12.9,1,NG,Nigeria,2013,NG2013DHS,CN_NUTS_C_WA2,104236090,I,433052,1433052,Region,..Lagos,0,,0,1,CNNUTSCWA2,NGDHS2013433052,2013,DHS,1141,846,,,2
NGA,Ogun,6211755,Children underweight,18.3,1,NG,Nigeria,2013,NG2013DHS,CN_NUTS_C_WA2,104236090,I,433053,1433053,Region,..Ogun,0,,0,1,CNNUTSCWA2,NGDHS2013433053,2013,DHS,677,494,,,2
NGA,Ondo,1337700,Children underweight,13.4,1,NG,Nigeria,2013,NG2013DHS,CN_NUTS_C_WA2,104236090,I,433054,1433054,Region,..Ondo,0,,0,1,CNNUTSCWA2,NGDHS2013433054,2013,DHS,523,594,,,2
NGA,Osun,7760530,Children underweight,11.5,1,NG,Nigeria,2013,NG2013DHS,CN_NUTS_C_WA2,104236090,I,433055,1433055,Region,..Osun,0,,0,1,CNNUTSCWA2,NGDHS2013433055,2013,DHS,429,523,,,2
NGA,Oyo,1324372,Children underweight,17.7,1,NG,Nigeria,2013,NG2013DHS,CN_NUTS_C_WA2,104236090,I,433056,1433056,Region,..Oyo,0,,0,1,CNNUTSCWA2,NGDHS2013433056,2013,DHS,1059,625,,,2
NGA,South South,5511113,Children underweight,12.8,1,NG,Nigeria,2013,NG2013DHS,CN_NUTS_C_WA2,104236090,I,433010,1433060,Region,South South,0,,0,1,CNNUTSCWA2,NGDHS2013433010,2013,DHS,2619,3359,,,1
NGA,Akwa Ibom,4982971,Children underweight,15.1,1,NG,Nigeria,2013,NG2013DHS,CN_NUTS_C_WA2,104236090,I,433061,1433061,Region,..Akwa Ibom,0,,0,1,CNNUTSCWA2,NGDHS2013433061,2013,DHS,424,533,,,2
NGA,Bayelsa,460371,Children underweight,10,1,NG,Nigeria,2013,NG2013DHS,CN_NUTS_C_WA2,104236090,I,433062,1433062,Region,..Bayelsa,0,,0,1,CNNUTSCWA2,NGDHS2013433062,2013,DHS,217,733,,,2
NGA,Cross River,2579792,Children underweight,14.8,1,NG,Nigeria,2013,NG2013DHS,CN_NUTS_C_WA2,104236090,I,433063,1433063,Region,..Cross River,0,,0,1,CNNUTSCWA2,NGDHS2013433063,2013,DHS,514,515,,,2
NGA,Delta,6746758,Children underweight,15.4,1,NG,Nigeria,2013,NG2013DHS,CN_NUTS_C_WA2,104236090,I,433064,1433064,Region,..Delta,0,,0,1,CNNUTSCWA2,NGDHS2013433064,2013,DHS,493,594,,,2
NGA,Edo,6288678,Children underweight,7.6,1,NG,Nigeria,2013,NG2013DHS,CN_NUTS_C_WA2,104236090,I,433065,1433065,Region,..Edo,0,,0,1,CNNUTSCWA2,NGDHS2013433065,2013,DHS,349,519,,,2
NGA,Rivers,1343230,Children underweight,11.4,1,NG,Nigeria,2013,NG2013DHS,CN_NUTS_C_WA2,104236090,I,433066,1433066,Region,..Rivers,0,,0,1,CNNUTSCWA2,NGDHS2013433066,2013,DHS,622,465,,,2
NGA,North Central,4806194,Children overweight for their age,1.3,1,NG,Nigeria,2013,NG2013DHS,CN_NUTS_C_WAP,104236100,I,433005,1433010,Region,North Central,0,,0,1,CNNUTSCWAP,NGDHS2013433005,2013,DHS,3764,4116,,,1
NGA,FCT Abuja,3686427,Children overweight for their age,2.3,1,NG,Nigeria,2013,NG2013DHS,CN_NUTS_C_WAP,104236100,I,433011,1433011,Region,..FCT Abuja,0,,0,1,CNNUTSCWAP,NGDHS2013433011,2013,DHS,184,456,,,2
NGA,Benue,4672928,Children overweight for their age,0.8,1,NG,Nigeria,2013,NG2013DHS,CN_NUTS_C_WAP,104236100,I,433012,1433012,Region,..Benue,0,,0,1,CNNUTSCWAP,NGDHS2013433012,2013,DHS,838,580,,,2
NGA,Kogi,3486701,Children overweight for their age,1.3,1,NG,Nigeria,2013,NG2013DHS,CN_NUTS_C_WAP,104236100,I,433013,1433013,Region,..Kogi,0,,0,1,CNNUTSCWAP,NGDHS2013433013,2013,DHS,362,441,,,2
NGA,Kwara,4561585,Children overweight for their age,1.1,1,NG,Nigeria,2013,NG2013DHS,CN_NUTS_C_WAP,104236100,I,433014,1433014,Region,..Kwara,0,,0,1,CNNUTSCWAP,NGDHS2013433014,2013,DHS,383,644,,,2
NGA,Nasarawa,5883326,Children overweight for their age,1.4,1,NG,Nigeria,2013,NG2013DHS,CN_NUTS_C_WAP,104236100,I,433015,1433015,Region,..Nasarawa,0,,0,1,CNNUTSCWAP,NGDHS2013433015,2013,DHS,398,579,,,2
NGA,Niger,1324358,Children overweight for their age,1.4,1,NG,Nigeria,2013,NG2013DHS,CN_NUTS_C_WAP,104236100,I,433016,1433016,Region,..Niger,0,,0,1,CNNUTSCWAP,NGDHS2013433016,2013,DHS,1183,821,,,2
NGA,Plateau,5344853,Children overweight for their age,1.8,1,NG,Nigeria,2013,NG2013DHS,CN_NUTS_C_WAP,104236100,I,433017,1433017,Region,..Plateau,0,,0,1,CNNUTSCWAP,NGDHS2013433017,2013,DHS,416,595,,,2
NGA,North East,873808,Children overweight for their age,1.3,1,NG,Nigeria,2013,NG2013DHS,CN_NUTS_C_WAP,104236100,I,433006,1433020,Region,North East,0,,0,1,CNNUTSCWAP,NGDHS2013433006,2013,DHS,4286,5213,,,1
NGA,Adamawa,1337650,Children overweight for their age,0.3,1,NG,Nigeria,2013,NG2013DHS,CN_NUTS_C_WAP,104236100,I,433021,1433021,Region,..Adamawa,0,,0,1,CNNUTSCWAP,NGDHS2013433021,2013,DHS,645,882,,,2
NGA,Bauchi,7173927,Children overweight for their age,0.2,1,NG,Nigeria,2013,NG2013DHS,CN_NUTS_C_WAP,104236100,I,433022,1433022,Region,..Bauchi,0,,0,1,CNNUTSCWAP,NGDHS2013433022,2013,DHS,1024,1083,,,2
NGA,Borno,2977642,Children overweight for their age,2.9,1,NG,Nigeria,2013,NG2013DHS,CN_NUTS_C_WAP,104236100,I,433023,1433023,Region,..Borno,0,,0,1,CNNUTSCWAP,NGDHS2013433023,2013,DHS,760,416,,,2
NGA,Gombe,122109,Children overweight for their age,0.6,1,NG,Nigeria,2013,NG2013DHS,CN_NUTS_C_WAP,104236100,I,433024,1433024,Region,..Gombe,0,,0,1,CNNUTSCWAP,NGDHS2013433024,2013,DHS,473,938,,,2
NGA,Taraba,2593972,Children overweight for their age,1.1,1,NG,Nigeria,2013,NG2013DHS,CN_NUTS_C_WAP,104236100,I,433025,1433025,Region,..Taraba,0,,0,1,CNNUTSCWAP,NGDHS2013433025,2013,DHS,675,1090,,,2
NGA,Yobe,4700186,Children overweight for their age,2.6,1,NG,Nigeria,2013,NG2013DHS,CN_NUTS_C_WAP,104236100,I,433026,1433026,Region,..Yobe,0,,0,1,CNNUTSCWAP,NGDHS2013433026,2013,DHS,709,804,,,2
NGA,North West,1331313,Children overweight for their age,0.5,1,NG,Nigeria,2013,NG2013DHS,CN_NUTS_C_WAP,104236100,I,433007,1433030,Region,North West,0,,0,1,CNNUTSCWAP,NGDHS2013433007,2013,DHS,9049,7530,,,1
NGA,Jigawa,4664939,Children overweight for their age,1.1,1,NG,Nigeria,2013,NG2013DHS,CN_NUTS_C_WAP,104236100,I,433031,1433031,Region,..Jigawa,0,,0,1,CNNUTSCWAP,NGDHS2013433031,2013,DHS,1147,1042,,,2
NGA,Kaduna,3461481,Children overweight for their age,0.4,1,NG,Nigeria,2013,NG2013DHS,CN_NUTS_C_WAP,104236100,I,433032,1433032,Region,..Kaduna,0,,0,1,CNNUTSCWAP,NGDHS2013433032,2013,DHS,1054,622,,,2
NGA,Kano,4537144,Children overweight for their age,0.5,1,NG,Nigeria,2013,NG2013DHS,CN_NUTS_C_WAP,104236100,I,433033,1433033,Region,..Kano,0,,0,1,CNNUTSCWAP,NGDHS2013433033,2013,DHS,2372,1647,,,2
NGA,Katsina,5897382,Children overweight for their age,0.5,1,NG,Nigeria,2013,NG2013DHS,CN_NUTS_C_WAP,104236100,I,433034,1433034,Region,..Katsina,0,,0,1,CNNUTSCWAP,NGDHS2013433034,2013,DHS,1358,1159,,,2
NGA,Kebbi,1331340,Children overweight for their age,0.4,1,NG,Nigeria,2013,NG2013DHS,CN_NUTS_C_WAP,104236100,I,433035,1433035,Region,..Kebbi,0,,0,1,CNNUTSCWAP,NGDHS2013433035,2013,DHS,889,844,,,2
NGA,Sokoto,7757424,Children overweight for their age,0.4,1,NG,Nigeria,2013,NG2013DHS,CN_NUTS_C_WAP,104236100,I,433036,1433036,Region,..Sokoto,0,,0,1,CNNUTSCWAP,NGDHS2013433036,2013,DHS,929,1087,,,2
NGA,Zamfara,2695140,Children overweight for their age,0.2,1,NG,Nigeria,2013,NG2013DHS,CN_NUTS_C_WAP,104236100,I,433037,1433037,Region,..Zamfara,0,,0,1,CNNUTSCWAP,NGDHS2013433037,2013,DHS,1301,1129,,,2
NGA,South East,6571870,Children overweight for their age,0.9,1,NG,Nigeria,2013,NG2013DHS,CN_NUTS_C_WAP,104236100,I,433008,1433040,Region,South East,0,,0,1,CNNUTSCWAP,NGDHS2013433008,2013,DHS,2455,2513,,,1
NGA,Abia,5757978,Children overweight for their age,0.7,1,NG,Nigeria,2013,NG2013DHS,CN_NUTS_C_WAP,104236100,I,433041,1433041,Region,..Abia,0,,0,1,CNNUTSCWAP,NGDHS2013433041,2013,DHS,299,464,,,2
NGA,Anambra,2753296,Children overweight for their age,0.9,1,NG,Nigeria,2013,NG2013DHS,CN_NUTS_C_WAP,104236100,I,433042,1433042,Region,..Anambra,0,,0,1,CNNUTSCWAP,NGDHS2013433042,2013,DHS,498,420,,,2
NGA,Ebonyi,114130,Children overweight for their age,0.7,1,NG,Nigeria,2013,NG2013DHS,CN_NUTS_C_WAP,104236100,I,433043,1433043,Region,..Ebonyi,0,,0,1,CNNUTSCWAP,NGDHS2013433043,2013,DHS,671,645,,,2
NGA,Enugu,7890734,Children overweight for their age,1.9,1,NG,Nigeria,2013,NG2013DHS,CN_NUTS_C_WAP,104236100,I,433044,1433044,Region,..Enugu,0,,0,1,CNNUTSCWAP,NGDHS2013433044,2013,DHS,495,547,,,2
NGA,Imo,6733158,Children overweight for their age,0.2,1,NG,Nigeria,2013,NG2013DHS,CN_NUTS_C_WAP,104236100,I,433045,1433045,Region,..Imo,0,,0,1,CNNUTSCWAP,NGDHS2013433045,2013,DHS,493,437,,,2
NGA,South West,1331337,Children overweight for their age,1.2,1,NG,Nigeria,2013,NG2013DHS,CN_NUTS_C_WAP,104236100,I,433009,1433050,Region,South West,0,,0,1,CNNUTSCWAP,NGDHS2013433009,2013,DHS,4016,3575,,,1
NGA,Ekiti,877670,Children overweight for their age,0.6,1,NG,Nigeria,2013,NG2013DHS,CN_NUTS_C_WAP,104236100,I,433051,1433051,Region,..Ekiti,0,,0,1,CNNUTSCWAP,NGDHS2013433051,2013,DHS,188,493,,,2
NGA,Lagos,4481162,Children overweight for their age,1.8,1,NG,Nigeria,2013,NG2013DHS,CN_NUTS_C_WAP,104236100,I,433052,1433052,Region,..Lagos,0,,0,1,CNNUTSCWAP,NGDHS2013433052,2013,DHS,1141,846,,,2
NGA,Ogun,6211758,Children overweight for their age,0.4,1,NG,Nigeria,2013,NG2013DHS,CN_NUTS_C_WAP,104236100,I,433053,1433053,Region,..Ogun,0,,0,1,CNNUTSCWAP,NGDHS2013433053,2013,DHS,677,494,,,2
NGA,Ondo,1337671,Children overweight for their age,0.5,1,NG,Nigeria,2013,NG2013DHS,CN_NUTS_C_WAP,104236100,I,433054,1433054,Region,..Ondo,0,,0,1,CNNUTSCWAP,NGDHS2013433054,2013,DHS,523,594,,,2
NGA,Osun,7760532,Children overweight for their age,3.2,1,NG,Nigeria,2013,NG2013DHS,CN_NUTS_C_WAP,104236100,I,433055,1433055,Region,..Osun,0,,0,1,CNNUTSCWAP,NGDHS2013433055,2013,DHS,429,523,,,2
NGA,Oyo,1324375,Children overweight for their age,0.7,1,NG,Nigeria,2013,NG2013DHS,CN_NUTS_C_WAP,104236100,I,433056,1433056,Region,..Oyo,0,,0,1,CNNUTSCWAP,NGDHS2013433056,2013,DHS,1059,625,,,2
NGA,South South,5511116,Children overweight for their age,2.4,1,NG,Nigeria,2013,NG2013DHS,CN_NUTS_C_WAP,104236100,I,433010,1433060,Region,South South,0,,0,1,CNNUTSCWAP,NGDHS2013433010,2013,DHS,2619,3359,,,1
NGA,Akwa Ibom,4982973,Children overweight for their age,0.9,1,NG,Nigeria,2013,NG2013DHS,CN_NUTS_C_WAP,104236100,I,433061,1433061,Region,..Akwa Ibom,0,,0,1,CNNUTSCWAP,NGDHS2013433061,2013,DHS,424,533,,,2
NGA,Bayelsa,460370,Children overweight for their age,1.4,1,NG,Nigeria,2013,NG2013DHS,CN_NUTS_C_WAP,104236100,I,433062,1433062,Region,..Bayelsa,0,,0,1,CNNUTSCWAP,NGDHS2013433062,2013,DHS,217,733,,,2
NGA,Cross River,2579795,Children overweight for their age,0.6,1,NG,Nigeria,2013,NG2013DHS,CN_NUTS_C_WAP,104236100,I,433063,1433063,Region,..Cross River,0,,0,1,CNNUTSCWAP,NGDHS2013433063,2013,DHS,514,515,,,2
NGA,Delta,6746757,Children overweight for their age,0.6,1,NG,Nigeria,2013,NG2013DHS,CN_NUTS_C_WAP,104236100,I,433064,1433064,Region,..Delta,0,,0,1,CNNUTSCWAP,NGDHS2013433064,2013,DHS,493,594,,,2
NGA,Edo,6288686,Children overweight for their age,3.3,1,NG,Nigeria,2013,NG2013DHS,CN_NUTS_C_WAP,104236100,I,433065,1433065,Region,..Edo,0,,0,1,CNNUTSCWAP,NGDHS2013433065,2013,DHS,349,519,,,2
NGA,Rivers,1343244,Children overweight for their age,6.3,1,NG,Nigeria,2013,NG2013DHS,CN_NUTS_C_WAP,104236100,I,433066,1433066,Region,..Rivers,0,,0,1,CNNUTSCWAP,NGDHS2013433066,2013,DHS,622,465,,,2
NGA,North Central,4806192,Mean weight for age of children,-0.9,1,NG,Nigeria,2013,NG2013DHS,CN_NUTS_C_WAM,104236110,I,433005,1433010,Region,North Central,0,,0,1,CNNUTSCWAM,NGDHS2013433005,2013,DHS,3764,4116,,,1
NGA,FCT Abuja,3686425,Mean weight for age of children,-0.6,1,NG,Nigeria,2013,NG2013DHS,CN_NUTS_C_WAM,104236110,I,433011,1433011,Region,..FCT Abuja,0,,0,1,CNNUTSCWAM,NGDHS2013433011,2013,DHS,184,456,,,2
NGA,Benue,4672926,Mean weight for age of children,-0.6,1,NG,Nigeria,2013,NG2013DHS,CN_NUTS_C_WAM,104236110,I,433012,1433012,Region,..Benue,0,,0,1,CNNUTSCWAM,NGDHS2013433012,2013,DHS,838,580,,,2
NGA,Kogi,3486698,Mean weight for age of children,-0.8,1,NG,Nigeria,2013,NG2013DHS,CN_NUTS_C_WAM,104236110,I,433013,1433013,Region,..Kogi,0,,0,1,CNNUTSCWAM,NGDHS2013433013,2013,DHS,362,441,,,2
NGA,Kwara,4561583,Mean weight for age of children,-0.9,1,NG,Nigeria,2013,NG2013DHS,CN_NUTS_C_WAM,104236110,I,433014,1433014,Region,..Kwara,0,,0,1,CNNUTSCWAM,NGDHS2013433014,2013,DHS,383,644,,,2
NGA,Nasarawa,5883327,Mean weight for age of children,-0.9,1,NG,Nigeria,2013,NG2013DHS,CN_NUTS_C_WAM,104236110,I,433015,1433015,Region,..Nasarawa,0,,0,1,CNNUTSCWAM,NGDHS2013433015,2013,DHS,398,579,,,2
NGA,Niger,1324359,Mean weight for age of children,-1.3,1,NG,Nigeria,2013,NG2013DHS,CN_NUTS_C_WAM,104236110,I,433016,1433016,Region,..Niger,0,,0,1,CNNUTSCWAM,NGDHS2013433016,2013,DHS,1183,821,,,2
NGA,Plateau,5344854,Mean weight for age of children,-0.9,1,NG,Nigeria,2013,NG2013DHS,CN_NUTS_C_WAM,104236110,I,433017,1433017,Region,..Plateau,0,,0,1,CNNUTSCWAM,NGDHS2013433017,2013,DHS,416,595,,,2
NGA,North East,873806,Mean weight for age of children,-1.3,1,NG,Nigeria,2013,NG2013DHS,CN_NUTS_C_WAM,104236110,I,433006,1433020,Region,North East,0,,0,1,CNNUTSCWAM,NGDHS2013433006,2013,DHS,4286,5213,,,1
NGA,Adamawa,1337642,Mean weight for age of children,-1.2,1,NG,Nigeria,2013,NG2013DHS,CN_NUTS_C_WAM,104236110,I,433021,1433021,Region,..Adamawa,0,,0,1,CNNUTSCWAM,NGDHS2013433021,2013,DHS,645,882,,,2
NGA,Bauchi,7173928,Mean weight for age of children,-1.7,1,NG,Nigeria,2013,NG2013DHS,CN_NUTS_C_WAM,104236110,I,433022,1433022,Region,..Bauchi,0,,0,1,CNNUTSCWAM,NGDHS2013433022,2013,DHS,1024,1083,,,2
NGA,Borno,2977639,Mean weight for age of children,-0.9,1,NG,Nigeria,2013,NG2013DHS,CN_NUTS_C_WAM,104236110,I,433023,1433023,Region,..Borno,0,,0,1,CNNUTSCWAM,NGDHS2013433023,2013,DHS,760,416,,,2
NGA,Gombe,122110,Mean weight for age of children,-1.4,1,NG,Nigeria,2013,NG2013DHS,CN_NUTS_C_WAM,104236110,I,433024,1433024,Region,..Gombe,0,,0,1,CNNUTSCWAM,NGDHS2013433024,2013,DHS,473,938,,,2
NGA,Taraba,2593969,Mean weight for age of children,-1.1,1,NG,Nigeria,2013,NG2013DHS,CN_NUTS_C_WAM,104236110,I,433025,1433025,Region,..Taraba,0,,0,1,CNNUTSCWAM,NGDHS2013433025,2013,DHS,675,1090,,,2
NGA,Yobe,4700183,Mean weight for age of children,-1.4,1,NG,Nigeria,2013,NG2013DHS,CN_NUTS_C_WAM,104236110,I,433026,1433026,Region,..Yobe,0,,0,1,CNNUTSCWAM,NGDHS2013433026,2013,DHS,709,804,,,2
NGA,North West,1331309,Mean weight for age of children,-1.9,1,NG,Nigeria,2013,NG2013DHS,CN_NUTS_C_WAM,104236110,I,433007,1433030,Region,North West,0,,0,1,CNNUTSCWAM,NGDHS2013433007,2013,DHS,9049,7530,,,1
NGA,Jigawa,4664940,Mean weight for age of children,-1.7,1,NG,Nigeria,2013,NG2013DHS,CN_NUTS_C_WAM,104236110,I,433031,1433031,Region,..Jigawa,0,,0,1,CNNUTSCWAM,NGDHS2013433031,2013,DHS,1147,1042,,,2
NGA,Kaduna,3461482,Mean weight for age of children,-2.3,1,NG,Nigeria,2013,NG2013DHS,CN_NUTS_C_WAM,104236110,I,433032,1433032,Region,..Kaduna,0,,0,1,CNNUTSCWAM,NGDHS2013433032,2013,DHS,1054,622,,,2
NGA,Kano,4537145,Mean weight for age of children,-2.2,1,NG,Nigeria,2013,NG2013DHS,CN_NUTS_C_WAM,104236110,I,433033,1433033,Region,..Kano,0,,0,1,CNNUTSCWAM,NGDHS2013433033,2013,DHS,2372,1647,,,2
NGA,Katsina,5897287,Mean weight for age of children,-1.9,1,NG,Nigeria,2013,NG2013DHS,CN_NUTS_C_WAM,104236110,I,433034,1433034,Region,..Katsina,0,,0,1,CNNUTSCWAM,NGDHS2013433034,2013,DHS,1358,1159,,,2
NGA,Kebbi,1331348,Mean weight for age of children,-1.6,1,NG,Nigeria,2013,NG2013DHS,CN_NUTS_C_WAM,104236110,I,433035,1433035,Region,..Kebbi,0,,0,1,CNNUTSCWAM,NGDHS2013433035,2013,DHS,889,844,,,2
NGA,Sokoto,7757422,Mean weight for age of children,-1.6,1,NG,Nigeria,2013,NG2013DHS,CN_NUTS_C_WAM,104236110,I,433036,1433036,Region,..Sokoto,0,,0,1,CNNUTSCWAM,NGDHS2013433036,2013,DHS,929,1087,,,2
NGA,Zamfara,2695141,Mean weight for age of children,-1.6,1,NG,Nigeria,2013,NG2013DHS,CN_NUTS_C_WAM,104236110,I,433037,1433037,Region,..Zamfara,0,,0,1,CNNUTSCWAM,NGDHS2013433037,2013,DHS,1301,1129,,,2
NGA,South East,6571867,Mean weight for age of children,-0.6,1,NG,Nigeria,2013,NG2013DHS,CN_NUTS_C_WAM,104236110,I,433008,1433040,Region,South East,0,,0,1,CNNUTSCWAM,NGDHS2013433008,2013,DHS,2455,2513,,,1
NGA,Abia,5757975,Mean weight for age of children,-0.7,1,NG,Nigeria,2013,NG2013DHS,CN_NUTS_C_WAM,104236110,I,433041,1433041,Region,..Abia,0,,0,1,CNNUTSCWAM,NGDHS2013433041,2013,DHS,299,464,,,2
NGA,Anambra,2753209,Mean weight for age of children,-0.6,1,NG,Nigeria,2013,NG2013DHS,CN_NUTS_C_WAM,104236110,I,433042,1433042,Region,..Anambra,0,,0,1,CNNUTSCWAM,NGDHS2013433042,2013,DHS,498,420,,,2
NGA,Ebonyi,114108,Mean weight for age of children,-0.7,1,NG,Nigeria,2013,NG2013DHS,CN_NUTS_C_WAM,104236110,I,433043,1433043,Region,..Ebonyi,0,,0,1,CNNUTSCWAM,NGDHS2013433043,2013,DHS,671,645,,,2
NGA,Enugu,7890735,Mean weight for age of children,-0.4,1,NG,Nigeria,2013,NG2013DHS,CN_NUTS_C_WAM,104236110,I,433044,1433044,Region,..Enugu,0,,0,1,CNNUTSCWAM,NGDHS2013433044,2013,DHS,495,547,,,2
NGA,Imo,6733159,Mean weight for age of children,-0.7,1,NG,Nigeria,2013,NG2013DHS,CN_NUTS_C_WAM,104236110,I,433045,1433045,Region,..Imo,0,,0,1,CNNUTSCWAM,NGDHS2013433045,2013,DHS,493,437,,,2
NGA,South West,1331305,Mean weight for age of children,-0.8,1,NG,Nigeria,2013,NG2013DHS,CN_NUTS_C_WAM,104236110,I,433009,1433050,Region,South West,0,,0,1,CNNUTSCWAM,NGDHS2013433009,2013,DHS,4016,3575,,,1
NGA,Ekiti,877668,Mean weight for age of children,-0.6,1,NG,Nigeria,2013,NG2013DHS,CN_NUTS_C_WAM,104236110,I,433051,1433051,Region,..Ekiti,0,,0,1,CNNUTSCWAM,NGDHS2013433051,2013,DHS,188,493,,,2
NGA,Lagos,4481146,Mean weight for age of children,-0.6,1,NG,Nigeria,2013,NG2013DHS,CN_NUTS_C_WAM,104236110,I,433052,1433052,Region,..Lagos,0,,0,1,CNNUTSCWAM,NGDHS2013433052,2013,DHS,1141,846,,,2
NGA,Ogun,6211756,Mean weight for age of children,-1,1,NG,Nigeria,2013,NG2013DHS,CN_NUTS_C_WAM,104236110,I,433053,1433053,Region,..Ogun,0,,0,1,CNNUTSCWAM,NGDHS2013433053,2013,DHS,677,494,,,2
NGA,Ondo,1337701,Mean weight for age of children,-0.9,1,NG,Nigeria,2013,NG2013DHS,CN_NUTS_C_WAM,104236110,I,433054,1433054,Region,..Ondo,0,,0,1,CNNUTSCWAM,NGDHS2013433054,2013,DHS,523,594,,,2
NGA,Osun,7760529,Mean weight for age of children,-0.7,1,NG,Nigeria,2013,NG2013DHS,CN_NUTS_C_WAM,104236110,I,433055,1433055,Region,..Osun,0,,0,1,CNNUTSCWAM,NGDHS2013433055,2013,DHS,429,523,,,2
NGA,Oyo,1324373,Mean weight for age of children,-1,1,NG,Nigeria,2013,NG2013DHS,CN_NUTS_C_WAM,104236110,I,433056,1433056,Region,..Oyo,0,,0,1,CNNUTSCWAM,NGDHS2013433056,2013,DHS,1059,625,,,2
NGA,South South,5511114,Mean weight for age of children,-0.6,1,NG,Nigeria,2013,NG2013DHS,CN_NUTS_C_WAM,104236110,I,433010,1433060,Region,South South,0,,0,1,CNNUTSCWAM,NGDHS2013433010,2013,DHS,2619,3359,,,1
NGA,Akwa Ibom,4982974,Mean weight for age of children,-0.8,1,NG,Nigeria,2013,NG2013DHS,CN_NUTS_C_WAM,104236110,I,433061,1433061,Region,..Akwa Ibom,0,,0,1,CNNUTSCWAM,NGDHS2013433061,2013,DHS,424,533,,,2
NGA,Bayelsa,460359,Mean weight for age of children,-0.5,1,NG,Nigeria,2013,NG2013DHS,CN_NUTS_C_WAM,104236110,I,433062,1433062,Region,..Bayelsa,0,,0,1,CNNUTSCWAM,NGDHS2013433062,2013,DHS,217,733,,,2
NGA,Cross River,2579793,Mean weight for age of children,-0.8,1,NG,Nigeria,2013,NG2013DHS,CN_NUTS_C_WAM,104236110,I,433063,1433063,Region,..Cross River,0,,0,1,CNNUTSCWAM,NGDHS2013433063,2013,DHS,514,515,,,2
NGA,Delta,6746755,Mean weight for age of children,-0.7,1,NG,Nigeria,2013,NG2013DHS,CN_NUTS_C_WAM,104236110,I,433064,1433064,Region,..Delta,0,,0,1,CNNUTSCWAM,NGDHS2013433064,2013,DHS,493,594,,,2
NGA,Edo,6288679,Mean weight for age of children,-0.5,1,NG,Nigeria,2013,NG2013DHS,CN_NUTS_C_WAM,104236110,I,433065,1433065,Region,..Edo,0,,0,1,CNNUTSCWAM,NGDHS2013433065,2013,DHS,349,519,,,2
NGA,Rivers,1343242,Mean weight for age of children,-0.4,1,NG,Nigeria,2013,NG2013DHS,CN_NUTS_C_WAM,104236110,I,433066,1433066,Region,..Rivers,0,,0,1,CNNUTSCWAM,NGDHS2013433066,2013,DHS,622,465,,,2
NGA,North Central,6114770,Women with height below 145 cm,1.7,1,NG,Nigeria,2013,NG2013DHS,AN_NUTS_W_SHT,114563010,I,433005,1433010,Region,North Central,0,,0,1,ANNUTSWSHT,NGDHS2013433005,2013,DHS,5512,6180,,,1
NGA,FCT Abuja,1331655,Women with height below 145 cm,0.8,1,NG,Nigeria,2013,NG2013DHS,AN_NUTS_W_SHT,114563010,I,433011,1433011,Region,..FCT Abuja,0,,0,1,ANNUTSWSHT,NGDHS2013433011,2013,DHS,311,753,,,2
NGA,Benue,5992590,Women with height below 145 cm,2.6,1,NG,Nigeria,2013,NG2013DHS,AN_NUTS_W_SHT,114563010,I,433012,1433012,Region,..Benue,0,,0,1,ANNUTSWSHT,NGDHS2013433012,2013,DHS,1231,862,,,2
NGA,Kogi,5418626,Women with height below 145 cm,0.6,1,NG,Nigeria,2013,NG2013DHS,AN_NUTS_W_SHT,114563010,I,433013,1433013,Region,..Kogi,0,,0,1,ANNUTSWSHT,NGDHS2013433013,2013,DHS,694,849,,,2
NGA,Kwara,2679297,Women with height below 145 cm,1.6,1,NG,Nigeria,2013,NG2013DHS,AN_NUTS_W_SHT,114563010,I,433014,1433014,Region,..Kwara,0,,0,1,ANNUTSWSHT,NGDHS2013433014,2013,DHS,596,966,,,2
NGA,Nasarawa,4986336,Women with height below 145 cm,2,1,NG,Nigeria,2013,NG2013DHS,AN_NUTS_W_SHT,114563010,I,433015,1433015,Region,..Nasarawa,0,,0,1,ANNUTSWSHT,NGDHS2013433015,2013,DHS,581,855,,,2
NGA,Niger,4353879,Women with height below 145 cm,1.4,1,NG,Nigeria,2013,NG2013DHS,AN_NUTS_W_SHT,114563010,I,433016,1433016,Region,..Niger,0,,0,1,ANNUTSWSHT,NGDHS2013433016,2013,DHS,1453,1040,,,2
NGA,Plateau,7351845,Women with height below 145 cm,1.9,1,NG,Nigeria,2013,NG2013DHS,AN_NUTS_W_SHT,114563010,I,433017,1433017,Region,..Plateau,0,,0,1,ANNUTSWSHT,NGDHS2013433017,2013,DHS,647,855,,,2
NGA,North East,872967,Women with height below 145 cm,1.4,1,NG,Nigeria,2013,NG2013DHS,AN_NUTS_W_SHT,114563010,I,433006,1433020,Region,North East,0,,0,1,ANNUTSWSHT,NGDHS2013433006,2013,DHS,5587,6469,,,1
NGA,Adamawa,4051135,Women with height below 145 cm,1.2,1,NG,Nigeria,2013,NG2013DHS,AN_NUTS_W_SHT,114563010,I,433021,1433021,Region,..Adamawa,0,,0,1,ANNUTSWSHT,NGDHS2013433021,2013,DHS,819,1110,,,2
NGA,Bauchi,6624848,Women with height below 145 cm,2.2,1,NG,Nigeria,2013,NG2013DHS,AN_NUTS_W_SHT,114563010,I,433022,1433022,Region,..Bauchi,0,,0,1,ANNUTSWSHT,NGDHS2013433022,2013,DHS,1119,1151,,,2
NGA,Borno,1324545,Women with height below 145 cm,0.6,1,NG,Nigeria,2013,NG2013DHS,AN_NUTS_W_SHT,114563010,I,433023,1433023,Region,..Borno,0,,0,1,ANNUTSWSHT,NGDHS2013433023,2013,DHS,1327,744,,,2
NGA,Gombe,6128989,Women with height below 145 cm,1.7,1,NG,Nigeria,2013,NG2013DHS,AN_NUTS_W_SHT,114563010,I,433024,1433024,Region,..Gombe,0,,0,1,ANNUTSWSHT,NGDHS2013433024,2013,DHS,536,1056,,,2
NGA,Taraba,3980867,Women with height below 145 cm,1.8,1,NG,Nigeria,2013,NG2013DHS,AN_NUTS_W_SHT,114563010,I,433025,1433025,Region,..Taraba,0,,0,1,ANNUTSWSHT,NGDHS2013433025,2013,DHS,835,1361,,,2
NGA,Yobe,3631545,Women with height below 145 cm,0.9,1,NG,Nigeria,2013,NG2013DHS,AN_NUTS_W_SHT,114563010,I,433026,1433026,Region,..Yobe,0,,0,1,ANNUTSWSHT,NGDHS2013433026,2013,DHS,950,1047,,,2
NGA,North West,4702216,Women with height below 145 cm,3,1,NG,Nigeria,2013,NG2013DHS,AN_NUTS_W_SHT,114563010,I,433007,1433030,Region,North West,0,,0,1,ANNUTSWSHT,NGDHS2013433007,2013,DHS,11716,9544,,,1
NGA,Jigawa,6007138,Women with height below 145 cm,2.1,1,NG,Nigeria,2013,NG2013DHS,AN_NUTS_W_SHT,114563010,I,433031,1433031,Region,..Jigawa,0,,0,1,ANNUTSWSHT,NGDHS2013433031,2013,DHS,1326,1189,,,2
NGA,Kaduna,5418627,Women with height below 145 cm,0.6,1,NG,Nigeria,2013,NG2013DHS,AN_NUTS_W_SHT,114563010,I,433032,1433032,Region,..Kaduna,0,,0,1,ANNUTSWSHT,NGDHS2013433032,2013,DHS,2086,1212,,,2
NGA,Kano,2672206,Women with height below 145 cm,7.4,1,NG,Nigeria,2013,NG2013DHS,AN_NUTS_W_SHT,114563010,I,433033,1433033,Region,..Kano,0,,0,1,ANNUTSWSHT,NGDHS2013433033,2013,DHS,3148,2194,,,2
NGA,Katsina,3426107,Women with height below 145 cm,1.4,1,NG,Nigeria,2013,NG2013DHS,AN_NUTS_W_SHT,114563010,I,433034,1433034,Region,..Katsina,0,,0,1,ANNUTSWSHT,NGDHS2013433034,2013,DHS,1511,1292,,,2
NGA,Kebbi,4359153,Women with height below 145 cm,0.5,1,NG,Nigeria,2013,NG2013DHS,AN_NUTS_W_SHT,114563010,I,433035,1433035,Region,..Kebbi,0,,0,1,ANNUTSWSHT,NGDHS2013433035,2013,DHS,1238,1179,,,2
NGA,Sokoto,7754083,Women with height below 145 cm,2.1,1,NG,Nigeria,2013,NG2013DHS,AN_NUTS_W_SHT,114563010,I,433036,1433036,Region,..Sokoto,0,,0,1,ANNUTSWSHT,NGDHS2013433036,2013,DHS,1086,1297,,,2
NGA,Zamfara,4263146,Women with height below 145 cm,2.1,1,NG,Nigeria,2013,NG2013DHS,AN_NUTS_W_SHT,114563010,I,433037,1433037,Region,..Zamfara,0,,0,1,ANNUTSWSHT,NGDHS2013433037,2013,DHS,1323,1181,,,2
NGA,South East,4748013,Women with height below 145 cm,0.7,1,NG,Nigeria,2013,NG2013DHS,AN_NUTS_W_SHT,114563010,I,433008,1433040,Region,South East,0,,0,1,ANNUTSWSHT,NGDHS2013433008,2013,DHS,4391,4387,,,1
NGA,Abia,5009926,Women with height below 145 cm,1.2,1,NG,Nigeria,2013,NG2013DHS,AN_NUTS_W_SHT,114563010,I,433041,1433041,Region,..Abia,0,,0,1,ANNUTSWSHT,NGDHS2013433041,2013,DHS,514,800,,,2
NGA,Anambra,4169467,Women with height below 145 cm,0.3,1,NG,Nigeria,2013,NG2013DHS,AN_NUTS_W_SHT,114563010,I,433042,1433042,Region,..Anambra,0,,0,1,ANNUTSWSHT,NGDHS2013433042,2013,DHS,1009,869,,,2
NGA,Ebonyi,6154041,Women with height below 145 cm,1.3,1,NG,Nigeria,2013,NG2013DHS,AN_NUTS_W_SHT,114563010,I,433043,1433043,Region,..Ebonyi,0,,0,1,ANNUTSWSHT,NGDHS2013433043,2013,DHS,1108,1063,,,2
NGA,Enugu,7891463,Women with height below 145 cm,0.3,1,NG,Nigeria,2013,NG2013DHS,AN_NUTS_W_SHT,114563010,I,433044,1433044,Region,..Enugu,0,,0,1,ANNUTSWSHT,NGDHS2013433044,2013,DHS,931,944,,,2
NGA,Imo,3639647,Women with height below 145 cm,0.7,1,NG,Nigeria,2013,NG2013DHS,AN_NUTS_W_SHT,114563010,I,433045,1433045,Region,..Imo,0,,0,1,ANNUTSWSHT,NGDHS2013433045,2013,DHS,829,711,,,2
NGA,South West,3178904,Women with height below 145 cm,1,1,NG,Nigeria,2013,NG2013DHS,AN_NUTS_W_SHT,114563010,I,433009,1433050,Region,South West,0,,0,1,ANNUTSWSHT,NGDHS2013433009,2013,DHS,6255,5828,,,1
NGA,Ekiti,876454,Women with height below 145 cm,1.7,1,NG,Nigeria,2013,NG2013DHS,AN_NUTS_W_SHT,114563010,I,433051,1433051,Region,..Ekiti,0,,0,1,ANNUTSWSHT,NGDHS2013433051,2013,DHS,326,862,,,2
NGA,Lagos,2672211,Women with height below 145 cm,0.6,1,NG,Nigeria,2013,NG2013DHS,AN_NUTS_W_SHT,114563010,I,433052,1433052,Region,..Lagos,0,,0,1,ANNUTSWSHT,NGDHS2013433052,2013,DHS,1927,1457,,,2
NGA,Ogun,3426108,Women with height below 145 cm,1.3,1,NG,Nigeria,2013,NG2013DHS,AN_NUTS_W_SHT,114563010,I,433053,1433053,Region,..Ogun,0,,0,1,ANNUTSWSHT,NGDHS2013433053,2013,DHS,873,664,,,2
NGA,Ondo,3149748,Women with height below 145 cm,0.7,1,NG,Nigeria,2013,NG2013DHS,AN_NUTS_W_SHT,114563010,I,433054,1433054,Region,..Ondo,0,,0,1,ANNUTSWSHT,NGDHS2013433054,2013,DHS,805,912,,,2
NGA,Osun,7758552,Women with height below 145 cm,2,1,NG,Nigeria,2013,NG2013DHS,AN_NUTS_W_SHT,114563010,I,433055,1433055,Region,..Osun,0,,0,1,ANNUTSWSHT,NGDHS2013433055,2013,DHS,762,1023,,,2
NGA,Oyo,4248855,Women with height below 145 cm,0.8,1,NG,Nigeria,2013,NG2013DHS,AN_NUTS_W_SHT,114563010,I,433056,1433056,Region,..Oyo,0,,0,1,ANNUTSWSHT,NGDHS2013433056,2013,DHS,1562,910,,,2
NGA,South South,3595031,Women with height below 145 cm,2.7,1,NG,Nigeria,2013,NG2013DHS,AN_NUTS_W_SHT,114563010,I,433010,1433060,Region,South South,0,,0,1,ANNUTSWSHT,NGDHS2013433010,2013,DHS,4858,5965,,,1
NGA,Akwa Ibom,4155655,Women with height below 145 cm,1.7,1,NG,Nigeria,2013,NG2013DHS,AN_NUTS_W_SHT,114563010,I,433061,1433061,Region,..Akwa Ibom,0,,0,1,ANNUTSWSHT,NGDHS2013433061,2013,DHS,845,960,,,2
NGA,Bayelsa,7196470,Women with height below 145 cm,0.3,1,NG,Nigeria,2013,NG2013DHS,AN_NUTS_W_SHT,114563010,I,433062,1433062,Region,..Bayelsa,0,,0,1,ANNUTSWSHT,NGDHS2013433062,2013,DHS,358,1212,,,2
NGA,Cross River,4109878,Women with height below 145 cm,1.6,1,NG,Nigeria,2013,NG2013DHS,AN_NUTS_W_SHT,114563010,I,433063,1433063,Region,..Cross River,0,,0,1,ANNUTSWSHT,NGDHS2013433063,2013,DHS,701,724,,,2
NGA,Delta,2668499,Women with height below 145 cm,5.3,1,NG,Nigeria,2013,NG2013DHS,AN_NUTS_W_SHT,114563010,I,433064,1433064,Region,..Delta,0,,0,1,ANNUTSWSHT,NGDHS2013433064,2013,DHS,972,1106,,,2
NGA,Edo,6875384,Women with height below 145 cm,2.3,1,NG,Nigeria,2013,NG2013DHS,AN_NUTS_W_SHT,114563010,I,433065,1433065,Region,..Edo,0,,0,1,ANNUTSWSHT,NGDHS2013433065,2013,DHS,725,1058,,,2
NGA,Rivers,270346,Women with height below 145 cm,2.9,1,NG,Nigeria,2013,NG2013DHS,AN_NUTS_W_SHT,114563010,I,433066,1433066,Region,..Rivers,0,,0,1,ANNUTSWSHT,NGDHS2013433066,2013,DHS,1258,905,,,2
NGA,North Central,6229750,Number of women,5512,0,NG,Nigeria,2013,NG2013DHS,AN_NUTS_W_NM1,114563020,D,433005,1433010,Region,North Central,0,,0,1,ANNUTSWNM1,NGDHS2013433005,2013,DHS,,6180,,,1
NGA,FCT Abuja,1331654,Number of women,311,0,NG,Nigeria,2013,NG2013DHS,AN_NUTS_W_NM1,114563020,D,433011,1433011,Region,..FCT Abuja,0,,0,1,ANNUTSWNM1,NGDHS2013433011,2013,DHS,,753,,,2
NGA,Benue,5992591,Number of women,1231,0,NG,Nigeria,2013,NG2013DHS,AN_NUTS_W_NM1,114563020,D,433012,1433012,Region,..Benue,0,,0,1,ANNUTSWNM1,NGDHS2013433012,2013,DHS,,862,,,2
NGA,Kogi,5557506,Number of women,694,0,NG,Nigeria,2013,NG2013DHS,AN_NUTS_W_NM1,114563020,D,433013,1433013,Region,..Kogi,0,,0,1,ANNUTSWNM1,NGDHS2013433013,2013,DHS,,849,,,2
NGA,Kwara,1331558,Number of women,596,0,NG,Nigeria,2013,NG2013DHS,AN_NUTS_W_NM1,114563020,D,433014,1433014,Region,..Kwara,0,,0,1,ANNUTSWNM1,NGDHS2013433014,2013,DHS,,966,,,2
NGA,Nasarawa,4872071,Number of women,581,0,NG,Nigeria,2013,NG2013DHS,AN_NUTS_W_NM1,114563020,D,433015,1433015,Region,..Nasarawa,0,,0,1,ANNUTSWNM1,NGDHS2013433015,2013,DHS,,855,,,2
NGA,Niger,4462170,Number of women,1453,0,NG,Nigeria,2013,NG2013DHS,AN_NUTS_W_NM1,114563020,D,433016,1433016,Region,..Niger,0,,0,1,ANNUTSWNM1,NGDHS2013433016,2013,DHS,,1040,,,2
NGA,Plateau,7375302,Number of women,647,0,NG,Nigeria,2013,NG2013DHS,AN_NUTS_W_NM1,114563020,D,433017,1433017,Region,..Plateau,0,,0,1,ANNUTSWNM1,NGDHS2013433017,2013,DHS,,855,,,2
NGA,North East,872923,Number of women,5587,0,NG,Nigeria,2013,NG2013DHS,AN_NUTS_W_NM1,114563020,D,433006,1433020,Region,North East,0,,0,1,ANNUTSWNM1,NGDHS2013433006,2013,DHS,,6469,,,1
NGA,Adamawa,4051136,Number of women,819,0,NG,Nigeria,2013,NG2013DHS,AN_NUTS_W_NM1,114563020,D,433021,1433021,Region,..Adamawa,0,,0,1,ANNUTSWNM1,NGDHS2013433021,2013,DHS,,1110,,,2
NGA,Bauchi,6623036,Number of women,1119,0,NG,Nigeria,2013,NG2013DHS,AN_NUTS_W_NM1,114563020,D,433022,1433022,Region,..Bauchi,0,,0,1,ANNUTSWNM1,NGDHS2013433022,2013,DHS,,1151,,,2
NGA,Borno,1324547,Number of women,1327,0,NG,Nigeria,2013,NG2013DHS,AN_NUTS_W_NM1,114563020,D,433023,1433023,Region,..Borno,0,,0,1,ANNUTSWNM1,NGDHS2013433023,2013,DHS,,744,,,2
NGA,Gombe,6242703,Number of women,536,0,NG,Nigeria,2013,NG2013DHS,AN_NUTS_W_NM1,114563020,D,433024,1433024,Region,..Gombe,0,,0,1,ANNUTSWNM1,NGDHS2013433024,2013,DHS,,1056,,,2
NGA,Taraba,4098683,Number of women,835,0,NG,Nigeria,2013,NG2013DHS,AN_NUTS_W_NM1,114563020,D,433025,1433025,Region,..Taraba,0,,0,1,ANNUTSWNM1,NGDHS2013433025,2013,DHS,,1361,,,2
NGA,Yobe,3690125,Number of women,950,0,NG,Nigeria,2013,NG2013DHS,AN_NUTS_W_NM1,114563020,D,433026,1433026,Region,..Yobe,0,,0,1,ANNUTSWNM1,NGDHS2013433026,2013,DHS,,1047,,,2
NGA,North West,4702217,Number of women,11716,0,NG,Nigeria,2013,NG2013DHS,AN_NUTS_W_NM1,114563020,D,433007,1433030,Region,North West,0,,0,1,ANNUTSWNM1,NGDHS2013433007,2013,DHS,,9544,,,1
NGA,Jigawa,6007139,Number of women,1326,0,NG,Nigeria,2013,NG2013DHS,AN_NUTS_W_NM1,114563020,D,433031,1433031,Region,..Jigawa,0,,0,1,ANNUTSWNM1,NGDHS2013433031,2013,DHS,,1189,,,2
NGA,Kaduna,5531743,Number of women,2086,0,NG,Nigeria,2013,NG2013DHS,AN_NUTS_W_NM1,114563020,D,433032,1433032,Region,..Kaduna,0,,0,1,ANNUTSWNM1,NGDHS2013433032,2013,DHS,,1212,,,2
NGA,Kano,1337905,Number of women,3148,0,NG,Nigeria,2013,NG2013DHS,AN_NUTS_W_NM1,114563020,D,433033,1433033,Region,..Kano,0,,0,1,ANNUTSWNM1,NGDHS2013433033,2013,DHS,,2194,,,2
NGA,Katsina,1324555,Number of women,1511,0,NG,Nigeria,2013,NG2013DHS,AN_NUTS_W_NM1,114563020,D,433034,1433034,Region,..Katsina,0,,0,1,ANNUTSWNM1,NGDHS2013433034,2013,DHS,,1292,,,2
NGA,Kebbi,4447484,Number of women,1238,0,NG,Nigeria,2013,NG2013DHS,AN_NUTS_W_NM1,114563020,D,433035,1433035,Region,..Kebbi,0,,0,1,ANNUTSWNM1,NGDHS2013433035,2013,DHS,,1179,,,2
NGA,Sokoto,7754084,Number of women,1086,0,NG,Nigeria,2013,NG2013DHS,AN_NUTS_W_NM1,114563020,D,433036,1433036,Region,..Sokoto,0,,0,1,ANNUTSWNM1,NGDHS2013433036,2013,DHS,,1297,,,2
NGA,Zamfara,4394354,Number of women,1323,0,NG,Nigeria,2013,NG2013DHS,AN_NUTS_W_NM1,114563020,D,433037,1433037,Region,..Zamfara,0,,0,1,ANNUTSWNM1,NGDHS2013433037,2013,DHS,,1181,,,2
NGA,South East,4860834,Number of women,4391,0,NG,Nigeria,2013,NG2013DHS,AN_NUTS_W_NM1,114563020,D,433008,1433040,Region,South East,0,,0,1,ANNUTSWNM1,NGDHS2013433008,2013,DHS,,4387,,,1
NGA,Abia,5161274,Number of women,514,0,NG,Nigeria,2013,NG2013DHS,AN_NUTS_W_NM1,114563020,D,433041,1433041,Region,..Abia,0,,0,1,ANNUTSWNM1,NGDHS2013433041,2013,DHS,,800,,,2
NGA,Anambra,4169468,Number of women,1009,0,NG,Nigeria,2013,NG2013DHS,AN_NUTS_W_NM1,114563020,D,433042,1433042,Region,..Anambra,0,,0,1,ANNUTSWNM1,NGDHS2013433042,2013,DHS,,869,,,2
NGA,Ebonyi,6236167,Number of women,1108,0,NG,Nigeria,2013,NG2013DHS,AN_NUTS_W_NM1,114563020,D,433043,1433043,Region,..Ebonyi,0,,0,1,ANNUTSWNM1,NGDHS2013433043,2013,DHS,,1063,,,2
NGA,Enugu,7891556,Number of women,931,0,NG,Nigeria,2013,NG2013DHS,AN_NUTS_W_NM1,114563020,D,433044,1433044,Region,..Enugu,0,,0,1,ANNUTSWNM1,NGDHS2013433044,2013,DHS,,944,,,2
NGA,Imo,3612170,Number of women,829,0,NG,Nigeria,2013,NG2013DHS,AN_NUTS_W_NM1,114563020,D,433045,1433045,Region,..Imo,0,,0,1,ANNUTSWNM1,NGDHS2013433045,2013,DHS,,711,,,2
NGA,South West,1331621,Number of women,6255,0,NG,Nigeria,2013,NG2013DHS,AN_NUTS_W_NM1,114563020,D,433009,1433050,Region,South West,0,,0,1,ANNUTSWNM1,NGDHS2013433009,2013,DHS,,5828,,,1
NGA,Ekiti,876508,Number of women,326,0,NG,Nigeria,2013,NG2013DHS,AN_NUTS_W_NM1,114563020,D,433051,1433051,Region,..Ekiti,0,,0,1,ANNUTSWNM1,NGDHS2013433051,2013,DHS,,862,,,2
NGA,Lagos,1337919,Number of women,1927,0,NG,Nigeria,2013,NG2013DHS,AN_NUTS_W_NM1,114563020,D,433052,1433052,Region,..Lagos,0,,0,1,ANNUTSWNM1,NGDHS2013433052,2013,DHS,,1457,,,2
NGA,Ogun,1324556,Number of women,873,0,NG,Nigeria,2013,NG2013DHS,AN_NUTS_W_NM1,114563020,D,433053,1433053,Region,..Ogun,0,,0,1,ANNUTSWNM1,NGDHS2013433053,2013,DHS,,664,,,2
NGA,Ondo,1337948,Number of women,805,0,NG,Nigeria,2013,NG2013DHS,AN_NUTS_W_NM1,114563020,D,433054,1433054,Region,..Ondo,0,,0,1,ANNUTSWNM1,NGDHS2013433054,2013,DHS,,912,,,2
NGA,Osun,7758553,Number of women,762,0,NG,Nigeria,2013,NG2013DHS,AN_NUTS_W_NM1,114563020,D,433055,1433055,Region,..Osun,0,,0,1,ANNUTSWNM1,NGDHS2013433055,2013,DHS,,1023,,,2
NGA,Oyo,4380301,Number of women,1562,0,NG,Nigeria,2013,NG2013DHS,AN_NUTS_W_NM1,114563020,D,433056,1433056,Region,..Oyo,0,,0,1,ANNUTSWNM1,NGDHS2013433056,2013,DHS,,910,,,2
NGA,South South,3825204,Number of women,4858,0,NG,Nigeria,2013,NG2013DHS,AN_NUTS_W_NM1,114563020,D,433010,1433060,Region,South South,0,,0,1,ANNUTSWNM1,NGDHS2013433010,2013,DHS,,5965,,,1
NGA,Akwa Ibom,4155657,Number of women,845,0,NG,Nigeria,2013,NG2013DHS,AN_NUTS_W_NM1,114563020,D,433061,1433061,Region,..Akwa Ibom,0,,0,1,ANNUTSWNM1,NGDHS2013433061,2013,DHS,,960,,,2
NGA,Bayelsa,7248021,Number of women,358,0,NG,Nigeria,2013,NG2013DHS,AN_NUTS_W_NM1,114563020,D,433062,1433062,Region,..Bayelsa,0,,0,1,ANNUTSWNM1,NGDHS2013433062,2013,DHS,,1212,,,2
NGA,Cross River,4106465,Number of women,701,0,NG,Nigeria,2013,NG2013DHS,AN_NUTS_W_NM1,114563020,D,433063,1433063,Region,..Cross River,0,,0,1,ANNUTSWNM1,NGDHS2013433063,2013,DHS,,724,,,2
NGA,Delta,1337955,Number of women,972,0,NG,Nigeria,2013,NG2013DHS,AN_NUTS_W_NM1,114563020,D,433064,1433064,Region,..Delta,0,,0,1,ANNUTSWNM1,NGDHS2013433064,2013,DHS,,1106,,,2
NGA,Edo,6903122,Number of women,725,0,NG,Nigeria,2013,NG2013DHS,AN_NUTS_W_NM1,114563020,D,433065,1433065,Region,..Edo,0,,0,1,ANNUTSWNM1,NGDHS2013433065,2013,DHS,,1058,,,2
NGA,Rivers,1343276,Number of women,1258,0,NG,Nigeria,2013,NG2013DHS,AN_NUTS_W_NM1,114563020,D,433066,1433066,Region,..Rivers,0,,0,1,ANNUTSWNM1,NGDHS2013433066,2013,DHS,,905,,,2
NGA,North Central,3336183,Number of women (unweighted),6180,0,NG,Nigeria,2013,NG2013DHS,AN_NUTS_W_UN1,114563030,U,433005,1433010,Region,North Central,0,,0,1,ANNUTSWUN1,NGDHS2013433005,2013,DHS,5512,,,,1
NGA,FCT Abuja,1331597,Number of women (unweighted),753,0,NG,Nigeria,2013,NG2013DHS,AN_NUTS_W_UN1,114563030,U,433011,1433011,Region,..FCT Abuja,0,,0,1,ANNUTSWUN1,NGDHS2013433011,2013,DHS,311,,,,2
NGA,Benue,1331618,Number of women (unweighted),862,0,NG,Nigeria,2013,NG2013DHS,AN_NUTS_W_UN1,114563030,U,433012,1433012,Region,..Benue,0,,0,1,ANNUTSWUN1,NGDHS2013433012,2013,DHS,1231,,,,2
NGA,Kogi,7316202,Number of women (unweighted),849,0,NG,Nigeria,2013,NG2013DHS,AN_NUTS_W_UN1,114563030,U,433013,1433013,Region,..Kogi,0,,0,1,ANNUTSWUN1,NGDHS2013433013,2013,DHS,694,,,,2
NGA,Kwara,2679286,Number of women (unweighted),966,0,NG,Nigeria,2013,NG2013DHS,AN_NUTS_W_UN1,114563030,U,433014,1433014,Region,..Kwara,0,,0,1,ANNUTSWUN1,NGDHS2013433014,2013,DHS,596,,,,2
NGA,Nasarawa,3265458,Number of women (unweighted),855,0,NG,Nigeria,2013,NG2013DHS,AN_NUTS_W_UN1,114563030,U,433015,1433015,Region,..Nasarawa,0,,0,1,ANNUTSWUN1,NGDHS2013433015,2013,DHS,581,,,,2
NGA,Niger,3030945,Number of women (unweighted),1040,0,NG,Nigeria,2013,NG2013DHS,AN_NUTS_W_UN1,114563030,U,433016,1433016,Region,..Niger,0,,0,1,ANNUTSWUN1,NGDHS2013433016,2013,DHS,1453,,,,2
NGA,Plateau,823259,Number of women (unweighted),855,0,NG,Nigeria,2013,NG2013DHS,AN_NUTS_W_UN1,114563030,U,433017,1433017,Region,..Plateau,0,,0,1,ANNUTSWUN1,NGDHS2013433017,2013,DHS,647,,,,2
NGA,North East,874484,Number of women (unweighted),6469,0,NG,Nigeria,2013,NG2013DHS,AN_NUTS_W_UN1,114563030,U,433006,1433020,Region,North East,0,,0,1,ANNUTSWUN1,NGDHS2013433006,2013,DHS,5587,,,,1
NGA,Adamawa,1337961,Number of women (unweighted),1110,0,NG,Nigeria,2013,NG2013DHS,AN_NUTS_W_UN1,114563030,U,433021,1433021,Region,..Adamawa,0,,0,1,ANNUTSWUN1,NGDHS2013433021,2013,DHS,819,,,,2
NGA,Bauchi,843485,Number of women (unweighted),1151,0,NG,Nigeria,2013,NG2013DHS,AN_NUTS_W_UN1,114563030,U,433022,1433022,Region,..Bauchi,0,,0,1,ANNUTSWUN1,NGDHS2013433022,2013,DHS,1119,,,,2
NGA,Borno,1324548,Number of women (unweighted),744,0,NG,Nigeria,2013,NG2013DHS,AN_NUTS_W_UN1,114563030,U,433023,1433023,Region,..Borno,0,,0,1,ANNUTSWUN1,NGDHS2013433023,2013,DHS,1327,,,,2
NGA,Gombe,3350255,Number of women (unweighted),1056,0,NG,Nigeria,2013,NG2013DHS,AN_NUTS_W_UN1,114563030,U,433024,1433024,Region,..Gombe,0,,0,1,ANNUTSWUN1,NGDHS2013433024,2013,DHS,536,,,,2
NGA,Taraba,521913,Number of women (unweighted),1361,0,NG,Nigeria,2013,NG2013DHS,AN_NUTS_W_UN1,114563030,U,433025,1433025,Region,..Taraba,0,,0,1,ANNUTSWUN1,NGDHS2013433025,2013,DHS,835,,,,2
NGA,Yobe,2653613,Number of women (unweighted),1047,0,NG,Nigeria,2013,NG2013DHS,AN_NUTS_W_UN1,114563030,U,433026,1433026,Region,..Yobe,0,,0,1,ANNUTSWUN1,NGDHS2013433026,2013,DHS,950,,,,2
NGA,North West,1331613,Number of women (unweighted),9544,0,NG,Nigeria,2013,NG2013DHS,AN_NUTS_W_UN1,114563030,U,433007,1433030,Region,North West,0,,0,1,ANNUTSWUN1,NGDHS2013433007,2013,DHS,11716,,,,1
NGA,Jigawa,1324595,Number of women (unweighted),1189,0,NG,Nigeria,2013,NG2013DHS,AN_NUTS_W_UN1,114563030,U,433031,1433031,Region,..Jigawa,0,,0,1,ANNUTSWUN1,NGDHS2013433031,2013,DHS,1326,,,,2
NGA,Kaduna,315561,Number of women (unweighted),1212,0,NG,Nigeria,2013,NG2013DHS,AN_NUTS_W_UN1,114563030,U,433032,1433032,Region,..Kaduna,0,,0,1,ANNUTSWUN1,NGDHS2013433032,2013,DHS,2086,,,,2
NGA,Kano,2672198,Number of women (unweighted),2194,0,NG,Nigeria,2013,NG2013DHS,AN_NUTS_W_UN1,114563030,U,433033,1433033,Region,..Kano,0,,0,1,ANNUTSWUN1,NGDHS2013433033,2013,DHS,3148,,,,2
NGA,Katsina,3426105,Number of women (unweighted),1292,0,NG,Nigeria,2013,NG2013DHS,AN_NUTS_W_UN1,114563030,U,433034,1433034,Region,..Katsina,0,,0,1,ANNUTSWUN1,NGDHS2013433034,2013,DHS,1511,,,,2
NGA,Kebbi,3157711,Number of women (unweighted),1179,0,NG,Nigeria,2013,NG2013DHS,AN_NUTS_W_UN1,114563030,U,433035,1433035,Region,..Kebbi,0,,0,1,ANNUTSWUN1,NGDHS2013433035,2013,DHS,1238,,,,2
NGA,Sokoto,7754992,Number of women (unweighted),1297,0,NG,Nigeria,2013,NG2013DHS,AN_NUTS_W_UN1,114563030,U,433036,1433036,Region,..Sokoto,0,,0,1,ANNUTSWUN1,NGDHS2013433036,2013,DHS,1086,,,,2
NGA,Zamfara,3232432,Number of women (unweighted),1181,0,NG,Nigeria,2013,NG2013DHS,AN_NUTS_W_UN1,114563030,U,433037,1433037,Region,..Zamfara,0,,0,1,ANNUTSWUN1,NGDHS2013433037,2013,DHS,1323,,,,2
NGA,South East,446893,Number of women (unweighted),4387,0,NG,Nigeria,2013,NG2013DHS,AN_NUTS_W_UN1,114563030,U,433008,1433040,Region,South East,0,,0,1,ANNUTSWUN1,NGDHS2013433008,2013,DHS,4391,,,,1
NGA,Abia,835694,Number of women (unweighted),800,0,NG,Nigeria,2013,NG2013DHS,AN_NUTS_W_UN1,114563030,U,433041,1433041,Region,..Abia,0,,0,1,ANNUTSWUN1,NGDHS2013433041,2013,DHS,514,,,,2
NGA,Anambra,1337915,Number of women (unweighted),869,0,NG,Nigeria,2013,NG2013DHS,AN_NUTS_W_UN1,114563030,U,433042,1433042,Region,..Anambra,0,,0,1,ANNUTSWUN1,NGDHS2013433042,2013,DHS,1009,,,,2
NGA,Ebonyi,700517,Number of women (unweighted),1063,0,NG,Nigeria,2013,NG2013DHS,AN_NUTS_W_UN1,114563030,U,433043,1433043,Region,..Ebonyi,0,,0,1,ANNUTSWUN1,NGDHS2013433043,2013,DHS,1108,,,,2
NGA,Enugu,7889645,Number of women (unweighted),944,0,NG,Nigeria,2013,NG2013DHS,AN_NUTS_W_UN1,114563030,U,433044,1433044,Region,..Enugu,0,,0,1,ANNUTSWUN1,NGDHS2013433044,2013,DHS,931,,,,2
NGA,Imo,6759711,Number of women (unweighted),711,0,NG,Nigeria,2013,NG2013DHS,AN_NUTS_W_UN1,114563030,U,433045,1433045,Region,..Imo,0,,0,1,ANNUTSWUN1,NGDHS2013433045,2013,DHS,829,,,,2
NGA,South West,3178902,Number of women (unweighted),5828,0,NG,Nigeria,2013,NG2013DHS,AN_NUTS_W_UN1,114563030,U,433009,1433050,Region,South West,0,,0,1,ANNUTSWUN1,NGDHS2013433009,2013,DHS,6255,,,,1
NGA,Ekiti,875923,Number of women (unweighted),862,0,NG,Nigeria,2013,NG2013DHS,AN_NUTS_W_UN1,114563030,U,433051,1433051,Region,..Ekiti,0,,0,1,ANNUTSWUN1,NGDHS2013433051,2013,DHS,326,,,,2
NGA,Lagos,2672212,Number of women (unweighted),1457,0,NG,Nigeria,2013,NG2013DHS,AN_NUTS_W_UN1,114563030,U,433052,1433052,Region,..Lagos,0,,0,1,ANNUTSWUN1,NGDHS2013433052,2013,DHS,1927,,,,2
NGA,Ogun,3426106,Number of women (unweighted),664,0,NG,Nigeria,2013,NG2013DHS,AN_NUTS_W_UN1,114563030,U,433053,1433053,Region,..Ogun,0,,0,1,ANNUTSWUN1,NGDHS2013433053,2013,DHS,873,,,,2
NGA,Ondo,3149747,Number of women (unweighted),912,0,NG,Nigeria,2013,NG2013DHS,AN_NUTS_W_UN1,114563030,U,433054,1433054,Region,..Ondo,0,,0,1,ANNUTSWUN1,NGDHS2013433054,2013,DHS,805,,,,2
NGA,Osun,7759420,Number of women (unweighted),1023,0,NG,Nigeria,2013,NG2013DHS,AN_NUTS_W_UN1,114563030,U,433055,1433055,Region,..Osun,0,,0,1,ANNUTSWUN1,NGDHS2013433055,2013,DHS,762,,,,2
NGA,Oyo,3211850,Number of women (unweighted),910,0,NG,Nigeria,2013,NG2013DHS,AN_NUTS_W_UN1,114563030,U,433056,1433056,Region,..Oyo,0,,0,1,ANNUTSWUN1,NGDHS2013433056,2013,DHS,1562,,,,2
NGA,South South,597475,Number of women (unweighted),5965,0,NG,Nigeria,2013,NG2013DHS,AN_NUTS_W_UN1,114563030,U,433010,1433060,Region,South South,0,,0,1,ANNUTSWUN1,NGDHS2013433010,2013,DHS,4858,,,,1
NGA,Akwa Ibom,1331615,Number of women (unweighted),960,0,NG,Nigeria,2013,NG2013DHS,AN_NUTS_W_UN1,114563030,U,433061,1433061,Region,..Akwa Ibom,0,,0,1,ANNUTSWUN1,NGDHS2013433061,2013,DHS,845,,,,2
NGA,Bayelsa,694338,Number of women (unweighted),1212,0,NG,Nigeria,2013,NG2013DHS,AN_NUTS_W_UN1,114563030,U,433062,1433062,Region,..Bayelsa,0,,0,1,ANNUTSWUN1,NGDHS2013433062,2013,DHS,358,,,,2
NGA,Cross River,3284485,Number of women (unweighted),724,0,NG,Nigeria,2013,NG2013DHS,AN_NUTS_W_UN1,114563030,U,433063,1433063,Region,..Cross River,0,,0,1,ANNUTSWUN1,NGDHS2013433063,2013,DHS,701,,,,2
NGA,Delta,2668498,Number of women (unweighted),1106,0,NG,Nigeria,2013,NG2013DHS,AN_NUTS_W_UN1,114563030,U,433064,1433064,Region,..Delta,0,,0,1,ANNUTSWUN1,NGDHS2013433064,2013,DHS,972,,,,2
NGA,Edo,56810,Number of women (unweighted),1058,0,NG,Nigeria,2013,NG2013DHS,AN_NUTS_W_UN1,114563030,U,433065,1433065,Region,..Edo,0,,0,1,ANNUTSWUN1,NGDHS2013433065,2013,DHS,725,,,,2
NGA,Rivers,270347,Number of women (unweighted),905,0,NG,Nigeria,2013,NG2013DHS,AN_NUTS_W_UN1,114563030,U,433066,1433066,Region,..Rivers,0,,0,1,ANNUTSWUN1,NGDHS2013433066,2013,DHS,1258,,,,2
NGA,North Central,6977663,Mean Body Mass Index (BMI) for women,23.2,1,NG,Nigeria,2013,NG2013DHS,AN_NUTS_W_BMI,114563040,I,433005,1433010,Region,North Central,0,,0,1,ANNUTSWBMI,NGDHS2013433005,2013,DHS,4748,5422,,,1
NGA,FCT Abuja,3690092,Mean Body Mass Index (BMI) for women,25,1,NG,Nigeria,2013,NG2013DHS,AN_NUTS_W_BMI,114563040,I,433011,1433011,Region,..FCT Abuja,0,,0,1,ANNUTSWBMI,NGDHS2013433011,2013,DHS,281,683,,,2
NGA,Benue,147727,Mean Body Mass Index (BMI) for women,22.5,1,NG,Nigeria,2013,NG2013DHS,AN_NUTS_W_BMI,114563040,I,433012,1433012,Region,..Benue,0,,0,1,ANNUTSWBMI,NGDHS2013433012,2013,DHS,1042,748,,,2
NGA,Kogi,1331544,Mean Body Mass Index (BMI) for women,23.5,1,NG,Nigeria,2013,NG2013DHS,AN_NUTS_W_BMI,114563040,I,433013,1433013,Region,..Kogi,0,,0,1,ANNUTSWBMI,NGDHS2013433013,2013,DHS,621,764,,,2
NGA,Kwara,6217157,Mean Body Mass Index (BMI) for women,23.6,1,NG,Nigeria,2013,NG2013DHS,AN_NUTS_W_BMI,114563040,I,433014,1433014,Region,..Kwara,0,,0,1,ANNUTSWBMI,NGDHS2013433014,2013,DHS,546,878,,,2
NGA,Nasarawa,5416252,Mean Body Mass Index (BMI) for women,23.2,1,NG,Nigeria,2013,NG2013DHS,AN_NUTS_W_BMI,114563040,I,433015,1433015,Region,..Nasarawa,0,,0,1,ANNUTSWBMI,NGDHS2013433015,2013,DHS,503,745,,,2
NGA,Niger,5929786,Mean Body Mass Index (BMI) for women,23,1,NG,Nigeria,2013,NG2013DHS,AN_NUTS_W_BMI,114563040,I,433016,1433016,Region,..Niger,0,,0,1,ANNUTSWBMI,NGDHS2013433016,2013,DHS,1192,859,,,2
NGA,Plateau,5452837,Mean Body Mass Index (BMI) for women,23.6,1,NG,Nigeria,2013,NG2013DHS,AN_NUTS_W_BMI,114563040,I,433017,1433017,Region,..Plateau,0,,0,1,ANNUTSWBMI,NGDHS2013433017,2013,DHS,562,745,,,2
NGA,North East,873047,Mean Body Mass Index (BMI) for women,22.2,1,NG,Nigeria,2013,NG2013DHS,AN_NUTS_W_BMI,114563040,I,433006,1433020,Region,North East,0,,0,1,ANNUTSWBMI,NGDHS2013433006,2013,DHS,4659,5377,,,1
NGA,Adamawa,7234722,Mean Body Mass Index (BMI) for women,22.7,1,NG,Nigeria,2013,NG2013DHS,AN_NUTS_W_BMI,114563040,I,433021,1433021,Region,..Adamawa,0,,0,1,ANNUTSWBMI,NGDHS2013433021,2013,DHS,665,898,,,2
NGA,Bauchi,3211822,Mean Body Mass Index (BMI) for women,21.1,1,NG,Nigeria,2013,NG2013DHS,AN_NUTS_W_BMI,114563040,I,433022,1433022,Region,..Bauchi,0,,0,1,ANNUTSWBMI,NGDHS2013433022,2013,DHS,888,918,,,2
NGA,Borno,1324527,Mean Body Mass Index (BMI) for women,22.2,1,NG,Nigeria,2013,NG2013DHS,AN_NUTS_W_BMI,114563040,I,433023,1433023,Region,..Borno,0,,0,1,ANNUTSWBMI,NGDHS2013433023,2013,DHS,1148,641,,,2
NGA,Gombe,5136105,Mean Body Mass Index (BMI) for women,21.5,1,NG,Nigeria,2013,NG2013DHS,AN_NUTS_W_BMI,114563040,I,433024,1433024,Region,..Gombe,0,,0,1,ANNUTSWBMI,NGDHS2013433024,2013,DHS,440,873,,,2
NGA,Taraba,3657229,Mean Body Mass Index (BMI) for women,23,1,NG,Nigeria,2013,NG2013DHS,AN_NUTS_W_BMI,114563040,I,433025,1433025,Region,..Taraba,0,,0,1,ANNUTSWBMI,NGDHS2013433025,2013,DHS,722,1175,,,2
NGA,Yobe,6763836,Mean Body Mass Index (BMI) for women,22.5,1,NG,Nigeria,2013,NG2013DHS,AN_NUTS_W_BMI,114563040,I,433026,1433026,Region,..Yobe,0,,0,1,ANNUTSWBMI,NGDHS2013433026,2013,DHS,796,872,,,2
NGA,North West,6740794,Mean Body Mass Index (BMI) for women,21.9,1,NG,Nigeria,2013,NG2013DHS,AN_NUTS_W_BMI,114563040,I,433007,1433030,Region,North West,0,,0,1,ANNUTSWBMI,NGDHS2013433007,2013,DHS,9522,7745,,,1
NGA,Jigawa,140589,Mean Body Mass Index (BMI) for women,21.9,1,NG,Nigeria,2013,NG2013DHS,AN_NUTS_W_BMI,114563040,I,433031,1433031,Region,..Jigawa,0,,0,1,ANNUTSWBMI,NGDHS2013433031,2013,DHS,1096,977,,,2
NGA,Kaduna,1331546,Mean Body Mass Index (BMI) for women,22.8,1,NG,Nigeria,2013,NG2013DHS,AN_NUTS_W_BMI,114563040,I,433032,1433032,Region,..Kaduna,0,,0,1,ANNUTSWBMI,NGDHS2013433032,2013,DHS,1628,946,,,2
NGA,Kano,6199021,Mean Body Mass Index (BMI) for women,21.7,1,NG,Nigeria,2013,NG2013DHS,AN_NUTS_W_BMI,114563040,I,433033,1433033,Region,..Kano,0,,0,1,ANNUTSWBMI,NGDHS2013433033,2013,DHS,2662,1853,,,2
NGA,Katsina,5409326,Mean Body Mass Index (BMI) for women,21.4,1,NG,Nigeria,2013,NG2013DHS,AN_NUTS_W_BMI,114563040,I,433034,1433034,Region,..Katsina,0,,0,1,ANNUTSWBMI,NGDHS2013433034,2013,DHS,1197,1025,,,2
NGA,Kebbi,5937007,Mean Body Mass Index (BMI) for women,22.3,1,NG,Nigeria,2013,NG2013DHS,AN_NUTS_W_BMI,114563040,I,433035,1433035,Region,..Kebbi,0,,0,1,ANNUTSWBMI,NGDHS2013433035,2013,DHS,991,936,,,2
NGA,Sokoto,7754877,Mean Body Mass Index (BMI) for women,21.2,1,NG,Nigeria,2013,NG2013DHS,AN_NUTS_W_BMI,114563040,I,433036,1433036,Region,..Sokoto,0,,0,1,ANNUTSWBMI,NGDHS2013433036,2013,DHS,885,1062,,,2
NGA,Zamfara,4317611,Mean Body Mass Index (BMI) for women,21.4,1,NG,Nigeria,2013,NG2013DHS,AN_NUTS_W_BMI,114563040,I,433037,1433037,Region,..Zamfara,0,,0,1,ANNUTSWBMI,NGDHS2013433037,2013,DHS,1061,946,,,2
NGA,South East,4248538,Mean Body Mass Index (BMI) for women,23.8,1,NG,Nigeria,2013,NG2013DHS,AN_NUTS_W_BMI,114563040,I,433008,1433040,Region,South East,0,,0,1,ANNUTSWBMI,NGDHS2013433008,2013,DHS,3965,3954,,,1
NGA,Abia,492225,Mean Body Mass Index (BMI) for women,23.7,1,NG,Nigeria,2013,NG2013DHS,AN_NUTS_W_BMI,114563040,I,433041,1433041,Region,..Abia,0,,0,1,ANNUTSWBMI,NGDHS2013433041,2013,DHS,465,720,,,2
NGA,Anambra,1337885,Mean Body Mass Index (BMI) for women,24.7,1,NG,Nigeria,2013,NG2013DHS,AN_NUTS_W_BMI,114563040,I,433042,1433042,Region,..Anambra,0,,0,1,ANNUTSWBMI,NGDHS2013433042,2013,DHS,926,799,,,2
NGA,Ebonyi,5128840,Mean Body Mass Index (BMI) for women,22,1,NG,Nigeria,2013,NG2013DHS,AN_NUTS_W_BMI,114563040,I,433043,1433043,Region,..Ebonyi,0,,0,1,ANNUTSWBMI,NGDHS2013433043,2013,DHS,984,941,,,2
NGA,Enugu,7890813,Mean Body Mass Index (BMI) for women,24,1,NG,Nigeria,2013,NG2013DHS,AN_NUTS_W_BMI,114563040,I,433044,1433044,Region,..Enugu,0,,0,1,ANNUTSWBMI,NGDHS2013433044,2013,DHS,843,856,,,2
NGA,Imo,6733470,Mean Body Mass Index (BMI) for women,24.6,1,NG,Nigeria,2013,NG2013DHS,AN_NUTS_W_BMI,114563040,I,433045,1433045,Region,..Imo,0,,0,1,ANNUTSWBMI,NGDHS2013433045,2013,DHS,747,638,,,2
NGA,South West,6242695,Mean Body Mass Index (BMI) for women,23.9,1,NG,Nigeria,2013,NG2013DHS,AN_NUTS_W_BMI,114563040,I,433009,1433050,Region,South West,0,,0,1,ANNUTSWBMI,NGDHS2013433009,2013,DHS,5569,5234,,,1
NGA,Ekiti,876821,Mean Body Mass Index (BMI) for women,23.7,1,NG,Nigeria,2013,NG2013DHS,AN_NUTS_W_BMI,114563040,I,433051,1433051,Region,..Ekiti,0,,0,1,ANNUTSWBMI,NGDHS2013433051,2013,DHS,297,780,,,2
NGA,Lagos,6564782,Mean Body Mass Index (BMI) for women,25.2,1,NG,Nigeria,2013,NG2013DHS,AN_NUTS_W_BMI,114563040,I,433052,1433052,Region,..Lagos,0,,0,1,ANNUTSWBMI,NGDHS2013433052,2013,DHS,1750,1325,,,2
NGA,Ogun,5411537,Mean Body Mass Index (BMI) for women,23.8,1,NG,Nigeria,2013,NG2013DHS,AN_NUTS_W_BMI,114563040,I,433053,1433053,Region,..Ogun,0,,0,1,ANNUTSWBMI,NGDHS2013433053,2013,DHS,763,585,,,2
NGA,Ondo,5943501,Mean Body Mass Index (BMI) for women,23.6,1,NG,Nigeria,2013,NG2013DHS,AN_NUTS_W_BMI,114563040,I,433054,1433054,Region,..Ondo,0,,0,1,ANNUTSWBMI,NGDHS2013433054,2013,DHS,719,820,,,2
NGA,Osun,7765587,Mean Body Mass Index (BMI) for women,23.3,1,NG,Nigeria,2013,NG2013DHS,AN_NUTS_W_BMI,114563040,I,433055,1433055,Region,..Osun,0,,0,1,ANNUTSWBMI,NGDHS2013433055,2013,DHS,697,941,,,2
NGA,Oyo,1324535,Mean Body Mass Index (BMI) for women,22.9,1,NG,Nigeria,2013,NG2013DHS,AN_NUTS_W_BMI,114563040,I,433056,1433056,Region,..Oyo,0,,0,1,ANNUTSWBMI,NGDHS2013433056,2013,DHS,1343,783,,,2
NGA,South South,5537915,Mean Body Mass Index (BMI) for women,23.9,1,NG,Nigeria,2013,NG2013DHS,AN_NUTS_W_BMI,114563040,I,433010,1433060,Region,South South,0,,0,1,ANNUTSWBMI,NGDHS2013433010,2013,DHS,4352,5335,,,1
NGA,Akwa Ibom,1331568,Mean Body Mass Index (BMI) for women,23.6,1,NG,Nigeria,2013,NG2013DHS,AN_NUTS_W_BMI,114563040,I,433061,1433061,Region,..Akwa Ibom,0,,0,1,ANNUTSWBMI,NGDHS2013433061,2013,DHS,785,890,,,2
NGA,Bayelsa,5134421,Mean Body Mass Index (BMI) for women,23.9,1,NG,Nigeria,2013,NG2013DHS,AN_NUTS_W_BMI,114563040,I,433062,1433062,Region,..Bayelsa,0,,0,1,ANNUTSWBMI,NGDHS2013433062,2013,DHS,310,1045,,,2
NGA,Cross River,3167156,Mean Body Mass Index (BMI) for women,23.3,1,NG,Nigeria,2013,NG2013DHS,AN_NUTS_W_BMI,114563040,I,433063,1433063,Region,..Cross River,0,,0,1,ANNUTSWBMI,NGDHS2013433063,2013,DHS,622,647,,,2
NGA,Delta,6565453,Mean Body Mass Index (BMI) for women,23.4,1,NG,Nigeria,2013,NG2013DHS,AN_NUTS_W_BMI,114563040,I,433064,1433064,Region,..Delta,0,,0,1,ANNUTSWBMI,NGDHS2013433064,2013,DHS,857,979,,,2
NGA,Edo,4550428,Mean Body Mass Index (BMI) for women,24,1,NG,Nigeria,2013,NG2013DHS,AN_NUTS_W_BMI,114563040,I,433065,1433065,Region,..Edo,0,,0,1,ANNUTSWBMI,NGDHS2013433065,2013,DHS,667,975,,,2
NGA,Rivers,7281451,Mean Body Mass Index (BMI) for women,24.7,1,NG,Nigeria,2013,NG2013DHS,AN_NUTS_W_BMI,114563040,I,433066,1433066,Region,..Rivers,0,,0,1,ANNUTSWBMI,NGDHS2013433066,2013,DHS,1111,799,,,2
NGA,North Central,6977666,Women with normal BMI (18.5-24.9),67.5,1,NG,Nigeria,2013,NG2013DHS,AN_NUTS_W_NRM,114563050,I,433005,1433010,Region,North Central,0,,0,1,ANNUTSWNRM,NGDHS2013433005,2013,DHS,4748,5422,,,1
NGA,FCT Abuja,3690093,Women with normal BMI (18.5-24.9),52.2,1,NG,Nigeria,2013,NG2013DHS,AN_NUTS_W_NRM,114563050,I,433011,1433011,Region,..FCT Abuja,0,,0,1,ANNUTSWNRM,NGDHS2013433011,2013,DHS,281,683,,,2
NGA,Benue,147728,Women with normal BMI (18.5-24.9),73.6,1,NG,Nigeria,2013,NG2013DHS,AN_NUTS_W_NRM,114563050,I,433012,1433012,Region,..Benue,0,,0,1,ANNUTSWNRM,NGDHS2013433012,2013,DHS,1042,748,,,2
NGA,Kogi,1331550,Women with normal BMI (18.5-24.9),63.3,1,NG,Nigeria,2013,NG2013DHS,AN_NUTS_W_NRM,114563050,I,433013,1433013,Region,..Kogi,0,,0,1,ANNUTSWNRM,NGDHS2013433013,2013,DHS,621,764,,,2
NGA,Kwara,6217158,Women with normal BMI (18.5-24.9),58.1,1,NG,Nigeria,2013,NG2013DHS,AN_NUTS_W_NRM,114563050,I,433014,1433014,Region,..Kwara,0,,0,1,ANNUTSWNRM,NGDHS2013433014,2013,DHS,546,878,,,2
NGA,Nasarawa,5416253,Women with normal BMI (18.5-24.9),72.3,1,NG,Nigeria,2013,NG2013DHS,AN_NUTS_W_NRM,114563050,I,433015,1433015,Region,..Nasarawa,0,,0,1,ANNUTSWNRM,NGDHS2013433015,2013,DHS,503,745,,,2
NGA,Niger,5929787,Women with normal BMI (18.5-24.9),69.8,1,NG,Nigeria,2013,NG2013DHS,AN_NUTS_W_NRM,114563050,I,433016,1433016,Region,..Niger,0,,0,1,ANNUTSWNRM,NGDHS2013433016,2013,DHS,1192,859,,,2
NGA,Plateau,5452838,Women with normal BMI (18.5-24.9),68.4,1,NG,Nigeria,2013,NG2013DHS,AN_NUTS_W_NRM,114563050,I,433017,1433017,Region,..Plateau,0,,0,1,ANNUTSWNRM,NGDHS2013433017,2013,DHS,562,745,,,2
NGA,North East,873048,Women with normal BMI (18.5-24.9),65.5,1,NG,Nigeria,2013,NG2013DHS,AN_NUTS_W_NRM,114563050,I,433006,1433020,Region,North East,0,,0,1,ANNUTSWNRM,NGDHS2013433006,2013,DHS,4659,5377,,,1
NGA,Adamawa,7234723,Women with normal BMI (18.5-24.9),62.6,1,NG,Nigeria,2013,NG2013DHS,AN_NUTS_W_NRM,114563050,I,433021,1433021,Region,..Adamawa,0,,0,1,ANNUTSWNRM,NGDHS2013433021,2013,DHS,665,898,,,2
NGA,Bauchi,3211823,Women with normal BMI (18.5-24.9),63.5,1,NG,Nigeria,2013,NG2013DHS,AN_NUTS_W_NRM,114563050,I,433022,1433022,Region,..Bauchi,0,,0,1,ANNUTSWNRM,NGDHS2013433022,2013,DHS,888,918,,,2
NGA,Borno,1324528,Women with normal BMI (18.5-24.9),68.3,1,NG,Nigeria,2013,NG2013DHS,AN_NUTS_W_NRM,114563050,I,433023,1433023,Region,..Borno,0,,0,1,ANNUTSWNRM,NGDHS2013433023,2013,DHS,1148,641,,,2
NGA,Gombe,5136106,Women with normal BMI (18.5-24.9),60.6,1,NG,Nigeria,2013,NG2013DHS,AN_NUTS_W_NRM,114563050,I,433024,1433024,Region,..Gombe,0,,0,1,ANNUTSWNRM,NGDHS2013433024,2013,DHS,440,873,,,2
NGA,Taraba,3657230,Women with normal BMI (18.5-24.9),67.2,1,NG,Nigeria,2013,NG2013DHS,AN_NUTS_W_NRM,114563050,I,433025,1433025,Region,..Taraba,0,,0,1,ANNUTSWNRM,NGDHS2013433025,2013,DHS,722,1175,,,2
NGA,Yobe,6763837,Women with normal BMI (18.5-24.9),67,1,NG,Nigeria,2013,NG2013DHS,AN_NUTS_W_NRM,114563050,I,433026,1433026,Region,..Yobe,0,,0,1,ANNUTSWNRM,NGDHS2013433026,2013,DHS,796,872,,,2
NGA,North West,6740804,Women with normal BMI (18.5-24.9),68.4,1,NG,Nigeria,2013,NG2013DHS,AN_NUTS_W_NRM,114563050,I,433007,1433030,Region,North West,0,,0,1,ANNUTSWNRM,NGDHS2013433007,2013,DHS,9522,7745,,,1
NGA,Jigawa,140590,Women with normal BMI (18.5-24.9),66.3,1,NG,Nigeria,2013,NG2013DHS,AN_NUTS_W_NRM,114563050,I,433031,1433031,Region,..Jigawa,0,,0,1,ANNUTSWNRM,NGDHS2013433031,2013,DHS,1096,977,,,2
NGA,Kaduna,1331547,Women with normal BMI (18.5-24.9),67,1,NG,Nigeria,2013,NG2013DHS,AN_NUTS_W_NRM,114563050,I,433032,1433032,Region,..Kaduna,0,,0,1,ANNUTSWNRM,NGDHS2013433032,2013,DHS,1628,946,,,2
NGA,Kano,6199022,Women with normal BMI (18.5-24.9),64.6,1,NG,Nigeria,2013,NG2013DHS,AN_NUTS_W_NRM,114563050,I,433033,1433033,Region,..Kano,0,,0,1,ANNUTSWNRM,NGDHS2013433033,2013,DHS,2662,1853,,,2
NGA,Katsina,5409327,Women with normal BMI (18.5-24.9),74.9,1,NG,Nigeria,2013,NG2013DHS,AN_NUTS_W_NRM,114563050,I,433034,1433034,Region,..Katsina,0,,0,1,ANNUTSWNRM,NGDHS2013433034,2013,DHS,1197,1025,,,2
NGA,Kebbi,5937008,Women with normal BMI (18.5-24.9),71.7,1,NG,Nigeria,2013,NG2013DHS,AN_NUTS_W_NRM,114563050,I,433035,1433035,Region,..Kebbi,0,,0,1,ANNUTSWNRM,NGDHS2013433035,2013,DHS,991,936,,,2
NGA,Sokoto,7754878,Women with normal BMI (18.5-24.9),67.8,1,NG,Nigeria,2013,NG2013DHS,AN_NUTS_W_NRM,114563050,I,433036,1433036,Region,..Sokoto,0,,0,1,ANNUTSWNRM,NGDHS2013433036,2013,DHS,885,1062,,,2
NGA,Zamfara,4317612,Women with normal BMI (18.5-24.9),72.8,1,NG,Nigeria,2013,NG2013DHS,AN_NUTS_W_NRM,114563050,I,433037,1433037,Region,..Zamfara,0,,0,1,ANNUTSWNRM,NGDHS2013433037,2013,DHS,1061,946,,,2
NGA,South East,4248539,Women with normal BMI (18.5-24.9),62.8,1,NG,Nigeria,2013,NG2013DHS,AN_NUTS_W_NRM,114563050,I,433008,1433040,Region,South East,0,,0,1,ANNUTSWNRM,NGDHS2013433008,2013,DHS,3965,3954,,,1
NGA,Abia,492226,Women with normal BMI (18.5-24.9),63,1,NG,Nigeria,2013,NG2013DHS,AN_NUTS_W_NRM,114563050,I,433041,1433041,Region,..Abia,0,,0,1,ANNUTSWNRM,NGDHS2013433041,2013,DHS,465,720,,,2
NGA,Anambra,1337886,Women with normal BMI (18.5-24.9),60.6,1,NG,Nigeria,2013,NG2013DHS,AN_NUTS_W_NRM,114563050,I,433042,1433042,Region,..Anambra,0,,0,1,ANNUTSWNRM,NGDHS2013433042,2013,DHS,926,799,,,2
NGA,Ebonyi,5128841,Women with normal BMI (18.5-24.9),69.9,1,NG,Nigeria,2013,NG2013DHS,AN_NUTS_W_NRM,114563050,I,433043,1433043,Region,..Ebonyi,0,,0,1,ANNUTSWNRM,NGDHS2013433043,2013,DHS,984,941,,,2
NGA,Enugu,7890814,Women with normal BMI (18.5-24.9),61.4,1,NG,Nigeria,2013,NG2013DHS,AN_NUTS_W_NRM,114563050,I,433044,1433044,Region,..Enugu,0,,0,1,ANNUTSWNRM,NGDHS2013433044,2013,DHS,843,856,,,2
NGA,Imo,6733471,Women with normal BMI (18.5-24.9),57.5,1,NG,Nigeria,2013,NG2013DHS,AN_NUTS_W_NRM,114563050,I,433045,1433045,Region,..Imo,0,,0,1,ANNUTSWNRM,NGDHS2013433045,2013,DHS,747,638,,,2
NGA,South West,6242696,Women with normal BMI (18.5-24.9),55.7,1,NG,Nigeria,2013,NG2013DHS,AN_NUTS_W_NRM,114563050,I,433009,1433050,Region,South West,0,,0,1,ANNUTSWNRM,NGDHS2013433009,2013,DHS,5569,5234,,,1
NGA,Ekiti,876822,Women with normal BMI (18.5-24.9),63.3,1,NG,Nigeria,2013,NG2013DHS,AN_NUTS_W_NRM,114563050,I,433051,1433051,Region,..Ekiti,0,,0,1,ANNUTSWNRM,NGDHS2013433051,2013,DHS,297,780,,,2
NGA,Lagos,6564783,Women with normal BMI (18.5-24.9),48.2,1,NG,Nigeria,2013,NG2013DHS,AN_NUTS_W_NRM,114563050,I,433052,1433052,Region,..Lagos,0,,0,1,ANNUTSWNRM,NGDHS2013433052,2013,DHS,1750,1325,,,2
NGA,Ogun,5411547,Women with normal BMI (18.5-24.9),53.2,1,NG,Nigeria,2013,NG2013DHS,AN_NUTS_W_NRM,114563050,I,433053,1433053,Region,..Ogun,0,,0,1,ANNUTSWNRM,NGDHS2013433053,2013,DHS,763,585,,,2
NGA,Ondo,5943502,Women with normal BMI (18.5-24.9),61.1,1,NG,Nigeria,2013,NG2013DHS,AN_NUTS_W_NRM,114563050,I,433054,1433054,Region,..Ondo,0,,0,1,ANNUTSWNRM,NGDHS2013433054,2013,DHS,719,820,,,2
NGA,Osun,7765588,Women with normal BMI (18.5-24.9),62.8,1,NG,Nigeria,2013,NG2013DHS,AN_NUTS_W_NRM,114563050,I,433055,1433055,Region,..Osun,0,,0,1,ANNUTSWNRM,NGDHS2013433055,2013,DHS,697,941,,,2
NGA,Oyo,1324536,Women with normal BMI (18.5-24.9),58.5,1,NG,Nigeria,2013,NG2013DHS,AN_NUTS_W_NRM,114563050,I,433056,1433056,Region,..Oyo,0,,0,1,ANNUTSWNRM,NGDHS2013433056,2013,DHS,1343,783,,,2
NGA,South South,5537916,Women with normal BMI (18.5-24.9),59.9,1,NG,Nigeria,2013,NG2013DHS,AN_NUTS_W_NRM,114563050,I,433010,1433060,Region,South South,0,,0,1,ANNUTSWNRM,NGDHS2013433010,2013,DHS,4352,5335,,,1
NGA,Akwa Ibom,1331571,Women with normal BMI (18.5-24.9),59.6,1,NG,Nigeria,2013,NG2013DHS,AN_NUTS_W_NRM,114563050,I,433061,1433061,Region,..Akwa Ibom,0,,0,1,ANNUTSWNRM,NGDHS2013433061,2013,DHS,785,890,,,2
NGA,Bayelsa,5134422,Women with normal BMI (18.5-24.9),62.8,1,NG,Nigeria,2013,NG2013DHS,AN_NUTS_W_NRM,114563050,I,433062,1433062,Region,..Bayelsa,0,,0,1,ANNUTSWNRM,NGDHS2013433062,2013,DHS,310,1045,,,2
NGA,Cross River,3167157,Women with normal BMI (18.5-24.9),62.7,1,NG,Nigeria,2013,NG2013DHS,AN_NUTS_W_NRM,114563050,I,433063,1433063,Region,..Cross River,0,,0,1,ANNUTSWNRM,NGDHS2013433063,2013,DHS,622,647,,,2
NGA,Delta,6565454,Women with normal BMI (18.5-24.9),65.5,1,NG,Nigeria,2013,NG2013DHS,AN_NUTS_W_NRM,114563050,I,433064,1433064,Region,..Delta,0,,0,1,ANNUTSWNRM,NGDHS2013433064,2013,DHS,857,979,,,2
NGA,Edo,4550429,Women with normal BMI (18.5-24.9),58.7,1,NG,Nigeria,2013,NG2013DHS,AN_NUTS_W_NRM,114563050,I,433065,1433065,Region,..Edo,0,,0,1,ANNUTSWNRM,NGDHS2013433065,2013,DHS,667,975,,,2
NGA,Rivers,7281452,Women with normal BMI (18.5-24.9),54,1,NG,Nigeria,2013,NG2013DHS,AN_NUTS_W_NRM,114563050,I,433066,1433066,Region,..Rivers,0,,0,1,ANNUTSWNRM,NGDHS2013433066,2013,DHS,1111,799,,,2
NGA,North Central,6977667,Women who are thin according to BMI (<18.5),7.2,1,NG,Nigeria,2013,NG2013DHS,AN_NUTS_W_THN,114563060,I,433005,1433010,Region,North Central,0,,0,1,ANNUTSWTHN,NGDHS2013433005,2013,DHS,4748,5422,,,1
NGA,FCT Abuja,3690094,Women who are thin according to BMI (<18.5),4.9,1,NG,Nigeria,2013,NG2013DHS,AN_NUTS_W_THN,114563060,I,433011,1433011,Region,..FCT Abuja,0,,0,1,ANNUTSWTHN,NGDHS2013433011,2013,DHS,281,683,,,2
NGA,Benue,147623,Women who are thin according to BMI (<18.5),8,1,NG,Nigeria,2013,NG2013DHS,AN_NUTS_W_THN,114563060,I,433012,1433012,Region,..Benue,0,,0,1,ANNUTSWTHN,NGDHS2013433012,2013,DHS,1042,748,,,2
NGA,Kogi,1331551,Women who are thin according to BMI (<18.5),9.3,1,NG,Nigeria,2013,NG2013DHS,AN_NUTS_W_THN,114563060,I,433013,1433013,Region,..Kogi,0,,0,1,ANNUTSWTHN,NGDHS2013433013,2013,DHS,621,764,,,2
NGA,Kwara,6217159,Women who are thin according to BMI (<18.5),10.7,1,NG,Nigeria,2013,NG2013DHS,AN_NUTS_W_THN,114563060,I,433014,1433014,Region,..Kwara,0,,0,1,ANNUTSWTHN,NGDHS2013433014,2013,DHS,546,878,,,2
NGA,Nasarawa,5416254,Women who are thin according to BMI (<18.5),4.9,1,NG,Nigeria,2013,NG2013DHS,AN_NUTS_W_THN,114563060,I,433015,1433015,Region,..Nasarawa,0,,0,1,ANNUTSWTHN,NGDHS2013433015,2013,DHS,503,745,,,2
NGA,Niger,5929788,Women who are thin according to BMI (<18.5),6.5,1,NG,Nigeria,2013,NG2013DHS,AN_NUTS_W_THN,114563060,I,433016,1433016,Region,..Niger,0,,0,1,ANNUTSWTHN,NGDHS2013433016,2013,DHS,1192,859,,,2
NGA,Plateau,5452839,Women who are thin according to BMI (<18.5),4.7,1,NG,Nigeria,2013,NG2013DHS,AN_NUTS_W_THN,114563060,I,433017,1433017,Region,..Plateau,0,,0,1,ANNUTSWTHN,NGDHS2013433017,2013,DHS,562,745,,,2
NGA,North East,873049,Women who are thin according to BMI (<18.5),15.9,1,NG,Nigeria,2013,NG2013DHS,AN_NUTS_W_THN,114563060,I,433006,1433020,Region,North East,0,,0,1,ANNUTSWTHN,NGDHS2013433006,2013,DHS,4659,5377,,,1
NGA,Adamawa,7234740,Women who are thin according to BMI (<18.5),14.5,1,NG,Nigeria,2013,NG2013DHS,AN_NUTS_W_THN,114563060,I,433021,1433021,Region,..Adamawa,0,,0,1,ANNUTSWTHN,NGDHS2013433021,2013,DHS,665,898,,,2
NGA,Bauchi,3211824,Women who are thin according to BMI (<18.5),23.1,1,NG,Nigeria,2013,NG2013DHS,AN_NUTS_W_THN,114563060,I,433022,1433022,Region,..Bauchi,0,,0,1,ANNUTSWTHN,NGDHS2013433022,2013,DHS,888,918,,,2
NGA,Borno,1324529,Women who are thin according to BMI (<18.5),15.3,1,NG,Nigeria,2013,NG2013DHS,AN_NUTS_W_THN,114563060,I,433023,1433023,Region,..Borno,0,,0,1,ANNUTSWTHN,NGDHS2013433023,2013,DHS,1148,641,,,2
NGA,Gombe,5136107,Women who are thin according to BMI (<18.5),23.4,1,NG,Nigeria,2013,NG2013DHS,AN_NUTS_W_THN,114563060,I,433024,1433024,Region,..Gombe,0,,0,1,ANNUTSWTHN,NGDHS2013433024,2013,DHS,440,873,,,2
NGA,Taraba,3657231,Women who are thin according to BMI (<18.5),9.1,1,NG,Nigeria,2013,NG2013DHS,AN_NUTS_W_THN,114563060,I,433025,1433025,Region,..Taraba,0,,0,1,ANNUTSWTHN,NGDHS2013433025,2013,DHS,722,1175,,,2
NGA,Yobe,6763838,Women who are thin according to BMI (<18.5),11.8,1,NG,Nigeria,2013,NG2013DHS,AN_NUTS_W_THN,114563060,I,433026,1433026,Region,..Yobe,0,,0,1,ANNUTSWTHN,NGDHS2013433026,2013,DHS,796,872,,,2
NGA,North West,6740805,Women who are thin according to BMI (<18.5),16,1,NG,Nigeria,2013,NG2013DHS,AN_NUTS_W_THN,114563060,I,433007,1433030,Region,North West,0,,0,1,ANNUTSWTHN,NGDHS2013433007,2013,DHS,9522,7745,,,1
NGA,Jigawa,140591,Women who are thin according to BMI (<18.5),20.7,1,NG,Nigeria,2013,NG2013DHS,AN_NUTS_W_THN,114563060,I,433031,1433031,Region,..Jigawa,0,,0,1,ANNUTSWTHN,NGDHS2013433031,2013,DHS,1096,977,,,2
NGA,Kaduna,1331548,Women who are thin according to BMI (<18.5),10.1,1,NG,Nigeria,2013,NG2013DHS,AN_NUTS_W_THN,114563060,I,433032,1433032,Region,..Kaduna,0,,0,1,ANNUTSWTHN,NGDHS2013433032,2013,DHS,1628,946,,,2
NGA,Kano,6199023,Women who are thin according to BMI (<18.5),18.7,1,NG,Nigeria,2013,NG2013DHS,AN_NUTS_W_THN,114563060,I,433033,1433033,Region,..Kano,0,,0,1,ANNUTSWTHN,NGDHS2013433033,2013,DHS,2662,1853,,,2
NGA,Katsina,5409328,Women who are thin according to BMI (<18.5),15.2,1,NG,Nigeria,2013,NG2013DHS,AN_NUTS_W_THN,114563060,I,433034,1433034,Region,..Katsina,0,,0,1,ANNUTSWTHN,NGDHS2013433034,2013,DHS,1197,1025,,,2
NGA,Kebbi,5937019,Women who are thin according to BMI (<18.5),11.1,1,NG,Nigeria,2013,NG2013DHS,AN_NUTS_W_THN,114563060,I,433035,1433035,Region,..Kebbi,0,,0,1,ANNUTSWTHN,NGDHS2013433035,2013,DHS,991,936,,,2
NGA,Sokoto,7754879,Women who are thin according to BMI (<18.5),19.3,1,NG,Nigeria,2013,NG2013DHS,AN_NUTS_W_THN,114563060,I,433036,1433036,Region,..Sokoto,0,,0,1,ANNUTSWTHN,NGDHS2013433036,2013,DHS,885,1062,,,2
NGA,Zamfara,4317614,Women who are thin according to BMI (<18.5),15.8,1,NG,Nigeria,2013,NG2013DHS,AN_NUTS_W_THN,114563060,I,433037,1433037,Region,..Zamfara,0,,0,1,ANNUTSWTHN,NGDHS2013433037,2013,DHS,1061,946,,,2
NGA,South East,4248540,Women who are thin according to BMI (<18.5),7,1,NG,Nigeria,2013,NG2013DHS,AN_NUTS_W_THN,114563060,I,433008,1433040,Region,South East,0,,0,1,ANNUTSWTHN,NGDHS2013433008,2013,DHS,3965,3954,,,1
NGA,Abia,492227,Women who are thin according to BMI (<18.5),6.8,1,NG,Nigeria,2013,NG2013DHS,AN_NUTS_W_THN,114563060,I,433041,1433041,Region,..Abia,0,,0,1,ANNUTSWTHN,NGDHS2013433041,2013,DHS,465,720,,,2
NGA,Anambra,1337887,Women who are thin according to BMI (<18.5),3.2,1,NG,Nigeria,2013,NG2013DHS,AN_NUTS_W_THN,114563060,I,433042,1433042,Region,..Anambra,0,,0,1,ANNUTSWTHN,NGDHS2013433042,2013,DHS,926,799,,,2
NGA,Ebonyi,5128902,Women who are thin according to BMI (<18.5),12.8,1,NG,Nigeria,2013,NG2013DHS,AN_NUTS_W_THN,114563060,I,433043,1433043,Region,..Ebonyi,0,,0,1,ANNUTSWTHN,NGDHS2013433043,2013,DHS,984,941,,,2
NGA,Enugu,7890815,Women who are thin according to BMI (<18.5),5.4,1,NG,Nigeria,2013,NG2013DHS,AN_NUTS_W_THN,114563060,I,433044,1433044,Region,..Enugu,0,,0,1,ANNUTSWTHN,NGDHS2013433044,2013,DHS,843,856,,,2
NGA,Imo,6733472,Women who are thin according to BMI (<18.5),6,1,NG,Nigeria,2013,NG2013DHS,AN_NUTS_W_THN,114563060,I,433045,1433045,Region,..Imo,0,,0,1,ANNUTSWTHN,NGDHS2013433045,2013,DHS,747,638,,,2
NGA,South West,6242697,Women who are thin according to BMI (<18.5),9.8,1,NG,Nigeria,2013,NG2013DHS,AN_NUTS_W_THN,114563060,I,433009,1433050,Region,South West,0,,0,1,ANNUTSWTHN,NGDHS2013433009,2013,DHS,5569,5234,,,1
NGA,Ekiti,876823,Women who are thin according to BMI (<18.5),7.3,1,NG,Nigeria,2013,NG2013DHS,AN_NUTS_W_THN,114563060,I,433051,1433051,Region,..Ekiti,0,,0,1,ANNUTSWTHN,NGDHS2013433051,2013,DHS,297,780,,,2
NGA,Lagos,6564786,Women who are thin according to BMI (<18.5),7.5,1,NG,Nigeria,2013,NG2013DHS,AN_NUTS_W_THN,114563060,I,433052,1433052,Region,..Lagos,0,,0,1,ANNUTSWTHN,NGDHS2013433052,2013,DHS,1750,1325,,,2
NGA,Ogun,5411548,Women who are thin according to BMI (<18.5),11.8,1,NG,Nigeria,2013,NG2013DHS,AN_NUTS_W_THN,114563060,I,433053,1433053,Region,..Ogun,0,,0,1,ANNUTSWTHN,NGDHS2013433053,2013,DHS,763,585,,,2
NGA,Ondo,5943503,Women who are thin according to BMI (<18.5),8.3,1,NG,Nigeria,2013,NG2013DHS,AN_NUTS_W_THN,114563060,I,433054,1433054,Region,..Ondo,0,,0,1,ANNUTSWTHN,NGDHS2013433054,2013,DHS,719,820,,,2
NGA,Osun,7765595,Women who are thin according to BMI (<18.5),9.2,1,NG,Nigeria,2013,NG2013DHS,AN_NUTS_W_THN,114563060,I,433055,1433055,Region,..Osun,0,,0,1,ANNUTSWTHN,NGDHS2013433055,2013,DHS,697,941,,,2
NGA,Oyo,1324537,Women who are thin according to BMI (<18.5),13.5,1,NG,Nigeria,2013,NG2013DHS,AN_NUTS_W_THN,114563060,I,433056,1433056,Region,..Oyo,0,,0,1,ANNUTSWTHN,NGDHS2013433056,2013,DHS,1343,783,,,2
NGA,South South,5537917,Women who are thin according to BMI (<18.5),7.4,1,NG,Nigeria,2013,NG2013DHS,AN_NUTS_W_THN,114563060,I,433010,1433060,Region,South South,0,,0,1,ANNUTSWTHN,NGDHS2013433010,2013,DHS,4352,5335,,,1
NGA,Akwa Ibom,1331572,Women who are thin according to BMI (<18.5),8.2,1,NG,Nigeria,2013,NG2013DHS,AN_NUTS_W_THN,114563060,I,433061,1433061,Region,..Akwa Ibom,0,,0,1,ANNUTSWTHN,NGDHS2013433061,2013,DHS,785,890,,,2
NGA,Bayelsa,5134423,Women who are thin according to BMI (<18.5),5.7,1,NG,Nigeria,2013,NG2013DHS,AN_NUTS_W_THN,114563060,I,433062,1433062,Region,..Bayelsa,0,,0,1,ANNUTSWTHN,NGDHS2013433062,2013,DHS,310,1045,,,2
NGA,Cross River,3167158,Women who are thin according to BMI (<18.5),8.7,1,NG,Nigeria,2013,NG2013DHS,AN_NUTS_W_THN,114563060,I,433063,1433063,Region,..Cross River,0,,0,1,ANNUTSWTHN,NGDHS2013433063,2013,DHS,622,647,,,2
NGA,Delta,6565487,Women who are thin according to BMI (<18.5),7.4,1,NG,Nigeria,2013,NG2013DHS,AN_NUTS_W_THN,114563060,I,433064,1433064,Region,..Delta,0,,0,1,ANNUTSWTHN,NGDHS2013433064,2013,DHS,857,979,,,2
NGA,Edo,4550430,Women who are thin according to BMI (<18.5),8,1,NG,Nigeria,2013,NG2013DHS,AN_NUTS_W_THN,114563060,I,433065,1433065,Region,..Edo,0,,0,1,ANNUTSWTHN,NGDHS2013433065,2013,DHS,667,975,,,2
NGA,Rivers,7281453,Women who are thin according to BMI (<18.5),6.4,1,NG,Nigeria,2013,NG2013DHS,AN_NUTS_W_THN,114563060,I,433066,1433066,Region,..Rivers,0,,0,1,ANNUTSWTHN,NGDHS2013433066,2013,DHS,1111,799,,,2
NGA,North Central,6977668,Women who are mildly thin according to BMI (17.0-18.4),5.3,1,NG,Nigeria,2013,NG2013DHS,AN_NUTS_W_TH1,114563070,I,433005,1433010,Region,North Central,0,,0,1,ANNUTSWTH1,NGDHS2013433005,2013,DHS,4748,5422,,,1
NGA,FCT Abuja,3690095,Women who are mildly thin according to BMI (17.0-18.4),3.6,1,NG,Nigeria,2013,NG2013DHS,AN_NUTS_W_TH1,114563070,I,433011,1433011,Region,..FCT Abuja,0,,0,1,ANNUTSWTH1,NGDHS2013433011,2013,DHS,281,683,,,2
NGA,Benue,147624,Women who are mildly thin according to BMI (17.0-18.4),5.5,1,NG,Nigeria,2013,NG2013DHS,AN_NUTS_W_TH1,114563070,I,433012,1433012,Region,..Benue,0,,0,1,ANNUTSWTH1,NGDHS2013433012,2013,DHS,1042,748,,,2
NGA,Kogi,1331552,Women who are mildly thin according to BMI (17.0-18.4),7.6,1,NG,Nigeria,2013,NG2013DHS,AN_NUTS_W_TH1,114563070,I,433013,1433013,Region,..Kogi,0,,0,1,ANNUTSWTH1,NGDHS2013433013,2013,DHS,621,764,,,2
NGA,Kwara,6217174,Women who are mildly thin according to BMI (17.0-18.4),8.1,1,NG,Nigeria,2013,NG2013DHS,AN_NUTS_W_TH1,114563070,I,433014,1433014,Region,..Kwara,0,,0,1,ANNUTSWTH1,NGDHS2013433014,2013,DHS,546,878,,,2
NGA,Nasarawa,5416255,Women who are mildly thin according to BMI (17.0-18.4),3.8,1,NG,Nigeria,2013,NG2013DHS,AN_NUTS_W_TH1,114563070,I,433015,1433015,Region,..Nasarawa,0,,0,1,ANNUTSWTH1,NGDHS2013433015,2013,DHS,503,745,,,2
NGA,Niger,5929789,Women who are mildly thin according to BMI (17.0-18.4),4.7,1,NG,Nigeria,2013,NG2013DHS,AN_NUTS_W_TH1,114563070,I,433016,1433016,Region,..Niger,0,,0,1,ANNUTSWTH1,NGDHS2013433016,2013,DHS,1192,859,,,2
NGA,Plateau,5452840,Women who are mildly thin according to BMI (17.0-18.4),3.6,1,NG,Nigeria,2013,NG2013DHS,AN_NUTS_W_TH1,114563070,I,433017,1433017,Region,..Plateau,0,,0,1,ANNUTSWTH1,NGDHS2013433017,2013,DHS,562,745,,,2
NGA,North East,873050,Women who are mildly thin according to BMI (17.0-18.4),10.3,1,NG,Nigeria,2013,NG2013DHS,AN_NUTS_W_TH1,114563070,I,433006,1433020,Region,North East,0,,0,1,ANNUTSWTH1,NGDHS2013433006,2013,DHS,4659,5377,,,1
NGA,Adamawa,7234741,Women who are mildly thin according to BMI (17.0-18.4),9.9,1,NG,Nigeria,2013,NG2013DHS,AN_NUTS_W_TH1,114563070,I,433021,1433021,Region,..Adamawa,0,,0,1,ANNUTSWTH1,NGDHS2013433021,2013,DHS,665,898,,,2
NGA,Bauchi,3211825,Women who are mildly thin according to BMI (17.0-18.4),13.9,1,NG,Nigeria,2013,NG2013DHS,AN_NUTS_W_TH1,114563070,I,433022,1433022,Region,..Bauchi,0,,0,1,ANNUTSWTH1,NGDHS2013433022,2013,DHS,888,918,,,2
NGA,Borno,1324530,Women who are mildly thin according to BMI (17.0-18.4),10.3,1,NG,Nigeria,2013,NG2013DHS,AN_NUTS_W_TH1,114563070,I,433023,1433023,Region,..Borno,0,,0,1,ANNUTSWTH1,NGDHS2013433023,2013,DHS,1148,641,,,2
NGA,Gombe,5136108,Women who are mildly thin according to BMI (17.0-18.4),13.8,1,NG,Nigeria,2013,NG2013DHS,AN_NUTS_W_TH1,114563070,I,433024,1433024,Region,..Gombe,0,,0,1,ANNUTSWTH1,NGDHS2013433024,2013,DHS,440,873,,,2
NGA,Taraba,3657232,Women who are mildly thin according to BMI (17.0-18.4),6,1,NG,Nigeria,2013,NG2013DHS,AN_NUTS_W_TH1,114563070,I,433025,1433025,Region,..Taraba,0,,0,1,ANNUTSWTH1,NGDHS2013433025,2013,DHS,722,1175,,,2
NGA,Yobe,6763839,Women who are mildly thin according to BMI (17.0-18.4),8.6,1,NG,Nigeria,2013,NG2013DHS,AN_NUTS_W_TH1,114563070,I,433026,1433026,Region,..Yobe,0,,0,1,ANNUTSWTH1,NGDHS2013433026,2013,DHS,796,872,,,2
NGA,North West,6740806,Women who are mildly thin according to BMI (17.0-18.4),9.4,1,NG,Nigeria,2013,NG2013DHS,AN_NUTS_W_TH1,114563070,I,433007,1433030,Region,North West,0,,0,1,ANNUTSWTH1,NGDHS2013433007,2013,DHS,9522,7745,,,1
NGA,Jigawa,140592,Women who are mildly thin according to BMI (17.0-18.4),14.1,1,NG,Nigeria,2013,NG2013DHS,AN_NUTS_W_TH1,114563070,I,433031,1433031,Region,..Jigawa,0,,0,1,ANNUTSWTH1,NGDHS2013433031,2013,DHS,1096,977,,,2
NGA,Kaduna,1331549,Women who are mildly thin according to BMI (17.0-18.4),6.8,1,NG,Nigeria,2013,NG2013DHS,AN_NUTS_W_TH1,114563070,I,433032,1433032,Region,..Kaduna,0,,0,1,ANNUTSWTH1,NGDHS2013433032,2013,DHS,1628,946,,,2
NGA,Kano,6199026,Women who are mildly thin according to BMI (17.0-18.4),8.6,1,NG,Nigeria,2013,NG2013DHS,AN_NUTS_W_TH1,114563070,I,433033,1433033,Region,..Kano,0,,0,1,ANNUTSWTH1,NGDHS2013433033,2013,DHS,2662,1853,,,2
NGA,Katsina,5409329,Women who are mildly thin according to BMI (17.0-18.4),11.3,1,NG,Nigeria,2013,NG2013DHS,AN_NUTS_W_TH1,114563070,I,433034,1433034,Region,..Katsina,0,,0,1,ANNUTSWTH1,NGDHS2013433034,2013,DHS,1197,1025,,,2
NGA,Kebbi,5937020,Women who are mildly thin according to BMI (17.0-18.4),8,1,NG,Nigeria,2013,NG2013DHS,AN_NUTS_W_TH1,114563070,I,433035,1433035,Region,..Kebbi,0,,0,1,ANNUTSWTH1,NGDHS2013433035,2013,DHS,991,936,,,2
NGA,Sokoto,7754880,Women who are mildly thin according to BMI (17.0-18.4),10.2,1,NG,Nigeria,2013,NG2013DHS,AN_NUTS_W_TH1,114563070,I,433036,1433036,Region,..Sokoto,0,,0,1,ANNUTSWTH1,NGDHS2013433036,2013,DHS,885,1062,,,2
NGA,Zamfara,4317615,Women who are mildly thin according to BMI (17.0-18.4),8.9,1,NG,Nigeria,2013,NG2013DHS,AN_NUTS_W_TH1,114563070,I,433037,1433037,Region,..Zamfara,0,,0,1,ANNUTSWTH1,NGDHS2013433037,2013,DHS,1061,946,,,2
NGA,South East,4248541,Women who are mildly thin according to BMI (17.0-18.4),5.3,1,NG,Nigeria,2013,NG2013DHS,AN_NUTS_W_TH1,114563070,I,433008,1433040,Region,South East,0,,0,1,ANNUTSWTH1,NGDHS2013433008,2013,DHS,3965,3954,,,1
NGA,Abia,492228,Women who are mildly thin according to BMI (17.0-18.4),5.2,1,NG,Nigeria,2013,NG2013DHS,AN_NUTS_W_TH1,114563070,I,433041,1433041,Region,..Abia,0,,0,1,ANNUTSWTH1,NGDHS2013433041,2013,DHS,465,720,,,2
NGA,Anambra,1337888,Women who are mildly thin according to BMI (17.0-18.4),2.2,1,NG,Nigeria,2013,NG2013DHS,AN_NUTS_W_TH1,114563070,I,433042,1433042,Region,..Anambra,0,,0,1,ANNUTSWTH1,NGDHS2013433042,2013,DHS,926,799,,,2
NGA,Ebonyi,5128903,Women who are mildly thin according to BMI (17.0-18.4),10.2,1,NG,Nigeria,2013,NG2013DHS,AN_NUTS_W_TH1,114563070,I,433043,1433043,Region,..Ebonyi,0,,0,1,ANNUTSWTH1,NGDHS2013433043,2013,DHS,984,941,,,2
NGA,Enugu,7890816,Women who are mildly thin according to BMI (17.0-18.4),4.5,1,NG,Nigeria,2013,NG2013DHS,AN_NUTS_W_TH1,114563070,I,433044,1433044,Region,..Enugu,0,,0,1,ANNUTSWTH1,NGDHS2013433044,2013,DHS,843,856,,,2
NGA,Imo,6733479,Women who are mildly thin according to BMI (17.0-18.4),3.7,1,NG,Nigeria,2013,NG2013DHS,AN_NUTS_W_TH1,114563070,I,433045,1433045,Region,..Imo,0,,0,1,ANNUTSWTH1,NGDHS2013433045,2013,DHS,747,638,,,2
NGA,South West,6242698,Women who are mildly thin according to BMI (17.0-18.4),7.1,1,NG,Nigeria,2013,NG2013DHS,AN_NUTS_W_TH1,114563070,I,433009,1433050,Region,South West,0,,0,1,ANNUTSWTH1,NGDHS2013433009,2013,DHS,5569,5234,,,1
NGA,Ekiti,876824,Women who are mildly thin according to BMI (17.0-18.4),6.2,1,NG,Nigeria,2013,NG2013DHS,AN_NUTS_W_TH1,114563070,I,433051,1433051,Region,..Ekiti,0,,0,1,ANNUTSWTH1,NGDHS2013433051,2013,DHS,297,780,,,2
NGA,Lagos,6564787,Women who are mildly thin according to BMI (17.0-18.4),5.6,1,NG,Nigeria,2013,NG2013DHS,AN_NUTS_W_TH1,114563070,I,433052,1433052,Region,..Lagos,0,,0,1,ANNUTSWTH1,NGDHS2013433052,2013,DHS,1750,1325,,,2
NGA,Ogun,5411549,Women who are mildly thin according to BMI (17.0-18.4),8.6,1,NG,Nigeria,2013,NG2013DHS,AN_NUTS_W_TH1,114563070,I,433053,1433053,Region,..Ogun,0,,0,1,ANNUTSWTH1,NGDHS2013433053,2013,DHS,763,585,,,2
NGA,Ondo,5943504,Women who are mildly thin according to BMI (17.0-18.4),6.3,1,NG,Nigeria,2013,NG2013DHS,AN_NUTS_W_TH1,114563070,I,433054,1433054,Region,..Ondo,0,,0,1,ANNUTSWTH1,NGDHS2013433054,2013,DHS,719,820,,,2
NGA,Osun,7765596,Women who are mildly thin according to BMI (17.0-18.4),7.1,1,NG,Nigeria,2013,NG2013DHS,AN_NUTS_W_TH1,114563070,I,433055,1433055,Region,..Osun,0,,0,1,ANNUTSWTH1,NGDHS2013433055,2013,DHS,697,941,,,2
NGA,Oyo,1324538,Women who are mildly thin according to BMI (17.0-18.4),9,1,NG,Nigeria,2013,NG2013DHS,AN_NUTS_W_TH1,114563070,I,433056,1433056,Region,..Oyo,0,,0,1,ANNUTSWTH1,NGDHS2013433056,2013,DHS,1343,783,,,2
NGA,South South,5537918,Women who are mildly thin according to BMI (17.0-18.4),5.2,1,NG,Nigeria,2013,NG2013DHS,AN_NUTS_W_TH1,114563070,I,433010,1433060,Region,South South,0,,0,1,ANNUTSWTH1,NGDHS2013433010,2013,DHS,4352,5335,,,1
NGA,Akwa Ibom,1331573,Women who are mildly thin according to BMI (17.0-18.4),5.5,1,NG,Nigeria,2013,NG2013DHS,AN_NUTS_W_TH1,114563070,I,433061,1433061,Region,..Akwa Ibom,0,,0,1,ANNUTSWTH1,NGDHS2013433061,2013,DHS,785,890,,,2
NGA,Bayelsa,5134424,Women who are mildly thin according to BMI (17.0-18.4),4.2,1,NG,Nigeria,2013,NG2013DHS,AN_NUTS_W_TH1,114563070,I,433062,1433062,Region,..Bayelsa,0,,0,1,ANNUTSWTH1,NGDHS2013433062,2013,DHS,310,1045,,,2
NGA,Cross River,3167159,Women who are mildly thin according to BMI (17.0-18.4),7.2,1,NG,Nigeria,2013,NG2013DHS,AN_NUTS_W_TH1,114563070,I,433063,1433063,Region,..Cross River,0,,0,1,ANNUTSWTH1,NGDHS2013433063,2013,DHS,622,647,,,2
NGA,Delta,6565488,Women who are mildly thin according to BMI (17.0-18.4),4.9,1,NG,Nigeria,2013,NG2013DHS,AN_NUTS_W_TH1,114563070,I,433064,1433064,Region,..Delta,0,,0,1,ANNUTSWTH1,NGDHS2013433064,2013,DHS,857,979,,,2
NGA,Edo,4550431,Women who are mildly thin according to BMI (17.0-18.4),5.4,1,NG,Nigeria,2013,NG2013DHS,AN_NUTS_W_TH1,114563070,I,433065,1433065,Region,..Edo,0,,0,1,ANNUTSWTH1,NGDHS2013433065,2013,DHS,667,975,,,2
NGA,Rivers,7281454,Women who are mildly thin according to BMI (17.0-18.4),4.2,1,NG,Nigeria,2013,NG2013DHS,AN_NUTS_W_TH1,114563070,I,433066,1433066,Region,..Rivers,0,,0,1,ANNUTSWTH1,NGDHS2013433066,2013,DHS,1111,799,,,2
NGA,North Central,6977664,Women who are moderately thin according to BMI (<17.0),1.9,1,NG,Nigeria,2013,NG2013DHS,AN_NUTS_W_TH2,114563080,I,433005,1433010,Region,North Central,0,,0,1,ANNUTSWTH2,NGDHS2013433005,2013,DHS,4748,5422,,,1
NGA,FCT Abuja,3690108,Women who are moderately thin according to BMI (<17.0),1.3,1,NG,Nigeria,2013,NG2013DHS,AN_NUTS_W_TH2,114563080,I,433011,1433011,Region,..FCT Abuja,0,,0,1,ANNUTSWTH2,NGDHS2013433011,2013,DHS,281,683,,,2
NGA,Benue,147625,Women who are moderately thin according to BMI (<17.0),2.5,1,NG,Nigeria,2013,NG2013DHS,AN_NUTS_W_TH2,114563080,I,433012,1433012,Region,..Benue,0,,0,1,ANNUTSWTH2,NGDHS2013433012,2013,DHS,1042,748,,,2
NGA,Kogi,1331553,Women who are moderately thin according to BMI (<17.0),1.7,1,NG,Nigeria,2013,NG2013DHS,AN_NUTS_W_TH2,114563080,I,433013,1433013,Region,..Kogi,0,,0,1,ANNUTSWTH2,NGDHS2013433013,2013,DHS,621,764,,,2
NGA,Kwara,6217148,Women who are moderately thin according to BMI (<17.0),2.6,1,NG,Nigeria,2013,NG2013DHS,AN_NUTS_W_TH2,114563080,I,433014,1433014,Region,..Kwara,0,,0,1,ANNUTSWTH2,NGDHS2013433014,2013,DHS,546,878,,,2
NGA,Nasarawa,5416256,Women who are moderately thin according to BMI (<17.0),1.2,1,NG,Nigeria,2013,NG2013DHS,AN_NUTS_W_TH2,114563080,I,433015,1433015,Region,..Nasarawa,0,,0,1,ANNUTSWTH2,NGDHS2013433015,2013,DHS,503,745,,,2
NGA,Niger,5929790,Women who are moderately thin according to BMI (<17.0),1.9,1,NG,Nigeria,2013,NG2013DHS,AN_NUTS_W_TH2,114563080,I,433016,1433016,Region,..Niger,0,,0,1,ANNUTSWTH2,NGDHS2013433016,2013,DHS,1192,859,,,2
NGA,Plateau,5452841,Women who are moderately thin according to BMI (<17.0),1.1,1,NG,Nigeria,2013,NG2013DHS,AN_NUTS_W_TH2,114563080,I,433017,1433017,Region,..Plateau,0,,0,1,ANNUTSWTH2,NGDHS2013433017,2013,DHS,562,745,,,2
NGA,North East,873045,Women who are moderately thin according to BMI (<17.0),5.5,1,NG,Nigeria,2013,NG2013DHS,AN_NUTS_W_TH2,114563080,I,433006,1433020,Region,North East,0,,0,1,ANNUTSWTH2,NGDHS2013433006,2013,DHS,4659,5377,,,1
NGA,Adamawa,7234742,Women who are moderately thin according to BMI (<17.0),4.6,1,NG,Nigeria,2013,NG2013DHS,AN_NUTS_W_TH2,114563080,I,433021,1433021,Region,..Adamawa,0,,0,1,ANNUTSWTH2,NGDHS2013433021,2013,DHS,665,898,,,2
NGA,Bauchi,3211826,Women who are moderately thin according to BMI (<17.0),9.1,1,NG,Nigeria,2013,NG2013DHS,AN_NUTS_W_TH2,114563080,I,433022,1433022,Region,..Bauchi,0,,0,1,ANNUTSWTH2,NGDHS2013433022,2013,DHS,888,918,,,2
NGA,Borno,1324531,Women who are moderately thin according to BMI (<17.0),5,1,NG,Nigeria,2013,NG2013DHS,AN_NUTS_W_TH2,114563080,I,433023,1433023,Region,..Borno,0,,0,1,ANNUTSWTH2,NGDHS2013433023,2013,DHS,1148,641,,,2
NGA,Gombe,5136159,Women who are moderately thin according to BMI (<17.0),9.6,1,NG,Nigeria,2013,NG2013DHS,AN_NUTS_W_TH2,114563080,I,433024,1433024,Region,..Gombe,0,,0,1,ANNUTSWTH2,NGDHS2013433024,2013,DHS,440,873,,,2
NGA,Taraba,3657233,Women who are moderately thin according to BMI (<17.0),3,1,NG,Nigeria,2013,NG2013DHS,AN_NUTS_W_TH2,114563080,I,433025,1433025,Region,..Taraba,0,,0,1,ANNUTSWTH2,NGDHS2013433025,2013,DHS,722,1175,,,2
NGA,Yobe,6763840,Women who are moderately thin according to BMI (<17.0),3.1,1,NG,Nigeria,2013,NG2013DHS,AN_NUTS_W_TH2,114563080,I,433026,1433026,Region,..Yobe,0,,0,1,ANNUTSWTH2,NGDHS2013433026,2013,DHS,796,872,,,2
NGA,North West,6740807,Women who are moderately thin according to BMI (<17.0),6.6,1,NG,Nigeria,2013,NG2013DHS,AN_NUTS_W_TH2,114563080,I,433007,1433030,Region,North West,0,,0,1,ANNUTSWTH2,NGDHS2013433007,2013,DHS,9522,7745,,,1
NGA,Jigawa,140593,Women who are moderately thin according to BMI (<17.0),6.6,1,NG,Nigeria,2013,NG2013DHS,AN_NUTS_W_TH2,114563080,I,433031,1433031,Region,..Jigawa,0,,0,1,ANNUTSWTH2,NGDHS2013433031,2013,DHS,1096,977,,,2
NGA,Kaduna,1331562,Women who are moderately thin according to BMI (<17.0),3.3,1,NG,Nigeria,2013,NG2013DHS,AN_NUTS_W_TH2,114563080,I,433032,1433032,Region,..Kaduna,0,,0,1,ANNUTSWTH2,NGDHS2013433032,2013,DHS,1628,946,,,2
NGA,Kano,6199027,Women who are moderately thin according to BMI (<17.0),10.1,1,NG,Nigeria,2013,NG2013DHS,AN_NUTS_W_TH2,114563080,I,433033,1433033,Region,..Kano,0,,0,1,ANNUTSWTH2,NGDHS2013433033,2013,DHS,2662,1853,,,2
NGA,Katsina,5409332,Women who are moderately thin according to BMI (<17.0),3.8,1,NG,Nigeria,2013,NG2013DHS,AN_NUTS_W_TH2,114563080,I,433034,1433034,Region,..Katsina,0,,0,1,ANNUTSWTH2,NGDHS2013433034,2013,DHS,1197,1025,,,2
NGA,Kebbi,5937023,Women who are moderately thin according to BMI (<17.0),3.2,1,NG,Nigeria,2013,NG2013DHS,AN_NUTS_W_TH2,114563080,I,433035,1433035,Region,..Kebbi,0,,0,1,ANNUTSWTH2,NGDHS2013433035,2013,DHS,991,936,,,2
NGA,Sokoto,7754874,Women who are moderately thin according to BMI (<17.0),9.1,1,NG,Nigeria,2013,NG2013DHS,AN_NUTS_W_TH2,114563080,I,433036,1433036,Region,..Sokoto,0,,0,1,ANNUTSWTH2,NGDHS2013433036,2013,DHS,885,1062,,,2
NGA,Zamfara,4317616,Women who are moderately thin according to BMI (<17.0),7,1,NG,Nigeria,2013,NG2013DHS,AN_NUTS_W_TH2,114563080,I,433037,1433037,Region,..Zamfara,0,,0,1,ANNUTSWTH2,NGDHS2013433037,2013,DHS,1061,946,,,2
NGA,South East,4248536,Women who are moderately thin according to BMI (<17.0),1.7,1,NG,Nigeria,2013,NG2013DHS,AN_NUTS_W_TH2,114563080,I,433008,1433040,Region,South East,0,,0,1,ANNUTSWTH2,NGDHS2013433008,2013,DHS,3965,3954,,,1
NGA,Abia,492229,Women who are moderately thin according to BMI (<17.0),1.6,1,NG,Nigeria,2013,NG2013DHS,AN_NUTS_W_TH2,114563080,I,433041,1433041,Region,..Abia,0,,0,1,ANNUTSWTH2,NGDHS2013433041,2013,DHS,465,720,,,2
NGA,Anambra,1337889,Women who are moderately thin according to BMI (<17.0),1,1,NG,Nigeria,2013,NG2013DHS,AN_NUTS_W_TH2,114563080,I,433042,1433042,Region,..Anambra,0,,0,1,ANNUTSWTH2,NGDHS2013433042,2013,DHS,926,799,,,2
NGA,Ebonyi,5128904,Women who are moderately thin according to BMI (<17.0),2.6,1,NG,Nigeria,2013,NG2013DHS,AN_NUTS_W_TH2,114563080,I,433043,1433043,Region,..Ebonyi,0,,0,1,ANNUTSWTH2,NGDHS2013433043,2013,DHS,984,941,,,2
NGA,Enugu,7890817,Women who are moderately thin according to BMI (<17.0),0.9,1,NG,Nigeria,2013,NG2013DHS,AN_NUTS_W_TH2,114563080,I,433044,1433044,Region,..Enugu,0,,0,1,ANNUTSWTH2,NGDHS2013433044,2013,DHS,843,856,,,2
NGA,Imo,6733480,Women who are moderately thin according to BMI (<17.0),2.3,1,NG,Nigeria,2013,NG2013DHS,AN_NUTS_W_TH2,114563080,I,433045,1433045,Region,..Imo,0,,0,1,ANNUTSWTH2,NGDHS2013433045,2013,DHS,747,638,,,2
NGA,South West,6242700,Women who are moderately thin according to BMI (<17.0),2.7,1,NG,Nigeria,2013,NG2013DHS,AN_NUTS_W_TH2,114563080,I,433009,1433050,Region,South West,0,,0,1,ANNUTSWTH2,NGDHS2013433009,2013,DHS,5569,5234,,,1
NGA,Ekiti,876825,Women who are moderately thin according to BMI (<17.0),1.1,1,NG,Nigeria,2013,NG2013DHS,AN_NUTS_W_TH2,114563080,I,433051,1433051,Region,..Ekiti,0,,0,1,ANNUTSWTH2,NGDHS2013433051,2013,DHS,297,780,,,2
NGA,Lagos,6564784,Women who are moderately thin according to BMI (<17.0),1.9,1,NG,Nigeria,2013,NG2013DHS,AN_NUTS_W_TH2,114563080,I,433052,1433052,Region,..Lagos,0,,0,1,ANNUTSWTH2,NGDHS2013433052,2013,DHS,1750,1325,,,2
NGA,Ogun,5411373,Women who are moderately thin according to BMI (<17.0),3.2,1,NG,Nigeria,2013,NG2013DHS,AN_NUTS_W_TH2,114563080,I,433053,1433053,Region,..Ogun,0,,0,1,ANNUTSWTH2,NGDHS2013433053,2013,DHS,763,585,,,2
NGA,Ondo,5943505,Women who are moderately thin according to BMI (<17.0),2,1,NG,Nigeria,2013,NG2013DHS,AN_NUTS_W_TH2,114563080,I,433054,1433054,Region,..Ondo,0,,0,1,ANNUTSWTH2,NGDHS2013433054,2013,DHS,719,820,,,2
NGA,Osun,7765597,Women who are moderately thin according to BMI (<17.0),2,1,NG,Nigeria,2013,NG2013DHS,AN_NUTS_W_TH2,114563080,I,433055,1433055,Region,..Osun,0,,0,1,ANNUTSWTH2,NGDHS2013433055,2013,DHS,697,941,,,2
NGA,Oyo,1324539,Women who are moderately thin according to BMI (<17.0),4.5,1,NG,Nigeria,2013,NG2013DHS,AN_NUTS_W_TH2,114563080,I,433056,1433056,Region,..Oyo,0,,0,1,ANNUTSWTH2,NGDHS2013433056,2013,DHS,1343,783,,,2
NGA,South South,5537919,Women who are moderately thin according to BMI (<17.0),2.3,1,NG,Nigeria,2013,NG2013DHS,AN_NUTS_W_TH2,114563080,I,433010,1433060,Region,South South,0,,0,1,ANNUTSWTH2,NGDHS2013433010,2013,DHS,4352,5335,,,1
NGA,Akwa Ibom,1331566,Women who are moderately thin according to BMI (<17.0),2.7,1,NG,Nigeria,2013,NG2013DHS,AN_NUTS_W_TH2,114563080,I,433061,1433061,Region,..Akwa Ibom,0,,0,1,ANNUTSWTH2,NGDHS2013433061,2013,DHS,785,890,,,2
NGA,Bayelsa,5134425,Women who are moderately thin according to BMI (<17.0),1.5,1,NG,Nigeria,2013,NG2013DHS,AN_NUTS_W_TH2,114563080,I,433062,1433062,Region,..Bayelsa,0,,0,1,ANNUTSWTH2,NGDHS2013433062,2013,DHS,310,1045,,,2
NGA,Cross River,3167160,Women who are moderately thin according to BMI (<17.0),1.5,1,NG,Nigeria,2013,NG2013DHS,AN_NUTS_W_TH2,114563080,I,433063,1433063,Region,..Cross River,0,,0,1,ANNUTSWTH2,NGDHS2013433063,2013,DHS,622,647,,,2
NGA,Delta,6565451,Women who are moderately thin according to BMI (<17.0),2.5,1,NG,Nigeria,2013,NG2013DHS,AN_NUTS_W_TH2,114563080,I,433064,1433064,Region,..Delta,0,,0,1,ANNUTSWTH2,NGDHS2013433064,2013,DHS,857,979,,,2
NGA,Edo,4550421,Women who are moderately thin according to BMI (<17.0),2.7,1,NG,Nigeria,2013,NG2013DHS,AN_NUTS_W_TH2,114563080,I,433065,1433065,Region,..Edo,0,,0,1,ANNUTSWTH2,NGDHS2013433065,2013,DHS,667,975,,,2
NGA,Rivers,7281449,Women who are moderately thin according to BMI (<17.0),2.2,1,NG,Nigeria,2013,NG2013DHS,AN_NUTS_W_TH2,114563080,I,433066,1433066,Region,..Rivers,0,,0,1,ANNUTSWTH2,NGDHS2013433066,2013,DHS,1111,799,,,2
NGA,North Central,6977665,Women who are overweight or obese according to BMI (>=25.0),25.3,1,NG,Nigeria,2013,NG2013DHS,AN_NUTS_W_OWT,114563090,I,433005,1433010,Region,North Central,0,,0,1,ANNUTSWOWT,NGDHS2013433005,2013,DHS,4748,5422,,,1
NGA,FCT Abuja,3690111,Women who are overweight or obese according to BMI (>=25.0),42.9,1,NG,Nigeria,2013,NG2013DHS,AN_NUTS_W_OWT,114563090,I,433011,1433011,Region,..FCT Abuja,0,,0,1,ANNUTSWOWT,NGDHS2013433011,2013,DHS,281,683,,,2
NGA,Benue,147669,Women who are overweight or obese according to BMI (>=25.0),18.4,1,NG,Nigeria,2013,NG2013DHS,AN_NUTS_W_OWT,114563090,I,433012,1433012,Region,..Benue,0,,0,1,ANNUTSWOWT,NGDHS2013433012,2013,DHS,1042,748,,,2
NGA,Kogi,1331560,Women who are overweight or obese according to BMI (>=25.0),27.4,1,NG,Nigeria,2013,NG2013DHS,AN_NUTS_W_OWT,114563090,I,433013,1433013,Region,..Kogi,0,,0,1,ANNUTSWOWT,NGDHS2013433013,2013,DHS,621,764,,,2
NGA,Kwara,6217155,Women who are overweight or obese according to BMI (>=25.0),31.2,1,NG,Nigeria,2013,NG2013DHS,AN_NUTS_W_OWT,114563090,I,433014,1433014,Region,..Kwara,0,,0,1,ANNUTSWOWT,NGDHS2013433014,2013,DHS,546,878,,,2
NGA,Nasarawa,5416258,Women who are overweight or obese according to BMI (>=25.0),22.8,1,NG,Nigeria,2013,NG2013DHS,AN_NUTS_W_OWT,114563090,I,433015,1433015,Region,..Nasarawa,0,,0,1,ANNUTSWOWT,NGDHS2013433015,2013,DHS,503,745,,,2
NGA,Niger,5929792,Women who are overweight or obese according to BMI (>=25.0),23.7,1,NG,Nigeria,2013,NG2013DHS,AN_NUTS_W_OWT,114563090,I,433016,1433016,Region,..Niger,0,,0,1,ANNUTSWOWT,NGDHS2013433016,2013,DHS,1192,859,,,2
NGA,Plateau,5452842,Women who are overweight or obese according to BMI (>=25.0),26.9,1,NG,Nigeria,2013,NG2013DHS,AN_NUTS_W_OWT,114563090,I,433017,1433017,Region,..Plateau,0,,0,1,ANNUTSWOWT,NGDHS2013433017,2013,DHS,562,745,,,2
NGA,North East,873051,Women who are overweight or obese according to BMI (>=25.0),18.7,1,NG,Nigeria,2013,NG2013DHS,AN_NUTS_W_OWT,114563090,I,433006,1433020,Region,North East,0,,0,1,ANNUTSWOWT,NGDHS2013433006,2013,DHS,4659,5377,,,1
NGA,Adamawa,7234720,Women who are overweight or obese according to BMI (>=25.0),22.9,1,NG,Nigeria,2013,NG2013DHS,AN_NUTS_W_OWT,114563090,I,433021,1433021,Region,..Adamawa,0,,0,1,ANNUTSWOWT,NGDHS2013433021,2013,DHS,665,898,,,2
NGA,Bauchi,3211827,Women who are overweight or obese according to BMI (>=25.0),13.4,1,NG,Nigeria,2013,NG2013DHS,AN_NUTS_W_OWT,114563090,I,433022,1433022,Region,..Bauchi,0,,0,1,ANNUTSWOWT,NGDHS2013433022,2013,DHS,888,918,,,2
NGA,Borno,1324549,Women who are overweight or obese according to BMI (>=25.0),16.4,1,NG,Nigeria,2013,NG2013DHS,AN_NUTS_W_OWT,114563090,I,433023,1433023,Region,..Borno,0,,0,1,ANNUTSWOWT,NGDHS2013433023,2013,DHS,1148,641,,,2
NGA,Gombe,5136104,Women who are overweight or obese according to BMI (>=25.0),16,1,NG,Nigeria,2013,NG2013DHS,AN_NUTS_W_OWT,114563090,I,433024,1433024,Region,..Gombe,0,,0,1,ANNUTSWOWT,NGDHS2013433024,2013,DHS,440,873,,,2
NGA,Taraba,3657288,Women who are overweight or obese according to BMI (>=25.0),23.7,1,NG,Nigeria,2013,NG2013DHS,AN_NUTS_W_OWT,114563090,I,433025,1433025,Region,..Taraba,0,,0,1,ANNUTSWOWT,NGDHS2013433025,2013,DHS,722,1175,,,2
NGA,Yobe,6763842,Women who are overweight or obese according to BMI (>=25.0),21.2,1,NG,Nigeria,2013,NG2013DHS,AN_NUTS_W_OWT,114563090,I,433026,1433026,Region,..Yobe,0,,0,1,ANNUTSWOWT,NGDHS2013433026,2013,DHS,796,872,,,2
NGA,North West,6740809,Women who are overweight or obese according to BMI (>=25.0),15.6,1,NG,Nigeria,2013,NG2013DHS,AN_NUTS_W_OWT,114563090,I,433007,1433030,Region,North West,0,,0,1,ANNUTSWOWT,NGDHS2013433007,2013,DHS,9522,7745,,,1
NGA,Jigawa,140595,Women who are overweight or obese according to BMI (>=25.0),13,1,NG,Nigeria,2013,NG2013DHS,AN_NUTS_W_OWT,114563090,I,433031,1433031,Region,..Jigawa,0,,0,1,ANNUTSWOWT,NGDHS2013433031,2013,DHS,1096,977,,,2
NGA,Kaduna,1331564,Women who are overweight or obese according to BMI (>=25.0),22.9,1,NG,Nigeria,2013,NG2013DHS,AN_NUTS_W_OWT,114563090,I,433032,1433032,Region,..Kaduna,0,,0,1,ANNUTSWOWT,NGDHS2013433032,2013,DHS,1628,946,,,2
NGA,Kano,6199024,Women who are overweight or obese according to BMI (>=25.0),16.7,1,NG,Nigeria,2013,NG2013DHS,AN_NUTS_W_OWT,114563090,I,433033,1433033,Region,..Kano,0,,0,1,ANNUTSWOWT,NGDHS2013433033,2013,DHS,2662,1853,,,2
NGA,Katsina,5409330,Women who are overweight or obese according to BMI (>=25.0),10,1,NG,Nigeria,2013,NG2013DHS,AN_NUTS_W_OWT,114563090,I,433034,1433034,Region,..Katsina,0,,0,1,ANNUTSWOWT,NGDHS2013433034,2013,DHS,1197,1025,,,2
NGA,Kebbi,5937021,Women who are overweight or obese according to BMI (>=25.0),17.2,1,NG,Nigeria,2013,NG2013DHS,AN_NUTS_W_OWT,114563090,I,433035,1433035,Region,..Kebbi,0,,0,1,ANNUTSWOWT,NGDHS2013433035,2013,DHS,991,936,,,2
NGA,Sokoto,7754881,Women who are overweight or obese according to BMI (>=25.0),13,1,NG,Nigeria,2013,NG2013DHS,AN_NUTS_W_OWT,114563090,I,433036,1433036,Region,..Sokoto,0,,0,1,ANNUTSWOWT,NGDHS2013433036,2013,DHS,885,1062,,,2
NGA,Zamfara,4317619,Women who are overweight or obese according to BMI (>=25.0),11.4,1,NG,Nigeria,2013,NG2013DHS,AN_NUTS_W_OWT,114563090,I,433037,1433037,Region,..Zamfara,0,,0,1,ANNUTSWOWT,NGDHS2013433037,2013,DHS,1061,946,,,2
NGA,South East,4248535,Women who are overweight or obese according to BMI (>=25.0),30.2,1,NG,Nigeria,2013,NG2013DHS,AN_NUTS_W_OWT,114563090,I,433008,1433040,Region,South East,0,,0,1,ANNUTSWOWT,NGDHS2013433008,2013,DHS,3965,3954,,,1
NGA,Abia,492231,Women who are overweight or obese according to BMI (>=25.0),30.1,1,NG,Nigeria,2013,NG2013DHS,AN_NUTS_W_OWT,114563090,I,433041,1433041,Region,..Abia,0,,0,1,ANNUTSWOWT,NGDHS2013433041,2013,DHS,465,720,,,2
NGA,Anambra,1337917,Women who are overweight or obese according to BMI (>=25.0),36.2,1,NG,Nigeria,2013,NG2013DHS,AN_NUTS_W_OWT,114563090,I,433042,1433042,Region,..Anambra,0,,0,1,ANNUTSWOWT,NGDHS2013433042,2013,DHS,926,799,,,2
NGA,Ebonyi,5128929,Women who are overweight or obese according to BMI (>=25.0),17.4,1,NG,Nigeria,2013,NG2013DHS,AN_NUTS_W_OWT,114563090,I,433043,1433043,Region,..Ebonyi,0,,0,1,ANNUTSWOWT,NGDHS2013433043,2013,DHS,984,941,,,2
NGA,Enugu,7890819,Women who are overweight or obese according to BMI (>=25.0),33.2,1,NG,Nigeria,2013,NG2013DHS,AN_NUTS_W_OWT,114563090,I,433044,1433044,Region,..Enugu,0,,0,1,ANNUTSWOWT,NGDHS2013433044,2013,DHS,843,856,,,2
NGA,Imo,6733508,Women who are overweight or obese according to BMI (>=25.0),36.5,1,NG,Nigeria,2013,NG2013DHS,AN_NUTS_W_OWT,114563090,I,433045,1433045,Region,..Imo,0,,0,1,ANNUTSWOWT,NGDHS2013433045,2013,DHS,747,638,,,2
NGA,South West,6242721,Women who are overweight or obese according to BMI (>=25.0),34.5,1,NG,Nigeria,2013,NG2013DHS,AN_NUTS_W_OWT,114563090,I,433009,1433050,Region,South West,0,,0,1,ANNUTSWOWT,NGDHS2013433009,2013,DHS,5569,5234,,,1
NGA,Ekiti,876827,Women who are overweight or obese according to BMI (>=25.0),29.4,1,NG,Nigeria,2013,NG2013DHS,AN_NUTS_W_OWT,114563090,I,433051,1433051,Region,..Ekiti,0,,0,1,ANNUTSWOWT,NGDHS2013433051,2013,DHS,297,780,,,2
NGA,Lagos,6564788,Women who are overweight or obese according to BMI (>=25.0),44.3,1,NG,Nigeria,2013,NG2013DHS,AN_NUTS_W_OWT,114563090,I,433052,1433052,Region,..Lagos,0,,0,1,ANNUTSWOWT,NGDHS2013433052,2013,DHS,1750,1325,,,2
NGA,Ogun,5411550,Women who are overweight or obese according to BMI (>=25.0),35,1,NG,Nigeria,2013,NG2013DHS,AN_NUTS_W_OWT,114563090,I,433053,1433053,Region,..Ogun,0,,0,1,ANNUTSWOWT,NGDHS2013433053,2013,DHS,763,585,,,2
NGA,Ondo,5943508,Women who are overweight or obese according to BMI (>=25.0),30.6,1,NG,Nigeria,2013,NG2013DHS,AN_NUTS_W_OWT,114563090,I,433054,1433054,Region,..Ondo,0,,0,1,ANNUTSWOWT,NGDHS2013433054,2013,DHS,719,820,,,2
NGA,Osun,7765599,Women who are overweight or obese according to BMI (>=25.0),28.1,1,NG,Nigeria,2013,NG2013DHS,AN_NUTS_W_OWT,114563090,I,433055,1433055,Region,..Osun,0,,0,1,ANNUTSWOWT,NGDHS2013433055,2013,DHS,697,941,,,2
NGA,Oyo,1324542,Women who are overweight or obese according to BMI (>=25.0),28,1,NG,Nigeria,2013,NG2013DHS,AN_NUTS_W_OWT,114563090,I,433056,1433056,Region,..Oyo,0,,0,1,ANNUTSWOWT,NGDHS2013433056,2013,DHS,1343,783,,,2
NGA,South South,5537921,Women who are overweight or obese according to BMI (>=25.0),32.7,1,NG,Nigeria,2013,NG2013DHS,AN_NUTS_W_OWT,114563090,I,433010,1433060,Region,South South,0,,0,1,ANNUTSWOWT,NGDHS2013433010,2013,DHS,4352,5335,,,1
NGA,Akwa Ibom,1331574,Women who are overweight or obese according to BMI (>=25.0),32.2,1,NG,Nigeria,2013,NG2013DHS,AN_NUTS_W_OWT,114563090,I,433061,1433061,Region,..Akwa Ibom,0,,0,1,ANNUTSWOWT,NGDHS2013433061,2013,DHS,785,890,,,2
NGA,Bayelsa,5134427,Women who are overweight or obese according to BMI (>=25.0),31.5,1,NG,Nigeria,2013,NG2013DHS,AN_NUTS_W_OWT,114563090,I,433062,1433062,Region,..Bayelsa,0,,0,1,ANNUTSWOWT,NGDHS2013433062,2013,DHS,310,1045,,,2
NGA,Cross River,3167273,Women who are overweight or obese according to BMI (>=25.0),28.6,1,NG,Nigeria,2013,NG2013DHS,AN_NUTS_W_OWT,114563090,I,433063,1433063,Region,..Cross River,0,,0,1,ANNUTSWOWT,NGDHS2013433063,2013,DHS,622,647,,,2
NGA,Delta,6565489,Women who are overweight or obese according to BMI (>=25.0),27.1,1,NG,Nigeria,2013,NG2013DHS,AN_NUTS_W_OWT,114563090,I,433064,1433064,Region,..Delta,0,,0,1,ANNUTSWOWT,NGDHS2013433064,2013,DHS,857,979,,,2
NGA,Edo,4550432,Women who are overweight or obese according to BMI (>=25.0),33.3,1,NG,Nigeria,2013,NG2013DHS,AN_NUTS_W_OWT,114563090,I,433065,1433065,Region,..Edo,0,,0,1,ANNUTSWOWT,NGDHS2013433065,2013,DHS,667,975,,,2
NGA,Rivers,7281455,Women who are overweight or obese according to BMI (>=25.0),39.6,1,NG,Nigeria,2013,NG2013DHS,AN_NUTS_W_OWT,114563090,I,433066,1433066,Region,..Rivers,0,,0,1,ANNUTSWOWT,NGDHS2013433066,2013,DHS,1111,799,,,2
NGA,North Central,6977669,Women who are overweight according to BMI (25.0-29.9),17.7,1,NG,Nigeria,2013,NG2013DHS,AN_NUTS_W_OVW,114563100,I,433005,1433010,Region,North Central,0,,0,1,ANNUTSWOVW,NGDHS2013433005,2013,DHS,4748,5422,,,1
NGA,FCT Abuja,3690109,Women who are overweight according to BMI (25.0-29.9),26.3,1,NG,Nigeria,2013,NG2013DHS,AN_NUTS_W_OVW,114563100,I,433011,1433011,Region,..FCT Abuja,0,,0,1,ANNUTSWOVW,NGDHS2013433011,2013,DHS,281,683,,,2
NGA,Benue,147668,Women who are overweight according to BMI (25.0-29.9),14.8,1,NG,Nigeria,2013,NG2013DHS,AN_NUTS_W_OVW,114563100,I,433012,1433012,Region,..Benue,0,,0,1,ANNUTSWOVW,NGDHS2013433012,2013,DHS,1042,748,,,2
NGA,Kogi,1331554,Women who are overweight according to BMI (25.0-29.9),16.8,1,NG,Nigeria,2013,NG2013DHS,AN_NUTS_W_OVW,114563100,I,433013,1433013,Region,..Kogi,0,,0,1,ANNUTSWOVW,NGDHS2013433013,2013,DHS,621,764,,,2
NGA,Kwara,6217154,Women who are overweight according to BMI (25.0-29.9),19.3,1,NG,Nigeria,2013,NG2013DHS,AN_NUTS_W_OVW,114563100,I,433014,1433014,Region,..Kwara,0,,0,1,ANNUTSWOVW,NGDHS2013433014,2013,DHS,546,878,,,2
NGA,Nasarawa,5416257,Women who are overweight according to BMI (25.0-29.9),16.4,1,NG,Nigeria,2013,NG2013DHS,AN_NUTS_W_OVW,114563100,I,433015,1433015,Region,..Nasarawa,0,,0,1,ANNUTSWOVW,NGDHS2013433015,2013,DHS,503,745,,,2
NGA,Niger,5929791,Women who are overweight according to BMI (25.0-29.9),18.1,1,NG,Nigeria,2013,NG2013DHS,AN_NUTS_W_OVW,114563100,I,433016,1433016,Region,..Niger,0,,0,1,ANNUTSWOVW,NGDHS2013433016,2013,DHS,1192,859,,,2
NGA,Plateau,5452844,Women who are overweight according to BMI (25.0-29.9),18.8,1,NG,Nigeria,2013,NG2013DHS,AN_NUTS_W_OVW,114563100,I,433017,1433017,Region,..Plateau,0,,0,1,ANNUTSWOVW,NGDHS2013433017,2013,DHS,562,745,,,2
NGA,North East,873046,Women who are overweight according to BMI (25.0-29.9),13.4,1,NG,Nigeria,2013,NG2013DHS,AN_NUTS_W_OVW,114563100,I,433006,1433020,Region,North East,0,,0,1,ANNUTSWOVW,NGDHS2013433006,2013,DHS,4659,5377,,,1
NGA,Adamawa,7234743,Women who are overweight according to BMI (25.0-29.9),15.1,1,NG,Nigeria,2013,NG2013DHS,AN_NUTS_W_OVW,114563100,I,433021,1433021,Region,..Adamawa,0,,0,1,ANNUTSWOVW,NGDHS2013433021,2013,DHS,665,898,,,2
NGA,Bauchi,3211829,Women who are overweight according to BMI (25.0-29.9),9.9,1,NG,Nigeria,2013,NG2013DHS,AN_NUTS_W_OVW,114563100,I,433022,1433022,Region,..Bauchi,0,,0,1,ANNUTSWOVW,NGDHS2013433022,2013,DHS,888,918,,,2
NGA,Borno,1324532,Women who are overweight according to BMI (25.0-29.9),11.2,1,NG,Nigeria,2013,NG2013DHS,AN_NUTS_W_OVW,114563100,I,433023,1433023,Region,..Borno,0,,0,1,ANNUTSWOVW,NGDHS2013433023,2013,DHS,1148,641,,,2
NGA,Gombe,5136160,Women who are overweight according to BMI (25.0-29.9),11,1,NG,Nigeria,2013,NG2013DHS,AN_NUTS_W_OVW,114563100,I,433024,1433024,Region,..Gombe,0,,0,1,ANNUTSWOVW,NGDHS2013433024,2013,DHS,440,873,,,2
NGA,Taraba,3657287,Women who are overweight according to BMI (25.0-29.9),17.3,1,NG,Nigeria,2013,NG2013DHS,AN_NUTS_W_OVW,114563100,I,433025,1433025,Region,..Taraba,0,,0,1,ANNUTSWOVW,NGDHS2013433025,2013,DHS,722,1175,,,2
NGA,Yobe,6763841,Women who are overweight according to BMI (25.0-29.9),16.8,1,NG,Nigeria,2013,NG2013DHS,AN_NUTS_W_OVW,114563100,I,433026,1433026,Region,..Yobe,0,,0,1,ANNUTSWOVW,NGDHS2013433026,2013,DHS,796,872,,,2
NGA,North West,6740808,Women who are overweight according to BMI (25.0-29.9),12,1,NG,Nigeria,2013,NG2013DHS,AN_NUTS_W_OVW,114563100,I,433007,1433030,Region,North West,0,,0,1,ANNUTSWOVW,NGDHS2013433007,2013,DHS,9522,7745,,,1
NGA,Jigawa,140594,Women who are overweight according to BMI (25.0-29.9),7.5,1,NG,Nigeria,2013,NG2013DHS,AN_NUTS_W_OVW,114563100,I,433031,1433031,Region,..Jigawa,0,,0,1,ANNUTSWOVW,NGDHS2013433031,2013,DHS,1096,977,,,2
NGA,Kaduna,1331563,Women who are overweight according to BMI (25.0-29.9),16.3,1,NG,Nigeria,2013,NG2013DHS,AN_NUTS_W_OVW,114563100,I,433032,1433032,Region,..Kaduna,0,,0,1,ANNUTSWOVW,NGDHS2013433032,2013,DHS,1628,946,,,2
NGA,Kano,6199039,Women who are overweight according to BMI (25.0-29.9),13.7,1,NG,Nigeria,2013,NG2013DHS,AN_NUTS_W_OVW,114563100,I,433033,1433033,Region,..Kano,0,,0,1,ANNUTSWOVW,NGDHS2013433033,2013,DHS,2662,1853,,,2
NGA,Katsina,5409333,Women who are overweight according to BMI (25.0-29.9),7.3,1,NG,Nigeria,2013,NG2013DHS,AN_NUTS_W_OVW,114563100,I,433034,1433034,Region,..Katsina,0,,0,1,ANNUTSWOVW,NGDHS2013433034,2013,DHS,1197,1025,,,2
NGA,Kebbi,5937024,Women who are overweight according to BMI (25.0-29.9),14.3,1,NG,Nigeria,2013,NG2013DHS,AN_NUTS_W_OVW,114563100,I,433035,1433035,Region,..Kebbi,0,,0,1,ANNUTSWOVW,NGDHS2013433035,2013,DHS,991,936,,,2
NGA,Sokoto,7754875,Women who are overweight according to BMI (25.0-29.9),11.2,1,NG,Nigeria,2013,NG2013DHS,AN_NUTS_W_OVW,114563100,I,433036,1433036,Region,..Sokoto,0,,0,1,ANNUTSWOVW,NGDHS2013433036,2013,DHS,885,1062,,,2
NGA,Zamfara,4317617,Women who are overweight according to BMI (25.0-29.9),9.4,1,NG,Nigeria,2013,NG2013DHS,AN_NUTS_W_OVW,114563100,I,433037,1433037,Region,..Zamfara,0,,0,1,ANNUTSWOVW,NGDHS2013433037,2013,DHS,1061,946,,,2
NGA,South East,4248537,Women who are overweight according to BMI (25.0-29.9),20.8,1,NG,Nigeria,2013,NG2013DHS,AN_NUTS_W_OVW,114563100,I,433008,1433040,Region,South East,0,,0,1,ANNUTSWOVW,NGDHS2013433008,2013,DHS,3965,3954,,,1
NGA,Abia,492230,Women who are overweight according to BMI (25.0-29.9),21.1,1,NG,Nigeria,2013,NG2013DHS,AN_NUTS_W_OVW,114563100,I,433041,1433041,Region,..Abia,0,,0,1,ANNUTSWOVW,NGDHS2013433041,2013,DHS,465,720,,,2
NGA,Anambra,1337912,Women who are overweight according to BMI (25.0-29.9),26.5,1,NG,Nigeria,2013,NG2013DHS,AN_NUTS_W_OVW,114563100,I,433042,1433042,Region,..Anambra,0,,0,1,ANNUTSWOVW,NGDHS2013433042,2013,DHS,926,799,,,2
NGA,Ebonyi,5128928,Women who are overweight according to BMI (25.0-29.9),13.3,1,NG,Nigeria,2013,NG2013DHS,AN_NUTS_W_OVW,114563100,I,433043,1433043,Region,..Ebonyi,0,,0,1,ANNUTSWOVW,NGDHS2013433043,2013,DHS,984,941,,,2
NGA,Enugu,7890818,Women who are overweight according to BMI (25.0-29.9),22.1,1,NG,Nigeria,2013,NG2013DHS,AN_NUTS_W_OVW,114563100,I,433044,1433044,Region,..Enugu,0,,0,1,ANNUTSWOVW,NGDHS2013433044,2013,DHS,843,856,,,2
NGA,Imo,6733481,Women who are overweight according to BMI (25.0-29.9),21.9,1,NG,Nigeria,2013,NG2013DHS,AN_NUTS_W_OVW,114563100,I,433045,1433045,Region,..Imo,0,,0,1,ANNUTSWOVW,NGDHS2013433045,2013,DHS,747,638,,,2
NGA,South West,6242720,Women who are overweight according to BMI (25.0-29.9),22.1,1,NG,Nigeria,2013,NG2013DHS,AN_NUTS_W_OVW,114563100,I,433009,1433050,Region,South West,0,,0,1,ANNUTSWOVW,NGDHS2013433009,2013,DHS,5569,5234,,,1
NGA,Ekiti,876826,Women who are overweight according to BMI (25.0-29.9),18.9,1,NG,Nigeria,2013,NG2013DHS,AN_NUTS_W_OVW,114563100,I,433051,1433051,Region,..Ekiti,0,,0,1,ANNUTSWOVW,NGDHS2013433051,2013,DHS,297,780,,,2
NGA,Lagos,6564785,Women who are overweight according to BMI (25.0-29.9),26.1,1,NG,Nigeria,2013,NG2013DHS,AN_NUTS_W_OVW,114563100,I,433052,1433052,Region,..Lagos,0,,0,1,ANNUTSWOVW,NGDHS2013433052,2013,DHS,1750,1325,,,2
NGA,Ogun,5411374,Women who are overweight according to BMI (25.0-29.9),23.6,1,NG,Nigeria,2013,NG2013DHS,AN_NUTS_W_OVW,114563100,I,433053,1433053,Region,..Ogun,0,,0,1,ANNUTSWOVW,NGDHS2013433053,2013,DHS,763,585,,,2
NGA,Ondo,5943506,Women who are overweight according to BMI (25.0-29.9),20.6,1,NG,Nigeria,2013,NG2013DHS,AN_NUTS_W_OVW,114563100,I,433054,1433054,Region,..Ondo,0,,0,1,ANNUTSWOVW,NGDHS2013433054,2013,DHS,719,820,,,2
NGA,Osun,7765598,Women who are overweight according to BMI (25.0-29.9),19.3,1,NG,Nigeria,2013,NG2013DHS,AN_NUTS_W_OVW,114563100,I,433055,1433055,Region,..Osun,0,,0,1,ANNUTSWOVW,NGDHS2013433055,2013,DHS,697,941,,,2
NGA,Oyo,1324540,Women who are overweight according to BMI (25.0-29.9),19.2,1,NG,Nigeria,2013,NG2013DHS,AN_NUTS_W_OVW,114563100,I,433056,1433056,Region,..Oyo,0,,0,1,ANNUTSWOVW,NGDHS2013433056,2013,DHS,1343,783,,,2
NGA,South South,5537920,Women who are overweight according to BMI (25.0-29.9),22.4,1,NG,Nigeria,2013,NG2013DHS,AN_NUTS_W_OVW,114563100,I,433010,1433060,Region,South South,0,,0,1,ANNUTSWOVW,NGDHS2013433010,2013,DHS,4352,5335,,,1
NGA,Akwa Ibom,1331567,Women who are overweight according to BMI (25.0-29.9),22.9,1,NG,Nigeria,2013,NG2013DHS,AN_NUTS_W_OVW,114563100,I,433061,1433061,Region,..Akwa Ibom,0,,0,1,ANNUTSWOVW,NGDHS2013433061,2013,DHS,785,890,,,2
NGA,Bayelsa,5134426,Women who are overweight according to BMI (25.0-29.9),21.7,1,NG,Nigeria,2013,NG2013DHS,AN_NUTS_W_OVW,114563100,I,433062,1433062,Region,..Bayelsa,0,,0,1,ANNUTSWOVW,NGDHS2013433062,2013,DHS,310,1045,,,2
NGA,Cross River,3167272,Women who are overweight according to BMI (25.0-29.9),20.7,1,NG,Nigeria,2013,NG2013DHS,AN_NUTS_W_OVW,114563100,I,433063,1433063,Region,..Cross River,0,,0,1,ANNUTSWOVW,NGDHS2013433063,2013,DHS,622,647,,,2
NGA,Delta,6565452,Women who are overweight according to BMI (25.0-29.9),20,1,NG,Nigeria,2013,NG2013DHS,AN_NUTS_W_OVW,114563100,I,433064,1433064,Region,..Delta,0,,0,1,ANNUTSWOVW,NGDHS2013433064,2013,DHS,857,979,,,2
NGA,Edo,4550427,Women who are overweight according to BMI (25.0-29.9),22.3,1,NG,Nigeria,2013,NG2013DHS,AN_NUTS_W_OVW,114563100,I,433065,1433065,Region,..Edo,0,,0,1,ANNUTSWOVW,NGDHS2013433065,2013,DHS,667,975,,,2
NGA,Rivers,7281450,Women who are overweight according to BMI (25.0-29.9),25.1,1,NG,Nigeria,2013,NG2013DHS,AN_NUTS_W_OVW,114563100,I,433066,1433066,Region,..Rivers,0,,0,1,ANNUTSWOVW,NGDHS2013433066,2013,DHS,1111,799,,,2
NGA,North Central,6977670,Women who are obese according to BMI (>=30.0),7.6,1,NG,Nigeria,2013,NG2013DHS,AN_NUTS_W_OBS,114563110,I,433005,1433010,Region,North Central,0,,0,1,ANNUTSWOBS,NGDHS2013433005,2013,DHS,4748,5422,,,1
NGA,FCT Abuja,3690112,Women who are obese according to BMI (>=30.0),16.6,1,NG,Nigeria,2013,NG2013DHS,AN_NUTS_W_OBS,114563110,I,433011,1433011,Region,..FCT Abuja,0,,0,1,ANNUTSWOBS,NGDHS2013433011,2013,DHS,281,683,,,2
NGA,Benue,147726,Women who are obese according to BMI (>=30.0),3.7,1,NG,Nigeria,2013,NG2013DHS,AN_NUTS_W_OBS,114563110,I,433012,1433012,Region,..Benue,0,,0,1,ANNUTSWOBS,NGDHS2013433012,2013,DHS,1042,748,,,2
NGA,Kogi,1331561,Women who are obese according to BMI (>=30.0),10.6,1,NG,Nigeria,2013,NG2013DHS,AN_NUTS_W_OBS,114563110,I,433013,1433013,Region,..Kogi,0,,0,1,ANNUTSWOBS,NGDHS2013433013,2013,DHS,621,764,,,2
NGA,Kwara,6217156,Women who are obese according to BMI (>=30.0),11.9,1,NG,Nigeria,2013,NG2013DHS,AN_NUTS_W_OBS,114563110,I,433014,1433014,Region,..Kwara,0,,0,1,ANNUTSWOBS,NGDHS2013433014,2013,DHS,546,878,,,2
NGA,Nasarawa,5416259,Women who are obese according to BMI (>=30.0),6.4,1,NG,Nigeria,2013,NG2013DHS,AN_NUTS_W_OBS,114563110,I,433015,1433015,Region,..Nasarawa,0,,0,1,ANNUTSWOBS,NGDHS2013433015,2013,DHS,503,745,,,2
NGA,Niger,5929895,Women who are obese according to BMI (>=30.0),5.6,1,NG,Nigeria,2013,NG2013DHS,AN_NUTS_W_OBS,114563110,I,433016,1433016,Region,..Niger,0,,0,1,ANNUTSWOBS,NGDHS2013433016,2013,DHS,1192,859,,,2
NGA,Plateau,5452843,Women who are obese according to BMI (>=30.0),8.1,1,NG,Nigeria,2013,NG2013DHS,AN_NUTS_W_OBS,114563110,I,433017,1433017,Region,..Plateau,0,,0,1,ANNUTSWOBS,NGDHS2013433017,2013,DHS,562,745,,,2
NGA,North East,873052,Women who are obese according to BMI (>=30.0),5.3,1,NG,Nigeria,2013,NG2013DHS,AN_NUTS_W_OBS,114563110,I,433006,1433020,Region,North East,0,,0,1,ANNUTSWOBS,NGDHS2013433006,2013,DHS,4659,5377,,,1
NGA,Adamawa,7234721,Women who are obese according to BMI (>=30.0),7.8,1,NG,Nigeria,2013,NG2013DHS,AN_NUTS_W_OBS,114563110,I,433021,1433021,Region,..Adamawa,0,,0,1,ANNUTSWOBS,NGDHS2013433021,2013,DHS,665,898,,,2
NGA,Bauchi,3211828,Women who are obese according to BMI (>=30.0),3.5,1,NG,Nigeria,2013,NG2013DHS,AN_NUTS_W_OBS,114563110,I,433022,1433022,Region,..Bauchi,0,,0,1,ANNUTSWOBS,NGDHS2013433022,2013,DHS,888,918,,,2
NGA,Borno,1324550,Women who are obese according to BMI (>=30.0),5.2,1,NG,Nigeria,2013,NG2013DHS,AN_NUTS_W_OBS,114563110,I,433023,1433023,Region,..Borno,0,,0,1,ANNUTSWOBS,NGDHS2013433023,2013,DHS,1148,641,,,2
NGA,Gombe,5136161,Women who are obese according to BMI (>=30.0),5,1,NG,Nigeria,2013,NG2013DHS,AN_NUTS_W_OBS,114563110,I,433024,1433024,Region,..Gombe,0,,0,1,ANNUTSWOBS,NGDHS2013433024,2013,DHS,440,873,,,2
NGA,Taraba,3657289,Women who are obese according to BMI (>=30.0),6.4,1,NG,Nigeria,2013,NG2013DHS,AN_NUTS_W_OBS,114563110,I,433025,1433025,Region,..Taraba,0,,0,1,ANNUTSWOBS,NGDHS2013433025,2013,DHS,722,1175,,,2
NGA,Yobe,6763886,Women who are obese according to BMI (>=30.0),4.3,1,NG,Nigeria,2013,NG2013DHS,AN_NUTS_W_OBS,114563110,I,433026,1433026,Region,..Yobe,0,,0,1,ANNUTSWOBS,NGDHS2013433026,2013,DHS,796,872,,,2
NGA,North West,6740819,Women who are obese according to BMI (>=30.0),3.6,1,NG,Nigeria,2013,NG2013DHS,AN_NUTS_W_OBS,114563110,I,433007,1433030,Region,North West,0,,0,1,ANNUTSWOBS,NGDHS2013433007,2013,DHS,9522,7745,,,1
NGA,Jigawa,140670,Women who are obese according to BMI (>=30.0),5.5,1,NG,Nigeria,2013,NG2013DHS,AN_NUTS_W_OBS,114563110,I,433031,1433031,Region,..Jigawa,0,,0,1,ANNUTSWOBS,NGDHS2013433031,2013,DHS,1096,977,,,2
NGA,Kaduna,1331565,Women who are obese according to BMI (>=30.0),6.5,1,NG,Nigeria,2013,NG2013DHS,AN_NUTS_W_OBS,114563110,I,433032,1433032,Region,..Kaduna,0,,0,1,ANNUTSWOBS,NGDHS2013433032,2013,DHS,1628,946,,,2
NGA,Kano,6199025,Women who are obese according to BMI (>=30.0),2.9,1,NG,Nigeria,2013,NG2013DHS,AN_NUTS_W_OBS,114563110,I,433033,1433033,Region,..Kano,0,,0,1,ANNUTSWOBS,NGDHS2013433033,2013,DHS,2662,1853,,,2
NGA,Katsina,5409331,Women who are obese according to BMI (>=30.0),2.7,1,NG,Nigeria,2013,NG2013DHS,AN_NUTS_W_OBS,114563110,I,433034,1433034,Region,..Katsina,0,,0,1,ANNUTSWOBS,NGDHS2013433034,2013,DHS,1197,1025,,,2
NGA,Kebbi,5937022,Women who are obese according to BMI (>=30.0),2.8,1,NG,Nigeria,2013,NG2013DHS,AN_NUTS_W_OBS,114563110,I,433035,1433035,Region,..Kebbi,0,,0,1,ANNUTSWOBS,NGDHS2013433035,2013,DHS,991,936,,,2
NGA,Sokoto,7754876,Women who are obese according to BMI (>=30.0),1.8,1,NG,Nigeria,2013,NG2013DHS,AN_NUTS_W_OBS,114563110,I,433036,1433036,Region,..Sokoto,0,,0,1,ANNUTSWOBS,NGDHS2013433036,2013,DHS,885,1062,,,2
NGA,Zamfara,4317639,Women who are obese according to BMI (>=30.0),2,1,NG,Nigeria,2013,NG2013DHS,AN_NUTS_W_OBS,114563110,I,433037,1433037,Region,..Zamfara,0,,0,1,ANNUTSWOBS,NGDHS2013433037,2013,DHS,1061,946,,,2
NGA,South East,4248542,Women who are obese according to BMI (>=30.0),9.5,1,NG,Nigeria,2013,NG2013DHS,AN_NUTS_W_OBS,114563110,I,433008,1433040,Region,South East,0,,0,1,ANNUTSWOBS,NGDHS2013433008,2013,DHS,3965,3954,,,1
NGA,Abia,492232,Women who are obese according to BMI (>=30.0),9.1,1,NG,Nigeria,2013,NG2013DHS,AN_NUTS_W_OBS,114563110,I,433041,1433041,Region,..Abia,0,,0,1,ANNUTSWOBS,NGDHS2013433041,2013,DHS,465,720,,,2
NGA,Anambra,1337918,Women who are obese according to BMI (>=30.0),9.7,1,NG,Nigeria,2013,NG2013DHS,AN_NUTS_W_OBS,114563110,I,433042,1433042,Region,..Anambra,0,,0,1,ANNUTSWOBS,NGDHS2013433042,2013,DHS,926,799,,,2
NGA,Ebonyi,5128930,Women who are obese according to BMI (>=30.0),4.1,1,NG,Nigeria,2013,NG2013DHS,AN_NUTS_W_OBS,114563110,I,433043,1433043,Region,..Ebonyi,0,,0,1,ANNUTSWOBS,NGDHS2013433043,2013,DHS,984,941,,,2
NGA,Enugu,7890820,Women who are obese according to BMI (>=30.0),11.1,1,NG,Nigeria,2013,NG2013DHS,AN_NUTS_W_OBS,114563110,I,433044,1433044,Region,..Enugu,0,,0,1,ANNUTSWOBS,NGDHS2013433044,2013,DHS,843,856,,,2
NGA,Imo,6733509,Women who are obese according to BMI (>=30.0),14.7,1,NG,Nigeria,2013,NG2013DHS,AN_NUTS_W_OBS,114563110,I,433045,1433045,Region,..Imo,0,,0,1,ANNUTSWOBS,NGDHS2013433045,2013,DHS,747,638,,,2
NGA,South West,6242722,Women who are obese according to BMI (>=30.0),12.4,1,NG,Nigeria,2013,NG2013DHS,AN_NUTS_W_OBS,114563110,I,433009,1433050,Region,South West,0,,0,1,ANNUTSWOBS,NGDHS2013433009,2013,DHS,5569,5234,,,1
NGA,Ekiti,876828,Women who are obese according to BMI (>=30.0),10.5,1,NG,Nigeria,2013,NG2013DHS,AN_NUTS_W_OBS,114563110,I,433051,1433051,Region,..Ekiti,0,,0,1,ANNUTSWOBS,NGDHS2013433051,2013,DHS,297,780,,,2
NGA,Lagos,6564880,Women who are obese according to BMI (>=30.0),18.2,1,NG,Nigeria,2013,NG2013DHS,AN_NUTS_W_OBS,114563110,I,433052,1433052,Region,..Lagos,0,,0,1,ANNUTSWOBS,NGDHS2013433052,2013,DHS,1750,1325,,,2
NGA,Ogun,5411551,Women who are obese according to BMI (>=30.0),11.3,1,NG,Nigeria,2013,NG2013DHS,AN_NUTS_W_OBS,114563110,I,433053,1433053,Region,..Ogun,0,,0,1,ANNUTSWOBS,NGDHS2013433053,2013,DHS,763,585,,,2
NGA,Ondo,5943509,Women who are obese according to BMI (>=30.0),10,1,NG,Nigeria,2013,NG2013DHS,AN_NUTS_W_OBS,114563110,I,433054,1433054,Region,..Ondo,0,,0,1,ANNUTSWOBS,NGDHS2013433054,2013,DHS,719,820,,,2
NGA,Osun,7765600,Women who are obese according to BMI (>=30.0),8.8,1,NG,Nigeria,2013,NG2013DHS,AN_NUTS_W_OBS,114563110,I,433055,1433055,Region,..Osun,0,,0,1,ANNUTSWOBS,NGDHS2013433055,2013,DHS,697,941,,,2
NGA,Oyo,1324543,Women who are obese according to BMI (>=30.0),8.8,1,NG,Nigeria,2013,NG2013DHS,AN_NUTS_W_OBS,114563110,I,433056,1433056,Region,..Oyo,0,,0,1,ANNUTSWOBS,NGDHS2013433056,2013,DHS,1343,783,,,2
NGA,South South,5537922,Women who are obese according to BMI (>=30.0),10.3,1,NG,Nigeria,2013,NG2013DHS,AN_NUTS_W_OBS,114563110,I,433010,1433060,Region,South South,0,,0,1,ANNUTSWOBS,NGDHS2013433010,2013,DHS,4352,5335,,,1
NGA,Akwa Ibom,1331575,Women who are obese according to BMI (>=30.0),9.3,1,NG,Nigeria,2013,NG2013DHS,AN_NUTS_W_OBS,114563110,I,433061,1433061,Region,..Akwa Ibom,0,,0,1,ANNUTSWOBS,NGDHS2013433061,2013,DHS,785,890,,,2
NGA,Bayelsa,5134428,Women who are obese according to BMI (>=30.0),9.8,1,NG,Nigeria,2013,NG2013DHS,AN_NUTS_W_OBS,114563110,I,433062,1433062,Region,..Bayelsa,0,,0,1,ANNUTSWOBS,NGDHS2013433062,2013,DHS,310,1045,,,2
NGA,Cross River,3167274,Women who are obese according to BMI (>=30.0),8,1,NG,Nigeria,2013,NG2013DHS,AN_NUTS_W_OBS,114563110,I,433063,1433063,Region,..Cross River,0,,0,1,ANNUTSWOBS,NGDHS2013433063,2013,DHS,622,647,,,2
NGA,Delta,6565490,Women who are obese according to BMI (>=30.0),7.1,1,NG,Nigeria,2013,NG2013DHS,AN_NUTS_W_OBS,114563110,I,433064,1433064,Region,..Delta,0,,0,1,ANNUTSWOBS,NGDHS2013433064,2013,DHS,857,979,,,2
NGA,Edo,4550433,Women who are obese according to BMI (>=30.0),11,1,NG,Nigeria,2013,NG2013DHS,AN_NUTS_W_OBS,114563110,I,433065,1433065,Region,..Edo,0,,0,1,ANNUTSWOBS,NGDHS2013433065,2013,DHS,667,975,,,2
NGA,Rivers,7281456,Women who are obese according to BMI (>=30.0),14.5,1,NG,Nigeria,2013,NG2013DHS,AN_NUTS_W_OBS,114563110,I,433066,1433066,Region,..Rivers,0,,0,1,ANNUTSWOBS,NGDHS2013433066,2013,DHS,1111,799,,,2
NGA,North Central,7004226,Number of women,4748,0,NG,Nigeria,2013,NG2013DHS,AN_NUTS_W_NUM,114563120,D,433005,1433010,Region,North Central,0,,0,1,ANNUTSWNUM,NGDHS2013433005,2013,DHS,,5422,,,1
NGA,FCT Abuja,3690110,Number of women,281,0,NG,Nigeria,2013,NG2013DHS,AN_NUTS_W_NUM,114563120,D,433011,1433011,Region,..FCT Abuja,0,,0,1,ANNUTSWNUM,NGDHS2013433011,2013,DHS,,683,,,2
NGA,Benue,1331607,Number of women,1042,0,NG,Nigeria,2013,NG2013DHS,AN_NUTS_W_NUM,114563120,D,433012,1433012,Region,..Benue,0,,0,1,ANNUTSWNUM,NGDHS2013433012,2013,DHS,,748,,,2
NGA,Kogi,835774,Number of women,621,0,NG,Nigeria,2013,NG2013DHS,AN_NUTS_W_NUM,114563120,D,433013,1433013,Region,..Kogi,0,,0,1,ANNUTSWNUM,NGDHS2013433013,2013,DHS,,764,,,2
NGA,Kwara,6305106,Number of women,546,0,NG,Nigeria,2013,NG2013DHS,AN_NUTS_W_NUM,114563120,D,433014,1433014,Region,..Kwara,0,,0,1,ANNUTSWNUM,NGDHS2013433014,2013,DHS,,878,,,2
NGA,Nasarawa,5334808,Number of women,503,0,NG,Nigeria,2013,NG2013DHS,AN_NUTS_W_NUM,114563120,D,433015,1433015,Region,..Nasarawa,0,,0,1,ANNUTSWNUM,NGDHS2013433015,2013,DHS,,745,,,2
NGA,Niger,5929896,Number of women,1192,0,NG,Nigeria,2013,NG2013DHS,AN_NUTS_W_NUM,114563120,D,433016,1433016,Region,..Niger,0,,0,1,ANNUTSWNUM,NGDHS2013433016,2013,DHS,,859,,,2
NGA,Plateau,5538059,Number of women,562,0,NG,Nigeria,2013,NG2013DHS,AN_NUTS_W_NUM,114563120,D,433017,1433017,Region,..Plateau,0,,0,1,ANNUTSWNUM,NGDHS2013433017,2013,DHS,,745,,,2
NGA,North East,873075,Number of women,4659,0,NG,Nigeria,2013,NG2013DHS,AN_NUTS_W_NUM,114563120,D,433006,1433020,Region,North East,0,,0,1,ANNUTSWNUM,NGDHS2013433006,2013,DHS,,5377,,,1
NGA,Adamawa,7240545,Number of women,665,0,NG,Nigeria,2013,NG2013DHS,AN_NUTS_W_NUM,114563120,D,433021,1433021,Region,..Adamawa,0,,0,1,ANNUTSWNUM,NGDHS2013433021,2013,DHS,,898,,,2
NGA,Bauchi,1324568,Number of women,888,0,NG,Nigeria,2013,NG2013DHS,AN_NUTS_W_NUM,114563120,D,433022,1433022,Region,..Bauchi,0,,0,1,ANNUTSWNUM,NGDHS2013433022,2013,DHS,,918,,,2
NGA,Borno,1324533,Number of women,1148,0,NG,Nigeria,2013,NG2013DHS,AN_NUTS_W_NUM,114563120,D,433023,1433023,Region,..Borno,0,,0,1,ANNUTSWNUM,NGDHS2013433023,2013,DHS,,641,,,2
NGA,Gombe,5222004,Number of women,440,0,NG,Nigeria,2013,NG2013DHS,AN_NUTS_W_NUM,114563120,D,433024,1433024,Region,..Gombe,0,,0,1,ANNUTSWNUM,NGDHS2013433024,2013,DHS,,873,,,2
NGA,Taraba,3719342,Number of women,722,0,NG,Nigeria,2013,NG2013DHS,AN_NUTS_W_NUM,114563120,D,433025,1433025,Region,..Taraba,0,,0,1,ANNUTSWNUM,NGDHS2013433025,2013,DHS,,1175,,,2
NGA,Yobe,6821078,Number of women,796,0,NG,Nigeria,2013,NG2013DHS,AN_NUTS_W_NUM,114563120,D,433026,1433026,Region,..Yobe,0,,0,1,ANNUTSWNUM,NGDHS2013433026,2013,DHS,,872,,,2
NGA,North West,6821077,Number of women,9522,0,NG,Nigeria,2013,NG2013DHS,AN_NUTS_W_NUM,114563120,D,433007,1433030,Region,North West,0,,0,1,ANNUTSWNUM,NGDHS2013433007,2013,DHS,,7745,,,1
NGA,Jigawa,1324552,Number of women,1096,0,NG,Nigeria,2013,NG2013DHS,AN_NUTS_W_NUM,114563120,D,433031,1433031,Region,..Jigawa,0,,0,1,ANNUTSWNUM,NGDHS2013433031,2013,DHS,,977,,,2
NGA,Kaduna,1331576,Number of women,1628,0,NG,Nigeria,2013,NG2013DHS,AN_NUTS_W_NUM,114563120,D,433032,1433032,Region,..Kaduna,0,,0,1,ANNUTSWNUM,NGDHS2013433032,2013,DHS,,946,,,2
NGA,Kano,6312084,Number of women,2662,0,NG,Nigeria,2013,NG2013DHS,AN_NUTS_W_NUM,114563120,D,433033,1433033,Region,..Kano,0,,0,1,ANNUTSWNUM,NGDHS2013433033,2013,DHS,,1853,,,2
NGA,Katsina,5654765,Number of women,1197,0,NG,Nigeria,2013,NG2013DHS,AN_NUTS_W_NUM,114563120,D,433034,1433034,Region,..Katsina,0,,0,1,ANNUTSWNUM,NGDHS2013433034,2013,DHS,,1025,,,2
NGA,Kebbi,5937057,Number of women,991,0,NG,Nigeria,2013,NG2013DHS,AN_NUTS_W_NUM,114563120,D,433035,1433035,Region,..Kebbi,0,,0,1,ANNUTSWNUM,NGDHS2013433035,2013,DHS,,936,,,2
NGA,Sokoto,7754866,Number of women,885,0,NG,Nigeria,2013,NG2013DHS,AN_NUTS_W_NUM,114563120,D,433036,1433036,Region,..Sokoto,0,,0,1,ANNUTSWNUM,NGDHS2013433036,2013,DHS,,1062,,,2
NGA,Zamfara,4317618,Number of women,1061,0,NG,Nigeria,2013,NG2013DHS,AN_NUTS_W_NUM,114563120,D,433037,1433037,Region,..Zamfara,0,,0,1,ANNUTSWNUM,NGDHS2013433037,2013,DHS,,946,,,2
NGA,South East,4297545,Number of women,3965,0,NG,Nigeria,2013,NG2013DHS,AN_NUTS_W_NUM,114563120,D,433008,1433040,Region,South East,0,,0,1,ANNUTSWNUM,NGDHS2013433008,2013,DHS,,3954,,,1
NGA,Abia,1331608,Number of women,465,0,NG,Nigeria,2013,NG2013DHS,AN_NUTS_W_NUM,114563120,D,433041,1433041,Region,..Abia,0,,0,1,ANNUTSWNUM,NGDHS2013433041,2013,DHS,,720,,,2
NGA,Anambra,1337916,Number of women,926,0,NG,Nigeria,2013,NG2013DHS,AN_NUTS_W_NUM,114563120,D,433042,1433042,Region,..Anambra,0,,0,1,ANNUTSWNUM,NGDHS2013433042,2013,DHS,,799,,,2
NGA,Ebonyi,5235948,Number of women,984,0,NG,Nigeria,2013,NG2013DHS,AN_NUTS_W_NUM,114563120,D,433043,1433043,Region,..Ebonyi,0,,0,1,ANNUTSWNUM,NGDHS2013433043,2013,DHS,,941,,,2
NGA,Enugu,7891303,Number of women,843,0,NG,Nigeria,2013,NG2013DHS,AN_NUTS_W_NUM,114563120,D,433044,1433044,Region,..Enugu,0,,0,1,ANNUTSWNUM,NGDHS2013433044,2013,DHS,,856,,,2
NGA,Imo,6787889,Number of women,747,0,NG,Nigeria,2013,NG2013DHS,AN_NUTS_W_NUM,114563120,D,433045,1433045,Region,..Imo,0,,0,1,ANNUTSWNUM,NGDHS2013433045,2013,DHS,,638,,,2
NGA,South West,6242699,Number of women,5569,0,NG,Nigeria,2013,NG2013DHS,AN_NUTS_W_NUM,114563120,D,433009,1433050,Region,South West,0,,0,1,ANNUTSWNUM,NGDHS2013433009,2013,DHS,,5234,,,1
NGA,Ekiti,877674,Number of women,297,0,NG,Nigeria,2013,NG2013DHS,AN_NUTS_W_NUM,114563120,D,433051,1433051,Region,..Ekiti,0,,0,1,ANNUTSWNUM,NGDHS2013433051,2013,DHS,,780,,,2
NGA,Lagos,6659592,Number of women,1750,0,NG,Nigeria,2013,NG2013DHS,AN_NUTS_W_NUM,114563120,D,433052,1433052,Region,..Lagos,0,,0,1,ANNUTSWNUM,NGDHS2013433052,2013,DHS,,1325,,,2
NGA,Ogun,5654766,Number of women,763,0,NG,Nigeria,2013,NG2013DHS,AN_NUTS_W_NUM,114563120,D,433053,1433053,Region,..Ogun,0,,0,1,ANNUTSWNUM,NGDHS2013433053,2013,DHS,,585,,,2
NGA,Ondo,5943507,Number of women,719,0,NG,Nigeria,2013,NG2013DHS,AN_NUTS_W_NUM,114563120,D,433054,1433054,Region,..Ondo,0,,0,1,ANNUTSWNUM,NGDHS2013433054,2013,DHS,,820,,,2
NGA,Osun,7765584,Number of women,697,0,NG,Nigeria,2013,NG2013DHS,AN_NUTS_W_NUM,114563120,D,433055,1433055,Region,..Osun,0,,0,1,ANNUTSWNUM,NGDHS2013433055,2013,DHS,,941,,,2
NGA,Oyo,1324541,Number of women,1343,0,NG,Nigeria,2013,NG2013DHS,AN_NUTS_W_NUM,114563120,D,433056,1433056,Region,..Oyo,0,,0,1,ANNUTSWNUM,NGDHS2013433056,2013,DHS,,783,,,2
NGA,South South,5661537,Number of women,4352,0,NG,Nigeria,2013,NG2013DHS,AN_NUTS_W_NUM,114563120,D,433010,1433060,Region,South South,0,,0,1,ANNUTSWNUM,NGDHS2013433010,2013,DHS,,5335,,,1
NGA,Akwa Ibom,1331612,Number of women,785,0,NG,Nigeria,2013,NG2013DHS,AN_NUTS_W_NUM,114563120,D,433061,1433061,Region,..Akwa Ibom,0,,0,1,ANNUTSWNUM,NGDHS2013433061,2013,DHS,,890,,,2
NGA,Bayelsa,5221993,Number of women,310,0,NG,Nigeria,2013,NG2013DHS,AN_NUTS_W_NUM,114563120,D,433062,1433062,Region,..Bayelsa,0,,0,1,ANNUTSWNUM,NGDHS2013433062,2013,DHS,,1045,,,2
NGA,Cross River,1324553,Number of women,622,0,NG,Nigeria,2013,NG2013DHS,AN_NUTS_W_NUM,114563120,D,433063,1433063,Region,..Cross River,0,,0,1,ANNUTSWNUM,NGDHS2013433063,2013,DHS,,647,,,2
NGA,Delta,6662788,Number of women,857,0,NG,Nigeria,2013,NG2013DHS,AN_NUTS_W_NUM,114563120,D,433064,1433064,Region,..Delta,0,,0,1,ANNUTSWNUM,NGDHS2013433064,2013,DHS,,979,,,2
NGA,Edo,4633616,Number of women,667,0,NG,Nigeria,2013,NG2013DHS,AN_NUTS_W_NUM,114563120,D,433065,1433065,Region,..Edo,0,,0,1,ANNUTSWNUM,NGDHS2013433065,2013,DHS,,975,,,2
NGA,Rivers,7309188,Number of women,1111,0,NG,Nigeria,2013,NG2013DHS,AN_NUTS_W_NUM,114563120,D,433066,1433066,Region,..Rivers,0,,0,1,ANNUTSWNUM,NGDHS2013433066,2013,DHS,,799,,,2
NGA,North Central,284979,Number of women (unweighted),5422,0,NG,Nigeria,2013,NG2013DHS,AN_NUTS_W_UNW,114563130,U,433005,1433010,Region,North Central,0,,0,1,ANNUTSWUNW,NGDHS2013433005,2013,DHS,4748,,,,1
NGA,FCT Abuja,1331577,Number of women (unweighted),683,0,NG,Nigeria,2013,NG2013DHS,AN_NUTS_W_UNW,114563130,U,433011,1433011,Region,..FCT Abuja,0,,0,1,ANNUTSWUNW,NGDHS2013433011,2013,DHS,281,,,,2
NGA,Benue,147670,Number of women (unweighted),748,0,NG,Nigeria,2013,NG2013DHS,AN_NUTS_W_UNW,114563130,U,433012,1433012,Region,..Benue,0,,0,1,ANNUTSWUNW,NGDHS2013433012,2013,DHS,1042,,,,2
NGA,Kogi,7343324,Number of women (unweighted),764,0,NG,Nigeria,2013,NG2013DHS,AN_NUTS_W_UNW,114563130,U,433013,1433013,Region,..Kogi,0,,0,1,ANNUTSWUNW,NGDHS2013433013,2013,DHS,621,,,,2
NGA,Kwara,604825,Number of women (unweighted),878,0,NG,Nigeria,2013,NG2013DHS,AN_NUTS_W_UNW,114563130,U,433014,1433014,Region,..Kwara,0,,0,1,ANNUTSWUNW,NGDHS2013433014,2013,DHS,546,,,,2
NGA,Nasarawa,2829467,Number of women (unweighted),745,0,NG,Nigeria,2013,NG2013DHS,AN_NUTS_W_UNW,114563130,U,433015,1433015,Region,..Nasarawa,0,,0,1,ANNUTSWUNW,NGDHS2013433015,2013,DHS,503,,,,2
NGA,Niger,1324572,Number of women (unweighted),859,0,NG,Nigeria,2013,NG2013DHS,AN_NUTS_W_UNW,114563130,U,433016,1433016,Region,..Niger,0,,0,1,ANNUTSWUNW,NGDHS2013433016,2013,DHS,1192,,,,2
NGA,Plateau,197626,Number of women (unweighted),745,0,NG,Nigeria,2013,NG2013DHS,AN_NUTS_W_UNW,114563130,U,433017,1433017,Region,..Plateau,0,,0,1,ANNUTSWUNW,NGDHS2013433017,2013,DHS,562,,,,2
NGA,North East,874508,Number of women (unweighted),5377,0,NG,Nigeria,2013,NG2013DHS,AN_NUTS_W_UNW,114563130,U,433006,1433020,Region,North East,0,,0,1,ANNUTSWUNW,NGDHS2013433006,2013,DHS,4659,,,,1
NGA,Adamawa,482770,Number of women (unweighted),898,0,NG,Nigeria,2013,NG2013DHS,AN_NUTS_W_UNW,114563130,U,433021,1433021,Region,..Adamawa,0,,0,1,ANNUTSWUNW,NGDHS2013433021,2013,DHS,665,,,,2
NGA,Bauchi,3211830,Number of women (unweighted),918,0,NG,Nigeria,2013,NG2013DHS,AN_NUTS_W_UNW,114563130,U,433022,1433022,Region,..Bauchi,0,,0,1,ANNUTSWUNW,NGDHS2013433022,2013,DHS,888,,,,2
NGA,Borno,1324574,Number of women (unweighted),641,0,NG,Nigeria,2013,NG2013DHS,AN_NUTS_W_UNW,114563130,U,433023,1433023,Region,..Borno,0,,0,1,ANNUTSWUNW,NGDHS2013433023,2013,DHS,1148,,,,2
NGA,Gombe,178266,Number of women (unweighted),873,0,NG,Nigeria,2013,NG2013DHS,AN_NUTS_W_UNW,114563130,U,433024,1433024,Region,..Gombe,0,,0,1,ANNUTSWUNW,NGDHS2013433024,2013,DHS,440,,,,2
NGA,Taraba,3160170,Number of women (unweighted),1175,0,NG,Nigeria,2013,NG2013DHS,AN_NUTS_W_UNW,114563130,U,433025,1433025,Region,..Taraba,0,,0,1,ANNUTSWUNW,NGDHS2013433025,2013,DHS,722,,,,2
NGA,Yobe,835757,Number of women (unweighted),872,0,NG,Nigeria,2013,NG2013DHS,AN_NUTS_W_UNW,114563130,U,433026,1433026,Region,..Yobe,0,,0,1,ANNUTSWUNW,NGDHS2013433026,2013,DHS,796,,,,2
NGA,North West,3225416,Number of women (unweighted),7745,0,NG,Nigeria,2013,NG2013DHS,AN_NUTS_W_UNW,114563130,U,433007,1433030,Region,North West,0,,0,1,ANNUTSWUNW,NGDHS2013433007,2013,DHS,9522,,,,1
NGA,Jigawa,140588,Number of women (unweighted),977,0,NG,Nigeria,2013,NG2013DHS,AN_NUTS_W_UNW,114563130,U,433031,1433031,Region,..Jigawa,0,,0,1,ANNUTSWUNW,NGDHS2013433031,2013,DHS,1096,,,,2
NGA,Kaduna,1331614,Number of women (unweighted),946,0,NG,Nigeria,2013,NG2013DHS,AN_NUTS_W_UNW,114563130,U,433032,1433032,Region,..Kaduna,0,,0,1,ANNUTSWUNW,NGDHS2013433032,2013,DHS,1628,,,,2
NGA,Kano,713854,Number of women (unweighted),1853,0,NG,Nigeria,2013,NG2013DHS,AN_NUTS_W_UNW,114563130,U,433033,1433033,Region,..Kano,0,,0,1,ANNUTSWUNW,NGDHS2013433033,2013,DHS,2662,,,,2
NGA,Katsina,2843448,Number of women (unweighted),1025,0,NG,Nigeria,2013,NG2013DHS,AN_NUTS_W_UNW,114563130,U,433034,1433034,Region,..Katsina,0,,0,1,ANNUTSWUNW,NGDHS2013433034,2013,DHS,1197,,,,2
NGA,Kebbi,1331610,Number of women (unweighted),936,0,NG,Nigeria,2013,NG2013DHS,AN_NUTS_W_UNW,114563130,U,433035,1433035,Region,..Kebbi,0,,0,1,ANNUTSWUNW,NGDHS2013433035,2013,DHS,991,,,,2
NGA,Sokoto,7755294,Number of women (unweighted),1062,0,NG,Nigeria,2013,NG2013DHS,AN_NUTS_W_UNW,114563130,U,433036,1433036,Region,..Sokoto,0,,0,1,ANNUTSWUNW,NGDHS2013433036,2013,DHS,885,,,,2
NGA,Zamfara,1343278,Number of women (unweighted),946,0,NG,Nigeria,2013,NG2013DHS,AN_NUTS_W_UNW,114563130,U,433037,1433037,Region,..Zamfara,0,,0,1,ANNUTSWUNW,NGDHS2013433037,2013,DHS,1061,,,,2
NGA,South East,2865549,Number of women (unweighted),3954,0,NG,Nigeria,2013,NG2013DHS,AN_NUTS_W_UNW,114563130,U,433008,1433040,Region,South East,0,,0,1,ANNUTSWUNW,NGDHS2013433008,2013,DHS,3965,,,,1
NGA,Abia,492233,Number of women (unweighted),720,0,NG,Nigeria,2013,NG2013DHS,AN_NUTS_W_UNW,114563130,U,433041,1433041,Region,..Abia,0,,0,1,ANNUTSWUNW,NGDHS2013433041,2013,DHS,465,,,,2
NGA,Anambra,1337951,Number of women (unweighted),799,0,NG,Nigeria,2013,NG2013DHS,AN_NUTS_W_UNW,114563130,U,433042,1433042,Region,..Anambra,0,,0,1,ANNUTSWUNW,NGDHS2013433042,2013,DHS,926,,,,2
NGA,Ebonyi,171966,Number of women (unweighted),941,0,NG,Nigeria,2013,NG2013DHS,AN_NUTS_W_UNW,114563130,U,433043,1433043,Region,..Ebonyi,0,,0,1,ANNUTSWUNW,NGDHS2013433043,2013,DHS,984,,,,2
NGA,Enugu,7889200,Number of women (unweighted),856,0,NG,Nigeria,2013,NG2013DHS,AN_NUTS_W_UNW,114563130,U,433044,1433044,Region,..Enugu,0,,0,1,ANNUTSWUNW,NGDHS2013433044,2013,DHS,843,,,,2
NGA,Imo,6816480,Number of women (unweighted),638,0,NG,Nigeria,2013,NG2013DHS,AN_NUTS_W_UNW,114563130,U,433045,1433045,Region,..Imo,0,,0,1,ANNUTSWUNW,NGDHS2013433045,2013,DHS,747,,,,2
NGA,South West,1331609,Number of women (unweighted),5234,0,NG,Nigeria,2013,NG2013DHS,AN_NUTS_W_UNW,114563130,U,433009,1433050,Region,South West,0,,0,1,ANNUTSWUNW,NGDHS2013433009,2013,DHS,5569,,,,1
NGA,Ekiti,875762,Number of women (unweighted),780,0,NG,Nigeria,2013,NG2013DHS,AN_NUTS_W_UNW,114563130,U,433051,1433051,Region,..Ekiti,0,,0,1,ANNUTSWUNW,NGDHS2013433051,2013,DHS,297,,,,2
NGA,Lagos,713849,Number of women (unweighted),1325,0,NG,Nigeria,2013,NG2013DHS,AN_NUTS_W_UNW,114563130,U,433052,1433052,Region,..Lagos,0,,0,1,ANNUTSWUNW,NGDHS2013433052,2013,DHS,1750,,,,2
NGA,Ogun,2815035,Number of women (unweighted),585,0,NG,Nigeria,2013,NG2013DHS,AN_NUTS_W_UNW,114563130,U,433053,1433053,Region,..Ogun,0,,0,1,ANNUTSWUNW,NGDHS2013433053,2013,DHS,763,,,,2
NGA,Ondo,1337947,Number of women (unweighted),820,0,NG,Nigeria,2013,NG2013DHS,AN_NUTS_W_UNW,114563130,U,433054,1433054,Region,..Ondo,0,,0,1,ANNUTSWUNW,NGDHS2013433054,2013,DHS,719,,,,2
NGA,Osun,7759557,Number of women (unweighted),941,0,NG,Nigeria,2013,NG2013DHS,AN_NUTS_W_UNW,114563130,U,433055,1433055,Region,..Osun,0,,0,1,ANNUTSWUNW,NGDHS2013433055,2013,DHS,697,,,,2
NGA,Oyo,1324544,Number of women (unweighted),783,0,NG,Nigeria,2013,NG2013DHS,AN_NUTS_W_UNW,114563130,U,433056,1433056,Region,..Oyo,0,,0,1,ANNUTSWUNW,NGDHS2013433056,2013,DHS,1343,,,,2
NGA,South South,314881,Number of women (unweighted),5335,0,NG,Nigeria,2013,NG2013DHS,AN_NUTS_W_UNW,114563130,U,433010,1433060,Region,South South,0,,0,1,ANNUTSWUNW,NGDHS2013433010,2013,DHS,4352,,,,1
NGA,Akwa Ibom,1331616,Number of women (unweighted),890,0,NG,Nigeria,2013,NG2013DHS,AN_NUTS_W_UNW,114563130,U,433061,1433061,Region,..Akwa Ibom,0,,0,1,ANNUTSWUNW,NGDHS2013433061,2013,DHS,785,,,,2
NGA,Bayelsa,262832,Number of women (unweighted),1045,0,NG,Nigeria,2013,NG2013DHS,AN_NUTS_W_UNW,114563130,U,433062,1433062,Region,..Bayelsa,0,,0,1,ANNUTSWUNW,NGDHS2013433062,2013,DHS,310,,,,2
NGA,Cross River,3167275,Number of women (unweighted),647,0,NG,Nigeria,2013,NG2013DHS,AN_NUTS_W_UNW,114563130,U,433063,1433063,Region,..Cross River,0,,0,1,ANNUTSWUNW,NGDHS2013433063,2013,DHS,622,,,,2
NGA,Delta,3389726,Number of women (unweighted),979,0,NG,Nigeria,2013,NG2013DHS,AN_NUTS_W_UNW,114563130,U,433064,1433064,Region,..Delta,0,,0,1,ANNUTSWUNW,NGDHS2013433064,2013,DHS,857,,,,2
NGA,Edo,3062238,Number of women (unweighted),975,0,NG,Nigeria,2013,NG2013DHS,AN_NUTS_W_UNW,114563130,U,433065,1433065,Region,..Edo,0,,0,1,ANNUTSWUNW,NGDHS2013433065,2013,DHS,667,,,,2
NGA,Rivers,561733,Number of women (unweighted),799,0,NG,Nigeria,2013,NG2013DHS,AN_NUTS_W_UNW,114563130,U,433066,1433066,Region,..Rivers,0,,0,1,ANNUTSWUNW,NGDHS2013433066,2013,DHS,1111,,,,2
NGA,North Central,6696883,Children severely stunted,10.5,1,NG,Nigeria,2018,NG2018DHS,CN_NUTS_C_HA3,104236010,I,433005,1433010,Region,North Central,0,,0,1,CNNUTSCHA3,NGDHS2018433005,2018,DHS,1792,2188,,,1
NGA,FCT Abuja,1343760,Children severely stunted,9.4,1,NG,Nigeria,2018,NG2018DHS,CN_NUTS_C_HA3,104236010,I,433011,1433011,Region,..FCT Abuja,0,,0,1,CNNUTSCHA3,NGDHS2018433011,2018,DHS,87,298,,,2
NGA,Benue,6596559,Children severely stunted,6.7,1,NG,Nigeria,2018,NG2018DHS,CN_NUTS_C_HA3,104236010,I,433012,1433012,Region,..Benue,0,,0,1,CNNUTSCHA3,NGDHS2018433012,2018,DHS,415,374,,,2
NGA,Kogi,1343791,Children severely stunted,7.8,1,NG,Nigeria,2018,NG2018DHS,CN_NUTS_C_HA3,104236010,I,433013,1433013,Region,..Kogi,0,,0,1,CNNUTSCHA3,NGDHS2018433013,2018,DHS,159,214,,,2
NGA,Kwara,5515820,Children severely stunted,12.8,1,NG,Nigeria,2018,NG2018DHS,CN_NUTS_C_HA3,104236010,I,433014,1433014,Region,..Kwara,0,,0,1,CNNUTSCHA3,NGDHS2018433014,2018,DHS,202,261,,,2
NGA,Nasarawa,3617869,Children severely stunted,11.9,1,NG,Nigeria,2018,NG2018DHS,CN_NUTS_C_HA3,104236010,I,433015,1433015,Region,..Nasarawa,0,,0,1,CNNUTSCHA3,NGDHS2018433015,2018,DHS,195,300,,,2
NGA,Niger,3165775,Children severely stunted,11,1,NG,Nigeria,2018,NG2018DHS,CN_NUTS_C_HA3,104236010,I,433016,1433016,Region,..Niger,0,,0,1,CNNUTSCHA3,NGDHS2018433016,2018,DHS,478,423,,,2
NGA,Plateau,3492588,Children severely stunted,15.2,1,NG,Nigeria,2018,NG2018DHS,CN_NUTS_C_HA3,104236010,I,433017,1433017,Region,..Plateau,0,,0,1,CNNUTSCHA3,NGDHS2018433017,2018,DHS,256,318,,,2
NGA,North East,1343291,Children severely stunted,26.3,1,NG,Nigeria,2018,NG2018DHS,CN_NUTS_C_HA3,104236010,I,433006,1433020,Region,North East,0,,0,1,CNNUTSCHA3,NGDHS2018433006,2018,DHS,1966,2219,,,1
NGA,Adamawa,5433117,Children severely stunted,15.1,1,NG,Nigeria,2018,NG2018DHS,CN_NUTS_C_HA3,104236010,I,433021,1433021,Region,..Adamawa,0,,0,1,CNNUTSCHA3,NGDHS2018433021,2018,DHS,279,315,,,2
NGA,Bauchi,5904323,Children severely stunted,29.4,1,NG,Nigeria,2018,NG2018DHS,CN_NUTS_C_HA3,104236010,I,433022,1433022,Region,..Bauchi,0,,0,1,CNNUTSCHA3,NGDHS2018433022,2018,DHS,447,442,,,2
NGA,Borno,3152003,Children severely stunted,24.6,1,NG,Nigeria,2018,NG2018DHS,CN_NUTS_C_HA3,104236010,I,433023,1433023,Region,..Borno,0,,0,1,CNNUTSCHA3,NGDHS2018433023,2018,DHS,402,347,,,2
NGA,Gombe,6457494,Children severely stunted,26.9,1,NG,Nigeria,2018,NG2018DHS,CN_NUTS_C_HA3,104236010,I,433024,1433024,Region,..Gombe,0,,0,1,CNNUTSCHA3,NGDHS2018433024,2018,DHS,221,400,,,2
NGA,Taraba,1343750,Children severely stunted,19.4,1,NG,Nigeria,2018,NG2018DHS,CN_NUTS_C_HA3,104236010,I,433025,1433025,Region,..Taraba,0,,0,1,CNNUTSCHA3,NGDHS2018433025,2018,DHS,243,348,,,2
NGA,Yobe,485423,Children severely stunted,37,1,NG,Nigeria,2018,NG2018DHS,CN_NUTS_C_HA3,104236010,I,433026,1433026,Region,..Yobe,0,,0,1,CNNUTSCHA3,NGDHS2018433026,2018,DHS,373,367,,,2
NGA,North West,506038,Children severely stunted,30.7,1,NG,Nigeria,2018,NG2018DHS,CN_NUTS_C_HA3,104236010,I,433007,1433030,Region,North West,0,,0,1,CNNUTSCHA3,NGDHS2018433007,2018,DHS,3570,2898,,,1
NGA,Jigawa,6610696,Children severely stunted,36,1,NG,Nigeria,2018,NG2018DHS,CN_NUTS_C_HA3,104236010,I,433031,1433031,Region,..Jigawa,0,,0,1,CNNUTSCHA3,NGDHS2018433031,2018,DHS,415,415,,,2
NGA,Kaduna,1331743,Children severely stunted,22.1,1,NG,Nigeria,2018,NG2018DHS,CN_NUTS_C_HA3,104236010,I,433032,1433032,Region,..Kaduna,0,,0,1,CNNUTSCHA3,NGDHS2018433032,2018,DHS,688,421,,,2
NGA,Kano,5558564,Children severely stunted,29.7,1,NG,Nigeria,2018,NG2018DHS,CN_NUTS_C_HA3,104236010,I,433033,1433033,Region,..Kano,0,,0,1,CNNUTSCHA3,NGDHS2018433033,2018,DHS,754,562,,,2
NGA,Katsina,3603347,Children severely stunted,35.9,1,NG,Nigeria,2018,NG2018DHS,CN_NUTS_C_HA3,104236010,I,433034,1433034,Region,..Katsina,0,,0,1,CNNUTSCHA3,NGDHS2018433034,2018,DHS,748,478,,,2
NGA,Kebbi,3144809,Children severely stunted,37.6,1,NG,Nigeria,2018,NG2018DHS,CN_NUTS_C_HA3,104236010,I,433035,1433035,Region,..Kebbi,0,,0,1,CNNUTSCHA3,NGDHS2018433035,2018,DHS,323,360,,,2
NGA,Sokoto,3460445,Children severely stunted,34.6,1,NG,Nigeria,2018,NG2018DHS,CN_NUTS_C_HA3,104236010,I,433036,1433036,Region,..Sokoto,0,,0,1,CNNUTSCHA3,NGDHS2018433036,2018,DHS,263,299,,,2
NGA,Zamfara,4579403,Children severely stunted,23.9,1,NG,Nigeria,2018,NG2018DHS,CN_NUTS_C_HA3,104236010,I,433037,1433037,Region,..Zamfara,0,,0,1,CNNUTSCHA3,NGDHS2018433037,2018,DHS,378,363,,,2
NGA,South East,3365094,Children severely stunted,5.7,1,NG,Nigeria,2018,NG2018DHS,CN_NUTS_C_HA3,104236010,I,433008,1433040,Region,South East,0,,0,1,CNNUTSCHA3,NGDHS2018433008,2018,DHS,1668,1843,,,1
NGA,Abia,6047980,Children severely stunted,6.4,1,NG,Nigeria,2018,NG2018DHS,CN_NUTS_C_HA3,104236010,I,433041,1433041,Region,..Abia,0,,0,1,CNNUTSCHA3,NGDHS2018433041,2018,DHS,187,286,,,2
NGA,Anambra,3167127,Children severely stunted,3.6,1,NG,Nigeria,2018,NG2018DHS,CN_NUTS_C_HA3,104236010,I,433042,1433042,Region,..Anambra,0,,0,1,CNNUTSCHA3,NGDHS2018433042,2018,DHS,540,447,,,2
NGA,Ebonyi,6450802,Children severely stunted,9.6,1,NG,Nigeria,2018,NG2018DHS,CN_NUTS_C_HA3,104236010,I,433043,1433043,Region,..Ebonyi,0,,0,1,CNNUTSCHA3,NGDHS2018433043,2018,DHS,392,488,,,2
NGA,Enugu,1343783,Children severely stunted,4.5,1,NG,Nigeria,2018,NG2018DHS,CN_NUTS_C_HA3,104236010,I,433044,1433044,Region,..Enugu,0,,0,1,CNNUTSCHA3,NGDHS2018433044,2018,DHS,220,263,,,2
NGA,Imo,341436,Children severely stunted,4.9,1,NG,Nigeria,2018,NG2018DHS,CN_NUTS_C_HA3,104236010,I,433045,1433045,Region,..Imo,0,,0,1,CNNUTSCHA3,NGDHS2018433045,2018,DHS,330,359,,,2
NGA,South West,7758205,Children severely stunted,8.6,1,NG,Nigeria,2018,NG2018DHS,CN_NUTS_C_HA3,104236010,I,433009,1433050,Region,South West,0,,0,1,CNNUTSCHA3,NGDHS2018433009,2018,DHS,2294,1863,,,1
NGA,Ekiti,1338060,Children severely stunted,6.8,1,NG,Nigeria,2018,NG2018DHS,CN_NUTS_C_HA3,104236010,I,433051,1433051,Region,..Ekiti,0,,0,1,CNNUTSCHA3,NGDHS2018433051,2018,DHS,166,287,,,2
NGA,Lagos,7078013,Children severely stunted,5.8,1,NG,Nigeria,2018,NG2018DHS,CN_NUTS_C_HA3,104236010,I,433052,1433052,Region,..Lagos,0,,0,1,CNNUTSCHA3,NGDHS2018433052,2018,DHS,684,355,,,2
NGA,Ogun,3354476,Children severely stunted,7.5,1,NG,Nigeria,2018,NG2018DHS,CN_NUTS_C_HA3,104236010,I,433053,1433053,Region,..Ogun,0,,0,1,CNNUTSCHA3,NGDHS2018433053,2018,DHS,357,309,,,2
NGA,Ondo,3178918,Children severely stunted,6.7,1,NG,Nigeria,2018,NG2018DHS,CN_NUTS_C_HA3,104236010,I,433054,1433054,Region,..Ondo,0,,0,1,CNNUTSCHA3,NGDHS2018433054,2018,DHS,177,235,,,2
NGA,Osun,3460431,Children severely stunted,7.5,1,NG,Nigeria,2018,NG2018DHS,CN_NUTS_C_HA3,104236010,I,433055,1433055,Region,..Osun,0,,0,1,CNNUTSCHA3,NGDHS2018433055,2018,DHS,314,278,,,2
NGA,Oyo,4511232,Children severely stunted,14.2,1,NG,Nigeria,2018,NG2018DHS,CN_NUTS_C_HA3,104236010,I,433056,1433056,Region,..Oyo,0,,0,1,CNNUTSCHA3,NGDHS2018433056,2018,DHS,596,399,,,2
NGA,South South,7194326,Children severely stunted,4.8,1,NG,Nigeria,2018,NG2018DHS,CN_NUTS_C_HA3,104236010,I,433010,1433060,Region,South South,0,,0,1,CNNUTSCHA3,NGDHS2018433010,2018,DHS,1300,1370,,,1
NGA,Akwa Ibom,3100306,Children severely stunted,4.4,1,NG,Nigeria,2018,NG2018DHS,CN_NUTS_C_HA3,104236010,I,433061,1433061,Region,..Akwa Ibom,0,,0,1,CNNUTSCHA3,NGDHS2018433061,2018,DHS,236,254,,,2
NGA,Bayelsa,6632299,Children severely stunted,6.1,1,NG,Nigeria,2018,NG2018DHS,CN_NUTS_C_HA3,104236010,I,433062,1433062,Region,..Bayelsa,0,,0,1,CNNUTSCHA3,NGDHS2018433062,2018,DHS,105,282,,,2
NGA,Cross River,1343781,Children severely stunted,5.6,1,NG,Nigeria,2018,NG2018DHS,CN_NUTS_C_HA3,104236010,I,433063,1433063,Region,..Cross River,0,,0,1,CNNUTSCHA3,NGDHS2018433063,2018,DHS,121,164,,,2
NGA,Delta,348533,Children severely stunted,7.5,1,NG,Nigeria,2018,NG2018DHS,CN_NUTS_C_HA3,104236010,I,433064,1433064,Region,..Delta,0,,0,1,CNNUTSCHA3,NGDHS2018433064,2018,DHS,236,198,,,2
NGA,Edo,4990454,Children severely stunted,4.5,1,NG,Nigeria,2018,NG2018DHS,CN_NUTS_C_HA3,104236010,I,433065,1433065,Region,..Edo,0,,0,1,CNNUTSCHA3,NGDHS2018433065,2018,DHS,151,160,,,2
NGA,Rivers,7830773,Children severely stunted,3.1,1,NG,Nigeria,2018,NG2018DHS,CN_NUTS_C_HA3,104236010,I,433066,1433066,Region,..Rivers,0,,0,1,CNNUTSCHA3,NGDHS2018433066,2018,DHS,451,312,,,2
NGA,North Central,6696882,Children stunted,28.7,1,NG,Nigeria,2018,NG2018DHS,CN_NUTS_C_HA2,104236020,I,433005,1433010,Region,North Central,0,,0,1,CNNUTSCHA2,NGDHS2018433005,2018,DHS,1792,2188,,,1
NGA,FCT Abuja,1343759,Children stunted,21.2,1,NG,Nigeria,2018,NG2018DHS,CN_NUTS_C_HA2,104236020,I,433011,1433011,Region,..FCT Abuja,0,,0,1,CNNUTSCHA2,NGDHS2018433011,2018,DHS,87,298,,,2
NGA,Benue,6596558,Children stunted,20.8,1,NG,Nigeria,2018,NG2018DHS,CN_NUTS_C_HA2,104236020,I,433012,1433012,Region,..Benue,0,,0,1,CNNUTSCHA2,NGDHS2018433012,2018,DHS,415,374,,,2
NGA,Kogi,1343742,Children stunted,20,1,NG,Nigeria,2018,NG2018DHS,CN_NUTS_C_HA2,104236020,I,433013,1433013,Region,..Kogi,0,,0,1,CNNUTSCHA2,NGDHS2018433013,2018,DHS,159,214,,,2
NGA,Kwara,5515819,Children stunted,32.9,1,NG,Nigeria,2018,NG2018DHS,CN_NUTS_C_HA2,104236020,I,433014,1433014,Region,..Kwara,0,,0,1,CNNUTSCHA2,NGDHS2018433014,2018,DHS,202,261,,,2
NGA,Nasarawa,3617868,Children stunted,31.4,1,NG,Nigeria,2018,NG2018DHS,CN_NUTS_C_HA2,104236020,I,433015,1433015,Region,..Nasarawa,0,,0,1,CNNUTSCHA2,NGDHS2018433015,2018,DHS,195,300,,,2
NGA,Niger,3165777,Children stunted,28.2,1,NG,Nigeria,2018,NG2018DHS,CN_NUTS_C_HA2,104236020,I,433016,1433016,Region,..Niger,0,,0,1,CNNUTSCHA2,NGDHS2018433016,2018,DHS,478,423,,,2
NGA,Plateau,3492587,Children stunted,44.7,1,NG,Nigeria,2018,NG2018DHS,CN_NUTS_C_HA2,104236020,I,433017,1433017,Region,..Plateau,0,,0,1,CNNUTSCHA2,NGDHS2018433017,2018,DHS,256,318,,,2
NGA,North East,1343287,Children stunted,49.1,1,NG,Nigeria,2018,NG2018DHS,CN_NUTS_C_HA2,104236020,I,433006,1433020,Region,North East,0,,0,1,CNNUTSCHA2,NGDHS2018433006,2018,DHS,1966,2219,,,1
NGA,Adamawa,5433116,Children stunted,39.7,1,NG,Nigeria,2018,NG2018DHS,CN_NUTS_C_HA2,104236020,I,433021,1433021,Region,..Adamawa,0,,0,1,CNNUTSCHA2,NGDHS2018433021,2018,DHS,279,315,,,2
NGA,Bauchi,5904322,Children stunted,54.7,1,NG,Nigeria,2018,NG2018DHS,CN_NUTS_C_HA2,104236020,I,433022,1433022,Region,..Bauchi,0,,0,1,CNNUTSCHA2,NGDHS2018433022,2018,DHS,447,442,,,2
NGA,Borno,3152041,Children stunted,45.1,1,NG,Nigeria,2018,NG2018DHS,CN_NUTS_C_HA2,104236020,I,433023,1433023,Region,..Borno,0,,0,1,CNNUTSCHA2,NGDHS2018433023,2018,DHS,402,347,,,2
NGA,Gombe,6457493,Children stunted,51.2,1,NG,Nigeria,2018,NG2018DHS,CN_NUTS_C_HA2,104236020,I,433024,1433024,Region,..Gombe,0,,0,1,CNNUTSCHA2,NGDHS2018433024,2018,DHS,221,400,,,2
NGA,Taraba,1343756,Children stunted,41.9,1,NG,Nigeria,2018,NG2018DHS,CN_NUTS_C_HA2,104236020,I,433025,1433025,Region,..Taraba,0,,0,1,CNNUTSCHA2,NGDHS2018433025,2018,DHS,243,348,,,2
NGA,Yobe,485422,Children stunted,57.2,1,NG,Nigeria,2018,NG2018DHS,CN_NUTS_C_HA2,104236020,I,433026,1433026,Region,..Yobe,0,,0,1,CNNUTSCHA2,NGDHS2018433026,2018,DHS,373,367,,,2
NGA,North West,506037,Children stunted,56.8,1,NG,Nigeria,2018,NG2018DHS,CN_NUTS_C_HA2,104236020,I,433007,1433030,Region,North West,0,,0,1,CNNUTSCHA2,NGDHS2018433007,2018,DHS,3570,2898,,,1
NGA,Jigawa,6610676,Children stunted,64,1,NG,Nigeria,2018,NG2018DHS,CN_NUTS_C_HA2,104236020,I,433031,1433031,Region,..Jigawa,0,,0,1,CNNUTSCHA2,NGDHS2018433031,2018,DHS,415,415,,,2
NGA,Kaduna,1331741,Children stunted,48.1,1,NG,Nigeria,2018,NG2018DHS,CN_NUTS_C_HA2,104236020,I,433032,1433032,Region,..Kaduna,0,,0,1,CNNUTSCHA2,NGDHS2018433032,2018,DHS,688,421,,,2
NGA,Kano,5558563,Children stunted,56.9,1,NG,Nigeria,2018,NG2018DHS,CN_NUTS_C_HA2,104236020,I,433033,1433033,Region,..Kano,0,,0,1,CNNUTSCHA2,NGDHS2018433033,2018,DHS,754,562,,,2
NGA,Katsina,3603346,Children stunted,60.5,1,NG,Nigeria,2018,NG2018DHS,CN_NUTS_C_HA2,104236020,I,433034,1433034,Region,..Katsina,0,,0,1,CNNUTSCHA2,NGDHS2018433034,2018,DHS,748,478,,,2
NGA,Kebbi,3144808,Children stunted,66.1,1,NG,Nigeria,2018,NG2018DHS,CN_NUTS_C_HA2,104236020,I,433035,1433035,Region,..Kebbi,0,,0,1,CNNUTSCHA2,NGDHS2018433035,2018,DHS,323,360,,,2
NGA,Sokoto,3460444,Children stunted,54.8,1,NG,Nigeria,2018,NG2018DHS,CN_NUTS_C_HA2,104236020,I,433036,1433036,Region,..Sokoto,0,,0,1,CNNUTSCHA2,NGDHS2018433036,2018,DHS,263,299,,,2
NGA,Zamfara,4579402,Children stunted,50.8,1,NG,Nigeria,2018,NG2018DHS,CN_NUTS_C_HA2,104236020,I,433037,1433037,Region,..Zamfara,0,,0,1,CNNUTSCHA2,NGDHS2018433037,2018,DHS,378,363,,,2
NGA,South East,3365088,Children stunted,18.4,1,NG,Nigeria,2018,NG2018DHS,CN_NUTS_C_HA2,104236020,I,433008,1433040,Region,South East,0,,0,1,CNNUTSCHA2,NGDHS2018433008,2018,DHS,1668,1843,,,1
NGA,Abia,6047920,Children stunted,22.2,1,NG,Nigeria,2018,NG2018DHS,CN_NUTS_C_HA2,104236020,I,433041,1433041,Region,..Abia,0,,0,1,CNNUTSCHA2,NGDHS2018433041,2018,DHS,187,286,,,2
NGA,Anambra,3167126,Children stunted,14,1,NG,Nigeria,2018,NG2018DHS,CN_NUTS_C_HA2,104236020,I,433042,1433042,Region,..Anambra,0,,0,1,CNNUTSCHA2,NGDHS2018433042,2018,DHS,540,447,,,2
NGA,Ebonyi,6450801,Children stunted,25.2,1,NG,Nigeria,2018,NG2018DHS,CN_NUTS_C_HA2,104236020,I,433043,1433043,Region,..Ebonyi,0,,0,1,CNNUTSCHA2,NGDHS2018433043,2018,DHS,392,488,,,2
NGA,Enugu,1343777,Children stunted,14.8,1,NG,Nigeria,2018,NG2018DHS,CN_NUTS_C_HA2,104236020,I,433044,1433044,Region,..Enugu,0,,0,1,CNNUTSCHA2,NGDHS2018433044,2018,DHS,220,263,,,2
NGA,Imo,341438,Children stunted,17.6,1,NG,Nigeria,2018,NG2018DHS,CN_NUTS_C_HA2,104236020,I,433045,1433045,Region,..Imo,0,,0,1,CNNUTSCHA2,NGDHS2018433045,2018,DHS,330,359,,,2
NGA,South West,7758204,Children stunted,24.7,1,NG,Nigeria,2018,NG2018DHS,CN_NUTS_C_HA2,104236020,I,433009,1433050,Region,South West,0,,0,1,CNNUTSCHA2,NGDHS2018433009,2018,DHS,2294,1863,,,1
NGA,Ekiti,1338078,Children stunted,22.1,1,NG,Nigeria,2018,NG2018DHS,CN_NUTS_C_HA2,104236020,I,433051,1433051,Region,..Ekiti,0,,0,1,CNNUTSCHA2,NGDHS2018433051,2018,DHS,166,287,,,2
NGA,Lagos,7078014,Children stunted,17.2,1,NG,Nigeria,2018,NG2018DHS,CN_NUTS_C_HA2,104236020,I,433052,1433052,Region,..Lagos,0,,0,1,CNNUTSCHA2,NGDHS2018433052,2018,DHS,684,355,,,2
NGA,Ogun,3354478,Children stunted,26.6,1,NG,Nigeria,2018,NG2018DHS,CN_NUTS_C_HA2,104236020,I,433053,1433053,Region,..Ogun,0,,0,1,CNNUTSCHA2,NGDHS2018433053,2018,DHS,357,309,,,2
NGA,Ondo,3178917,Children stunted,20.4,1,NG,Nigeria,2018,NG2018DHS,CN_NUTS_C_HA2,104236020,I,433054,1433054,Region,..Ondo,0,,0,1,CNNUTSCHA2,NGDHS2018433054,2018,DHS,177,235,,,2
NGA,Osun,3460432,Children stunted,23.7,1,NG,Nigeria,2018,NG2018DHS,CN_NUTS_C_HA2,104236020,I,433055,1433055,Region,..Osun,0,,0,1,CNNUTSCHA2,NGDHS2018433055,2018,DHS,314,278,,,2
NGA,Oyo,4511231,Children stunted,34.5,1,NG,Nigeria,2018,NG2018DHS,CN_NUTS_C_HA2,104236020,I,433056,1433056,Region,..Oyo,0,,0,1,CNNUTSCHA2,NGDHS2018433056,2018,DHS,596,399,,,2
NGA,South South,7194325,Children stunted,19.7,1,NG,Nigeria,2018,NG2018DHS,CN_NUTS_C_HA2,104236020,I,433010,1433060,Region,South South,0,,0,1,CNNUTSCHA2,NGDHS2018433010,2018,DHS,1300,1370,,,1
NGA,Akwa Ibom,3100308,Children stunted,19.6,1,NG,Nigeria,2018,NG2018DHS,CN_NUTS_C_HA2,104236020,I,433061,1433061,Region,..Akwa Ibom,0,,0,1,CNNUTSCHA2,NGDHS2018433061,2018,DHS,236,254,,,2
NGA,Bayelsa,6632300,Children stunted,24.9,1,NG,Nigeria,2018,NG2018DHS,CN_NUTS_C_HA2,104236020,I,433062,1433062,Region,..Bayelsa,0,,0,1,CNNUTSCHA2,NGDHS2018433062,2018,DHS,105,282,,,2
NGA,Cross River,1343780,Children stunted,22.9,1,NG,Nigeria,2018,NG2018DHS,CN_NUTS_C_HA2,104236020,I,433063,1433063,Region,..Cross River,0,,0,1,CNNUTSCHA2,NGDHS2018433063,2018,DHS,121,164,,,2
NGA,Delta,348545,Children stunted,23.7,1,NG,Nigeria,2018,NG2018DHS,CN_NUTS_C_HA2,104236020,I,433064,1433064,Region,..Delta,0,,0,1,CNNUTSCHA2,NGDHS2018433064,2018,DHS,236,198,,,2
NGA,Edo,4990461,Children stunted,16,1,NG,Nigeria,2018,NG2018DHS,CN_NUTS_C_HA2,104236020,I,433065,1433065,Region,..Edo,0,,0,1,CNNUTSCHA2,NGDHS2018433065,2018,DHS,151,160,,,2
NGA,Rivers,7830793,Children stunted,16.8,1,NG,Nigeria,2018,NG2018DHS,CN_NUTS_C_HA2,104236020,I,433066,1433066,Region,..Rivers,0,,0,1,CNNUTSCHA2,NGDHS2018433066,2018,DHS,451,312,,,2
NGA,North Central,6696881,Mean height for age of children,-1.2,1,NG,Nigeria,2018,NG2018DHS,CN_NUTS_C_HAM,104236030,I,433005,1433010,Region,North Central,0,,0,1,CNNUTSCHAM,NGDHS2018433005,2018,DHS,1792,2188,,,1
NGA,FCT Abuja,1343758,Mean height for age of children,-0.9,1,NG,Nigeria,2018,NG2018DHS,CN_NUTS_C_HAM,104236030,I,433011,1433011,Region,..FCT Abuja,0,,0,1,CNNUTSCHAM,NGDHS2018433011,2018,DHS,87,298,,,2
NGA,Benue,6596557,Mean height for age of children,-0.8,1,NG,Nigeria,2018,NG2018DHS,CN_NUTS_C_HAM,104236030,I,433012,1433012,Region,..Benue,0,,0,1,CNNUTSCHAM,NGDHS2018433012,2018,DHS,415,374,,,2
NGA,Kogi,1343740,Mean height for age of children,-1,1,NG,Nigeria,2018,NG2018DHS,CN_NUTS_C_HAM,104236030,I,433013,1433013,Region,..Kogi,0,,0,1,CNNUTSCHAM,NGDHS2018433013,2018,DHS,159,214,,,2
NGA,Kwara,5515818,Mean height for age of children,-1.4,1,NG,Nigeria,2018,NG2018DHS,CN_NUTS_C_HAM,104236030,I,433014,1433014,Region,..Kwara,0,,0,1,CNNUTSCHAM,NGDHS2018433014,2018,DHS,202,261,,,2
NGA,Nasarawa,3617857,Mean height for age of children,-1.4,1,NG,Nigeria,2018,NG2018DHS,CN_NUTS_C_HAM,104236030,I,433015,1433015,Region,..Nasarawa,0,,0,1,CNNUTSCHAM,NGDHS2018433015,2018,DHS,195,300,,,2
NGA,Niger,3165776,Mean height for age of children,-1.3,1,NG,Nigeria,2018,NG2018DHS,CN_NUTS_C_HAM,104236030,I,433016,1433016,Region,..Niger,0,,0,1,CNNUTSCHAM,NGDHS2018433016,2018,DHS,478,423,,,2
NGA,Plateau,3492586,Mean height for age of children,-1.6,1,NG,Nigeria,2018,NG2018DHS,CN_NUTS_C_HAM,104236030,I,433017,1433017,Region,..Plateau,0,,0,1,CNNUTSCHAM,NGDHS2018433017,2018,DHS,256,318,,,2
NGA,North East,1343286,Mean height for age of children,-1.9,1,NG,Nigeria,2018,NG2018DHS,CN_NUTS_C_HAM,104236030,I,433006,1433020,Region,North East,0,,0,1,CNNUTSCHAM,NGDHS2018433006,2018,DHS,1966,2219,,,1
NGA,Adamawa,5433115,Mean height for age of children,-1.6,1,NG,Nigeria,2018,NG2018DHS,CN_NUTS_C_HAM,104236030,I,433021,1433021,Region,..Adamawa,0,,0,1,CNNUTSCHAM,NGDHS2018433021,2018,DHS,279,315,,,2
NGA,Bauchi,5904321,Mean height for age of children,-2.1,1,NG,Nigeria,2018,NG2018DHS,CN_NUTS_C_HAM,104236030,I,433022,1433022,Region,..Bauchi,0,,0,1,CNNUTSCHAM,NGDHS2018433022,2018,DHS,447,442,,,2
NGA,Borno,3152040,Mean height for age of children,-1.7,1,NG,Nigeria,2018,NG2018DHS,CN_NUTS_C_HAM,104236030,I,433023,1433023,Region,..Borno,0,,0,1,CNNUTSCHAM,NGDHS2018433023,2018,DHS,402,347,,,2
NGA,Gombe,6457492,Mean height for age of children,-2,1,NG,Nigeria,2018,NG2018DHS,CN_NUTS_C_HAM,104236030,I,433024,1433024,Region,..Gombe,0,,0,1,CNNUTSCHAM,NGDHS2018433024,2018,DHS,221,400,,,2
NGA,Taraba,1343749,Mean height for age of children,-1.7,1,NG,Nigeria,2018,NG2018DHS,CN_NUTS_C_HAM,104236030,I,433025,1433025,Region,..Taraba,0,,0,1,CNNUTSCHAM,NGDHS2018433025,2018,DHS,243,348,,,2
NGA,Yobe,485421,Mean height for age of children,-2.2,1,NG,Nigeria,2018,NG2018DHS,CN_NUTS_C_HAM,104236030,I,433026,1433026,Region,..Yobe,0,,0,1,CNNUTSCHAM,NGDHS2018433026,2018,DHS,373,367,,,2
NGA,North West,506036,Mean height for age of children,-2.2,1,NG,Nigeria,2018,NG2018DHS,CN_NUTS_C_HAM,104236030,I,433007,1433030,Region,North West,0,,0,1,CNNUTSCHAM,NGDHS2018433007,2018,DHS,3570,2898,,,1
NGA,Jigawa,6610675,Mean height for age of children,-2.5,1,NG,Nigeria,2018,NG2018DHS,CN_NUTS_C_HAM,104236030,I,433031,1433031,Region,..Jigawa,0,,0,1,CNNUTSCHAM,NGDHS2018433031,2018,DHS,415,415,,,2
NGA,Kaduna,1331733,Mean height for age of children,-1.9,1,NG,Nigeria,2018,NG2018DHS,CN_NUTS_C_HAM,104236030,I,433032,1433032,Region,..Kaduna,0,,0,1,CNNUTSCHAM,NGDHS2018433032,2018,DHS,688,421,,,2
NGA,Kano,5558548,Mean height for age of children,-2.2,1,NG,Nigeria,2018,NG2018DHS,CN_NUTS_C_HAM,104236030,I,433033,1433033,Region,..Kano,0,,0,1,CNNUTSCHAM,NGDHS2018433033,2018,DHS,754,562,,,2
NGA,Katsina,3603336,Mean height for age of children,-2.4,1,NG,Nigeria,2018,NG2018DHS,CN_NUTS_C_HAM,104236030,I,433034,1433034,Region,..Katsina,0,,0,1,CNNUTSCHAM,NGDHS2018433034,2018,DHS,748,478,,,2
NGA,Kebbi,3144807,Mean height for age of children,-2.5,1,NG,Nigeria,2018,NG2018DHS,CN_NUTS_C_HAM,104236030,I,433035,1433035,Region,..Kebbi,0,,0,1,CNNUTSCHAM,NGDHS2018433035,2018,DHS,323,360,,,2
NGA,Sokoto,3460440,Mean height for age of children,-2.1,1,NG,Nigeria,2018,NG2018DHS,CN_NUTS_C_HAM,104236030,I,433036,1433036,Region,..Sokoto,0,,0,1,CNNUTSCHAM,NGDHS2018433036,2018,DHS,263,299,,,2
NGA,Zamfara,4579401,Mean height for age of children,-1.9,1,NG,Nigeria,2018,NG2018DHS,CN_NUTS_C_HAM,104236030,I,433037,1433037,Region,..Zamfara,0,,0,1,CNNUTSCHAM,NGDHS2018433037,2018,DHS,378,363,,,2
NGA,South East,3365087,Mean height for age of children,-0.8,1,NG,Nigeria,2018,NG2018DHS,CN_NUTS_C_HAM,104236030,I,433008,1433040,Region,South East,0,,0,1,CNNUTSCHAM,NGDHS2018433008,2018,DHS,1668,1843,,,1
NGA,Abia,6047919,Mean height for age of children,-1.1,1,NG,Nigeria,2018,NG2018DHS,CN_NUTS_C_HAM,104236030,I,433041,1433041,Region,..Abia,0,,0,1,CNNUTSCHAM,NGDHS2018433041,2018,DHS,187,286,,,2
NGA,Anambra,3167125,Mean height for age of children,-0.6,1,NG,Nigeria,2018,NG2018DHS,CN_NUTS_C_HAM,104236030,I,433042,1433042,Region,..Anambra,0,,0,1,CNNUTSCHAM,NGDHS2018433042,2018,DHS,540,447,,,2
NGA,Ebonyi,6450803,Mean height for age of children,-1.2,1,NG,Nigeria,2018,NG2018DHS,CN_NUTS_C_HAM,104236030,I,433043,1433043,Region,..Ebonyi,0,,0,1,CNNUTSCHAM,NGDHS2018433043,2018,DHS,392,488,,,2
NGA,Enugu,1343775,Mean height for age of children,-0.6,1,NG,Nigeria,2018,NG2018DHS,CN_NUTS_C_HAM,104236030,I,433044,1433044,Region,..Enugu,0,,0,1,CNNUTSCHAM,NGDHS2018433044,2018,DHS,220,263,,,2
NGA,Imo,341437,Mean height for age of children,-0.7,1,NG,Nigeria,2018,NG2018DHS,CN_NUTS_C_HAM,104236030,I,433045,1433045,Region,..Imo,0,,0,1,CNNUTSCHAM,NGDHS2018433045,2018,DHS,330,359,,,2
NGA,South West,7758201,Mean height for age of children,-1.2,1,NG,Nigeria,2018,NG2018DHS,CN_NUTS_C_HAM,104236030,I,433009,1433050,Region,South West,0,,0,1,CNNUTSCHAM,NGDHS2018433009,2018,DHS,2294,1863,,,1
NGA,Ekiti,1338059,Mean height for age of children,-1.1,1,NG,Nigeria,2018,NG2018DHS,CN_NUTS_C_HAM,104236030,I,433051,1433051,Region,..Ekiti,0,,0,1,CNNUTSCHAM,NGDHS2018433051,2018,DHS,166,287,,,2
NGA,Lagos,7078012,Mean height for age of children,-0.8,1,NG,Nigeria,2018,NG2018DHS,CN_NUTS_C_HAM,104236030,I,433052,1433052,Region,..Lagos,0,,0,1,CNNUTSCHAM,NGDHS2018433052,2018,DHS,684,355,,,2
NGA,Ogun,3354477,Mean height for age of children,-1.3,1,NG,Nigeria,2018,NG2018DHS,CN_NUTS_C_HAM,104236030,I,433053,1433053,Region,..Ogun,0,,0,1,CNNUTSCHAM,NGDHS2018433053,2018,DHS,357,309,,,2
NGA,Ondo,3178906,Mean height for age of children,-1,1,NG,Nigeria,2018,NG2018DHS,CN_NUTS_C_HAM,104236030,I,433054,1433054,Region,..Ondo,0,,0,1,CNNUTSCHAM,NGDHS2018433054,2018,DHS,177,235,,,2
NGA,Osun,3460430,Mean height for age of children,-1.2,1,NG,Nigeria,2018,NG2018DHS,CN_NUTS_C_HAM,104236030,I,433055,1433055,Region,..Osun,0,,0,1,CNNUTSCHAM,NGDHS2018433055,2018,DHS,314,278,,,2
NGA,Oyo,4511230,Mean height for age of children,-1.6,1,NG,Nigeria,2018,NG2018DHS,CN_NUTS_C_HAM,104236030,I,433056,1433056,Region,..Oyo,0,,0,1,CNNUTSCHAM,NGDHS2018433056,2018,DHS,596,399,,,2
NGA,South South,7194324,Mean height for age of children,-1,1,NG,Nigeria,2018,NG2018DHS,CN_NUTS_C_HAM,104236030,I,433010,1433060,Region,South South,0,,0,1,CNNUTSCHAM,NGDHS2018433010,2018,DHS,1300,1370,,,1
NGA,Akwa Ibom,3100307,Mean height for age of children,-1,1,NG,Nigeria,2018,NG2018DHS,CN_NUTS_C_HAM,104236030,I,433061,1433061,Region,..Akwa Ibom,0,,0,1,CNNUTSCHAM,NGDHS2018433061,2018,DHS,236,254,,,2
NGA,Bayelsa,6632298,Mean height for age of children,-1,1,NG,Nigeria,2018,NG2018DHS,CN_NUTS_C_HAM,104236030,I,433062,1433062,Region,..Bayelsa,0,,0,1,CNNUTSCHAM,NGDHS2018433062,2018,DHS,105,282,,,2
NGA,Cross River,1343779,Mean height for age of children,-1.1,1,NG,Nigeria,2018,NG2018DHS,CN_NUTS_C_HAM,104236030,I,433063,1433063,Region,..Cross River,0,,0,1,CNNUTSCHAM,NGDHS2018433063,2018,DHS,121,164,,,2
NGA,Delta,348534,Mean height for age of children,-1.1,1,NG,Nigeria,2018,NG2018DHS,CN_NUTS_C_HAM,104236030,I,433064,1433064,Region,..Delta,0,,0,1,CNNUTSCHAM,NGDHS2018433064,2018,DHS,236,198,,,2
NGA,Edo,4990453,Mean height for age of children,-1,1,NG,Nigeria,2018,NG2018DHS,CN_NUTS_C_HAM,104236030,I,433065,1433065,Region,..Edo,0,,0,1,CNNUTSCHAM,NGDHS2018433065,2018,DHS,151,160,,,2
NGA,Rivers,7830792,Mean height for age of children,-0.8,1,NG,Nigeria,2018,NG2018DHS,CN_NUTS_C_HAM,104236030,I,433066,1433066,Region,..Rivers,0,,0,1,CNNUTSCHAM,NGDHS2018433066,2018,DHS,451,312,,,2
NGA,North Central,4695629,Children severely wasted,1.9,1,NG,Nigeria,2018,NG2018DHS,CN_NUTS_C_WH3,104236040,I,433005,1433010,Region,North Central,0,,0,1,CNNUTSCWH3,NGDHS2018433005,2018,DHS,1797,2197,,,1
NGA,FCT Abuja,6012382,Children severely wasted,0.5,1,NG,Nigeria,2018,NG2018DHS,CN_NUTS_C_WH3,104236040,I,433011,1433011,Region,..FCT Abuja,0,,0,1,CNNUTSCWH3,NGDHS2018433011,2018,DHS,88,301,,,2
NGA,Benue,4454353,Children severely wasted,4.2,1,NG,Nigeria,2018,NG2018DHS,CN_NUTS_C_WH3,104236040,I,433012,1433012,Region,..Benue,0,,0,1,CNNUTSCWH3,NGDHS2018433012,2018,DHS,417,377,,,2
NGA,Kogi,140596,Children severely wasted,1.1,1,NG,Nigeria,2018,NG2018DHS,CN_NUTS_C_WH3,104236040,I,433013,1433013,Region,..Kogi,0,,0,1,CNNUTSCWH3,NGDHS2018433013,2018,DHS,160,215,,,2
NGA,Kwara,1338049,Children severely wasted,0.9,1,NG,Nigeria,2018,NG2018DHS,CN_NUTS_C_WH3,104236040,I,433014,1433014,Region,..Kwara,0,,0,1,CNNUTSCWH3,NGDHS2018433014,2018,DHS,202,261,,,2
NGA,Nasarawa,5263840,Children severely wasted,1.3,1,NG,Nigeria,2018,NG2018DHS,CN_NUTS_C_WH3,104236040,I,433015,1433015,Region,..Nasarawa,0,,0,1,CNNUTSCWH3,NGDHS2018433015,2018,DHS,195,300,,,2
NGA,Niger,4392730,Children severely wasted,1.7,1,NG,Nigeria,2018,NG2018DHS,CN_NUTS_C_WH3,104236040,I,433016,1433016,Region,..Niger,0,,0,1,CNNUTSCWH3,NGDHS2018433016,2018,DHS,478,423,,,2
NGA,Plateau,4131327,Children severely wasted,1.2,1,NG,Nigeria,2018,NG2018DHS,CN_NUTS_C_WH3,104236040,I,433017,1433017,Region,..Plateau,0,,0,1,CNNUTSCWH3,NGDHS2018433017,2018,DHS,257,320,,,2
NGA,North East,6391766,Children severely wasted,2.7,1,NG,Nigeria,2018,NG2018DHS,CN_NUTS_C_WH3,104236040,I,433006,1433020,Region,North East,0,,0,1,CNNUTSCWH3,NGDHS2018433006,2018,DHS,1985,2240,,,1
NGA,Adamawa,1343292,Children severely wasted,1.6,1,NG,Nigeria,2018,NG2018DHS,CN_NUTS_C_WH3,104236040,I,433021,1433021,Region,..Adamawa,0,,0,1,CNNUTSCWH3,NGDHS2018433021,2018,DHS,278,313,,,2
NGA,Bauchi,5235818,Children severely wasted,1.9,1,NG,Nigeria,2018,NG2018DHS,CN_NUTS_C_WH3,104236040,I,433022,1433022,Region,..Bauchi,0,,0,1,CNNUTSCWH3,NGDHS2018433022,2018,DHS,449,444,,,2
NGA,Borno,6004451,Children severely wasted,5.7,1,NG,Nigeria,2018,NG2018DHS,CN_NUTS_C_WH3,104236040,I,433023,1433023,Region,..Borno,0,,0,1,CNNUTSCWH3,NGDHS2018433023,2018,DHS,406,350,,,2
NGA,Gombe,4695633,Children severely wasted,3.5,1,NG,Nigeria,2018,NG2018DHS,CN_NUTS_C_WH3,104236040,I,433024,1433024,Region,..Gombe,0,,0,1,CNNUTSCWH3,NGDHS2018433024,2018,DHS,228,411,,,2
NGA,Taraba,6378672,Children severely wasted,0.8,1,NG,Nigeria,2018,NG2018DHS,CN_NUTS_C_WH3,104236040,I,433025,1433025,Region,..Taraba,0,,0,1,CNNUTSCWH3,NGDHS2018433025,2018,DHS,245,350,,,2
NGA,Yobe,4116636,Children severely wasted,1.9,1,NG,Nigeria,2018,NG2018DHS,CN_NUTS_C_WH3,104236040,I,433026,1433026,Region,..Yobe,0,,0,1,CNNUTSCWH3,NGDHS2018433026,2018,DHS,380,372,,,2
NGA,North West,3826853,Children severely wasted,2.4,1,NG,Nigeria,2018,NG2018DHS,CN_NUTS_C_WH3,104236040,I,433007,1433030,Region,North West,0,,0,1,CNNUTSCWH3,NGDHS2018433007,2018,DHS,3608,2921,,,1
NGA,Jigawa,4447441,Children severely wasted,2.9,1,NG,Nigeria,2018,NG2018DHS,CN_NUTS_C_WH3,104236040,I,433031,1433031,Region,..Jigawa,0,,0,1,CNNUTSCWH3,NGDHS2018433031,2018,DHS,419,420,,,2
NGA,Kaduna,147620,Children severely wasted,1.1,1,NG,Nigeria,2018,NG2018DHS,CN_NUTS_C_WH3,104236040,I,433032,1433032,Region,..Kaduna,0,,0,1,CNNUTSCWH3,NGDHS2018433032,2018,DHS,692,420,,,2
NGA,Kano,1331729,Children severely wasted,1.5,1,NG,Nigeria,2018,NG2018DHS,CN_NUTS_C_WH3,104236040,I,433033,1433033,Region,..Kano,0,,0,1,CNNUTSCWH3,NGDHS2018433033,2018,DHS,764,569,,,2
NGA,Katsina,5531594,Children severely wasted,1.7,1,NG,Nigeria,2018,NG2018DHS,CN_NUTS_C_WH3,104236040,I,433034,1433034,Region,..Katsina,0,,0,1,CNNUTSCWH3,NGDHS2018433034,2018,DHS,770,493,,,2
NGA,Kebbi,4383071,Children severely wasted,4.3,1,NG,Nigeria,2018,NG2018DHS,CN_NUTS_C_WH3,104236040,I,433035,1433035,Region,..Kebbi,0,,0,1,CNNUTSCWH3,NGDHS2018433035,2018,DHS,320,356,,,2
NGA,Sokoto,4124867,Children severely wasted,6.5,1,NG,Nigeria,2018,NG2018DHS,CN_NUTS_C_WH3,104236040,I,433036,1433036,Region,..Sokoto,0,,0,1,CNNUTSCWH3,NGDHS2018433036,2018,DHS,260,297,,,2
NGA,Zamfara,3449569,Children severely wasted,3,1,NG,Nigeria,2018,NG2018DHS,CN_NUTS_C_WH3,104236040,I,433037,1433037,Region,..Zamfara,0,,0,1,CNNUTSCWH3,NGDHS2018433037,2018,DHS,382,366,,,2
NGA,South East,4853180,Children severely wasted,0.8,1,NG,Nigeria,2018,NG2018DHS,CN_NUTS_C_WH3,104236040,I,433008,1433040,Region,South East,0,,0,1,CNNUTSCWH3,NGDHS2018433008,2018,DHS,1670,1843,,,1
NGA,Abia,5221977,Children severely wasted,2.2,1,NG,Nigeria,2018,NG2018DHS,CN_NUTS_C_WH3,104236040,I,433041,1433041,Region,..Abia,0,,0,1,CNNUTSCWH3,NGDHS2018433041,2018,DHS,188,287,,,2
NGA,Anambra,7205274,Children severely wasted,0.4,1,NG,Nigeria,2018,NG2018DHS,CN_NUTS_C_WH3,104236040,I,433042,1433042,Region,..Anambra,0,,0,1,CNNUTSCWH3,NGDHS2018433042,2018,DHS,543,448,,,2
NGA,Ebonyi,46504,Children severely wasted,0.8,1,NG,Nigeria,2018,NG2018DHS,CN_NUTS_C_WH3,104236040,I,433043,1433043,Region,..Ebonyi,0,,0,1,CNNUTSCWH3,NGDHS2018433043,2018,DHS,391,487,,,2
NGA,Enugu,6378676,Children severely wasted,1.4,1,NG,Nigeria,2018,NG2018DHS,CN_NUTS_C_WH3,104236040,I,433044,1433044,Region,..Enugu,0,,0,1,CNNUTSCWH3,NGDHS2018433044,2018,DHS,220,263,,,2
NGA,Imo,2671456,Children severely wasted,0.3,1,NG,Nigeria,2018,NG2018DHS,CN_NUTS_C_WH3,104236040,I,433045,1433045,Region,..Imo,0,,0,1,CNNUTSCWH3,NGDHS2018433045,2018,DHS,329,358,,,2
NGA,South West,7734867,Children severely wasted,1.3,1,NG,Nigeria,2018,NG2018DHS,CN_NUTS_C_WH3,104236040,I,433009,1433050,Region,South West,0,,0,1,CNNUTSCWH3,NGDHS2018433009,2018,DHS,2290,1860,,,1
NGA,Ekiti,4824228,Children severely wasted,1.4,1,NG,Nigeria,2018,NG2018DHS,CN_NUTS_C_WH3,104236040,I,433051,1433051,Region,..Ekiti,0,,0,1,CNNUTSCWH3,NGDHS2018433051,2018,DHS,166,287,,,2
NGA,Lagos,1331758,Children severely wasted,2.1,1,NG,Nigeria,2018,NG2018DHS,CN_NUTS_C_WH3,104236040,I,433052,1433052,Region,..Lagos,0,,0,1,CNNUTSCWH3,NGDHS2018433052,2018,DHS,682,354,,,2
NGA,Ogun,5531624,Children severely wasted,1.3,1,NG,Nigeria,2018,NG2018DHS,CN_NUTS_C_WH3,104236040,I,433053,1433053,Region,..Ogun,0,,0,1,CNNUTSCWH3,NGDHS2018433053,2018,DHS,357,309,,,2
NGA,Ondo,3574686,Children severely wasted,0,1,NG,Nigeria,2018,NG2018DHS,CN_NUTS_C_WH3,104236040,I,433054,1433054,Region,..Ondo,0,,0,1,CNNUTSCWH3,NGDHS2018433054,2018,DHS,176,234,,,2
NGA,Osun,3181931,Children severely wasted,0.8,1,NG,Nigeria,2018,NG2018DHS,CN_NUTS_C_WH3,104236040,I,433055,1433055,Region,..Osun,0,,0,1,CNNUTSCWH3,NGDHS2018433055,2018,DHS,315,278,,,2
NGA,Oyo,3593505,Children severely wasted,0.9,1,NG,Nigeria,2018,NG2018DHS,CN_NUTS_C_WH3,104236040,I,433056,1433056,Region,..Oyo,0,,0,1,CNNUTSCWH3,NGDHS2018433056,2018,DHS,595,398,,,2
NGA,South South,6162409,Children severely wasted,0.6,1,NG,Nigeria,2018,NG2018DHS,CN_NUTS_C_WH3,104236040,I,433010,1433060,Region,South South,0,,0,1,CNNUTSCWH3,NGDHS2018433010,2018,DHS,1299,1373,,,1
NGA,Akwa Ibom,7225381,Children severely wasted,0.5,1,NG,Nigeria,2018,NG2018DHS,CN_NUTS_C_WH3,104236040,I,433061,1433061,Region,..Akwa Ibom,0,,0,1,CNNUTSCWH3,NGDHS2018433061,2018,DHS,236,254,,,2
NGA,Bayelsa,46519,Children severely wasted,0.3,1,NG,Nigeria,2018,NG2018DHS,CN_NUTS_C_WH3,104236040,I,433062,1433062,Region,..Bayelsa,0,,0,1,CNNUTSCWH3,NGDHS2018433062,2018,DHS,106,286,,,2
NGA,Cross River,6706211,Children severely wasted,0.7,1,NG,Nigeria,2018,NG2018DHS,CN_NUTS_C_WH3,104236040,I,433063,1433063,Region,..Cross River,0,,0,1,CNNUTSCWH3,NGDHS2018433063,2018,DHS,121,163,,,2
NGA,Delta,1331740,Children severely wasted,0.7,1,NG,Nigeria,2018,NG2018DHS,CN_NUTS_C_WH3,104236040,I,433064,1433064,Region,..Delta,0,,0,1,CNNUTSCWH3,NGDHS2018433064,2018,DHS,233,196,,,2
NGA,Edo,3211835,Children severely wasted,1.7,1,NG,Nigeria,2018,NG2018DHS,CN_NUTS_C_WH3,104236040,I,433065,1433065,Region,..Edo,0,,0,1,CNNUTSCWH3,NGDHS2018433065,2018,DHS,150,161,,,2
NGA,Rivers,7830954,Children severely wasted,0.2,1,NG,Nigeria,2018,NG2018DHS,CN_NUTS_C_WH3,104236040,I,433066,1433066,Region,..Rivers,0,,0,1,CNNUTSCWH3,NGDHS2018433066,2018,DHS,452,313,,,2
NGA,North Central,4695630,Children wasted,5.6,1,NG,Nigeria,2018,NG2018DHS,CN_NUTS_C_WH2,104236050,I,433005,1433010,Region,North Central,0,,0,1,CNNUTSCWH2,NGDHS2018433005,2018,DHS,1797,2197,,,1
NGA,FCT Abuja,6012383,Children wasted,3,1,NG,Nigeria,2018,NG2018DHS,CN_NUTS_C_WH2,104236050,I,433011,1433011,Region,..FCT Abuja,0,,0,1,CNNUTSCWH2,NGDHS2018433011,2018,DHS,88,301,,,2
NGA,Benue,4454354,Children wasted,8.9,1,NG,Nigeria,2018,NG2018DHS,CN_NUTS_C_WH2,104236050,I,433012,1433012,Region,..Benue,0,,0,1,CNNUTSCWH2,NGDHS2018433012,2018,DHS,417,377,,,2
NGA,Kogi,140597,Children wasted,3.9,1,NG,Nigeria,2018,NG2018DHS,CN_NUTS_C_WH2,104236050,I,433013,1433013,Region,..Kogi,0,,0,1,CNNUTSCWH2,NGDHS2018433013,2018,DHS,160,215,,,2
NGA,Kwara,1338050,Children wasted,7.3,1,NG,Nigeria,2018,NG2018DHS,CN_NUTS_C_WH2,104236050,I,433014,1433014,Region,..Kwara,0,,0,1,CNNUTSCWH2,NGDHS2018433014,2018,DHS,202,261,,,2
NGA,Nasarawa,5263841,Children wasted,5.6,1,NG,Nigeria,2018,NG2018DHS,CN_NUTS_C_WH2,104236050,I,433015,1433015,Region,..Nasarawa,0,,0,1,CNNUTSCWH2,NGDHS2018433015,2018,DHS,195,300,,,2
NGA,Niger,4392731,Children wasted,4.7,1,NG,Nigeria,2018,NG2018DHS,CN_NUTS_C_WH2,104236050,I,433016,1433016,Region,..Niger,0,,0,1,CNNUTSCWH2,NGDHS2018433016,2018,DHS,478,423,,,2
NGA,Plateau,4131328,Children wasted,2.4,1,NG,Nigeria,2018,NG2018DHS,CN_NUTS_C_WH2,104236050,I,433017,1433017,Region,..Plateau,0,,0,1,CNNUTSCWH2,NGDHS2018433017,2018,DHS,257,320,,,2
NGA,North East,6391767,Children wasted,9.7,1,NG,Nigeria,2018,NG2018DHS,CN_NUTS_C_WH2,104236050,I,433006,1433020,Region,North East,0,,0,1,CNNUTSCWH2,NGDHS2018433006,2018,DHS,1985,2240,,,1
NGA,Adamawa,1343293,Children wasted,4.2,1,NG,Nigeria,2018,NG2018DHS,CN_NUTS_C_WH2,104236050,I,433021,1433021,Region,..Adamawa,0,,0,1,CNNUTSCWH2,NGDHS2018433021,2018,DHS,278,313,,,2
NGA,Bauchi,5235819,Children wasted,8.5,1,NG,Nigeria,2018,NG2018DHS,CN_NUTS_C_WH2,104236050,I,433022,1433022,Region,..Bauchi,0,,0,1,CNNUTSCWH2,NGDHS2018433022,2018,DHS,449,444,,,2
NGA,Borno,6004452,Children wasted,16,1,NG,Nigeria,2018,NG2018DHS,CN_NUTS_C_WH2,104236050,I,433023,1433023,Region,..Borno,0,,0,1,CNNUTSCWH2,NGDHS2018433023,2018,DHS,406,350,,,2
NGA,Gombe,4695634,Children wasted,7.8,1,NG,Nigeria,2018,NG2018DHS,CN_NUTS_C_WH2,104236050,I,433024,1433024,Region,..Gombe,0,,0,1,CNNUTSCWH2,NGDHS2018433024,2018,DHS,228,411,,,2
NGA,Taraba,6378673,Children wasted,5.3,1,NG,Nigeria,2018,NG2018DHS,CN_NUTS_C_WH2,104236050,I,433025,1433025,Region,..Taraba,0,,0,1,CNNUTSCWH2,NGDHS2018433025,2018,DHS,245,350,,,2
NGA,Yobe,4116637,Children wasted,12.4,1,NG,Nigeria,2018,NG2018DHS,CN_NUTS_C_WH2,104236050,I,433026,1433026,Region,..Yobe,0,,0,1,CNNUTSCWH2,NGDHS2018433026,2018,DHS,380,372,,,2
NGA,North West,3826854,Children wasted,9,1,NG,Nigeria,2018,NG2018DHS,CN_NUTS_C_WH2,104236050,I,433007,1433030,Region,North West,0,,0,1,CNNUTSCWH2,NGDHS2018433007,2018,DHS,3608,2921,,,1
NGA,Jigawa,4447442,Children wasted,9.6,1,NG,Nigeria,2018,NG2018DHS,CN_NUTS_C_WH2,104236050,I,433031,1433031,Region,..Jigawa,0,,0,1,CNNUTSCWH2,NGDHS2018433031,2018,DHS,419,420,,,2
NGA,Kaduna,147641,Children wasted,4.8,1,NG,Nigeria,2018,NG2018DHS,CN_NUTS_C_WH2,104236050,I,433032,1433032,Region,..Kaduna,0,,0,1,CNNUTSCWH2,NGDHS2018433032,2018,DHS,692,420,,,2
NGA,Kano,1331730,Children wasted,6.4,1,NG,Nigeria,2018,NG2018DHS,CN_NUTS_C_WH2,104236050,I,433033,1433033,Region,..Kano,0,,0,1,CNNUTSCWH2,NGDHS2018433033,2018,DHS,764,569,,,2
NGA,Katsina,5531595,Children wasted,10.5,1,NG,Nigeria,2018,NG2018DHS,CN_NUTS_C_WH2,104236050,I,433034,1433034,Region,..Katsina,0,,0,1,CNNUTSCWH2,NGDHS2018433034,2018,DHS,770,493,,,2
NGA,Kebbi,4383072,Children wasted,12.3,1,NG,Nigeria,2018,NG2018DHS,CN_NUTS_C_WH2,104236050,I,433035,1433035,Region,..Kebbi,0,,0,1,CNNUTSCWH2,NGDHS2018433035,2018,DHS,320,356,,,2
NGA,Sokoto,4124868,Children wasted,17.9,1,NG,Nigeria,2018,NG2018DHS,CN_NUTS_C_WH2,104236050,I,433036,1433036,Region,..Sokoto,0,,0,1,CNNUTSCWH2,NGDHS2018433036,2018,DHS,260,297,,,2
NGA,Zamfara,3449570,Children wasted,9.1,1,NG,Nigeria,2018,NG2018DHS,CN_NUTS_C_WH2,104236050,I,433037,1433037,Region,..Zamfara,0,,0,1,CNNUTSCWH2,NGDHS2018433037,2018,DHS,382,366,,,2
NGA,South East,4853181,Children wasted,4.5,1,NG,Nigeria,2018,NG2018DHS,CN_NUTS_C_WH2,104236050,I,433008,1433040,Region,South East,0,,0,1,CNNUTSCWH2,NGDHS2018433008,2018,DHS,1670,1843,,,1
NGA,Abia,5221978,Children wasted,9,1,NG,Nigeria,2018,NG2018DHS,CN_NUTS_C_WH2,104236050,I,433041,1433041,Region,..Abia,0,,0,1,CNNUTSCWH2,NGDHS2018433041,2018,DHS,188,287,,,2
NGA,Anambra,7205275,Children wasted,2.3,1,NG,Nigeria,2018,NG2018DHS,CN_NUTS_C_WH2,104236050,I,433042,1433042,Region,..Anambra,0,,0,1,CNNUTSCWH2,NGDHS2018433042,2018,DHS,543,448,,,2
NGA,Ebonyi,46505,Children wasted,4.5,1,NG,Nigeria,2018,NG2018DHS,CN_NUTS_C_WH2,104236050,I,433043,1433043,Region,..Ebonyi,0,,0,1,CNNUTSCWH2,NGDHS2018433043,2018,DHS,391,487,,,2
NGA,Enugu,6378777,Children wasted,2.2,1,NG,Nigeria,2018,NG2018DHS,CN_NUTS_C_WH2,104236050,I,433044,1433044,Region,..Enugu,0,,0,1,CNNUTSCWH2,NGDHS2018433044,2018,DHS,220,263,,,2
NGA,Imo,2671457,Children wasted,6.9,1,NG,Nigeria,2018,NG2018DHS,CN_NUTS_C_WH2,104236050,I,433045,1433045,Region,..Imo,0,,0,1,CNNUTSCWH2,NGDHS2018433045,2018,DHS,329,358,,,2
NGA,South West,7734868,Children wasted,4.9,1,NG,Nigeria,2018,NG2018DHS,CN_NUTS_C_WH2,104236050,I,433009,1433050,Region,South West,0,,0,1,CNNUTSCWH2,NGDHS2018433009,2018,DHS,2290,1860,,,1
NGA,Ekiti,4824229,Children wasted,3.3,1,NG,Nigeria,2018,NG2018DHS,CN_NUTS_C_WH2,104236050,I,433051,1433051,Region,..Ekiti,0,,0,1,CNNUTSCWH2,NGDHS2018433051,2018,DHS,166,287,,,2
NGA,Lagos,1331759,Children wasted,6.4,1,NG,Nigeria,2018,NG2018DHS,CN_NUTS_C_WH2,104236050,I,433052,1433052,Region,..Lagos,0,,0,1,CNNUTSCWH2,NGDHS2018433052,2018,DHS,682,354,,,2
NGA,Ogun,5531591,Children wasted,5.7,1,NG,Nigeria,2018,NG2018DHS,CN_NUTS_C_WH2,104236050,I,433053,1433053,Region,..Ogun,0,,0,1,CNNUTSCWH2,NGDHS2018433053,2018,DHS,357,309,,,2
NGA,Ondo,3574687,Children wasted,3.3,1,NG,Nigeria,2018,NG2018DHS,CN_NUTS_C_WH2,104236050,I,433054,1433054,Region,..Ondo,0,,0,1,CNNUTSCWH2,NGDHS2018433054,2018,DHS,176,234,,,2
NGA,Osun,3181947,Children wasted,4.5,1,NG,Nigeria,2018,NG2018DHS,CN_NUTS_C_WH2,104236050,I,433055,1433055,Region,..Osun,0,,0,1,CNNUTSCWH2,NGDHS2018433055,2018,DHS,315,278,,,2
NGA,Oyo,3593506,Children wasted,3.9,1,NG,Nigeria,2018,NG2018DHS,CN_NUTS_C_WH2,104236050,I,433056,1433056,Region,..Oyo,0,,0,1,CNNUTSCWH2,NGDHS2018433056,2018,DHS,595,398,,,2
NGA,South South,6162410,Children wasted,4.3,1,NG,Nigeria,2018,NG2018DHS,CN_NUTS_C_WH2,104236050,I,433010,1433060,Region,South South,0,,0,1,CNNUTSCWH2,NGDHS2018433010,2018,DHS,1299,1373,,,1
NGA,Akwa Ibom,7225382,Children wasted,4.2,1,NG,Nigeria,2018,NG2018DHS,CN_NUTS_C_WH2,104236050,I,433061,1433061,Region,..Akwa Ibom,0,,0,1,CNNUTSCWH2,NGDHS2018433061,2018,DHS,236,254,,,2
NGA,Bayelsa,46520,Children wasted,1.3,1,NG,Nigeria,2018,NG2018DHS,CN_NUTS_C_WH2,104236050,I,433062,1433062,Region,..Bayelsa,0,,0,1,CNNUTSCWH2,NGDHS2018433062,2018,DHS,106,286,,,2
NGA,Cross River,6706212,Children wasted,5,1,NG,Nigeria,2018,NG2018DHS,CN_NUTS_C_WH2,104236050,I,433063,1433063,Region,..Cross River,0,,0,1,CNNUTSCWH2,NGDHS2018433063,2018,DHS,121,163,,,2
NGA,Delta,1331746,Children wasted,2,1,NG,Nigeria,2018,NG2018DHS,CN_NUTS_C_WH2,104236050,I,433064,1433064,Region,..Delta,0,,0,1,CNNUTSCWH2,NGDHS2018433064,2018,DHS,233,196,,,2
NGA,Edo,3211846,Children wasted,3.3,1,NG,Nigeria,2018,NG2018DHS,CN_NUTS_C_WH2,104236050,I,433065,1433065,Region,..Edo,0,,0,1,CNNUTSCWH2,NGDHS2018433065,2018,DHS,150,161,,,2
NGA,Rivers,7830955,Children wasted,6.4,1,NG,Nigeria,2018,NG2018DHS,CN_NUTS_C_WH2,104236050,I,433066,1433066,Region,..Rivers,0,,0,1,CNNUTSCWH2,NGDHS2018433066,2018,DHS,452,313,,,2
NGA,North Central,4695631,Children overweight,2.1,1,NG,Nigeria,2018,NG2018DHS,CN_NUTS_C_WHP,104236060,I,433005,1433010,Region,North Central,0,,0,1,CNNUTSCWHP,NGDHS2018433005,2018,DHS,1797,2197,,,1
NGA,FCT Abuja,6012384,Children overweight,0.9,1,NG,Nigeria,2018,NG2018DHS,CN_NUTS_C_WHP,104236060,I,433011,1433011,Region,..FCT Abuja,0,,0,1,CNNUTSCWHP,NGDHS2018433011,2018,DHS,88,301,,,2
NGA,Benue,4454355,Children overweight,2.6,1,NG,Nigeria,2018,NG2018DHS,CN_NUTS_C_WHP,104236060,I,433012,1433012,Region,..Benue,0,,0,1,CNNUTSCWHP,NGDHS2018433012,2018,DHS,417,377,,,2
NGA,Kogi,140598,Children overweight,1.9,1,NG,Nigeria,2018,NG2018DHS,CN_NUTS_C_WHP,104236060,I,433013,1433013,Region,..Kogi,0,,0,1,CNNUTSCWHP,NGDHS2018433013,2018,DHS,160,215,,,2
NGA,Kwara,1338051,Children overweight,2.3,1,NG,Nigeria,2018,NG2018DHS,CN_NUTS_C_WHP,104236060,I,433014,1433014,Region,..Kwara,0,,0,1,CNNUTSCWHP,NGDHS2018433014,2018,DHS,202,261,,,2
NGA,Nasarawa,5263842,Children overweight,0.3,1,NG,Nigeria,2018,NG2018DHS,CN_NUTS_C_WHP,104236060,I,433015,1433015,Region,..Nasarawa,0,,0,1,CNNUTSCWHP,NGDHS2018433015,2018,DHS,195,300,,,2
NGA,Niger,4392732,Children overweight,1.7,1,NG,Nigeria,2018,NG2018DHS,CN_NUTS_C_WHP,104236060,I,433016,1433016,Region,..Niger,0,,0,1,CNNUTSCWHP,NGDHS2018433016,2018,DHS,478,423,,,2
NGA,Plateau,4131329,Children overweight,4,1,NG,Nigeria,2018,NG2018DHS,CN_NUTS_C_WHP,104236060,I,433017,1433017,Region,..Plateau,0,,0,1,CNNUTSCWHP,NGDHS2018433017,2018,DHS,257,320,,,2
NGA,North East,6391768,Children overweight,2.9,1,NG,Nigeria,2018,NG2018DHS,CN_NUTS_C_WHP,104236060,I,433006,1433020,Region,North East,0,,0,1,CNNUTSCWHP,NGDHS2018433006,2018,DHS,1985,2240,,,1
NGA,Adamawa,1343294,Children overweight,1.7,1,NG,Nigeria,2018,NG2018DHS,CN_NUTS_C_WHP,104236060,I,433021,1433021,Region,..Adamawa,0,,0,1,CNNUTSCWHP,NGDHS2018433021,2018,DHS,278,313,,,2
NGA,Bauchi,5235820,Children overweight,1.1,1,NG,Nigeria,2018,NG2018DHS,CN_NUTS_C_WHP,104236060,I,433022,1433022,Region,..Bauchi,0,,0,1,CNNUTSCWHP,NGDHS2018433022,2018,DHS,449,444,,,2
NGA,Borno,6004453,Children overweight,4,1,NG,Nigeria,2018,NG2018DHS,CN_NUTS_C_WHP,104236060,I,433023,1433023,Region,..Borno,0,,0,1,CNNUTSCWHP,NGDHS2018433023,2018,DHS,406,350,,,2
NGA,Gombe,4695635,Children overweight,4.2,1,NG,Nigeria,2018,NG2018DHS,CN_NUTS_C_WHP,104236060,I,433024,1433024,Region,..Gombe,0,,0,1,CNNUTSCWHP,NGDHS2018433024,2018,DHS,228,411,,,2
NGA,Taraba,6378674,Children overweight,4.2,1,NG,Nigeria,2018,NG2018DHS,CN_NUTS_C_WHP,104236060,I,433025,1433025,Region,..Taraba,0,,0,1,CNNUTSCWHP,NGDHS2018433025,2018,DHS,245,350,,,2
NGA,Yobe,4116638,Children overweight,3,1,NG,Nigeria,2018,NG2018DHS,CN_NUTS_C_WHP,104236060,I,433026,1433026,Region,..Yobe,0,,0,1,CNNUTSCWHP,NGDHS2018433026,2018,DHS,380,372,,,2
NGA,North West,3826855,Children overweight,2,1,NG,Nigeria,2018,NG2018DHS,CN_NUTS_C_WHP,104236060,I,433007,1433030,Region,North West,0,,0,1,CNNUTSCWHP,NGDHS2018433007,2018,DHS,3608,2921,,,1
NGA,Jigawa,4447443,Children overweight,1.4,1,NG,Nigeria,2018,NG2018DHS,CN_NUTS_C_WHP,104236060,I,433031,1433031,Region,..Jigawa,0,,0,1,CNNUTSCWHP,NGDHS2018433031,2018,DHS,419,420,,,2
NGA,Kaduna,147642,Children overweight,1.9,1,NG,Nigeria,2018,NG2018DHS,CN_NUTS_C_WHP,104236060,I,433032,1433032,Region,..Kaduna,0,,0,1,CNNUTSCWHP,NGDHS2018433032,2018,DHS,692,420,,,2
NGA,Kano,1331731,Children overweight,1.6,1,NG,Nigeria,2018,NG2018DHS,CN_NUTS_C_WHP,104236060,I,433033,1433033,Region,..Kano,0,,0,1,CNNUTSCWHP,NGDHS2018433033,2018,DHS,764,569,,,2
NGA,Katsina,5531622,Children overweight,3.9,1,NG,Nigeria,2018,NG2018DHS,CN_NUTS_C_WHP,104236060,I,433034,1433034,Region,..Katsina,0,,0,1,CNNUTSCWHP,NGDHS2018433034,2018,DHS,770,493,,,2
NGA,Kebbi,4383084,Children overweight,0.7,1,NG,Nigeria,2018,NG2018DHS,CN_NUTS_C_WHP,104236060,I,433035,1433035,Region,..Kebbi,0,,0,1,CNNUTSCWHP,NGDHS2018433035,2018,DHS,320,356,,,2
NGA,Sokoto,4124869,Children overweight,1.9,1,NG,Nigeria,2018,NG2018DHS,CN_NUTS_C_WHP,104236060,I,433036,1433036,Region,..Sokoto,0,,0,1,CNNUTSCWHP,NGDHS2018433036,2018,DHS,260,297,,,2
NGA,Zamfara,3449571,Children overweight,0.8,1,NG,Nigeria,2018,NG2018DHS,CN_NUTS_C_WHP,104236060,I,433037,1433037,Region,..Zamfara,0,,0,1,CNNUTSCWHP,NGDHS2018433037,2018,DHS,382,366,,,2
NGA,South East,4853230,Children overweight,2.5,1,NG,Nigeria,2018,NG2018DHS,CN_NUTS_C_WHP,104236060,I,433008,1433040,Region,South East,0,,0,1,CNNUTSCWHP,NGDHS2018433008,2018,DHS,1670,1843,,,1
NGA,Abia,5221979,Children overweight,2,1,NG,Nigeria,2018,NG2018DHS,CN_NUTS_C_WHP,104236060,I,433041,1433041,Region,..Abia,0,,0,1,CNNUTSCWHP,NGDHS2018433041,2018,DHS,188,287,,,2
NGA,Anambra,7205316,Children overweight,3.4,1,NG,Nigeria,2018,NG2018DHS,CN_NUTS_C_WHP,104236060,I,433042,1433042,Region,..Anambra,0,,0,1,CNNUTSCWHP,NGDHS2018433042,2018,DHS,543,448,,,2
NGA,Ebonyi,46506,Children overweight,1.1,1,NG,Nigeria,2018,NG2018DHS,CN_NUTS_C_WHP,104236060,I,433043,1433043,Region,..Ebonyi,0,,0,1,CNNUTSCWHP,NGDHS2018433043,2018,DHS,391,487,,,2
NGA,Enugu,6378778,Children overweight,2.5,1,NG,Nigeria,2018,NG2018DHS,CN_NUTS_C_WHP,104236060,I,433044,1433044,Region,..Enugu,0,,0,1,CNNUTSCWHP,NGDHS2018433044,2018,DHS,220,263,,,2
NGA,Imo,2671458,Children overweight,3.1,1,NG,Nigeria,2018,NG2018DHS,CN_NUTS_C_WHP,104236060,I,433045,1433045,Region,..Imo,0,,0,1,CNNUTSCWHP,NGDHS2018433045,2018,DHS,329,358,,,2
NGA,South West,7734869,Children overweight,1.2,1,NG,Nigeria,2018,NG2018DHS,CN_NUTS_C_WHP,104236060,I,433009,1433050,Region,South West,0,,0,1,CNNUTSCWHP,NGDHS2018433009,2018,DHS,2290,1860,,,1
NGA,Ekiti,4824230,Children overweight,4.3,1,NG,Nigeria,2018,NG2018DHS,CN_NUTS_C_WHP,104236060,I,433051,1433051,Region,..Ekiti,0,,0,1,CNNUTSCWHP,NGDHS2018433051,2018,DHS,166,287,,,2
NGA,Lagos,1331760,Children overweight,1.2,1,NG,Nigeria,2018,NG2018DHS,CN_NUTS_C_WHP,104236060,I,433052,1433052,Region,..Lagos,0,,0,1,CNNUTSCWHP,NGDHS2018433052,2018,DHS,682,354,,,2
NGA,Ogun,5531592,Children overweight,0,1,NG,Nigeria,2018,NG2018DHS,CN_NUTS_C_WHP,104236060,I,433053,1433053,Region,..Ogun,0,,0,1,CNNUTSCWHP,NGDHS2018433053,2018,DHS,357,309,,,2
NGA,Ondo,3574688,Children overweight,0.5,1,NG,Nigeria,2018,NG2018DHS,CN_NUTS_C_WHP,104236060,I,433054,1433054,Region,..Ondo,0,,0,1,CNNUTSCWHP,NGDHS2018433054,2018,DHS,176,234,,,2
NGA,Osun,3181948,Children overweight,0.9,1,NG,Nigeria,2018,NG2018DHS,CN_NUTS_C_WHP,104236060,I,433055,1433055,Region,..Osun,0,,0,1,CNNUTSCWHP,NGDHS2018433055,2018,DHS,315,278,,,2
NGA,Oyo,3593507,Children overweight,1.5,1,NG,Nigeria,2018,NG2018DHS,CN_NUTS_C_WHP,104236060,I,433056,1433056,Region,..Oyo,0,,0,1,CNNUTSCWHP,NGDHS2018433056,2018,DHS,595,398,,,2
NGA,South South,6162411,Children overweight,1.8,1,NG,Nigeria,2018,NG2018DHS,CN_NUTS_C_WHP,104236060,I,433010,1433060,Region,South South,0,,0,1,CNNUTSCWHP,NGDHS2018433010,2018,DHS,1299,1373,,,1
NGA,Akwa Ibom,7225383,Children overweight,2.1,1,NG,Nigeria,2018,NG2018DHS,CN_NUTS_C_WHP,104236060,I,433061,1433061,Region,..Akwa Ibom,0,,0,1,CNNUTSCWHP,NGDHS2018433061,2018,DHS,236,254,,,2
NGA,Bayelsa,46521,Children overweight,2.5,1,NG,Nigeria,2018,NG2018DHS,CN_NUTS_C_WHP,104236060,I,433062,1433062,Region,..Bayelsa,0,,0,1,CNNUTSCWHP,NGDHS2018433062,2018,DHS,106,286,,,2
NGA,Cross River,6706213,Children overweight,1.3,1,NG,Nigeria,2018,NG2018DHS,CN_NUTS_C_WHP,104236060,I,433063,1433063,Region,..Cross River,0,,0,1,CNNUTSCWHP,NGDHS2018433063,2018,DHS,121,163,,,2
NGA,Delta,1331747,Children overweight,3,1,NG,Nigeria,2018,NG2018DHS,CN_NUTS_C_WHP,104236060,I,433064,1433064,Region,..Delta,0,,0,1,CNNUTSCWHP,NGDHS2018433064,2018,DHS,233,196,,,2
NGA,Edo,3211847,Children overweight,1.3,1,NG,Nigeria,2018,NG2018DHS,CN_NUTS_C_WHP,104236060,I,433065,1433065,Region,..Edo,0,,0,1,CNNUTSCWHP,NGDHS2018433065,2018,DHS,150,161,,,2
NGA,Rivers,7830956,Children overweight,1.2,1,NG,Nigeria,2018,NG2018DHS,CN_NUTS_C_WHP,104236060,I,433066,1433066,Region,..Rivers,0,,0,1,CNNUTSCWHP,NGDHS2018433066,2018,DHS,452,313,,,2
NGA,North Central,4695632,Mean weight for height of children,-0.2,1,NG,Nigeria,2018,NG2018DHS,CN_NUTS_C_WHM,104236070,I,433005,1433010,Region,North Central,0,,0,1,CNNUTSCWHM,NGDHS2018433005,2018,DHS,1797,2197,,,1
NGA,FCT Abuja,6012385,Mean weight for height of children,-0.2,1,NG,Nigeria,2018,NG2018DHS,CN_NUTS_C_WHM,104236070,I,433011,1433011,Region,..FCT Abuja,0,,0,1,CNNUTSCWHM,NGDHS2018433011,2018,DHS,88,301,,,2
NGA,Benue,4454356,Mean weight for height of children,-0.3,1,NG,Nigeria,2018,NG2018DHS,CN_NUTS_C_WHM,104236070,I,433012,1433012,Region,..Benue,0,,0,1,CNNUTSCWHM,NGDHS2018433012,2018,DHS,417,377,,,2
NGA,Kogi,140599,Mean weight for height of children,-0.2,1,NG,Nigeria,2018,NG2018DHS,CN_NUTS_C_WHM,104236070,I,433013,1433013,Region,..Kogi,0,,0,1,CNNUTSCWHM,NGDHS2018433013,2018,DHS,160,215,,,2
NGA,Kwara,1338066,Mean weight for height of children,-0.3,1,NG,Nigeria,2018,NG2018DHS,CN_NUTS_C_WHM,104236070,I,433014,1433014,Region,..Kwara,0,,0,1,CNNUTSCWHM,NGDHS2018433014,2018,DHS,202,261,,,2
NGA,Nasarawa,5263843,Mean weight for height of children,-0.3,1,NG,Nigeria,2018,NG2018DHS,CN_NUTS_C_WHM,104236070,I,433015,1433015,Region,..Nasarawa,0,,0,1,CNNUTSCWHM,NGDHS2018433015,2018,DHS,195,300,,,2
NGA,Niger,4392733,Mean weight for height of children,-0.2,1,NG,Nigeria,2018,NG2018DHS,CN_NUTS_C_WHM,104236070,I,433016,1433016,Region,..Niger,0,,0,1,CNNUTSCWHM,NGDHS2018433016,2018,DHS,478,423,,,2
NGA,Plateau,4131330,Mean weight for height of children,0.2,1,NG,Nigeria,2018,NG2018DHS,CN_NUTS_C_WHM,104236070,I,433017,1433017,Region,..Plateau,0,,0,1,CNNUTSCWHM,NGDHS2018433017,2018,DHS,257,320,,,2
NGA,North East,6391769,Mean weight for height of children,-0.4,1,NG,Nigeria,2018,NG2018DHS,CN_NUTS_C_WHM,104236070,I,433006,1433020,Region,North East,0,,0,1,CNNUTSCWHM,NGDHS2018433006,2018,DHS,1985,2240,,,1
NGA,Adamawa,1343295,Mean weight for height of children,-0.2,1,NG,Nigeria,2018,NG2018DHS,CN_NUTS_C_WHM,104236070,I,433021,1433021,Region,..Adamawa,0,,0,1,CNNUTSCWHM,NGDHS2018433021,2018,DHS,278,313,,,2
NGA,Bauchi,5235821,Mean weight for height of children,-0.4,1,NG,Nigeria,2018,NG2018DHS,CN_NUTS_C_WHM,104236070,I,433022,1433022,Region,..Bauchi,0,,0,1,CNNUTSCWHM,NGDHS2018433022,2018,DHS,449,444,,,2
NGA,Borno,6004454,Mean weight for height of children,-0.6,1,NG,Nigeria,2018,NG2018DHS,CN_NUTS_C_WHM,104236070,I,433023,1433023,Region,..Borno,0,,0,1,CNNUTSCWHM,NGDHS2018433023,2018,DHS,406,350,,,2
NGA,Gombe,4695648,Mean weight for height of children,-0.3,1,NG,Nigeria,2018,NG2018DHS,CN_NUTS_C_WHM,104236070,I,433024,1433024,Region,..Gombe,0,,0,1,CNNUTSCWHM,NGDHS2018433024,2018,DHS,228,411,,,2
NGA,Taraba,6378675,Mean weight for height of children,-0.1,1,NG,Nigeria,2018,NG2018DHS,CN_NUTS_C_WHM,104236070,I,433025,1433025,Region,..Taraba,0,,0,1,CNNUTSCWHM,NGDHS2018433025,2018,DHS,245,350,,,2
NGA,Yobe,4116639,Mean weight for height of children,-0.7,1,NG,Nigeria,2018,NG2018DHS,CN_NUTS_C_WHM,104236070,I,433026,1433026,Region,..Yobe,0,,0,1,CNNUTSCWHM,NGDHS2018433026,2018,DHS,380,372,,,2
NGA,North West,3826856,Mean weight for height of children,-0.4,1,NG,Nigeria,2018,NG2018DHS,CN_NUTS_C_WHM,104236070,I,433007,1433030,Region,North West,0,,0,1,CNNUTSCWHM,NGDHS2018433007,2018,DHS,3608,2921,,,1
NGA,Jigawa,4447444,Mean weight for height of children,-0.5,1,NG,Nigeria,2018,NG2018DHS,CN_NUTS_C_WHM,104236070,I,433031,1433031,Region,..Jigawa,0,,0,1,CNNUTSCWHM,NGDHS2018433031,2018,DHS,419,420,,,2
NGA,Kaduna,147643,Mean weight for height of children,-0.1,1,NG,Nigeria,2018,NG2018DHS,CN_NUTS_C_WHM,104236070,I,433032,1433032,Region,..Kaduna,0,,0,1,CNNUTSCWHM,NGDHS2018433032,2018,DHS,692,420,,,2
NGA,Kano,1331778,Mean weight for height of children,-0.3,1,NG,Nigeria,2018,NG2018DHS,CN_NUTS_C_WHM,104236070,I,433033,1433033,Region,..Kano,0,,0,1,CNNUTSCWHM,NGDHS2018433033,2018,DHS,764,569,,,2
NGA,Katsina,5531623,Mean weight for height of children,-0.3,1,NG,Nigeria,2018,NG2018DHS,CN_NUTS_C_WHM,104236070,I,433034,1433034,Region,..Katsina,0,,0,1,CNNUTSCWHM,NGDHS2018433034,2018,DHS,770,493,,,2
NGA,Kebbi,4383085,Mean weight for height of children,-0.6,1,NG,Nigeria,2018,NG2018DHS,CN_NUTS_C_WHM,104236070,I,433035,1433035,Region,..Kebbi,0,,0,1,CNNUTSCWHM,NGDHS2018433035,2018,DHS,320,356,,,2
NGA,Sokoto,4124903,Mean weight for height of children,-0.7,1,NG,Nigeria,2018,NG2018DHS,CN_NUTS_C_WHM,104236070,I,433036,1433036,Region,..Sokoto,0,,0,1,CNNUTSCWHM,NGDHS2018433036,2018,DHS,260,297,,,2
NGA,Zamfara,3449572,Mean weight for height of children,-0.5,1,NG,Nigeria,2018,NG2018DHS,CN_NUTS_C_WHM,104236070,I,433037,1433037,Region,..Zamfara,0,,0,1,CNNUTSCWHM,NGDHS2018433037,2018,DHS,382,366,,,2
NGA,South East,4853231,Mean weight for height of children,-0.1,1,NG,Nigeria,2018,NG2018DHS,CN_NUTS_C_WHM,104236070,I,433008,1433040,Region,South East,0,,0,1,CNNUTSCWHM,NGDHS2018433008,2018,DHS,1670,1843,,,1
NGA,Abia,5221980,Mean weight for height of children,-0.3,1,NG,Nigeria,2018,NG2018DHS,CN_NUTS_C_WHM,104236070,I,433041,1433041,Region,..Abia,0,,0,1,CNNUTSCWHM,NGDHS2018433041,2018,DHS,188,287,,,2
NGA,Anambra,7205317,Mean weight for height of children,0,1,NG,Nigeria,2018,NG2018DHS,CN_NUTS_C_WHM,104236070,I,433042,1433042,Region,..Anambra,0,,0,1,CNNUTSCWHM,NGDHS2018433042,2018,DHS,543,448,,,2
NGA,Ebonyi,46518,Mean weight for height of children,-0.3,1,NG,Nigeria,2018,NG2018DHS,CN_NUTS_C_WHM,104236070,I,433043,1433043,Region,..Ebonyi,0,,0,1,CNNUTSCWHM,NGDHS2018433043,2018,DHS,391,487,,,2
NGA,Enugu,6378779,Mean weight for height of children,0,1,NG,Nigeria,2018,NG2018DHS,CN_NUTS_C_WHM,104236070,I,433044,1433044,Region,..Enugu,0,,0,1,CNNUTSCWHM,NGDHS2018433044,2018,DHS,220,263,,,2
NGA,Imo,2671459,Mean weight for height of children,-0.3,1,NG,Nigeria,2018,NG2018DHS,CN_NUTS_C_WHM,104236070,I,433045,1433045,Region,..Imo,0,,0,1,CNNUTSCWHM,NGDHS2018433045,2018,DHS,329,358,,,2
NGA,South West,7734870,Mean weight for height of children,-0.3,1,NG,Nigeria,2018,NG2018DHS,CN_NUTS_C_WHM,104236070,I,433009,1433050,Region,South West,0,,0,1,CNNUTSCWHM,NGDHS2018433009,2018,DHS,2290,1860,,,1
NGA,Ekiti,4824270,Mean weight for height of children,-0.1,1,NG,Nigeria,2018,NG2018DHS,CN_NUTS_C_WHM,104236070,I,433051,1433051,Region,..Ekiti,0,,0,1,CNNUTSCWHM,NGDHS2018433051,2018,DHS,166,287,,,2
NGA,Lagos,1331763,Mean weight for height of children,-0.3,1,NG,Nigeria,2018,NG2018DHS,CN_NUTS_C_WHM,104236070,I,433052,1433052,Region,..Lagos,0,,0,1,CNNUTSCWHM,NGDHS2018433052,2018,DHS,682,354,,,2
NGA,Ogun,5531593,Mean weight for height of children,-0.5,1,NG,Nigeria,2018,NG2018DHS,CN_NUTS_C_WHM,104236070,I,433053,1433053,Region,..Ogun,0,,0,1,CNNUTSCWHM,NGDHS2018433053,2018,DHS,357,309,,,2
NGA,Ondo,3574689,Mean weight for height of children,-0.3,1,NG,Nigeria,2018,NG2018DHS,CN_NUTS_C_WHM,104236070,I,433054,1433054,Region,..Ondo,0,,0,1,CNNUTSCWHM,NGDHS2018433054,2018,DHS,176,234,,,2
NGA,Osun,3181949,Mean weight for height of children,-0.4,1,NG,Nigeria,2018,NG2018DHS,CN_NUTS_C_WHM,104236070,I,433055,1433055,Region,..Osun,0,,0,1,CNNUTSCWHM,NGDHS2018433055,2018,DHS,315,278,,,2
NGA,Oyo,3593535,Mean weight for height of children,-0.2,1,NG,Nigeria,2018,NG2018DHS,CN_NUTS_C_WHM,104236070,I,433056,1433056,Region,..Oyo,0,,0,1,CNNUTSCWHM,NGDHS2018433056,2018,DHS,595,398,,,2
NGA,South South,6162413,Mean weight for height of children,-0.2,1,NG,Nigeria,2018,NG2018DHS,CN_NUTS_C_WHM,104236070,I,433010,1433060,Region,South South,0,,0,1,CNNUTSCWHM,NGDHS2018433010,2018,DHS,1299,1373,,,1
NGA,Akwa Ibom,7225384,Mean weight for height of children,-0.4,1,NG,Nigeria,2018,NG2018DHS,CN_NUTS_C_WHM,104236070,I,433061,1433061,Region,..Akwa Ibom,0,,0,1,CNNUTSCWHM,NGDHS2018433061,2018,DHS,236,254,,,2
NGA,Bayelsa,46562,Mean weight for height of children,-0.2,1,NG,Nigeria,2018,NG2018DHS,CN_NUTS_C_WHM,104236070,I,433062,1433062,Region,..Bayelsa,0,,0,1,CNNUTSCWHM,NGDHS2018433062,2018,DHS,106,286,,,2
NGA,Cross River,6706214,Mean weight for height of children,-0.3,1,NG,Nigeria,2018,NG2018DHS,CN_NUTS_C_WHM,104236070,I,433063,1433063,Region,..Cross River,0,,0,1,CNNUTSCWHM,NGDHS2018433063,2018,DHS,121,163,,,2
NGA,Delta,1331748,Mean weight for height of children,-0.1,1,NG,Nigeria,2018,NG2018DHS,CN_NUTS_C_WHM,104236070,I,433064,1433064,Region,..Delta,0,,0,1,CNNUTSCWHM,NGDHS2018433064,2018,DHS,233,196,,,2
NGA,Edo,3211848,Mean weight for height of children,-0.2,1,NG,Nigeria,2018,NG2018DHS,CN_NUTS_C_WHM,104236070,I,433065,1433065,Region,..Edo,0,,0,1,CNNUTSCWHM,NGDHS2018433065,2018,DHS,150,161,,,2
NGA,Rivers,7830957,Mean weight for height of children,-0.2,1,NG,Nigeria,2018,NG2018DHS,CN_NUTS_C_WHM,104236070,I,433066,1433066,Region,..Rivers,0,,0,1,CNNUTSCWHM,NGDHS2018433066,2018,DHS,452,313,,,2
NGA,North Central,5017467,Children severely underweight,4,1,NG,Nigeria,2018,NG2018DHS,CN_NUTS_C_WA3,104236080,I,433005,1433010,Region,North Central,0,,0,1,CNNUTSCWA3,NGDHS2018433005,2018,DHS,1798,2196,,,1
NGA,FCT Abuja,784511,Children severely underweight,3.5,1,NG,Nigeria,2018,NG2018DHS,CN_NUTS_C_WA3,104236080,I,433011,1433011,Region,..FCT Abuja,0,,0,1,CNNUTSCWA3,NGDHS2018433011,2018,DHS,87,298,,,2
NGA,Benue,1338040,Children severely underweight,3.3,1,NG,Nigeria,2018,NG2018DHS,CN_NUTS_C_WA3,104236080,I,433012,1433012,Region,..Benue,0,,0,1,CNNUTSCWA3,NGDHS2018433012,2018,DHS,420,380,,,2
NGA,Kogi,5683251,Children severely underweight,1.9,1,NG,Nigeria,2018,NG2018DHS,CN_NUTS_C_WA3,104236080,I,433013,1433013,Region,..Kogi,0,,0,1,CNNUTSCWA3,NGDHS2018433013,2018,DHS,159,214,,,2
NGA,Kwara,4626225,Children severely underweight,3.4,1,NG,Nigeria,2018,NG2018DHS,CN_NUTS_C_WA3,104236080,I,433014,1433014,Region,..Kwara,0,,0,1,CNNUTSCWA3,NGDHS2018433014,2018,DHS,202,261,,,2
NGA,Nasarawa,4864458,Children severely underweight,7.7,1,NG,Nigeria,2018,NG2018DHS,CN_NUTS_C_WA3,104236080,I,433015,1433015,Region,..Nasarawa,0,,0,1,CNNUTSCWA3,NGDHS2018433015,2018,DHS,195,300,,,2
NGA,Niger,1343296,Children severely underweight,4.3,1,NG,Nigeria,2018,NG2018DHS,CN_NUTS_C_WA3,104236080,I,433016,1433016,Region,..Niger,0,,0,1,CNNUTSCWA3,NGDHS2018433016,2018,DHS,478,423,,,2
NGA,Plateau,5608174,Children severely underweight,3.4,1,NG,Nigeria,2018,NG2018DHS,CN_NUTS_C_WA3,104236080,I,433017,1433017,Region,..Plateau,0,,0,1,CNNUTSCWA3,NGDHS2018433017,2018,DHS,257,320,,,2
NGA,North East,7197265,Children severely underweight,10.9,1,NG,Nigeria,2018,NG2018DHS,CN_NUTS_C_WA3,104236080,I,433006,1433020,Region,North East,0,,0,1,CNNUTSCWA3,NGDHS2018433006,2018,DHS,1994,2252,,,1
NGA,Adamawa,4176219,Children severely underweight,4.8,1,NG,Nigeria,2018,NG2018DHS,CN_NUTS_C_WA3,104236080,I,433021,1433021,Region,..Adamawa,0,,0,1,CNNUTSCWA3,NGDHS2018433021,2018,DHS,279,315,,,2
NGA,Bauchi,6839040,Children severely underweight,10.1,1,NG,Nigeria,2018,NG2018DHS,CN_NUTS_C_WA3,104236080,I,433022,1433022,Region,..Bauchi,0,,0,1,CNNUTSCWA3,NGDHS2018433022,2018,DHS,450,445,,,2
NGA,Borno,2984531,Children severely underweight,11,1,NG,Nigeria,2018,NG2018DHS,CN_NUTS_C_WA3,104236080,I,433023,1433023,Region,..Borno,0,,0,1,CNNUTSCWA3,NGDHS2018433023,2018,DHS,408,354,,,2
NGA,Gombe,3016625,Children severely underweight,12,1,NG,Nigeria,2018,NG2018DHS,CN_NUTS_C_WA3,104236080,I,433024,1433024,Region,..Gombe,0,,0,1,CNNUTSCWA3,NGDHS2018433024,2018,DHS,228,412,,,2
NGA,Taraba,7230848,Children severely underweight,5.6,1,NG,Nigeria,2018,NG2018DHS,CN_NUTS_C_WA3,104236080,I,433025,1433025,Region,..Taraba,0,,0,1,CNNUTSCWA3,NGDHS2018433025,2018,DHS,244,350,,,2
NGA,Yobe,4593742,Children severely underweight,19.1,1,NG,Nigeria,2018,NG2018DHS,CN_NUTS_C_WA3,104236080,I,433026,1433026,Region,..Yobe,0,,0,1,CNNUTSCWA3,NGDHS2018433026,2018,DHS,384,376,,,2
NGA,North West,4592918,Children severely underweight,13.8,1,NG,Nigeria,2018,NG2018DHS,CN_NUTS_C_WA3,104236080,I,433007,1433030,Region,North West,0,,0,1,CNNUTSCWA3,NGDHS2018433007,2018,DHS,3630,2944,,,1
NGA,Jigawa,1331754,Children severely underweight,18.9,1,NG,Nigeria,2018,NG2018DHS,CN_NUTS_C_WA3,104236080,I,433031,1433031,Region,..Jigawa,0,,0,1,CNNUTSCWA3,NGDHS2018433031,2018,DHS,422,422,,,2
NGA,Kaduna,7108882,Children severely underweight,7.6,1,NG,Nigeria,2018,NG2018DHS,CN_NUTS_C_WA3,104236080,I,433032,1433032,Region,..Kaduna,0,,0,1,CNNUTSCWA3,NGDHS2018433032,2018,DHS,694,422,,,2
NGA,Kano,4563403,Children severely underweight,9.2,1,NG,Nigeria,2018,NG2018DHS,CN_NUTS_C_WA3,104236080,I,433033,1433033,Region,..Kano,0,,0,1,CNNUTSCWA3,NGDHS2018433033,2018,DHS,764,569,,,2
NGA,Katsina,4816281,Children severely underweight,16.7,1,NG,Nigeria,2018,NG2018DHS,CN_NUTS_C_WA3,104236080,I,433034,1433034,Region,..Katsina,0,,0,1,CNNUTSCWA3,NGDHS2018433034,2018,DHS,772,495,,,2
NGA,Kebbi,1343767,Children severely underweight,19.7,1,NG,Nigeria,2018,NG2018DHS,CN_NUTS_C_WA3,104236080,I,433035,1433035,Region,..Kebbi,0,,0,1,CNNUTSCWA3,NGDHS2018433035,2018,DHS,322,359,,,2
NGA,Sokoto,5360805,Children severely underweight,20,1,NG,Nigeria,2018,NG2018DHS,CN_NUTS_C_WA3,104236080,I,433036,1433036,Region,..Sokoto,0,,0,1,CNNUTSCWA3,NGDHS2018433036,2018,DHS,265,302,,,2
NGA,Zamfara,6039651,Children severely underweight,13.7,1,NG,Nigeria,2018,NG2018DHS,CN_NUTS_C_WA3,104236080,I,433037,1433037,Region,..Zamfara,0,,0,1,CNNUTSCWA3,NGDHS2018433037,2018,DHS,391,375,,,2
NGA,South East,6594007,Children severely underweight,2.1,1,NG,Nigeria,2018,NG2018DHS,CN_NUTS_C_WA3,104236080,I,433008,1433040,Region,South East,0,,0,1,CNNUTSCWA3,NGDHS2018433008,2018,DHS,1672,1845,,,1
NGA,Abia,6825592,Children severely underweight,3.7,1,NG,Nigeria,2018,NG2018DHS,CN_NUTS_C_WA3,104236080,I,433041,1433041,Region,..Abia,0,,0,1,CNNUTSCWA3,NGDHS2018433041,2018,DHS,188,287,,,2
NGA,Anambra,2977604,Children severely underweight,1.5,1,NG,Nigeria,2018,NG2018DHS,CN_NUTS_C_WA3,104236080,I,433042,1433042,Region,..Anambra,0,,0,1,CNNUTSCWA3,NGDHS2018433042,2018,DHS,543,448,,,2
NGA,Ebonyi,3009977,Children severely underweight,2.5,1,NG,Nigeria,2018,NG2018DHS,CN_NUTS_C_WA3,104236080,I,433043,1433043,Region,..Ebonyi,0,,0,1,CNNUTSCWA3,NGDHS2018433043,2018,DHS,392,488,,,2
NGA,Enugu,5954200,Children severely underweight,1.9,1,NG,Nigeria,2018,NG2018DHS,CN_NUTS_C_WA3,104236080,I,433044,1433044,Region,..Enugu,0,,0,1,CNNUTSCWA3,NGDHS2018433044,2018,DHS,220,263,,,2
NGA,Imo,6720357,Children severely underweight,1.6,1,NG,Nigeria,2018,NG2018DHS,CN_NUTS_C_WA3,104236080,I,433045,1433045,Region,..Imo,0,,0,1,CNNUTSCWA3,NGDHS2018433045,2018,DHS,330,359,,,2
NGA,South West,7734355,Children severely underweight,3.7,1,NG,Nigeria,2018,NG2018DHS,CN_NUTS_C_WA3,104236080,I,433009,1433050,Region,South West,0,,0,1,CNNUTSCWA3,NGDHS2018433009,2018,DHS,2297,1866,,,1
NGA,Ekiti,7122420,Children severely underweight,1.4,1,NG,Nigeria,2018,NG2018DHS,CN_NUTS_C_WA3,104236080,I,433051,1433051,Region,..Ekiti,0,,0,1,CNNUTSCWA3,NGDHS2018433051,2018,DHS,166,288,,,2
NGA,Lagos,4501577,Children severely underweight,3.8,1,NG,Nigeria,2018,NG2018DHS,CN_NUTS_C_WA3,104236080,I,433052,1433052,Region,..Lagos,0,,0,1,CNNUTSCWA3,NGDHS2018433052,2018,DHS,684,355,,,2
NGA,Ogun,122034,Children severely underweight,2.9,1,NG,Nigeria,2018,NG2018DHS,CN_NUTS_C_WA3,104236080,I,433053,1433053,Region,..Ogun,0,,0,1,CNNUTSCWA3,NGDHS2018433053,2018,DHS,357,309,,,2
NGA,Ondo,1331772,Children severely underweight,2.1,1,NG,Nigeria,2018,NG2018DHS,CN_NUTS_C_WA3,104236080,I,433054,1433054,Region,..Ondo,0,,0,1,CNNUTSCWA3,NGDHS2018433054,2018,DHS,177,235,,,2
NGA,Osun,5360798,Children severely underweight,4.8,1,NG,Nigeria,2018,NG2018DHS,CN_NUTS_C_WA3,104236080,I,433055,1433055,Region,..Osun,0,,0,1,CNNUTSCWA3,NGDHS2018433055,2018,DHS,315,279,,,2
NGA,Oyo,6372725,Children severely underweight,4.4,1,NG,Nigeria,2018,NG2018DHS,CN_NUTS_C_WA3,104236080,I,433056,1433056,Region,..Oyo,0,,0,1,CNNUTSCWA3,NGDHS2018433056,2018,DHS,597,400,,,2
NGA,South South,5503537,Children severely underweight,1.8,1,NG,Nigeria,2018,NG2018DHS,CN_NUTS_C_WA3,104236080,I,433010,1433060,Region,South South,0,,0,1,CNNUTSCWA3,NGDHS2018433010,2018,DHS,1303,1375,,,1
NGA,Akwa Ibom,2774442,Children severely underweight,1.2,1,NG,Nigeria,2018,NG2018DHS,CN_NUTS_C_WA3,104236080,I,433061,1433061,Region,..Akwa Ibom,0,,0,1,CNNUTSCWA3,NGDHS2018433061,2018,DHS,236,254,,,2
NGA,Bayelsa,1338071,Children severely underweight,2.4,1,NG,Nigeria,2018,NG2018DHS,CN_NUTS_C_WA3,104236080,I,433062,1433062,Region,..Bayelsa,0,,0,1,CNNUTSCWA3,NGDHS2018433062,2018,DHS,106,286,,,2
NGA,Cross River,5954230,Children severely underweight,4.2,1,NG,Nigeria,2018,NG2018DHS,CN_NUTS_C_WA3,104236080,I,433063,1433063,Region,..Cross River,0,,0,1,CNNUTSCWA3,NGDHS2018433063,2018,DHS,121,164,,,2
NGA,Delta,6705998,Children severely underweight,2.2,1,NG,Nigeria,2018,NG2018DHS,CN_NUTS_C_WA3,104236080,I,433064,1433064,Region,..Delta,0,,0,1,CNNUTSCWA3,NGDHS2018433064,2018,DHS,236,198,,,2
NGA,Edo,6460421,Children severely underweight,2.9,1,NG,Nigeria,2018,NG2018DHS,CN_NUTS_C_WA3,104236080,I,433065,1433065,Region,..Edo,0,,0,1,CNNUTSCWA3,NGDHS2018433065,2018,DHS,151,160,,,2
NGA,Rivers,7832274,Children severely underweight,0.7,1,NG,Nigeria,2018,NG2018DHS,CN_NUTS_C_WA3,104236080,I,433066,1433066,Region,..Rivers,0,,0,1,CNNUTSCWA3,NGDHS2018433066,2018,DHS,452,313,,,2
NGA,North Central,5017466,Children underweight,14.8,1,NG,Nigeria,2018,NG2018DHS,CN_NUTS_C_WA2,104236090,I,433005,1433010,Region,North Central,0,,0,1,CNNUTSCWA2,NGDHS2018433005,2018,DHS,1798,2196,,,1
NGA,FCT Abuja,784510,Children underweight,12.1,1,NG,Nigeria,2018,NG2018DHS,CN_NUTS_C_WA2,104236090,I,433011,1433011,Region,..FCT Abuja,0,,0,1,CNNUTSCWA2,NGDHS2018433011,2018,DHS,87,298,,,2
NGA,Benue,1338042,Children underweight,12.6,1,NG,Nigeria,2018,NG2018DHS,CN_NUTS_C_WA2,104236090,I,433012,1433012,Region,..Benue,0,,0,1,CNNUTSCWA2,NGDHS2018433012,2018,DHS,420,380,,,2
NGA,Kogi,5683250,Children underweight,10.2,1,NG,Nigeria,2018,NG2018DHS,CN_NUTS_C_WA2,104236090,I,433013,1433013,Region,..Kogi,0,,0,1,CNNUTSCWA2,NGDHS2018433013,2018,DHS,159,214,,,2
NGA,Kwara,4626193,Children underweight,18.6,1,NG,Nigeria,2018,NG2018DHS,CN_NUTS_C_WA2,104236090,I,433014,1433014,Region,..Kwara,0,,0,1,CNNUTSCWA2,NGDHS2018433014,2018,DHS,202,261,,,2
NGA,Nasarawa,4864457,Children underweight,20.5,1,NG,Nigeria,2018,NG2018DHS,CN_NUTS_C_WA2,104236090,I,433015,1433015,Region,..Nasarawa,0,,0,1,CNNUTSCWA2,NGDHS2018433015,2018,DHS,195,300,,,2
NGA,Niger,1343304,Children underweight,14.4,1,NG,Nigeria,2018,NG2018DHS,CN_NUTS_C_WA2,104236090,I,433016,1433016,Region,..Niger,0,,0,1,CNNUTSCWA2,NGDHS2018433016,2018,DHS,478,423,,,2
NGA,Plateau,5608173,Children underweight,15.3,1,NG,Nigeria,2018,NG2018DHS,CN_NUTS_C_WA2,104236090,I,433017,1433017,Region,..Plateau,0,,0,1,CNNUTSCWA2,NGDHS2018433017,2018,DHS,257,320,,,2
NGA,North East,7197264,Children underweight,29.9,1,NG,Nigeria,2018,NG2018DHS,CN_NUTS_C_WA2,104236090,I,433006,1433020,Region,North East,0,,0,1,CNNUTSCWA2,NGDHS2018433006,2018,DHS,1994,2252,,,1
NGA,Adamawa,4176223,Children underweight,19.1,1,NG,Nigeria,2018,NG2018DHS,CN_NUTS_C_WA2,104236090,I,433021,1433021,Region,..Adamawa,0,,0,1,CNNUTSCWA2,NGDHS2018433021,2018,DHS,279,315,,,2
NGA,Bauchi,6839039,Children underweight,31.9,1,NG,Nigeria,2018,NG2018DHS,CN_NUTS_C_WA2,104236090,I,433022,1433022,Region,..Bauchi,0,,0,1,CNNUTSCWA2,NGDHS2018433022,2018,DHS,450,445,,,2
NGA,Borno,2984571,Children underweight,28.2,1,NG,Nigeria,2018,NG2018DHS,CN_NUTS_C_WA2,104236090,I,433023,1433023,Region,..Borno,0,,0,1,CNNUTSCWA2,NGDHS2018433023,2018,DHS,408,354,,,2
NGA,Gombe,3016624,Children underweight,30.4,1,NG,Nigeria,2018,NG2018DHS,CN_NUTS_C_WA2,104236090,I,433024,1433024,Region,..Gombe,0,,0,1,CNNUTSCWA2,NGDHS2018433024,2018,DHS,228,412,,,2
NGA,Taraba,7230850,Children underweight,21.9,1,NG,Nigeria,2018,NG2018DHS,CN_NUTS_C_WA2,104236090,I,433025,1433025,Region,..Taraba,0,,0,1,CNNUTSCWA2,NGDHS2018433025,2018,DHS,244,350,,,2
NGA,Yobe,4593741,Children underweight,41.9,1,NG,Nigeria,2018,NG2018DHS,CN_NUTS_C_WA2,104236090,I,433026,1433026,Region,..Yobe,0,,0,1,CNNUTSCWA2,NGDHS2018433026,2018,DHS,384,376,,,2
NGA,North West,4592917,Children underweight,34.7,1,NG,Nigeria,2018,NG2018DHS,CN_NUTS_C_WA2,104236090,I,433007,1433030,Region,North West,0,,0,1,CNNUTSCWA2,NGDHS2018433007,2018,DHS,3630,2944,,,1
NGA,Jigawa,1331753,Children underweight,42.3,1,NG,Nigeria,2018,NG2018DHS,CN_NUTS_C_WA2,104236090,I,433031,1433031,Region,..Jigawa,0,,0,1,CNNUTSCWA2,NGDHS2018433031,2018,DHS,422,422,,,2
NGA,Kaduna,7108841,Children underweight,22.1,1,NG,Nigeria,2018,NG2018DHS,CN_NUTS_C_WA2,104236090,I,433032,1433032,Region,..Kaduna,0,,0,1,CNNUTSCWA2,NGDHS2018433032,2018,DHS,694,422,,,2
NGA,Kano,4563402,Children underweight,30.8,1,NG,Nigeria,2018,NG2018DHS,CN_NUTS_C_WA2,104236090,I,433033,1433033,Region,..Kano,0,,0,1,CNNUTSCWA2,NGDHS2018433033,2018,DHS,764,569,,,2
NGA,Katsina,4816280,Children underweight,39.3,1,NG,Nigeria,2018,NG2018DHS,CN_NUTS_C_WA2,104236090,I,433034,1433034,Region,..Katsina,0,,0,1,CNNUTSCWA2,NGDHS2018433034,2018,DHS,772,495,,,2
NGA,Kebbi,1343766,Children underweight,46.4,1,NG,Nigeria,2018,NG2018DHS,CN_NUTS_C_WA2,104236090,I,433035,1433035,Region,..Kebbi,0,,0,1,CNNUTSCWA2,NGDHS2018433035,2018,DHS,322,359,,,2
NGA,Sokoto,5360804,Children underweight,42.8,1,NG,Nigeria,2018,NG2018DHS,CN_NUTS_C_WA2,104236090,I,433036,1433036,Region,..Sokoto,0,,0,1,CNNUTSCWA2,NGDHS2018433036,2018,DHS,265,302,,,2
NGA,Zamfara,6039716,Children underweight,32.5,1,NG,Nigeria,2018,NG2018DHS,CN_NUTS_C_WA2,104236090,I,433037,1433037,Region,..Zamfara,0,,0,1,CNNUTSCWA2,NGDHS2018433037,2018,DHS,391,375,,,2
NGA,South East,6594001,Children underweight,10.4,1,NG,Nigeria,2018,NG2018DHS,CN_NUTS_C_WA2,104236090,I,433008,1433040,Region,South East,0,,0,1,CNNUTSCWA2,NGDHS2018433008,2018,DHS,1672,1845,,,1
NGA,Abia,6825591,Children underweight,14.6,1,NG,Nigeria,2018,NG2018DHS,CN_NUTS_C_WA2,104236090,I,433041,1433041,Region,..Abia,0,,0,1,CNNUTSCWA2,NGDHS2018433041,2018,DHS,188,287,,,2
NGA,Anambra,2977603,Children underweight,6.5,1,NG,Nigeria,2018,NG2018DHS,CN_NUTS_C_WA2,104236090,I,433042,1433042,Region,..Anambra,0,,0,1,CNNUTSCWA2,NGDHS2018433042,2018,DHS,543,448,,,2
NGA,Ebonyi,3009976,Children underweight,15.8,1,NG,Nigeria,2018,NG2018DHS,CN_NUTS_C_WA2,104236090,I,433043,1433043,Region,..Ebonyi,0,,0,1,CNNUTSCWA2,NGDHS2018433043,2018,DHS,392,488,,,2
NGA,Enugu,5954199,Children underweight,6.1,1,NG,Nigeria,2018,NG2018DHS,CN_NUTS_C_WA2,104236090,I,433044,1433044,Region,..Enugu,0,,0,1,CNNUTSCWA2,NGDHS2018433044,2018,DHS,220,263,,,2
NGA,Imo,6720363,Children underweight,10.9,1,NG,Nigeria,2018,NG2018DHS,CN_NUTS_C_WA2,104236090,I,433045,1433045,Region,..Imo,0,,0,1,CNNUTSCWA2,NGDHS2018433045,2018,DHS,330,359,,,2
NGA,South West,7734354,Children underweight,14.8,1,NG,Nigeria,2018,NG2018DHS,CN_NUTS_C_WA2,104236090,I,433009,1433050,Region,South West,0,,0,1,CNNUTSCWA2,NGDHS2018433009,2018,DHS,2297,1866,,,1
NGA,Ekiti,7122471,Children underweight,11.1,1,NG,Nigeria,2018,NG2018DHS,CN_NUTS_C_WA2,104236090,I,433051,1433051,Region,..Ekiti,0,,0,1,CNNUTSCWA2,NGDHS2018433051,2018,DHS,166,288,,,2
NGA,Lagos,4501579,Children underweight,13.3,1,NG,Nigeria,2018,NG2018DHS,CN_NUTS_C_WA2,104236090,I,433052,1433052,Region,..Lagos,0,,0,1,CNNUTSCWA2,NGDHS2018433052,2018,DHS,684,355,,,2
NGA,Ogun,122041,Children underweight,16.3,1,NG,Nigeria,2018,NG2018DHS,CN_NUTS_C_WA2,104236090,I,433053,1433053,Region,..Ogun,0,,0,1,CNNUTSCWA2,NGDHS2018433053,2018,DHS,357,309,,,2
NGA,Ondo,1331749,Children underweight,11.9,1,NG,Nigeria,2018,NG2018DHS,CN_NUTS_C_WA2,104236090,I,433054,1433054,Region,..Ondo,0,,0,1,CNNUTSCWA2,NGDHS2018433054,2018,DHS,177,235,,,2
NGA,Osun,5360889,Children underweight,14.4,1,NG,Nigeria,2018,NG2018DHS,CN_NUTS_C_WA2,104236090,I,433055,1433055,Region,..Osun,0,,0,1,CNNUTSCWA2,NGDHS2018433055,2018,DHS,315,279,,,2
NGA,Oyo,6372724,Children underweight,18,1,NG,Nigeria,2018,NG2018DHS,CN_NUTS_C_WA2,104236090,I,433056,1433056,Region,..Oyo,0,,0,1,CNNUTSCWA2,NGDHS2018433056,2018,DHS,597,400,,,2
NGA,South South,5503536,Children underweight,10,1,NG,Nigeria,2018,NG2018DHS,CN_NUTS_C_WA2,104236090,I,433010,1433060,Region,South South,0,,0,1,CNNUTSCWA2,NGDHS2018433010,2018,DHS,1303,1375,,,1
NGA,Akwa Ibom,2774444,Children underweight,8.9,1,NG,Nigeria,2018,NG2018DHS,CN_NUTS_C_WA2,104236090,I,433061,1433061,Region,..Akwa Ibom,0,,0,1,CNNUTSCWA2,NGDHS2018433061,2018,DHS,236,254,,,2
NGA,Bayelsa,1338073,Children underweight,13.4,1,NG,Nigeria,2018,NG2018DHS,CN_NUTS_C_WA2,104236090,I,433062,1433062,Region,..Bayelsa,0,,0,1,CNNUTSCWA2,NGDHS2018433062,2018,DHS,106,286,,,2
NGA,Cross River,5954210,Children underweight,11.8,1,NG,Nigeria,2018,NG2018DHS,CN_NUTS_C_WA2,104236090,I,433063,1433063,Region,..Cross River,0,,0,1,CNNUTSCWA2,NGDHS2018433063,2018,DHS,121,164,,,2
NGA,Delta,6706009,Children underweight,13,1,NG,Nigeria,2018,NG2018DHS,CN_NUTS_C_WA2,104236090,I,433064,1433064,Region,..Delta,0,,0,1,CNNUTSCWA2,NGDHS2018433064,2018,DHS,236,198,,,2
NGA,Edo,6460434,Children underweight,10.7,1,NG,Nigeria,2018,NG2018DHS,CN_NUTS_C_WA2,104236090,I,433065,1433065,Region,..Edo,0,,0,1,CNNUTSCWA2,NGDHS2018433065,2018,DHS,151,160,,,2
NGA,Rivers,7832276,Children underweight,7.4,1,NG,Nigeria,2018,NG2018DHS,CN_NUTS_C_WA2,104236090,I,433066,1433066,Region,..Rivers,0,,0,1,CNNUTSCWA2,NGDHS2018433066,2018,DHS,452,313,,,2
NGA,North Central,5017468,Children overweight for their age,0.4,1,NG,Nigeria,2018,NG2018DHS,CN_NUTS_C_WAP,104236100,I,433005,1433010,Region,North Central,0,,0,1,CNNUTSCWAP,NGDHS2018433005,2018,DHS,1798,2196,,,1
NGA,FCT Abuja,784519,Children overweight for their age,1.5,1,NG,Nigeria,2018,NG2018DHS,CN_NUTS_C_WAP,104236100,I,433011,1433011,Region,..FCT Abuja,0,,0,1,CNNUTSCWAP,NGDHS2018433011,2018,DHS,87,298,,,2
NGA,Benue,1338041,Children overweight for their age,0.8,1,NG,Nigeria,2018,NG2018DHS,CN_NUTS_C_WAP,104236100,I,433012,1433012,Region,..Benue,0,,0,1,CNNUTSCWAP,NGDHS2018433012,2018,DHS,420,380,,,2
NGA,Kogi,5683262,Children overweight for their age,0,1,NG,Nigeria,2018,NG2018DHS,CN_NUTS_C_WAP,104236100,I,433013,1433013,Region,..Kogi,0,,0,1,CNNUTSCWAP,NGDHS2018433013,2018,DHS,159,214,,,2
NGA,Kwara,4626227,Children overweight for their age,0.5,1,NG,Nigeria,2018,NG2018DHS,CN_NUTS_C_WAP,104236100,I,433014,1433014,Region,..Kwara,0,,0,1,CNNUTSCWAP,NGDHS2018433014,2018,DHS,202,261,,,2
NGA,Nasarawa,4864459,Children overweight for their age,0,1,NG,Nigeria,2018,NG2018DHS,CN_NUTS_C_WAP,104236100,I,433015,1433015,Region,..Nasarawa,0,,0,1,CNNUTSCWAP,NGDHS2018433015,2018,DHS,195,300,,,2
NGA,Niger,1343305,Children overweight for their age,0.2,1,NG,Nigeria,2018,NG2018DHS,CN_NUTS_C_WAP,104236100,I,433016,1433016,Region,..Niger,0,,0,1,CNNUTSCWAP,NGDHS2018433016,2018,DHS,478,423,,,2
NGA,Plateau,5608175,Children overweight for their age,0.4,1,NG,Nigeria,2018,NG2018DHS,CN_NUTS_C_WAP,104236100,I,433017,1433017,Region,..Plateau,0,,0,1,CNNUTSCWAP,NGDHS2018433017,2018,DHS,257,320,,,2
NGA,North East,7197266,Children overweight for their age,0.8,1,NG,Nigeria,2018,NG2018DHS,CN_NUTS_C_WAP,104236100,I,433006,1433020,Region,North East,0,,0,1,CNNUTSCWAP,NGDHS2018433006,2018,DHS,1994,2252,,,1
NGA,Adamawa,4176221,Children overweight for their age,0,1,NG,Nigeria,2018,NG2018DHS,CN_NUTS_C_WAP,104236100,I,433021,1433021,Region,..Adamawa,0,,0,1,CNNUTSCWAP,NGDHS2018433021,2018,DHS,279,315,,,2
NGA,Bauchi,6839041,Children overweight for their age,0.6,1,NG,Nigeria,2018,NG2018DHS,CN_NUTS_C_WAP,104236100,I,433022,1433022,Region,..Bauchi,0,,0,1,CNNUTSCWAP,NGDHS2018433022,2018,DHS,450,445,,,2
NGA,Borno,2984568,Children overweight for their age,1.3,1,NG,Nigeria,2018,NG2018DHS,CN_NUTS_C_WAP,104236100,I,433023,1433023,Region,..Borno,0,,0,1,CNNUTSCWAP,NGDHS2018433023,2018,DHS,408,354,,,2
NGA,Gombe,3016626,Children overweight for their age,0.4,1,NG,Nigeria,2018,NG2018DHS,CN_NUTS_C_WAP,104236100,I,433024,1433024,Region,..Gombe,0,,0,1,CNNUTSCWAP,NGDHS2018433024,2018,DHS,228,412,,,2
NGA,Taraba,7230849,Children overweight for their age,0.5,1,NG,Nigeria,2018,NG2018DHS,CN_NUTS_C_WAP,104236100,I,433025,1433025,Region,..Taraba,0,,0,1,CNNUTSCWAP,NGDHS2018433025,2018,DHS,244,350,,,2
NGA,Yobe,4593754,Children overweight for their age,1.5,1,NG,Nigeria,2018,NG2018DHS,CN_NUTS_C_WAP,104236100,I,433026,1433026,Region,..Yobe,0,,0,1,CNNUTSCWAP,NGDHS2018433026,2018,DHS,384,376,,,2
NGA,North West,4592919,Children overweight for their age,0.3,1,NG,Nigeria,2018,NG2018DHS,CN_NUTS_C_WAP,104236100,I,433007,1433030,Region,North West,0,,0,1,CNNUTSCWAP,NGDHS2018433007,2018,DHS,3630,2944,,,1
NGA,Jigawa,1331755,Children overweight for their age,0.2,1,NG,Nigeria,2018,NG2018DHS,CN_NUTS_C_WAP,104236100,I,433031,1433031,Region,..Jigawa,0,,0,1,CNNUTSCWAP,NGDHS2018433031,2018,DHS,422,422,,,2
NGA,Kaduna,7108883,Children overweight for their age,0.5,1,NG,Nigeria,2018,NG2018DHS,CN_NUTS_C_WAP,104236100,I,433032,1433032,Region,..Kaduna,0,,0,1,CNNUTSCWAP,NGDHS2018433032,2018,DHS,694,422,,,2
NGA,Kano,4563404,Children overweight for their age,0,1,NG,Nigeria,2018,NG2018DHS,CN_NUTS_C_WAP,104236100,I,433033,1433033,Region,..Kano,0,,0,1,CNNUTSCWAP,NGDHS2018433033,2018,DHS,764,569,,,2
NGA,Katsina,4816322,Children overweight for their age,0.4,1,NG,Nigeria,2018,NG2018DHS,CN_NUTS_C_WAP,104236100,I,433034,1433034,Region,..Katsina,0,,0,1,CNNUTSCWAP,NGDHS2018433034,2018,DHS,772,495,,,2
NGA,Kebbi,1343768,Children overweight for their age,0.2,1,NG,Nigeria,2018,NG2018DHS,CN_NUTS_C_WAP,104236100,I,433035,1433035,Region,..Kebbi,0,,0,1,CNNUTSCWAP,NGDHS2018433035,2018,DHS,322,359,,,2
NGA,Sokoto,5360806,Children overweight for their age,0.6,1,NG,Nigeria,2018,NG2018DHS,CN_NUTS_C_WAP,104236100,I,433036,1433036,Region,..Sokoto,0,,0,1,CNNUTSCWAP,NGDHS2018433036,2018,DHS,265,302,,,2
NGA,Zamfara,6039652,Children overweight for their age,0.8,1,NG,Nigeria,2018,NG2018DHS,CN_NUTS_C_WAP,104236100,I,433037,1433037,Region,..Zamfara,0,,0,1,CNNUTSCWAP,NGDHS2018433037,2018,DHS,391,375,,,2
NGA,South East,6594008,Children overweight for their age,1.1,1,NG,Nigeria,2018,NG2018DHS,CN_NUTS_C_WAP,104236100,I,433008,1433040,Region,South East,0,,0,1,CNNUTSCWAP,NGDHS2018433008,2018,DHS,1672,1845,,,1
NGA,Abia,6825593,Children overweight for their age,2.3,1,NG,Nigeria,2018,NG2018DHS,CN_NUTS_C_WAP,104236100,I,433041,1433041,Region,..Abia,0,,0,1,CNNUTSCWAP,NGDHS2018433041,2018,DHS,188,287,,,2
NGA,Anambra,2977605,Children overweight for their age,1.9,1,NG,Nigeria,2018,NG2018DHS,CN_NUTS_C_WAP,104236100,I,433042,1433042,Region,..Anambra,0,,0,1,CNNUTSCWAP,NGDHS2018433042,2018,DHS,543,448,,,2
NGA,Ebonyi,3009989,Children overweight for their age,0.4,1,NG,Nigeria,2018,NG2018DHS,CN_NUTS_C_WAP,104236100,I,433043,1433043,Region,..Ebonyi,0,,0,1,CNNUTSCWAP,NGDHS2018433043,2018,DHS,392,488,,,2
NGA,Enugu,5954201,Children overweight for their age,0.7,1,NG,Nigeria,2018,NG2018DHS,CN_NUTS_C_WAP,104236100,I,433044,1433044,Region,..Enugu,0,,0,1,CNNUTSCWAP,NGDHS2018433044,2018,DHS,220,263,,,2
NGA,Imo,6720362,Children overweight for their age,0,1,NG,Nigeria,2018,NG2018DHS,CN_NUTS_C_WAP,104236100,I,433045,1433045,Region,..Imo,0,,0,1,CNNUTSCWAP,NGDHS2018433045,2018,DHS,330,359,,,2
NGA,South West,7734356,Children overweight for their age,0.4,1,NG,Nigeria,2018,NG2018DHS,CN_NUTS_C_WAP,104236100,I,433009,1433050,Region,South West,0,,0,1,CNNUTSCWAP,NGDHS2018433009,2018,DHS,2297,1866,,,1
NGA,Ekiti,7122470,Children overweight for their age,0.3,1,NG,Nigeria,2018,NG2018DHS,CN_NUTS_C_WAP,104236100,I,433051,1433051,Region,..Ekiti,0,,0,1,CNNUTSCWAP,NGDHS2018433051,2018,DHS,166,288,,,2
NGA,Lagos,4501578,Children overweight for their age,0.4,1,NG,Nigeria,2018,NG2018DHS,CN_NUTS_C_WAP,104236100,I,433052,1433052,Region,..Lagos,0,,0,1,CNNUTSCWAP,NGDHS2018433052,2018,DHS,684,355,,,2
NGA,Ogun,122035,Children overweight for their age,0,1,NG,Nigeria,2018,NG2018DHS,CN_NUTS_C_WAP,104236100,I,433053,1433053,Region,..Ogun,0,,0,1,CNNUTSCWAP,NGDHS2018433053,2018,DHS,357,309,,,2
NGA,Ondo,1331775,Children overweight for their age,0.2,1,NG,Nigeria,2018,NG2018DHS,CN_NUTS_C_WAP,104236100,I,433054,1433054,Region,..Ondo,0,,0,1,CNNUTSCWAP,NGDHS2018433054,2018,DHS,177,235,,,2
NGA,Osun,5360888,Children overweight for their age,0.6,1,NG,Nigeria,2018,NG2018DHS,CN_NUTS_C_WAP,104236100,I,433055,1433055,Region,..Osun,0,,0,1,CNNUTSCWAP,NGDHS2018433055,2018,DHS,315,279,,,2
NGA,Oyo,6372726,Children overweight for their age,0.7,1,NG,Nigeria,2018,NG2018DHS,CN_NUTS_C_WAP,104236100,I,433056,1433056,Region,..Oyo,0,,0,1,CNNUTSCWAP,NGDHS2018433056,2018,DHS,597,400,,,2
NGA,South South,5503538,Children overweight for their age,0.9,1,NG,Nigeria,2018,NG2018DHS,CN_NUTS_C_WAP,104236100,I,433010,1433060,Region,South South,0,,0,1,CNNUTSCWAP,NGDHS2018433010,2018,DHS,1303,1375,,,1
NGA,Akwa Ibom,2774443,Children overweight for their age,0.3,1,NG,Nigeria,2018,NG2018DHS,CN_NUTS_C_WAP,104236100,I,433061,1433061,Region,..Akwa Ibom,0,,0,1,CNNUTSCWAP,NGDHS2018433061,2018,DHS,236,254,,,2
NGA,Bayelsa,1338072,Children overweight for their age,3.2,1,NG,Nigeria,2018,NG2018DHS,CN_NUTS_C_WAP,104236100,I,433062,1433062,Region,..Bayelsa,0,,0,1,CNNUTSCWAP,NGDHS2018433062,2018,DHS,106,286,,,2
NGA,Cross River,5954231,Children overweight for their age,0,1,NG,Nigeria,2018,NG2018DHS,CN_NUTS_C_WAP,104236100,I,433063,1433063,Region,..Cross River,0,,0,1,CNNUTSCWAP,NGDHS2018433063,2018,DHS,121,164,,,2
NGA,Delta,6706010,Children overweight for their age,1.4,1,NG,Nigeria,2018,NG2018DHS,CN_NUTS_C_WAP,104236100,I,433064,1433064,Region,..Delta,0,,0,1,CNNUTSCWAP,NGDHS2018433064,2018,DHS,236,198,,,2
NGA,Edo,6460422,Children overweight for their age,1,1,NG,Nigeria,2018,NG2018DHS,CN_NUTS_C_WAP,104236100,I,433065,1433065,Region,..Edo,0,,0,1,CNNUTSCWAP,NGDHS2018433065,2018,DHS,151,160,,,2
NGA,Rivers,7832275,Children overweight for their age,0.6,1,NG,Nigeria,2018,NG2018DHS,CN_NUTS_C_WAP,104236100,I,433066,1433066,Region,..Rivers,0,,0,1,CNNUTSCWAP,NGDHS2018433066,2018,DHS,452,313,,,2
NGA,North Central,5017469,Mean weight for age of children,-0.8,1,NG,Nigeria,2018,NG2018DHS,CN_NUTS_C_WAM,104236110,I,433005,1433010,Region,North Central,0,,0,1,CNNUTSCWAM,NGDHS2018433005,2018,DHS,1798,2196,,,1
NGA,FCT Abuja,784520,Mean weight for age of children,-0.6,1,NG,Nigeria,2018,NG2018DHS,CN_NUTS_C_WAM,104236110,I,433011,1433011,Region,..FCT Abuja,0,,0,1,CNNUTSCWAM,NGDHS2018433011,2018,DHS,87,298,,,2
NGA,Benue,1338058,Mean weight for age of children,-0.6,1,NG,Nigeria,2018,NG2018DHS,CN_NUTS_C_WAM,104236110,I,433012,1433012,Region,..Benue,0,,0,1,CNNUTSCWAM,NGDHS2018433012,2018,DHS,420,380,,,2
NGA,Kogi,5683263,Mean weight for age of children,-0.8,1,NG,Nigeria,2018,NG2018DHS,CN_NUTS_C_WAM,104236110,I,433013,1433013,Region,..Kogi,0,,0,1,CNNUTSCWAM,NGDHS2018433013,2018,DHS,159,214,,,2
NGA,Kwara,4626228,Mean weight for age of children,-1,1,NG,Nigeria,2018,NG2018DHS,CN_NUTS_C_WAM,104236110,I,433014,1433014,Region,..Kwara,0,,0,1,CNNUTSCWAM,NGDHS2018433014,2018,DHS,202,261,,,2
NGA,Nasarawa,4864460,Mean weight for age of children,-1.1,1,NG,Nigeria,2018,NG2018DHS,CN_NUTS_C_WAM,104236110,I,433015,1433015,Region,..Nasarawa,0,,0,1,CNNUTSCWAM,NGDHS2018433015,2018,DHS,195,300,,,2
NGA,Niger,1343308,Mean weight for age of children,-0.9,1,NG,Nigeria,2018,NG2018DHS,CN_NUTS_C_WAM,104236110,I,433016,1433016,Region,..Niger,0,,0,1,CNNUTSCWAM,NGDHS2018433016,2018,DHS,478,423,,,2
NGA,Plateau,5608193,Mean weight for age of children,-0.8,1,NG,Nigeria,2018,NG2018DHS,CN_NUTS_C_WAM,104236110,I,433017,1433017,Region,..Plateau,0,,0,1,CNNUTSCWAM,NGDHS2018433017,2018,DHS,257,320,,,2
NGA,North East,7197263,Mean weight for age of children,-1.4,1,NG,Nigeria,2018,NG2018DHS,CN_NUTS_C_WAM,104236110,I,433006,1433020,Region,North East,0,,0,1,CNNUTSCWAM,NGDHS2018433006,2018,DHS,1994,2252,,,1
NGA,Adamawa,4176224,Mean weight for age of children,-1.1,1,NG,Nigeria,2018,NG2018DHS,CN_NUTS_C_WAM,104236110,I,433021,1433021,Region,..Adamawa,0,,0,1,CNNUTSCWAM,NGDHS2018433021,2018,DHS,279,315,,,2
NGA,Bauchi,6839042,Mean weight for age of children,-1.5,1,NG,Nigeria,2018,NG2018DHS,CN_NUTS_C_WAM,104236110,I,433022,1433022,Region,..Bauchi,0,,0,1,CNNUTSCWAM,NGDHS2018433022,2018,DHS,450,445,,,2
NGA,Borno,2984569,Mean weight for age of children,-1.4,1,NG,Nigeria,2018,NG2018DHS,CN_NUTS_C_WAM,104236110,I,433023,1433023,Region,..Borno,0,,0,1,CNNUTSCWAM,NGDHS2018433023,2018,DHS,408,354,,,2
NGA,Gombe,3016628,Mean weight for age of children,-1.4,1,NG,Nigeria,2018,NG2018DHS,CN_NUTS_C_WAM,104236110,I,433024,1433024,Region,..Gombe,0,,0,1,CNNUTSCWAM,NGDHS2018433024,2018,DHS,228,412,,,2
NGA,Taraba,7230851,Mean weight for age of children,-1.1,1,NG,Nigeria,2018,NG2018DHS,CN_NUTS_C_WAM,104236110,I,433025,1433025,Region,..Taraba,0,,0,1,CNNUTSCWAM,NGDHS2018433025,2018,DHS,244,350,,,2
NGA,Yobe,4593753,Mean weight for age of children,-1.7,1,NG,Nigeria,2018,NG2018DHS,CN_NUTS_C_WAM,104236110,I,433026,1433026,Region,..Yobe,0,,0,1,CNNUTSCWAM,NGDHS2018433026,2018,DHS,384,376,,,2
NGA,North West,4592920,Mean weight for age of children,-1.6,1,NG,Nigeria,2018,NG2018DHS,CN_NUTS_C_WAM,104236110,I,433007,1433030,Region,North West,0,,0,1,CNNUTSCWAM,NGDHS2018433007,2018,DHS,3630,2944,,,1
NGA,Jigawa,1331756,Mean weight for age of children,-1.9,1,NG,Nigeria,2018,NG2018DHS,CN_NUTS_C_WAM,104236110,I,433031,1433031,Region,..Jigawa,0,,0,1,CNNUTSCWAM,NGDHS2018433031,2018,DHS,422,422,,,2
NGA,Kaduna,7108884,Mean weight for age of children,-1.2,1,NG,Nigeria,2018,NG2018DHS,CN_NUTS_C_WAM,104236110,I,433032,1433032,Region,..Kaduna,0,,0,1,CNNUTSCWAM,NGDHS2018433032,2018,DHS,694,422,,,2
NGA,Kano,4563405,Mean weight for age of children,-1.5,1,NG,Nigeria,2018,NG2018DHS,CN_NUTS_C_WAM,104236110,I,433033,1433033,Region,..Kano,0,,0,1,CNNUTSCWAM,NGDHS2018433033,2018,DHS,764,569,,,2
NGA,Katsina,4816323,Mean weight for age of children,-1.7,1,NG,Nigeria,2018,NG2018DHS,CN_NUTS_C_WAM,104236110,I,433034,1433034,Region,..Katsina,0,,0,1,CNNUTSCWAM,NGDHS2018433034,2018,DHS,772,495,,,2
NGA,Kebbi,1343769,Mean weight for age of children,-1.9,1,NG,Nigeria,2018,NG2018DHS,CN_NUTS_C_WAM,104236110,I,433035,1433035,Region,..Kebbi,0,,0,1,CNNUTSCWAM,NGDHS2018433035,2018,DHS,322,359,,,2
NGA,Sokoto,5360803,Mean weight for age of children,-1.8,1,NG,Nigeria,2018,NG2018DHS,CN_NUTS_C_WAM,104236110,I,433036,1433036,Region,..Sokoto,0,,0,1,CNNUTSCWAM,NGDHS2018433036,2018,DHS,265,302,,,2
NGA,Zamfara,6039650,Mean weight for age of children,-1.5,1,NG,Nigeria,2018,NG2018DHS,CN_NUTS_C_WAM,104236110,I,433037,1433037,Region,..Zamfara,0,,0,1,CNNUTSCWAM,NGDHS2018433037,2018,DHS,391,375,,,2
NGA,South East,6594000,Mean weight for age of children,-0.6,1,NG,Nigeria,2018,NG2018DHS,CN_NUTS_C_WAM,104236110,I,433008,1433040,Region,South East,0,,0,1,CNNUTSCWAM,NGDHS2018433008,2018,DHS,1672,1845,,,1
NGA,Abia,6825590,Mean weight for age of children,-0.8,1,NG,Nigeria,2018,NG2018DHS,CN_NUTS_C_WAM,104236110,I,433041,1433041,Region,..Abia,0,,0,1,CNNUTSCWAM,NGDHS2018433041,2018,DHS,188,287,,,2
NGA,Anambra,2977615,Mean weight for age of children,-0.3,1,NG,Nigeria,2018,NG2018DHS,CN_NUTS_C_WAM,104236110,I,433042,1433042,Region,..Anambra,0,,0,1,CNNUTSCWAM,NGDHS2018433042,2018,DHS,543,448,,,2
NGA,Ebonyi,3009990,Mean weight for age of children,-0.9,1,NG,Nigeria,2018,NG2018DHS,CN_NUTS_C_WAM,104236110,I,433043,1433043,Region,..Ebonyi,0,,0,1,CNNUTSCWAM,NGDHS2018433043,2018,DHS,392,488,,,2
NGA,Enugu,5954202,Mean weight for age of children,-0.3,1,NG,Nigeria,2018,NG2018DHS,CN_NUTS_C_WAM,104236110,I,433044,1433044,Region,..Enugu,0,,0,1,CNNUTSCWAM,NGDHS2018433044,2018,DHS,220,263,,,2
NGA,Imo,6720373,Mean weight for age of children,-0.6,1,NG,Nigeria,2018,NG2018DHS,CN_NUTS_C_WAM,104236110,I,433045,1433045,Region,..Imo,0,,0,1,CNNUTSCWAM,NGDHS2018433045,2018,DHS,330,359,,,2
NGA,South West,7734357,Mean weight for age of children,-0.9,1,NG,Nigeria,2018,NG2018DHS,CN_NUTS_C_WAM,104236110,I,433009,1433050,Region,South West,0,,0,1,CNNUTSCWAM,NGDHS2018433009,2018,DHS,2297,1866,,,1
NGA,Ekiti,7122472,Mean weight for age of children,-0.7,1,NG,Nigeria,2018,NG2018DHS,CN_NUTS_C_WAM,104236110,I,433051,1433051,Region,..Ekiti,0,,0,1,CNNUTSCWAM,NGDHS2018433051,2018,DHS,166,288,,,2
NGA,Lagos,4501580,Mean weight for age of children,-0.7,1,NG,Nigeria,2018,NG2018DHS,CN_NUTS_C_WAM,104236110,I,433052,1433052,Region,..Lagos,0,,0,1,CNNUTSCWAM,NGDHS2018433052,2018,DHS,684,355,,,2
NGA,Ogun,122042,Mean weight for age of children,-1.1,1,NG,Nigeria,2018,NG2018DHS,CN_NUTS_C_WAM,104236110,I,433053,1433053,Region,..Ogun,0,,0,1,CNNUTSCWAM,NGDHS2018433053,2018,DHS,357,309,,,2
NGA,Ondo,1331776,Mean weight for age of children,-0.8,1,NG,Nigeria,2018,NG2018DHS,CN_NUTS_C_WAM,104236110,I,433054,1433054,Region,..Ondo,0,,0,1,CNNUTSCWAM,NGDHS2018433054,2018,DHS,177,235,,,2
NGA,Osun,5360890,Mean weight for age of children,-0.9,1,NG,Nigeria,2018,NG2018DHS,CN_NUTS_C_WAM,104236110,I,433055,1433055,Region,..Osun,0,,0,1,CNNUTSCWAM,NGDHS2018433055,2018,DHS,315,279,,,2
NGA,Oyo,6396297,Mean weight for age of children,-1,1,NG,Nigeria,2018,NG2018DHS,CN_NUTS_C_WAM,104236110,I,433056,1433056,Region,..Oyo,0,,0,1,CNNUTSCWAM,NGDHS2018433056,2018,DHS,597,400,,,2
NGA,South South,5503539,Mean weight for age of children,-0.7,1,NG,Nigeria,2018,NG2018DHS,CN_NUTS_C_WAM,104236110,I,433010,1433060,Region,South South,0,,0,1,CNNUTSCWAM,NGDHS2018433010,2018,DHS,1303,1375,,,1
NGA,Akwa Ibom,2774445,Mean weight for age of children,-0.9,1,NG,Nigeria,2018,NG2018DHS,CN_NUTS_C_WAM,104236110,I,433061,1433061,Region,..Akwa Ibom,0,,0,1,CNNUTSCWAM,NGDHS2018433061,2018,DHS,236,254,,,2
NGA,Bayelsa,1338089,Mean weight for age of children,-0.7,1,NG,Nigeria,2018,NG2018DHS,CN_NUTS_C_WAM,104236110,I,433062,1433062,Region,..Bayelsa,0,,0,1,CNNUTSCWAM,NGDHS2018433062,2018,DHS,106,286,,,2
NGA,Cross River,5954232,Mean weight for age of children,-0.9,1,NG,Nigeria,2018,NG2018DHS,CN_NUTS_C_WAM,104236110,I,433063,1433063,Region,..Cross River,0,,0,1,CNNUTSCWAM,NGDHS2018433063,2018,DHS,121,164,,,2
NGA,Delta,6706011,Mean weight for age of children,-0.7,1,NG,Nigeria,2018,NG2018DHS,CN_NUTS_C_WAM,104236110,I,433064,1433064,Region,..Delta,0,,0,1,CNNUTSCWAM,NGDHS2018433064,2018,DHS,236,198,,,2
NGA,Edo,6460433,Mean weight for age of children,-0.7,1,NG,Nigeria,2018,NG2018DHS,CN_NUTS_C_WAM,104236110,I,433065,1433065,Region,..Edo,0,,0,1,CNNUTSCWAM,NGDHS2018433065,2018,DHS,151,160,,,2
NGA,Rivers,7832277,Mean weight for age of children,-0.6,1,NG,Nigeria,2018,NG2018DHS,CN_NUTS_C_WAM,104236110,I,433066,1433066,Region,..Rivers,0,,0,1,CNNUTSCWAM,NGDHS2018433066,2018,DHS,452,313,,,2
NGA,North Central,2870151,Women with height below 145 cm,2.3,1,NG,Nigeria,2018,NG2018DHS,AN_NUTS_W_SHT,114563010,I,433005,1433010,Region,North Central,0,,0,1,ANNUTSWSHT,NGDHS2018433005,2018,DHS,2104,2775,,,1
NGA,FCT Abuja,5384058,Women with height below 145 cm,0.6,1,NG,Nigeria,2018,NG2018DHS,AN_NUTS_W_SHT,114563010,I,433011,1433011,Region,..FCT Abuja,0,,0,1,ANNUTSWSHT,NGDHS2018433011,2018,DHS,116,426,,,2
NGA,Benue,2757725,Women with height below 145 cm,5.4,1,NG,Nigeria,2018,NG2018DHS,AN_NUTS_W_SHT,114563010,I,433012,1433012,Region,..Benue,0,,0,1,ANNUTSWSHT,NGDHS2018433012,2018,DHS,494,467,,,2
NGA,Kogi,4219511,Women with height below 145 cm,0,1,NG,Nigeria,2018,NG2018DHS,AN_NUTS_W_SHT,114563010,I,433013,1433013,Region,..Kogi,0,,0,1,ANNUTSWSHT,NGDHS2018433013,2018,DHS,224,312,,,2
NGA,Kwara,3482525,Women with height below 145 cm,2.4,1,NG,Nigeria,2018,NG2018DHS,AN_NUTS_W_SHT,114563010,I,433014,1433014,Region,..Kwara,0,,0,1,ANNUTSWSHT,NGDHS2018433014,2018,DHS,256,340,,,2
NGA,Nasarawa,3016600,Women with height below 145 cm,1.2,1,NG,Nigeria,2018,NG2018DHS,AN_NUTS_W_SHT,114563010,I,433015,1433015,Region,..Nasarawa,0,,0,1,ANNUTSWSHT,NGDHS2018433015,2018,DHS,236,397,,,2
NGA,Niger,5940583,Women with height below 145 cm,1.1,1,NG,Nigeria,2018,NG2018DHS,AN_NUTS_W_SHT,114563010,I,433016,1433016,Region,..Niger,0,,0,1,ANNUTSWSHT,NGDHS2018433016,2018,DHS,474,451,,,2
NGA,Plateau,1343653,Women with height below 145 cm,2.3,1,NG,Nigeria,2018,NG2018DHS,AN_NUTS_W_SHT,114563010,I,433017,1433017,Region,..Plateau,0,,0,1,ANNUTSWSHT,NGDHS2018433017,2018,DHS,303,382,,,2
NGA,North East,4865780,Women with height below 145 cm,1.5,1,NG,Nigeria,2018,NG2018DHS,AN_NUTS_W_SHT,114563010,I,433006,1433020,Region,North East,0,,0,1,ANNUTSWSHT,NGDHS2018433006,2018,DHS,2232,2566,,,1
NGA,Adamawa,5820725,Women with height below 145 cm,0.6,1,NG,Nigeria,2018,NG2018DHS,AN_NUTS_W_SHT,114563010,I,433021,1433021,Region,..Adamawa,0,,0,1,ANNUTSWSHT,NGDHS2018433021,2018,DHS,292,350,,,2
NGA,Bauchi,2860504,Women with height below 145 cm,1.8,1,NG,Nigeria,2018,NG2018DHS,AN_NUTS_W_SHT,114563010,I,433022,1433022,Region,..Bauchi,0,,0,1,ANNUTSWSHT,NGDHS2018433022,2018,DHS,442,441,,,2
NGA,Borno,6920225,Women with height below 145 cm,1.8,1,NG,Nigeria,2018,NG2018DHS,AN_NUTS_W_SHT,114563010,I,433023,1433023,Region,..Borno,0,,0,1,ANNUTSWSHT,NGDHS2018433023,2018,DHS,516,444,,,2
NGA,Gombe,2870150,Women with height below 145 cm,2.3,1,NG,Nigeria,2018,NG2018DHS,AN_NUTS_W_SHT,114563010,I,433024,1433024,Region,..Gombe,0,,0,1,ANNUTSWSHT,NGDHS2018433024,2018,DHS,242,458,,,2
NGA,Taraba,3142952,Women with height below 145 cm,0.3,1,NG,Nigeria,2018,NG2018DHS,AN_NUTS_W_SHT,114563010,I,433025,1433025,Region,..Taraba,0,,0,1,ANNUTSWSHT,NGDHS2018433025,2018,DHS,294,431,,,2
NGA,Yobe,7351850,Women with height below 145 cm,1.9,1,NG,Nigeria,2018,NG2018DHS,AN_NUTS_W_SHT,114563010,I,433026,1433026,Region,..Yobe,0,,0,1,ANNUTSWSHT,NGDHS2018433026,2018,DHS,445,442,,,2
NGA,North West,7397562,Women with height below 145 cm,2,1,NG,Nigeria,2018,NG2018DHS,AN_NUTS_W_SHT,114563010,I,433007,1433030,Region,North West,0,,0,1,ANNUTSWSHT,NGDHS2018433007,2018,DHS,3954,3272,,,1
NGA,Jigawa,2772147,Women with height below 145 cm,3.5,1,NG,Nigeria,2018,NG2018DHS,AN_NUTS_W_SHT,114563010,I,433031,1433031,Region,..Jigawa,0,,0,1,ANNUTSWSHT,NGDHS2018433031,2018,DHS,450,456,,,2
NGA,Kaduna,4698324,Women with height below 145 cm,1.5,1,NG,Nigeria,2018,NG2018DHS,AN_NUTS_W_SHT,114563010,I,433032,1433032,Region,..Kaduna,0,,0,1,ANNUTSWSHT,NGDHS2018433032,2018,DHS,849,550,,,2
NGA,Kano,3548589,Women with height below 145 cm,2.6,1,NG,Nigeria,2018,NG2018DHS,AN_NUTS_W_SHT,114563010,I,433033,1433033,Region,..Kano,0,,0,1,ANNUTSWSHT,NGDHS2018433033,2018,DHS,798,600,,,2
NGA,Katsina,1349586,Women with height below 145 cm,2.9,1,NG,Nigeria,2018,NG2018DHS,AN_NUTS_W_SHT,114563010,I,433034,1433034,Region,..Katsina,0,,0,1,ANNUTSWSHT,NGDHS2018433034,2018,DHS,789,514,,,2
NGA,Kebbi,5926912,Women with height below 145 cm,0.4,1,NG,Nigeria,2018,NG2018DHS,AN_NUTS_W_SHT,114563010,I,433035,1433035,Region,..Kebbi,0,,0,1,ANNUTSWSHT,NGDHS2018433035,2018,DHS,391,462,,,2
NGA,Sokoto,1349599,Women with height below 145 cm,2,1,NG,Nigeria,2018,NG2018DHS,AN_NUTS_W_SHT,114563010,I,433036,1433036,Region,..Sokoto,0,,0,1,ANNUTSWSHT,NGDHS2018433036,2018,DHS,249,284,,,2
NGA,Zamfara,643225,Women with height below 145 cm,0.2,1,NG,Nigeria,2018,NG2018DHS,AN_NUTS_W_SHT,114563010,I,433037,1433037,Region,..Zamfara,0,,0,1,ANNUTSWSHT,NGDHS2018433037,2018,DHS,427,406,,,2
NGA,South East,1338462,Women with height below 145 cm,0.7,1,NG,Nigeria,2018,NG2018DHS,AN_NUTS_W_SHT,114563010,I,433008,1433040,Region,South East,0,,0,1,ANNUTSWSHT,NGDHS2018433008,2018,DHS,1841,2108,,,1
NGA,Abia,4267528,Women with height below 145 cm,1.4,1,NG,Nigeria,2018,NG2018DHS,AN_NUTS_W_SHT,114563010,I,433041,1433041,Region,..Abia,0,,0,1,ANNUTSWSHT,NGDHS2018433041,2018,DHS,237,372,,,2
NGA,Anambra,4940359,Women with height below 145 cm,0.2,1,NG,Nigeria,2018,NG2018DHS,AN_NUTS_W_SHT,114563010,I,433042,1433042,Region,..Anambra,0,,0,1,ANNUTSWSHT,NGDHS2018433042,2018,DHS,527,444,,,2
NGA,Ebonyi,1338409,Women with height below 145 cm,1.6,1,NG,Nigeria,2018,NG2018DHS,AN_NUTS_W_SHT,114563010,I,433043,1433043,Region,..Ebonyi,0,,0,1,ANNUTSWSHT,NGDHS2018433043,2018,DHS,352,453,,,2
NGA,Enugu,3142953,Women with height below 145 cm,0.8,1,NG,Nigeria,2018,NG2018DHS,AN_NUTS_W_SHT,114563010,I,433044,1433044,Region,..Enugu,0,,0,1,ANNUTSWSHT,NGDHS2018433044,2018,DHS,326,401,,,2
NGA,Imo,6481903,Women with height below 145 cm,0.1,1,NG,Nigeria,2018,NG2018DHS,AN_NUTS_W_SHT,114563010,I,433045,1433045,Region,..Imo,0,,0,1,ANNUTSWSHT,NGDHS2018433045,2018,DHS,399,438,,,2
NGA,South West,7729286,Women with height below 145 cm,0.6,1,NG,Nigeria,2018,NG2018DHS,AN_NUTS_W_SHT,114563010,I,433009,1433050,Region,South West,0,,0,1,ANNUTSWSHT,NGDHS2018433009,2018,DHS,2774,2223,,,1
NGA,Ekiti,4679158,Women with height below 145 cm,0.7,1,NG,Nigeria,2018,NG2018DHS,AN_NUTS_W_SHT,114563010,I,433051,1433051,Region,..Ekiti,0,,0,1,ANNUTSWSHT,NGDHS2018433051,2018,DHS,198,336,,,2
NGA,Lagos,3548528,Women with height below 145 cm,0.1,1,NG,Nigeria,2018,NG2018DHS,AN_NUTS_W_SHT,114563010,I,433052,1433052,Region,..Lagos,0,,0,1,ANNUTSWSHT,NGDHS2018433052,2018,DHS,1006,515,,,2
NGA,Ogun,4212711,Women with height below 145 cm,0.9,1,NG,Nigeria,2018,NG2018DHS,AN_NUTS_W_SHT,114563010,I,433053,1433053,Region,..Ogun,0,,0,1,ANNUTSWSHT,NGDHS2018433053,2018,DHS,367,324,,,2
NGA,Ondo,6248582,Women with height below 145 cm,1.9,1,NG,Nigeria,2018,NG2018DHS,AN_NUTS_W_SHT,114563010,I,433054,1433054,Region,..Ondo,0,,0,1,ANNUTSWSHT,NGDHS2018433054,2018,DHS,252,330,,,2
NGA,Osun,4702160,Women with height below 145 cm,0,1,NG,Nigeria,2018,NG2018DHS,AN_NUTS_W_SHT,114563010,I,433055,1433055,Region,..Osun,0,,0,1,ANNUTSWSHT,NGDHS2018433055,2018,DHS,359,320,,,2
NGA,Oyo,628725,Women with height below 145 cm,1,1,NG,Nigeria,2018,NG2018DHS,AN_NUTS_W_SHT,114563010,I,433056,1433056,Region,..Oyo,0,,0,1,ANNUTSWSHT,NGDHS2018433056,2018,DHS,592,398,,,2
NGA,South South,1349559,Women with height below 145 cm,1,1,NG,Nigeria,2018,NG2018DHS,AN_NUTS_W_SHT,114563010,I,433010,1433060,Region,South South,0,,0,1,ANNUTSWSHT,NGDHS2018433010,2018,DHS,1821,1923,,,1
NGA,Akwa Ibom,4953406,Women with height below 145 cm,1.9,1,NG,Nigeria,2018,NG2018DHS,AN_NUTS_W_SHT,114563010,I,433061,1433061,Region,..Akwa Ibom,0,,0,1,ANNUTSWSHT,NGDHS2018433061,2018,DHS,346,360,,,2
NGA,Bayelsa,5061266,Women with height below 145 cm,0.9,1,NG,Nigeria,2018,NG2018DHS,AN_NUTS_W_SHT,114563010,I,433062,1433062,Region,..Bayelsa,0,,0,1,ANNUTSWSHT,NGDHS2018433062,2018,DHS,116,308,,,2
NGA,Cross River,38701,Women with height below 145 cm,1.1,1,NG,Nigeria,2018,NG2018DHS,AN_NUTS_W_SHT,114563010,I,433063,1433063,Region,..Cross River,0,,0,1,ANNUTSWSHT,NGDHS2018433063,2018,DHS,227,291,,,2
NGA,Delta,6417503,Women with height below 145 cm,1,1,NG,Nigeria,2018,NG2018DHS,AN_NUTS_W_SHT,114563010,I,433064,1433064,Region,..Delta,0,,0,1,ANNUTSWSHT,NGDHS2018433064,2018,DHS,312,283,,,2
NGA,Edo,1344078,Women with height below 145 cm,1.1,1,NG,Nigeria,2018,NG2018DHS,AN_NUTS_W_SHT,114563010,I,433065,1433065,Region,..Edo,0,,0,1,ANNUTSWSHT,NGDHS2018433065,2018,DHS,182,213,,,2
NGA,Rivers,7829912,Women with height below 145 cm,0.5,1,NG,Nigeria,2018,NG2018DHS,AN_NUTS_W_SHT,114563010,I,433066,1433066,Region,..Rivers,0,,0,1,ANNUTSWSHT,NGDHS2018433066,2018,DHS,639,468,,,2
NGA,North Central,1343647,Number of women,2104,0,NG,Nigeria,2018,NG2018DHS,AN_NUTS_W_NM1,114563020,D,433005,1433010,Region,North Central,0,,0,1,ANNUTSWNM1,NGDHS2018433005,2018,DHS,,2775,,,1
NGA,FCT Abuja,5467119,Number of women,116,0,NG,Nigeria,2018,NG2018DHS,AN_NUTS_W_NM1,114563020,D,433011,1433011,Region,..FCT Abuja,0,,0,1,ANNUTSWNM1,NGDHS2018433011,2018,DHS,,426,,,2
NGA,Benue,1338417,Number of women,494,0,NG,Nigeria,2018,NG2018DHS,AN_NUTS_W_NM1,114563020,D,433012,1433012,Region,..Benue,0,,0,1,ANNUTSWNM1,NGDHS2018433012,2018,DHS,,467,,,2
NGA,Kogi,4297479,Number of women,224,0,NG,Nigeria,2018,NG2018DHS,AN_NUTS_W_NM1,114563020,D,433013,1433013,Region,..Kogi,0,,0,1,ANNUTSWNM1,NGDHS2018433013,2018,DHS,,312,,,2
NGA,Kwara,3566303,Number of women,256,0,NG,Nigeria,2018,NG2018DHS,AN_NUTS_W_NM1,114563020,D,433014,1433014,Region,..Kwara,0,,0,1,ANNUTSWNM1,NGDHS2018433014,2018,DHS,,340,,,2
NGA,Nasarawa,3016538,Number of women,236,0,NG,Nigeria,2018,NG2018DHS,AN_NUTS_W_NM1,114563020,D,433015,1433015,Region,..Nasarawa,0,,0,1,ANNUTSWNM1,NGDHS2018433015,2018,DHS,,397,,,2
NGA,Niger,6015760,Number of women,474,0,NG,Nigeria,2018,NG2018DHS,AN_NUTS_W_NM1,114563020,D,433016,1433016,Region,..Niger,0,,0,1,ANNUTSWNM1,NGDHS2018433016,2018,DHS,,451,,,2
NGA,Plateau,1343654,Number of women,303,0,NG,Nigeria,2018,NG2018DHS,AN_NUTS_W_NM1,114563020,D,433017,1433017,Region,..Plateau,0,,0,1,ANNUTSWNM1,NGDHS2018433017,2018,DHS,,382,,,2
NGA,North East,4923168,Number of women,2232,0,NG,Nigeria,2018,NG2018DHS,AN_NUTS_W_NM1,114563020,D,433006,1433020,Region,North East,0,,0,1,ANNUTSWNM1,NGDHS2018433006,2018,DHS,,2566,,,1
NGA,Adamawa,5950179,Number of women,292,0,NG,Nigeria,2018,NG2018DHS,AN_NUTS_W_NM1,114563020,D,433021,1433021,Region,..Adamawa,0,,0,1,ANNUTSWNM1,NGDHS2018433021,2018,DHS,,350,,,2
NGA,Bauchi,1343652,Number of women,442,0,NG,Nigeria,2018,NG2018DHS,AN_NUTS_W_NM1,114563020,D,433022,1433022,Region,..Bauchi,0,,0,1,ANNUTSWNM1,NGDHS2018433022,2018,DHS,,441,,,2
NGA,Borno,6950827,Number of women,516,0,NG,Nigeria,2018,NG2018DHS,AN_NUTS_W_NM1,114563020,D,433023,1433023,Region,..Borno,0,,0,1,ANNUTSWNM1,NGDHS2018433023,2018,DHS,,444,,,2
NGA,Gombe,1343646,Number of women,242,0,NG,Nigeria,2018,NG2018DHS,AN_NUTS_W_NM1,114563020,D,433024,1433024,Region,..Gombe,0,,0,1,ANNUTSWNM1,NGDHS2018433024,2018,DHS,,458,,,2
NGA,Taraba,1344101,Number of women,294,0,NG,Nigeria,2018,NG2018DHS,AN_NUTS_W_NM1,114563020,D,433025,1433025,Region,..Taraba,0,,0,1,ANNUTSWNM1,NGDHS2018433025,2018,DHS,,431,,,2
NGA,Yobe,7375296,Number of women,445,0,NG,Nigeria,2018,NG2018DHS,AN_NUTS_W_NM1,114563020,D,433026,1433026,Region,..Yobe,0,,0,1,ANNUTSWNM1,NGDHS2018433026,2018,DHS,,442,,,2
NGA,North West,7396730,Number of women,3954,0,NG,Nigeria,2018,NG2018DHS,AN_NUTS_W_NM1,114563020,D,433007,1433030,Region,North West,0,,0,1,ANNUTSWNM1,NGDHS2018433007,2018,DHS,,3272,,,1
NGA,Jigawa,1349540,Number of women,450,0,NG,Nigeria,2018,NG2018DHS,AN_NUTS_W_NM1,114563020,D,433031,1433031,Region,..Jigawa,0,,0,1,ANNUTSWNM1,NGDHS2018433031,2018,DHS,,456,,,2
NGA,Kaduna,4758371,Number of women,849,0,NG,Nigeria,2018,NG2018DHS,AN_NUTS_W_NM1,114563020,D,433032,1433032,Region,..Kaduna,0,,0,1,ANNUTSWNM1,NGDHS2018433032,2018,DHS,,550,,,2
NGA,Kano,3839651,Number of women,798,0,NG,Nigeria,2018,NG2018DHS,AN_NUTS_W_NM1,114563020,D,433033,1433033,Region,..Kano,0,,0,1,ANNUTSWNM1,NGDHS2018433033,2018,DHS,,600,,,2
NGA,Katsina,1349585,Number of women,789,0,NG,Nigeria,2018,NG2018DHS,AN_NUTS_W_NM1,114563020,D,433034,1433034,Region,..Katsina,0,,0,1,ANNUTSWNM1,NGDHS2018433034,2018,DHS,,514,,,2
NGA,Kebbi,6009031,Number of women,391,0,NG,Nigeria,2018,NG2018DHS,AN_NUTS_W_NM1,114563020,D,433035,1433035,Region,..Kebbi,0,,0,1,ANNUTSWNM1,NGDHS2018433035,2018,DHS,,462,,,2
NGA,Sokoto,1349600,Number of women,249,0,NG,Nigeria,2018,NG2018DHS,AN_NUTS_W_NM1,114563020,D,433036,1433036,Region,..Sokoto,0,,0,1,ANNUTSWNM1,NGDHS2018433036,2018,DHS,,284,,,2
NGA,Zamfara,1344111,Number of women,427,0,NG,Nigeria,2018,NG2018DHS,AN_NUTS_W_NM1,114563020,D,433037,1433037,Region,..Zamfara,0,,0,1,ANNUTSWNM1,NGDHS2018433037,2018,DHS,,406,,,2
NGA,South East,1338463,Number of women,1841,0,NG,Nigeria,2018,NG2018DHS,AN_NUTS_W_NM1,114563020,D,433008,1433040,Region,South East,0,,0,1,ANNUTSWNM1,NGDHS2018433008,2018,DHS,,2108,,,1
NGA,Abia,4267529,Number of women,237,0,NG,Nigeria,2018,NG2018DHS,AN_NUTS_W_NM1,114563020,D,433041,1433041,Region,..Abia,0,,0,1,ANNUTSWNM1,NGDHS2018433041,2018,DHS,,372,,,2
NGA,Anambra,5075346,Number of women,527,0,NG,Nigeria,2018,NG2018DHS,AN_NUTS_W_NM1,114563020,D,433042,1433042,Region,..Anambra,0,,0,1,ANNUTSWNM1,NGDHS2018433042,2018,DHS,,444,,,2
NGA,Ebonyi,1338412,Number of women,352,0,NG,Nigeria,2018,NG2018DHS,AN_NUTS_W_NM1,114563020,D,433043,1433043,Region,..Ebonyi,0,,0,1,ANNUTSWNM1,NGDHS2018433043,2018,DHS,,453,,,2
NGA,Enugu,1344102,Number of women,326,0,NG,Nigeria,2018,NG2018DHS,AN_NUTS_W_NM1,114563020,D,433044,1433044,Region,..Enugu,0,,0,1,ANNUTSWNM1,NGDHS2018433044,2018,DHS,,401,,,2
NGA,Imo,6457140,Number of women,399,0,NG,Nigeria,2018,NG2018DHS,AN_NUTS_W_NM1,114563020,D,433045,1433045,Region,..Imo,0,,0,1,ANNUTSWNM1,NGDHS2018433045,2018,DHS,,438,,,2
NGA,South West,7729270,Number of women,2774,0,NG,Nigeria,2018,NG2018DHS,AN_NUTS_W_NM1,114563020,D,433009,1433050,Region,South West,0,,0,1,ANNUTSWNM1,NGDHS2018433009,2018,DHS,,2223,,,1
NGA,Ekiti,4766046,Number of women,198,0,NG,Nigeria,2018,NG2018DHS,AN_NUTS_W_NM1,114563020,D,433051,1433051,Region,..Ekiti,0,,0,1,ANNUTSWNM1,NGDHS2018433051,2018,DHS,,336,,,2
NGA,Lagos,3839694,Number of women,1006,0,NG,Nigeria,2018,NG2018DHS,AN_NUTS_W_NM1,114563020,D,433052,1433052,Region,..Lagos,0,,0,1,ANNUTSWNM1,NGDHS2018433052,2018,DHS,,515,,,2
NGA,Ogun,4212712,Number of women,367,0,NG,Nigeria,2018,NG2018DHS,AN_NUTS_W_NM1,114563020,D,433053,1433053,Region,..Ogun,0,,0,1,ANNUTSWNM1,NGDHS2018433053,2018,DHS,,324,,,2
NGA,Ondo,6332908,Number of women,252,0,NG,Nigeria,2018,NG2018DHS,AN_NUTS_W_NM1,114563020,D,433054,1433054,Region,..Ondo,0,,0,1,ANNUTSWNM1,NGDHS2018433054,2018,DHS,,330,,,2
NGA,Osun,4702158,Number of women,359,0,NG,Nigeria,2018,NG2018DHS,AN_NUTS_W_NM1,114563020,D,433055,1433055,Region,..Osun,0,,0,1,ANNUTSWNM1,NGDHS2018433055,2018,DHS,,320,,,2
NGA,Oyo,1338411,Number of women,592,0,NG,Nigeria,2018,NG2018DHS,AN_NUTS_W_NM1,114563020,D,433056,1433056,Region,..Oyo,0,,0,1,ANNUTSWNM1,NGDHS2018433056,2018,DHS,,398,,,2
NGA,South South,1349560,Number of women,1821,0,NG,Nigeria,2018,NG2018DHS,AN_NUTS_W_NM1,114563020,D,433010,1433060,Region,South South,0,,0,1,ANNUTSWNM1,NGDHS2018433010,2018,DHS,,1923,,,1
NGA,Akwa Ibom,5082534,Number of women,346,0,NG,Nigeria,2018,NG2018DHS,AN_NUTS_W_NM1,114563020,D,433061,1433061,Region,..Akwa Ibom,0,,0,1,ANNUTSWNM1,NGDHS2018433061,2018,DHS,,360,,,2
NGA,Bayelsa,5199272,Number of women,116,0,NG,Nigeria,2018,NG2018DHS,AN_NUTS_W_NM1,114563020,D,433062,1433062,Region,..Bayelsa,0,,0,1,ANNUTSWNM1,NGDHS2018433062,2018,DHS,,308,,,2
NGA,Cross River,1344108,Number of women,227,0,NG,Nigeria,2018,NG2018DHS,AN_NUTS_W_NM1,114563020,D,433063,1433063,Region,..Cross River,0,,0,1,ANNUTSWNM1,NGDHS2018433063,2018,DHS,,291,,,2
NGA,Delta,6471584,Number of women,312,0,NG,Nigeria,2018,NG2018DHS,AN_NUTS_W_NM1,114563020,D,433064,1433064,Region,..Delta,0,,0,1,ANNUTSWNM1,NGDHS2018433064,2018,DHS,,283,,,2
NGA,Edo,1344100,Number of women,182,0,NG,Nigeria,2018,NG2018DHS,AN_NUTS_W_NM1,114563020,D,433065,1433065,Region,..Edo,0,,0,1,ANNUTSWNM1,NGDHS2018433065,2018,DHS,,213,,,2
NGA,Rivers,7829829,Number of women,639,0,NG,Nigeria,2018,NG2018DHS,AN_NUTS_W_NM1,114563020,D,433066,1433066,Region,..Rivers,0,,0,1,ANNUTSWNM1,NGDHS2018433066,2018,DHS,,468,,,2
NGA,North Central,2870211,Number of women (unweighted),2775,0,NG,Nigeria,2018,NG2018DHS,AN_NUTS_W_UN1,114563030,U,433005,1433010,Region,North Central,0,,0,1,ANNUTSWUN1,NGDHS2018433005,2018,DHS,2104,,,,1
NGA,FCT Abuja,356275,Number of women (unweighted),426,0,NG,Nigeria,2018,NG2018DHS,AN_NUTS_W_UN1,114563030,U,433011,1433011,Region,..FCT Abuja,0,,0,1,ANNUTSWUN1,NGDHS2018433011,2018,DHS,116,,,,2
NGA,Benue,2757724,Number of women (unweighted),467,0,NG,Nigeria,2018,NG2018DHS,AN_NUTS_W_UN1,114563030,U,433012,1433012,Region,..Benue,0,,0,1,ANNUTSWUN1,NGDHS2018433012,2018,DHS,494,,,,2
NGA,Kogi,3144756,Number of women (unweighted),312,0,NG,Nigeria,2018,NG2018DHS,AN_NUTS_W_UN1,114563030,U,433013,1433013,Region,..Kogi,0,,0,1,ANNUTSWUN1,NGDHS2018433013,2018,DHS,224,,,,2
NGA,Kwara,686138,Number of women (unweighted),340,0,NG,Nigeria,2018,NG2018DHS,AN_NUTS_W_UN1,114563030,U,433014,1433014,Region,..Kwara,0,,0,1,ANNUTSWUN1,NGDHS2018433014,2018,DHS,256,,,,2
NGA,Nasarawa,4373637,Number of women (unweighted),397,0,NG,Nigeria,2018,NG2018DHS,AN_NUTS_W_UN1,114563030,U,433015,1433015,Region,..Nasarawa,0,,0,1,ANNUTSWUN1,NGDHS2018433015,2018,DHS,236,,,,2
NGA,Niger,257849,Number of women (unweighted),451,0,NG,Nigeria,2018,NG2018DHS,AN_NUTS_W_UN1,114563030,U,433016,1433016,Region,..Niger,0,,0,1,ANNUTSWUN1,NGDHS2018433016,2018,DHS,474,,,,2
NGA,Plateau,1343650,Number of women (unweighted),382,0,NG,Nigeria,2018,NG2018DHS,AN_NUTS_W_UN1,114563030,U,433017,1433017,Region,..Plateau,0,,0,1,ANNUTSWUN1,NGDHS2018433017,2018,DHS,303,,,,2
NGA,North East,3156673,Number of women (unweighted),2566,0,NG,Nigeria,2018,NG2018DHS,AN_NUTS_W_UN1,114563030,U,433006,1433020,Region,North East,0,,0,1,ANNUTSWUN1,NGDHS2018433006,2018,DHS,2232,,,,1
NGA,Adamawa,3385370,Number of women (unweighted),350,0,NG,Nigeria,2018,NG2018DHS,AN_NUTS_W_UN1,114563030,U,433021,1433021,Region,..Adamawa,0,,0,1,ANNUTSWUN1,NGDHS2018433021,2018,DHS,292,,,,2
NGA,Bauchi,2860505,Number of women (unweighted),441,0,NG,Nigeria,2018,NG2018DHS,AN_NUTS_W_UN1,114563030,U,433022,1433022,Region,..Bauchi,0,,0,1,ANNUTSWUN1,NGDHS2018433022,2018,DHS,442,,,,2
NGA,Borno,485409,Number of women (unweighted),444,0,NG,Nigeria,2018,NG2018DHS,AN_NUTS_W_UN1,114563030,U,433023,1433023,Region,..Borno,0,,0,1,ANNUTSWUN1,NGDHS2018433023,2018,DHS,516,,,,2
NGA,Gombe,2870212,Number of women (unweighted),458,0,NG,Nigeria,2018,NG2018DHS,AN_NUTS_W_UN1,114563030,U,433024,1433024,Region,..Gombe,0,,0,1,ANNUTSWUN1,NGDHS2018433024,2018,DHS,242,,,,2
NGA,Taraba,3142954,Number of women (unweighted),431,0,NG,Nigeria,2018,NG2018DHS,AN_NUTS_W_UN1,114563030,U,433025,1433025,Region,..Taraba,0,,0,1,ANNUTSWUN1,NGDHS2018433025,2018,DHS,294,,,,2
NGA,Yobe,823689,Number of women (unweighted),442,0,NG,Nigeria,2018,NG2018DHS,AN_NUTS_W_UN1,114563030,U,433026,1433026,Region,..Yobe,0,,0,1,ANNUTSWUN1,NGDHS2018433026,2018,DHS,445,,,,2
NGA,North West,3327171,Number of women (unweighted),3272,0,NG,Nigeria,2018,NG2018DHS,AN_NUTS_W_UN1,114563030,U,433007,1433030,Region,North West,0,,0,1,ANNUTSWUN1,NGDHS2018433007,2018,DHS,3954,,,,1
NGA,Jigawa,2772148,Number of women (unweighted),456,0,NG,Nigeria,2018,NG2018DHS,AN_NUTS_W_UN1,114563030,U,433031,1433031,Region,..Jigawa,0,,0,1,ANNUTSWUN1,NGDHS2018433031,2018,DHS,450,,,,2
NGA,Kaduna,3158901,Number of women (unweighted),550,0,NG,Nigeria,2018,NG2018DHS,AN_NUTS_W_UN1,114563030,U,433032,1433032,Region,..Kaduna,0,,0,1,ANNUTSWUN1,NGDHS2018433032,2018,DHS,849,,,,2
NGA,Kano,694297,Number of women (unweighted),600,0,NG,Nigeria,2018,NG2018DHS,AN_NUTS_W_UN1,114563030,U,433033,1433033,Region,..Kano,0,,0,1,ANNUTSWUN1,NGDHS2018433033,2018,DHS,798,,,,2
NGA,Katsina,1349584,Number of women (unweighted),514,0,NG,Nigeria,2018,NG2018DHS,AN_NUTS_W_UN1,114563030,U,433034,1433034,Region,..Katsina,0,,0,1,ANNUTSWUN1,NGDHS2018433034,2018,DHS,789,,,,2
NGA,Kebbi,244304,Number of women (unweighted),462,0,NG,Nigeria,2018,NG2018DHS,AN_NUTS_W_UN1,114563030,U,433035,1433035,Region,..Kebbi,0,,0,1,ANNUTSWUN1,NGDHS2018433035,2018,DHS,391,,,,2
NGA,Sokoto,1349555,Number of women (unweighted),284,0,NG,Nigeria,2018,NG2018DHS,AN_NUTS_W_UN1,114563030,U,433036,1433036,Region,..Sokoto,0,,0,1,ANNUTSWUN1,NGDHS2018433036,2018,DHS,249,,,,2
NGA,Zamfara,643226,Number of women (unweighted),406,0,NG,Nigeria,2018,NG2018DHS,AN_NUTS_W_UN1,114563030,U,433037,1433037,Region,..Zamfara,0,,0,1,ANNUTSWUN1,NGDHS2018433037,2018,DHS,427,,,,2
NGA,South East,1338464,Number of women (unweighted),2108,0,NG,Nigeria,2018,NG2018DHS,AN_NUTS_W_UN1,114563030,U,433008,1433040,Region,South East,0,,0,1,ANNUTSWUN1,NGDHS2018433008,2018,DHS,1841,,,,1
NGA,Abia,1349581,Number of women (unweighted),372,0,NG,Nigeria,2018,NG2018DHS,AN_NUTS_W_UN1,114563030,U,433041,1433041,Region,..Abia,0,,0,1,ANNUTSWUN1,NGDHS2018433041,2018,DHS,237,,,,2
NGA,Anambra,356066,Number of women (unweighted),444,0,NG,Nigeria,2018,NG2018DHS,AN_NUTS_W_UN1,114563030,U,433042,1433042,Region,..Anambra,0,,0,1,ANNUTSWUN1,NGDHS2018433042,2018,DHS,527,,,,2
NGA,Ebonyi,1338470,Number of women (unweighted),453,0,NG,Nigeria,2018,NG2018DHS,AN_NUTS_W_UN1,114563030,U,433043,1433043,Region,..Ebonyi,0,,0,1,ANNUTSWUN1,NGDHS2018433043,2018,DHS,352,,,,2
NGA,Enugu,3142955,Number of women (unweighted),401,0,NG,Nigeria,2018,NG2018DHS,AN_NUTS_W_UN1,114563030,U,433044,1433044,Region,..Enugu,0,,0,1,ANNUTSWUN1,NGDHS2018433044,2018,DHS,326,,,,2
NGA,Imo,823690,Number of women (unweighted),438,0,NG,Nigeria,2018,NG2018DHS,AN_NUTS_W_UN1,114563030,U,433045,1433045,Region,..Imo,0,,0,1,ANNUTSWUN1,NGDHS2018433045,2018,DHS,399,,,,2
NGA,South West,7734935,Number of women (unweighted),2223,0,NG,Nigeria,2018,NG2018DHS,AN_NUTS_W_UN1,114563030,U,433009,1433050,Region,South West,0,,0,1,ANNUTSWUN1,NGDHS2018433009,2018,DHS,2774,,,,1
NGA,Ekiti,999502,Number of women (unweighted),336,0,NG,Nigeria,2018,NG2018DHS,AN_NUTS_W_UN1,114563030,U,433051,1433051,Region,..Ekiti,0,,0,1,ANNUTSWUN1,NGDHS2018433051,2018,DHS,198,,,,2
NGA,Lagos,694270,Number of women (unweighted),515,0,NG,Nigeria,2018,NG2018DHS,AN_NUTS_W_UN1,114563030,U,433052,1433052,Region,..Lagos,0,,0,1,ANNUTSWUN1,NGDHS2018433052,2018,DHS,1006,,,,2
NGA,Ogun,1349587,Number of women (unweighted),324,0,NG,Nigeria,2018,NG2018DHS,AN_NUTS_W_UN1,114563030,U,433053,1433053,Region,..Ogun,0,,0,1,ANNUTSWUN1,NGDHS2018433053,2018,DHS,367,,,,2
NGA,Ondo,320871,Number of women (unweighted),330,0,NG,Nigeria,2018,NG2018DHS,AN_NUTS_W_UN1,114563030,U,433054,1433054,Region,..Ondo,0,,0,1,ANNUTSWUN1,NGDHS2018433054,2018,DHS,252,,,,2
NGA,Osun,1349567,Number of women (unweighted),320,0,NG,Nigeria,2018,NG2018DHS,AN_NUTS_W_UN1,114563030,U,433055,1433055,Region,..Osun,0,,0,1,ANNUTSWUN1,NGDHS2018433055,2018,DHS,359,,,,2
NGA,Oyo,628730,Number of women (unweighted),398,0,NG,Nigeria,2018,NG2018DHS,AN_NUTS_W_UN1,114563030,U,433056,1433056,Region,..Oyo,0,,0,1,ANNUTSWUN1,NGDHS2018433056,2018,DHS,592,,,,2
NGA,South South,1349566,Number of women (unweighted),1923,0,NG,Nigeria,2018,NG2018DHS,AN_NUTS_W_UN1,114563030,U,433010,1433060,Region,South South,0,,0,1,ANNUTSWUN1,NGDHS2018433010,2018,DHS,1821,,,,1
NGA,Akwa Ibom,355578,Number of women (unweighted),360,0,NG,Nigeria,2018,NG2018DHS,AN_NUTS_W_UN1,114563030,U,433061,1433061,Region,..Akwa Ibom,0,,0,1,ANNUTSWUN1,NGDHS2018433061,2018,DHS,346,,,,2
NGA,Bayelsa,2671435,Number of women (unweighted),308,0,NG,Nigeria,2018,NG2018DHS,AN_NUTS_W_UN1,114563030,U,433062,1433062,Region,..Bayelsa,0,,0,1,ANNUTSWUN1,NGDHS2018433062,2018,DHS,116,,,,2
NGA,Cross River,38702,Number of women (unweighted),291,0,NG,Nigeria,2018,NG2018DHS,AN_NUTS_W_UN1,114563030,U,433063,1433063,Region,..Cross River,0,,0,1,ANNUTSWUN1,NGDHS2018433063,2018,DHS,227,,,,2
NGA,Delta,2593929,Number of women (unweighted),283,0,NG,Nigeria,2018,NG2018DHS,AN_NUTS_W_UN1,114563030,U,433064,1433064,Region,..Delta,0,,0,1,ANNUTSWUN1,NGDHS2018433064,2018,DHS,312,,,,2
NGA,Edo,1344143,Number of women (unweighted),213,0,NG,Nigeria,2018,NG2018DHS,AN_NUTS_W_UN1,114563030,U,433065,1433065,Region,..Edo,0,,0,1,ANNUTSWUN1,NGDHS2018433065,2018,DHS,182,,,,2
NGA,Rivers,7831465,Number of women (unweighted),468,0,NG,Nigeria,2018,NG2018DHS,AN_NUTS_W_UN1,114563030,U,433066,1433066,Region,..Rivers,0,,0,1,ANNUTSWUN1,NGDHS2018433066,2018,DHS,639,,,,2
NGA,North Central,6762931,Mean Body Mass Index (BMI) for women,23.3,1,NG,Nigeria,2018,NG2018DHS,AN_NUTS_W_BMI,114563040,I,433005,1433010,Region,North Central,0,,0,1,ANNUTSWBMI,NGDHS2018433005,2018,DHS,1823,2416,,,1
NGA,FCT Abuja,6179045,Mean Body Mass Index (BMI) for women,25,1,NG,Nigeria,2018,NG2018DHS,AN_NUTS_W_BMI,114563040,I,433011,1433011,Region,..FCT Abuja,0,,0,1,ANNUTSWBMI,NGDHS2018433011,2018,DHS,105,384,,,2
NGA,Benue,4171485,Mean Body Mass Index (BMI) for women,23,1,NG,Nigeria,2018,NG2018DHS,AN_NUTS_W_BMI,114563040,I,433012,1433012,Region,..Benue,0,,0,1,ANNUTSWBMI,NGDHS2018433012,2018,DHS,431,410,,,2
NGA,Kogi,6432943,Mean Body Mass Index (BMI) for women,23.2,1,NG,Nigeria,2018,NG2018DHS,AN_NUTS_W_BMI,114563040,I,433013,1433013,Region,..Kogi,0,,0,1,ANNUTSWBMI,NGDHS2018433013,2018,DHS,189,267,,,2
NGA,Kwara,3705177,Mean Body Mass Index (BMI) for women,23.1,1,NG,Nigeria,2018,NG2018DHS,AN_NUTS_W_BMI,114563040,I,433014,1433014,Region,..Kwara,0,,0,1,ANNUTSWBMI,NGDHS2018433014,2018,DHS,226,297,,,2
NGA,Nasarawa,7045005,Mean Body Mass Index (BMI) for women,23.5,1,NG,Nigeria,2018,NG2018DHS,AN_NUTS_W_BMI,114563040,I,433015,1433015,Region,..Nasarawa,0,,0,1,ANNUTSWBMI,NGDHS2018433015,2018,DHS,209,346,,,2
NGA,Niger,3928740,Mean Body Mass Index (BMI) for women,22.9,1,NG,Nigeria,2018,NG2018DHS,AN_NUTS_W_BMI,114563040,I,433016,1433016,Region,..Niger,0,,0,1,ANNUTSWBMI,NGDHS2018433016,2018,DHS,412,392,,,2
NGA,Plateau,4223309,Mean Body Mass Index (BMI) for women,23.6,1,NG,Nigeria,2018,NG2018DHS,AN_NUTS_W_BMI,114563040,I,433017,1433017,Region,..Plateau,0,,0,1,ANNUTSWBMI,NGDHS2018433017,2018,DHS,252,320,,,2
NGA,North East,5839524,Mean Body Mass Index (BMI) for women,21.4,1,NG,Nigeria,2018,NG2018DHS,AN_NUTS_W_BMI,114563040,I,433006,1433020,Region,North East,0,,0,1,ANNUTSWBMI,NGDHS2018433006,2018,DHS,1878,2169,,,1
NGA,Adamawa,1343636,Mean Body Mass Index (BMI) for women,22.2,1,NG,Nigeria,2018,NG2018DHS,AN_NUTS_W_BMI,114563040,I,433021,1433021,Region,..Adamawa,0,,0,1,ANNUTSWBMI,NGDHS2018433021,2018,DHS,247,296,,,2
NGA,Bauchi,563380,Mean Body Mass Index (BMI) for women,21.1,1,NG,Nigeria,2018,NG2018DHS,AN_NUTS_W_BMI,114563040,I,433022,1433022,Region,..Bauchi,0,,0,1,ANNUTSWBMI,NGDHS2018433022,2018,DHS,350,352,,,2
NGA,Borno,2589223,Mean Body Mass Index (BMI) for women,21.3,1,NG,Nigeria,2018,NG2018DHS,AN_NUTS_W_BMI,114563040,I,433023,1433023,Region,..Borno,0,,0,1,ANNUTSWBMI,NGDHS2018433023,2018,DHS,445,381,,,2
NGA,Gombe,2821555,Mean Body Mass Index (BMI) for women,21.7,1,NG,Nigeria,2018,NG2018DHS,AN_NUTS_W_BMI,114563040,I,433024,1433024,Region,..Gombe,0,,0,1,ANNUTSWBMI,NGDHS2018433024,2018,DHS,208,396,,,2
NGA,Taraba,5846191,Mean Body Mass Index (BMI) for women,23.2,1,NG,Nigeria,2018,NG2018DHS,AN_NUTS_W_BMI,114563040,I,433025,1433025,Region,..Taraba,0,,0,1,ANNUTSWBMI,NGDHS2018433025,2018,DHS,254,374,,,2
NGA,Yobe,2839407,Mean Body Mass Index (BMI) for women,20.1,1,NG,Nigeria,2018,NG2018DHS,AN_NUTS_W_BMI,114563040,I,433026,1433026,Region,..Yobe,0,,0,1,ANNUTSWBMI,NGDHS2018433026,2018,DHS,374,370,,,2
NGA,North West,2860471,Mean Body Mass Index (BMI) for women,21.8,1,NG,Nigeria,2018,NG2018DHS,AN_NUTS_W_BMI,114563040,I,433007,1433030,Region,North West,0,,0,1,ANNUTSWBMI,NGDHS2018433007,2018,DHS,3238,2692,,,1
NGA,Jigawa,2910970,Mean Body Mass Index (BMI) for women,20.4,1,NG,Nigeria,2018,NG2018DHS,AN_NUTS_W_BMI,114563040,I,433031,1433031,Region,..Jigawa,0,,0,1,ANNUTSWBMI,NGDHS2018433031,2018,DHS,366,375,,,2
NGA,Kaduna,6158881,Mean Body Mass Index (BMI) for women,23,1,NG,Nigeria,2018,NG2018DHS,AN_NUTS_W_BMI,114563040,I,433032,1433032,Region,..Kaduna,0,,0,1,ANNUTSWBMI,NGDHS2018433032,2018,DHS,694,459,,,2
NGA,Kano,2912928,Mean Body Mass Index (BMI) for women,21.7,1,NG,Nigeria,2018,NG2018DHS,AN_NUTS_W_BMI,114563040,I,433033,1433033,Region,..Kano,0,,0,1,ANNUTSWBMI,NGDHS2018433033,2018,DHS,637,481,,,2
NGA,Katsina,7024917,Mean Body Mass Index (BMI) for women,22.1,1,NG,Nigeria,2018,NG2018DHS,AN_NUTS_W_BMI,114563040,I,433034,1433034,Region,..Katsina,0,,0,1,ANNUTSWBMI,NGDHS2018433034,2018,DHS,660,431,,,2
NGA,Kebbi,3915032,Mean Body Mass Index (BMI) for women,21.6,1,NG,Nigeria,2018,NG2018DHS,AN_NUTS_W_BMI,114563040,I,433035,1433035,Region,..Kebbi,0,,0,1,ANNUTSWBMI,NGDHS2018433035,2018,DHS,324,382,,,2
NGA,Sokoto,4528703,Mean Body Mass Index (BMI) for women,20.7,1,NG,Nigeria,2018,NG2018DHS,AN_NUTS_W_BMI,114563040,I,433036,1433036,Region,..Sokoto,0,,0,1,ANNUTSWBMI,NGDHS2018433036,2018,DHS,202,227,,,2
NGA,Zamfara,7417335,Mean Body Mass Index (BMI) for women,21.4,1,NG,Nigeria,2018,NG2018DHS,AN_NUTS_W_BMI,114563040,I,433037,1433037,Region,..Zamfara,0,,0,1,ANNUTSWBMI,NGDHS2018433037,2018,DHS,355,337,,,2
NGA,South East,6945803,Mean Body Mass Index (BMI) for women,24.9,1,NG,Nigeria,2018,NG2018DHS,AN_NUTS_W_BMI,114563040,I,433008,1433040,Region,South East,0,,0,1,ANNUTSWBMI,NGDHS2018433008,2018,DHS,1630,1875,,,1
NGA,Abia,232054,Mean Body Mass Index (BMI) for women,24.6,1,NG,Nigeria,2018,NG2018DHS,AN_NUTS_W_BMI,114563040,I,433041,1433041,Region,..Abia,0,,0,1,ANNUTSWBMI,NGDHS2018433041,2018,DHS,217,339,,,2
NGA,Anambra,843455,Mean Body Mass Index (BMI) for women,26.3,1,NG,Nigeria,2018,NG2018DHS,AN_NUTS_W_BMI,114563040,I,433042,1433042,Region,..Anambra,0,,0,1,ANNUTSWBMI,NGDHS2018433042,2018,DHS,451,381,,,2
NGA,Ebonyi,2808034,Mean Body Mass Index (BMI) for women,22.5,1,NG,Nigeria,2018,NG2018DHS,AN_NUTS_W_BMI,114563040,I,433043,1433043,Region,..Ebonyi,0,,0,1,ANNUTSWBMI,NGDHS2018433043,2018,DHS,304,392,,,2
NGA,Enugu,7172325,Mean Body Mass Index (BMI) for women,24.6,1,NG,Nigeria,2018,NG2018DHS,AN_NUTS_W_BMI,114563040,I,433044,1433044,Region,..Enugu,0,,0,1,ANNUTSWBMI,NGDHS2018433044,2018,DHS,302,370,,,2
NGA,Imo,2984573,Mean Body Mass Index (BMI) for women,25.8,1,NG,Nigeria,2018,NG2018DHS,AN_NUTS_W_BMI,114563040,I,433045,1433045,Region,..Imo,0,,0,1,ANNUTSWBMI,NGDHS2018433045,2018,DHS,355,393,,,2
NGA,South West,7754904,Mean Body Mass Index (BMI) for women,24.6,1,NG,Nigeria,2018,NG2018DHS,AN_NUTS_W_BMI,114563040,I,433009,1433050,Region,South West,0,,0,1,ANNUTSWBMI,NGDHS2018433009,2018,DHS,2503,2007,,,1
NGA,Ekiti,6144900,Mean Body Mass Index (BMI) for women,23.8,1,NG,Nigeria,2018,NG2018DHS,AN_NUTS_W_BMI,114563040,I,433051,1433051,Region,..Ekiti,0,,0,1,ANNUTSWBMI,NGDHS2018433051,2018,DHS,176,304,,,2
NGA,Lagos,2912954,Mean Body Mass Index (BMI) for women,25.9,1,NG,Nigeria,2018,NG2018DHS,AN_NUTS_W_BMI,114563040,I,433052,1433052,Region,..Lagos,0,,0,1,ANNUTSWBMI,NGDHS2018433052,2018,DHS,903,467,,,2
NGA,Ogun,7046585,Mean Body Mass Index (BMI) for women,24.3,1,NG,Nigeria,2018,NG2018DHS,AN_NUTS_W_BMI,114563040,I,433053,1433053,Region,..Ogun,0,,0,1,ANNUTSWBMI,NGDHS2018433053,2018,DHS,333,293,,,2
NGA,Ondo,3599812,Mean Body Mass Index (BMI) for women,23.9,1,NG,Nigeria,2018,NG2018DHS,AN_NUTS_W_BMI,114563040,I,433054,1433054,Region,..Ondo,0,,0,1,ANNUTSWBMI,NGDHS2018433054,2018,DHS,225,290,,,2
NGA,Osun,4528715,Mean Body Mass Index (BMI) for women,23.3,1,NG,Nigeria,2018,NG2018DHS,AN_NUTS_W_BMI,114563040,I,433055,1433055,Region,..Osun,0,,0,1,ANNUTSWBMI,NGDHS2018433055,2018,DHS,335,296,,,2
NGA,Oyo,3483129,Mean Body Mass Index (BMI) for women,23.8,1,NG,Nigeria,2018,NG2018DHS,AN_NUTS_W_BMI,114563040,I,433056,1433056,Region,..Oyo,0,,0,1,ANNUTSWBMI,NGDHS2018433056,2018,DHS,531,357,,,2
NGA,South South,1349522,Mean Body Mass Index (BMI) for women,24.9,1,NG,Nigeria,2018,NG2018DHS,AN_NUTS_W_BMI,114563040,I,433010,1433060,Region,South South,0,,0,1,ANNUTSWBMI,NGDHS2018433010,2018,DHS,1655,1745,,,1
NGA,Akwa Ibom,3403862,Mean Body Mass Index (BMI) for women,24.8,1,NG,Nigeria,2018,NG2018DHS,AN_NUTS_W_BMI,114563040,I,433061,1433061,Region,..Akwa Ibom,0,,0,1,ANNUTSWBMI,NGDHS2018433061,2018,DHS,314,321,,,2
NGA,Bayelsa,2808040,Mean Body Mass Index (BMI) for women,24.2,1,NG,Nigeria,2018,NG2018DHS,AN_NUTS_W_BMI,114563040,I,433062,1433062,Region,..Bayelsa,0,,0,1,ANNUTSWBMI,NGDHS2018433062,2018,DHS,102,275,,,2
NGA,Cross River,7149582,Mean Body Mass Index (BMI) for women,24,1,NG,Nigeria,2018,NG2018DHS,AN_NUTS_W_BMI,114563040,I,433063,1433063,Region,..Cross River,0,,0,1,ANNUTSWBMI,NGDHS2018433063,2018,DHS,212,271,,,2
NGA,Delta,2990969,Mean Body Mass Index (BMI) for women,25.2,1,NG,Nigeria,2018,NG2018DHS,AN_NUTS_W_BMI,114563040,I,433064,1433064,Region,..Delta,0,,0,1,ANNUTSWBMI,NGDHS2018433064,2018,DHS,277,252,,,2
NGA,Edo,469019,Mean Body Mass Index (BMI) for women,24.8,1,NG,Nigeria,2018,NG2018DHS,AN_NUTS_W_BMI,114563040,I,433065,1433065,Region,..Edo,0,,0,1,ANNUTSWBMI,NGDHS2018433065,2018,DHS,159,192,,,2
NGA,Rivers,7832839,Mean Body Mass Index (BMI) for women,25.4,1,NG,Nigeria,2018,NG2018DHS,AN_NUTS_W_BMI,114563040,I,433066,1433066,Region,..Rivers,0,,0,1,ANNUTSWBMI,NGDHS2018433066,2018,DHS,592,434,,,2
NGA,North Central,6762932,Women with normal BMI (18.5-24.9),65,1,NG,Nigeria,2018,NG2018DHS,AN_NUTS_W_NRM,114563050,I,433005,1433010,Region,North Central,0,,0,1,ANNUTSWNRM,NGDHS2018433005,2018,DHS,1823,2416,,,1
NGA,FCT Abuja,6179046,Women with normal BMI (18.5-24.9),53.2,1,NG,Nigeria,2018,NG2018DHS,AN_NUTS_W_NRM,114563050,I,433011,1433011,Region,..FCT Abuja,0,,0,1,ANNUTSWNRM,NGDHS2018433011,2018,DHS,105,384,,,2
NGA,Benue,4171486,Women with normal BMI (18.5-24.9),71.4,1,NG,Nigeria,2018,NG2018DHS,AN_NUTS_W_NRM,114563050,I,433012,1433012,Region,..Benue,0,,0,1,ANNUTSWNRM,NGDHS2018433012,2018,DHS,431,410,,,2
NGA,Kogi,6432949,Women with normal BMI (18.5-24.9),63.1,1,NG,Nigeria,2018,NG2018DHS,AN_NUTS_W_NRM,114563050,I,433013,1433013,Region,..Kogi,0,,0,1,ANNUTSWNRM,NGDHS2018433013,2018,DHS,189,267,,,2
NGA,Kwara,3705178,Women with normal BMI (18.5-24.9),62.9,1,NG,Nigeria,2018,NG2018DHS,AN_NUTS_W_NRM,114563050,I,433014,1433014,Region,..Kwara,0,,0,1,ANNUTSWNRM,NGDHS2018433014,2018,DHS,226,297,,,2
NGA,Nasarawa,7045006,Women with normal BMI (18.5-24.9),59.3,1,NG,Nigeria,2018,NG2018DHS,AN_NUTS_W_NRM,114563050,I,433015,1433015,Region,..Nasarawa,0,,0,1,ANNUTSWNRM,NGDHS2018433015,2018,DHS,209,346,,,2
NGA,Niger,3928741,Women with normal BMI (18.5-24.9),66.2,1,NG,Nigeria,2018,NG2018DHS,AN_NUTS_W_NRM,114563050,I,433016,1433016,Region,..Niger,0,,0,1,ANNUTSWNRM,NGDHS2018433016,2018,DHS,412,392,,,2
NGA,Plateau,4223310,Women with normal BMI (18.5-24.9),65.4,1,NG,Nigeria,2018,NG2018DHS,AN_NUTS_W_NRM,114563050,I,433017,1433017,Region,..Plateau,0,,0,1,ANNUTSWNRM,NGDHS2018433017,2018,DHS,252,320,,,2
NGA,North East,5839525,Women with normal BMI (18.5-24.9),61.6,1,NG,Nigeria,2018,NG2018DHS,AN_NUTS_W_NRM,114563050,I,433006,1433020,Region,North East,0,,0,1,ANNUTSWNRM,NGDHS2018433006,2018,DHS,1878,2169,,,1
NGA,Adamawa,1343637,Women with normal BMI (18.5-24.9),60.8,1,NG,Nigeria,2018,NG2018DHS,AN_NUTS_W_NRM,114563050,I,433021,1433021,Region,..Adamawa,0,,0,1,ANNUTSWNRM,NGDHS2018433021,2018,DHS,247,296,,,2
NGA,Bauchi,563381,Women with normal BMI (18.5-24.9),61.9,1,NG,Nigeria,2018,NG2018DHS,AN_NUTS_W_NRM,114563050,I,433022,1433022,Region,..Bauchi,0,,0,1,ANNUTSWNRM,NGDHS2018433022,2018,DHS,350,352,,,2
NGA,Borno,2589224,Women with normal BMI (18.5-24.9),64,1,NG,Nigeria,2018,NG2018DHS,AN_NUTS_W_NRM,114563050,I,433023,1433023,Region,..Borno,0,,0,1,ANNUTSWNRM,NGDHS2018433023,2018,DHS,445,381,,,2
NGA,Gombe,2821558,Women with normal BMI (18.5-24.9),61.7,1,NG,Nigeria,2018,NG2018DHS,AN_NUTS_W_NRM,114563050,I,433024,1433024,Region,..Gombe,0,,0,1,ANNUTSWNRM,NGDHS2018433024,2018,DHS,208,396,,,2
NGA,Taraba,5846192,Women with normal BMI (18.5-24.9),67.1,1,NG,Nigeria,2018,NG2018DHS,AN_NUTS_W_NRM,114563050,I,433025,1433025,Region,..Taraba,0,,0,1,ANNUTSWNRM,NGDHS2018433025,2018,DHS,254,374,,,2
NGA,Yobe,2839408,Women with normal BMI (18.5-24.9),55.1,1,NG,Nigeria,2018,NG2018DHS,AN_NUTS_W_NRM,114563050,I,433026,1433026,Region,..Yobe,0,,0,1,ANNUTSWNRM,NGDHS2018433026,2018,DHS,374,370,,,2
NGA,North West,2860472,Women with normal BMI (18.5-24.9),66.7,1,NG,Nigeria,2018,NG2018DHS,AN_NUTS_W_NRM,114563050,I,433007,1433030,Region,North West,0,,0,1,ANNUTSWNRM,NGDHS2018433007,2018,DHS,3238,2692,,,1
NGA,Jigawa,2910971,Women with normal BMI (18.5-24.9),61.9,1,NG,Nigeria,2018,NG2018DHS,AN_NUTS_W_NRM,114563050,I,433031,1433031,Region,..Jigawa,0,,0,1,ANNUTSWNRM,NGDHS2018433031,2018,DHS,366,375,,,2
NGA,Kaduna,6158882,Women with normal BMI (18.5-24.9),64,1,NG,Nigeria,2018,NG2018DHS,AN_NUTS_W_NRM,114563050,I,433032,1433032,Region,..Kaduna,0,,0,1,ANNUTSWNRM,NGDHS2018433032,2018,DHS,694,459,,,2
NGA,Kano,2912929,Women with normal BMI (18.5-24.9),65.7,1,NG,Nigeria,2018,NG2018DHS,AN_NUTS_W_NRM,114563050,I,433033,1433033,Region,..Kano,0,,0,1,ANNUTSWNRM,NGDHS2018433033,2018,DHS,637,481,,,2
NGA,Katsina,7024918,Women with normal BMI (18.5-24.9),69.5,1,NG,Nigeria,2018,NG2018DHS,AN_NUTS_W_NRM,114563050,I,433034,1433034,Region,..Katsina,0,,0,1,ANNUTSWNRM,NGDHS2018433034,2018,DHS,660,431,,,2
NGA,Kebbi,3915033,Women with normal BMI (18.5-24.9),70.5,1,NG,Nigeria,2018,NG2018DHS,AN_NUTS_W_NRM,114563050,I,433035,1433035,Region,..Kebbi,0,,0,1,ANNUTSWNRM,NGDHS2018433035,2018,DHS,324,382,,,2
NGA,Sokoto,4528704,Women with normal BMI (18.5-24.9),71.7,1,NG,Nigeria,2018,NG2018DHS,AN_NUTS_W_NRM,114563050,I,433036,1433036,Region,..Sokoto,0,,0,1,ANNUTSWNRM,NGDHS2018433036,2018,DHS,202,227,,,2
NGA,Zamfara,7417336,Women with normal BMI (18.5-24.9),67.6,1,NG,Nigeria,2018,NG2018DHS,AN_NUTS_W_NRM,114563050,I,433037,1433037,Region,..Zamfara,0,,0,1,ANNUTSWNRM,NGDHS2018433037,2018,DHS,355,337,,,2
NGA,South East,6945804,Women with normal BMI (18.5-24.9),55.5,1,NG,Nigeria,2018,NG2018DHS,AN_NUTS_W_NRM,114563050,I,433008,1433040,Region,South East,0,,0,1,ANNUTSWNRM,NGDHS2018433008,2018,DHS,1630,1875,,,1
NGA,Abia,232055,Women with normal BMI (18.5-24.9),60.5,1,NG,Nigeria,2018,NG2018DHS,AN_NUTS_W_NRM,114563050,I,433041,1433041,Region,..Abia,0,,0,1,ANNUTSWNRM,NGDHS2018433041,2018,DHS,217,339,,,2
NGA,Anambra,843456,Women with normal BMI (18.5-24.9),42.8,1,NG,Nigeria,2018,NG2018DHS,AN_NUTS_W_NRM,114563050,I,433042,1433042,Region,..Anambra,0,,0,1,ANNUTSWNRM,NGDHS2018433042,2018,DHS,451,381,,,2
NGA,Ebonyi,2808035,Women with normal BMI (18.5-24.9),70.1,1,NG,Nigeria,2018,NG2018DHS,AN_NUTS_W_NRM,114563050,I,433043,1433043,Region,..Ebonyi,0,,0,1,ANNUTSWNRM,NGDHS2018433043,2018,DHS,304,392,,,2
NGA,Enugu,7172326,Women with normal BMI (18.5-24.9),59.8,1,NG,Nigeria,2018,NG2018DHS,AN_NUTS_W_NRM,114563050,I,433044,1433044,Region,..Enugu,0,,0,1,ANNUTSWNRM,NGDHS2018433044,2018,DHS,302,370,,,2
NGA,Imo,2984623,Women with normal BMI (18.5-24.9),52.5,1,NG,Nigeria,2018,NG2018DHS,AN_NUTS_W_NRM,114563050,I,433045,1433045,Region,..Imo,0,,0,1,ANNUTSWNRM,NGDHS2018433045,2018,DHS,355,393,,,2
NGA,South West,7754905,Women with normal BMI (18.5-24.9),53.7,1,NG,Nigeria,2018,NG2018DHS,AN_NUTS_W_NRM,114563050,I,433009,1433050,Region,South West,0,,0,1,ANNUTSWNRM,NGDHS2018433009,2018,DHS,2503,2007,,,1
NGA,Ekiti,6144901,Women with normal BMI (18.5-24.9),61.1,1,NG,Nigeria,2018,NG2018DHS,AN_NUTS_W_NRM,114563050,I,433051,1433051,Region,..Ekiti,0,,0,1,ANNUTSWNRM,NGDHS2018433051,2018,DHS,176,304,,,2
NGA,Lagos,2912955,Women with normal BMI (18.5-24.9),44.1,1,NG,Nigeria,2018,NG2018DHS,AN_NUTS_W_NRM,114563050,I,433052,1433052,Region,..Lagos,0,,0,1,ANNUTSWNRM,NGDHS2018433052,2018,DHS,903,467,,,2
NGA,Ogun,7046586,Women with normal BMI (18.5-24.9),55.6,1,NG,Nigeria,2018,NG2018DHS,AN_NUTS_W_NRM,114563050,I,433053,1433053,Region,..Ogun,0,,0,1,ANNUTSWNRM,NGDHS2018433053,2018,DHS,333,293,,,2
NGA,Ondo,3599813,Women with normal BMI (18.5-24.9),64.2,1,NG,Nigeria,2018,NG2018DHS,AN_NUTS_W_NRM,114563050,I,433054,1433054,Region,..Ondo,0,,0,1,ANNUTSWNRM,NGDHS2018433054,2018,DHS,225,290,,,2
NGA,Osun,4528716,Women with normal BMI (18.5-24.9),62.5,1,NG,Nigeria,2018,NG2018DHS,AN_NUTS_W_NRM,114563050,I,433055,1433055,Region,..Osun,0,,0,1,ANNUTSWNRM,NGDHS2018433055,2018,DHS,335,296,,,2
NGA,Oyo,3483130,Women with normal BMI (18.5-24.9),56.2,1,NG,Nigeria,2018,NG2018DHS,AN_NUTS_W_NRM,114563050,I,433056,1433056,Region,..Oyo,0,,0,1,ANNUTSWNRM,NGDHS2018433056,2018,DHS,531,357,,,2
NGA,South South,1349523,Women with normal BMI (18.5-24.9),51.4,1,NG,Nigeria,2018,NG2018DHS,AN_NUTS_W_NRM,114563050,I,433010,1433060,Region,South South,0,,0,1,ANNUTSWNRM,NGDHS2018433010,2018,DHS,1655,1745,,,1
NGA,Akwa Ibom,3403863,Women with normal BMI (18.5-24.9),52,1,NG,Nigeria,2018,NG2018DHS,AN_NUTS_W_NRM,114563050,I,433061,1433061,Region,..Akwa Ibom,0,,0,1,ANNUTSWNRM,NGDHS2018433061,2018,DHS,314,321,,,2
NGA,Bayelsa,2808041,Women with normal BMI (18.5-24.9),57.2,1,NG,Nigeria,2018,NG2018DHS,AN_NUTS_W_NRM,114563050,I,433062,1433062,Region,..Bayelsa,0,,0,1,ANNUTSWNRM,NGDHS2018433062,2018,DHS,102,275,,,2
NGA,Cross River,7149583,Women with normal BMI (18.5-24.9),59.9,1,NG,Nigeria,2018,NG2018DHS,AN_NUTS_W_NRM,114563050,I,433063,1433063,Region,..Cross River,0,,0,1,ANNUTSWNRM,NGDHS2018433063,2018,DHS,212,271,,,2
NGA,Delta,2990970,Women with normal BMI (18.5-24.9),47.4,1,NG,Nigeria,2018,NG2018DHS,AN_NUTS_W_NRM,114563050,I,433064,1433064,Region,..Delta,0,,0,1,ANNUTSWNRM,NGDHS2018433064,2018,DHS,277,252,,,2
NGA,Edo,469020,Women with normal BMI (18.5-24.9),55.1,1,NG,Nigeria,2018,NG2018DHS,AN_NUTS_W_NRM,114563050,I,433065,1433065,Region,..Edo,0,,0,1,ANNUTSWNRM,NGDHS2018433065,2018,DHS,159,192,,,2
NGA,Rivers,7832840,Women with normal BMI (18.5-24.9),47.9,1,NG,Nigeria,2018,NG2018DHS,AN_NUTS_W_NRM,114563050,I,433066,1433066,Region,..Rivers,0,,0,1,ANNUTSWNRM,NGDHS2018433066,2018,DHS,592,434,,,2
NGA,North Central,6762933,Women who are thin according to BMI (<18.5),9.2,1,NG,Nigeria,2018,NG2018DHS,AN_NUTS_W_THN,114563060,I,433005,1433010,Region,North Central,0,,0,1,ANNUTSWTHN,NGDHS2018433005,2018,DHS,1823,2416,,,1
NGA,FCT Abuja,6179091,Women who are thin according to BMI (<18.5),9.4,1,NG,Nigeria,2018,NG2018DHS,AN_NUTS_W_THN,114563060,I,433011,1433011,Region,..FCT Abuja,0,,0,1,ANNUTSWTHN,NGDHS2018433011,2018,DHS,105,384,,,2
NGA,Benue,4171487,Women who are thin according to BMI (<18.5),6.3,1,NG,Nigeria,2018,NG2018DHS,AN_NUTS_W_THN,114563060,I,433012,1433012,Region,..Benue,0,,0,1,ANNUTSWTHN,NGDHS2018433012,2018,DHS,431,410,,,2
NGA,Kogi,6432950,Women who are thin according to BMI (<18.5),10.2,1,NG,Nigeria,2018,NG2018DHS,AN_NUTS_W_THN,114563060,I,433013,1433013,Region,..Kogi,0,,0,1,ANNUTSWTHN,NGDHS2018433013,2018,DHS,189,267,,,2
NGA,Kwara,3705179,Women who are thin according to BMI (<18.5),11.1,1,NG,Nigeria,2018,NG2018DHS,AN_NUTS_W_THN,114563060,I,433014,1433014,Region,..Kwara,0,,0,1,ANNUTSWTHN,NGDHS2018433014,2018,DHS,226,297,,,2
NGA,Nasarawa,7045007,Women who are thin according to BMI (<18.5),11.9,1,NG,Nigeria,2018,NG2018DHS,AN_NUTS_W_THN,114563060,I,433015,1433015,Region,..Nasarawa,0,,0,1,ANNUTSWTHN,NGDHS2018433015,2018,DHS,209,346,,,2
NGA,Niger,3928742,Women who are thin according to BMI (<18.5),11.1,1,NG,Nigeria,2018,NG2018DHS,AN_NUTS_W_THN,114563060,I,433016,1433016,Region,..Niger,0,,0,1,ANNUTSWTHN,NGDHS2018433016,2018,DHS,412,392,,,2
NGA,Plateau,4223311,Women who are thin according to BMI (<18.5),6,1,NG,Nigeria,2018,NG2018DHS,AN_NUTS_W_THN,114563060,I,433017,1433017,Region,..Plateau,0,,0,1,ANNUTSWTHN,NGDHS2018433017,2018,DHS,252,320,,,2
NGA,North East,5839526,Women who are thin according to BMI (<18.5),23.3,1,NG,Nigeria,2018,NG2018DHS,AN_NUTS_W_THN,114563060,I,433006,1433020,Region,North East,0,,0,1,ANNUTSWTHN,NGDHS2018433006,2018,DHS,1878,2169,,,1
NGA,Adamawa,1343639,Women who are thin according to BMI (<18.5),18.8,1,NG,Nigeria,2018,NG2018DHS,AN_NUTS_W_THN,114563060,I,433021,1433021,Region,..Adamawa,0,,0,1,ANNUTSWTHN,NGDHS2018433021,2018,DHS,247,296,,,2
NGA,Bauchi,563382,Women who are thin according to BMI (<18.5),23.9,1,NG,Nigeria,2018,NG2018DHS,AN_NUTS_W_THN,114563060,I,433022,1433022,Region,..Bauchi,0,,0,1,ANNUTSWTHN,NGDHS2018433022,2018,DHS,350,352,,,2
NGA,Borno,2589225,Women who are thin according to BMI (<18.5),23.1,1,NG,Nigeria,2018,NG2018DHS,AN_NUTS_W_THN,114563060,I,433023,1433023,Region,..Borno,0,,0,1,ANNUTSWTHN,NGDHS2018433023,2018,DHS,445,381,,,2
NGA,Gombe,2821559,Women who are thin according to BMI (<18.5),21.4,1,NG,Nigeria,2018,NG2018DHS,AN_NUTS_W_THN,114563060,I,433024,1433024,Region,..Gombe,0,,0,1,ANNUTSWTHN,NGDHS2018433024,2018,DHS,208,396,,,2
NGA,Taraba,5846193,Women who are thin according to BMI (<18.5),9.2,1,NG,Nigeria,2018,NG2018DHS,AN_NUTS_W_THN,114563060,I,433025,1433025,Region,..Taraba,0,,0,1,ANNUTSWTHN,NGDHS2018433025,2018,DHS,254,374,,,2
NGA,Yobe,2839409,Women who are thin according to BMI (<18.5),36.8,1,NG,Nigeria,2018,NG2018DHS,AN_NUTS_W_THN,114563060,I,433026,1433026,Region,..Yobe,0,,0,1,ANNUTSWTHN,NGDHS2018433026,2018,DHS,374,370,,,2
NGA,North West,2860473,Women who are thin according to BMI (<18.5),16.9,1,NG,Nigeria,2018,NG2018DHS,AN_NUTS_W_THN,114563060,I,433007,1433030,Region,North West,0,,0,1,ANNUTSWTHN,NGDHS2018433007,2018,DHS,3238,2692,,,1
NGA,Jigawa,2910972,Women who are thin according to BMI (<18.5),30.4,1,NG,Nigeria,2018,NG2018DHS,AN_NUTS_W_THN,114563060,I,433031,1433031,Region,..Jigawa,0,,0,1,ANNUTSWTHN,NGDHS2018433031,2018,DHS,366,375,,,2
NGA,Kaduna,6158866,Women who are thin according to BMI (<18.5),10.9,1,NG,Nigeria,2018,NG2018DHS,AN_NUTS_W_THN,114563060,I,433032,1433032,Region,..Kaduna,0,,0,1,ANNUTSWTHN,NGDHS2018433032,2018,DHS,694,459,,,2
NGA,Kano,2912930,Women who are thin according to BMI (<18.5),17.7,1,NG,Nigeria,2018,NG2018DHS,AN_NUTS_W_THN,114563060,I,433033,1433033,Region,..Kano,0,,0,1,ANNUTSWTHN,NGDHS2018433033,2018,DHS,637,481,,,2
NGA,Katsina,7024919,Women who are thin according to BMI (<18.5),12.7,1,NG,Nigeria,2018,NG2018DHS,AN_NUTS_W_THN,114563060,I,433034,1433034,Region,..Katsina,0,,0,1,ANNUTSWTHN,NGDHS2018433034,2018,DHS,660,431,,,2
NGA,Kebbi,3915034,Women who are thin according to BMI (<18.5),15.8,1,NG,Nigeria,2018,NG2018DHS,AN_NUTS_W_THN,114563060,I,433035,1433035,Region,..Kebbi,0,,0,1,ANNUTSWTHN,NGDHS2018433035,2018,DHS,324,382,,,2
NGA,Sokoto,4528705,Women who are thin according to BMI (<18.5),21.1,1,NG,Nigeria,2018,NG2018DHS,AN_NUTS_W_THN,114563060,I,433036,1433036,Region,..Sokoto,0,,0,1,ANNUTSWTHN,NGDHS2018433036,2018,DHS,202,227,,,2
NGA,Zamfara,7417337,Women who are thin according to BMI (<18.5),19.8,1,NG,Nigeria,2018,NG2018DHS,AN_NUTS_W_THN,114563060,I,433037,1433037,Region,..Zamfara,0,,0,1,ANNUTSWTHN,NGDHS2018433037,2018,DHS,355,337,,,2
NGA,South East,6945805,Women who are thin according to BMI (<18.5),5,1,NG,Nigeria,2018,NG2018DHS,AN_NUTS_W_THN,114563060,I,433008,1433040,Region,South East,0,,0,1,ANNUTSWTHN,NGDHS2018433008,2018,DHS,1630,1875,,,1
NGA,Abia,232056,Women who are thin according to BMI (<18.5),4.7,1,NG,Nigeria,2018,NG2018DHS,AN_NUTS_W_THN,114563060,I,433041,1433041,Region,..Abia,0,,0,1,ANNUTSWTHN,NGDHS2018433041,2018,DHS,217,339,,,2
NGA,Anambra,843473,Women who are thin according to BMI (<18.5),4.2,1,NG,Nigeria,2018,NG2018DHS,AN_NUTS_W_THN,114563060,I,433042,1433042,Region,..Anambra,0,,0,1,ANNUTSWTHN,NGDHS2018433042,2018,DHS,451,381,,,2
NGA,Ebonyi,2808036,Women who are thin according to BMI (<18.5),9.2,1,NG,Nigeria,2018,NG2018DHS,AN_NUTS_W_THN,114563060,I,433043,1433043,Region,..Ebonyi,0,,0,1,ANNUTSWTHN,NGDHS2018433043,2018,DHS,304,392,,,2
NGA,Enugu,7172327,Women who are thin according to BMI (<18.5),3.8,1,NG,Nigeria,2018,NG2018DHS,AN_NUTS_W_THN,114563060,I,433044,1433044,Region,..Enugu,0,,0,1,ANNUTSWTHN,NGDHS2018433044,2018,DHS,302,370,,,2
NGA,Imo,2984498,Women who are thin according to BMI (<18.5),3.6,1,NG,Nigeria,2018,NG2018DHS,AN_NUTS_W_THN,114563060,I,433045,1433045,Region,..Imo,0,,0,1,ANNUTSWTHN,NGDHS2018433045,2018,DHS,355,393,,,2
NGA,South West,7755035,Women who are thin according to BMI (<18.5),8.5,1,NG,Nigeria,2018,NG2018DHS,AN_NUTS_W_THN,114563060,I,433009,1433050,Region,South West,0,,0,1,ANNUTSWTHN,NGDHS2018433009,2018,DHS,2503,2007,,,1
NGA,Ekiti,6144902,Women who are thin according to BMI (<18.5),7.2,1,NG,Nigeria,2018,NG2018DHS,AN_NUTS_W_THN,114563060,I,433051,1433051,Region,..Ekiti,0,,0,1,ANNUTSWTHN,NGDHS2018433051,2018,DHS,176,304,,,2
NGA,Lagos,2912956,Women who are thin according to BMI (<18.5),6.5,1,NG,Nigeria,2018,NG2018DHS,AN_NUTS_W_THN,114563060,I,433052,1433052,Region,..Lagos,0,,0,1,ANNUTSWTHN,NGDHS2018433052,2018,DHS,903,467,,,2
NGA,Ogun,7046587,Women who are thin according to BMI (<18.5),8.6,1,NG,Nigeria,2018,NG2018DHS,AN_NUTS_W_THN,114563060,I,433053,1433053,Region,..Ogun,0,,0,1,ANNUTSWTHN,NGDHS2018433053,2018,DHS,333,293,,,2
NGA,Ondo,3599814,Women who are thin according to BMI (<18.5),7.7,1,NG,Nigeria,2018,NG2018DHS,AN_NUTS_W_THN,114563060,I,433054,1433054,Region,..Ondo,0,,0,1,ANNUTSWTHN,NGDHS2018433054,2018,DHS,225,290,,,2
NGA,Osun,4528717,Women who are thin according to BMI (<18.5),9.5,1,NG,Nigeria,2018,NG2018DHS,AN_NUTS_W_THN,114563060,I,433055,1433055,Region,..Osun,0,,0,1,ANNUTSWTHN,NGDHS2018433055,2018,DHS,335,296,,,2
NGA,Oyo,3483131,Women who are thin according to BMI (<18.5),11.8,1,NG,Nigeria,2018,NG2018DHS,AN_NUTS_W_THN,114563060,I,433056,1433056,Region,..Oyo,0,,0,1,ANNUTSWTHN,NGDHS2018433056,2018,DHS,531,357,,,2
NGA,South South,1349524,Women who are thin according to BMI (<18.5),5.7,1,NG,Nigeria,2018,NG2018DHS,AN_NUTS_W_THN,114563060,I,433010,1433060,Region,South South,0,,0,1,ANNUTSWTHN,NGDHS2018433010,2018,DHS,1655,1745,,,1
NGA,Akwa Ibom,3403864,Women who are thin according to BMI (<18.5),6,1,NG,Nigeria,2018,NG2018DHS,AN_NUTS_W_THN,114563060,I,433061,1433061,Region,..Akwa Ibom,0,,0,1,ANNUTSWTHN,NGDHS2018433061,2018,DHS,314,321,,,2
NGA,Bayelsa,2808042,Women who are thin according to BMI (<18.5),6.5,1,NG,Nigeria,2018,NG2018DHS,AN_NUTS_W_THN,114563060,I,433062,1433062,Region,..Bayelsa,0,,0,1,ANNUTSWTHN,NGDHS2018433062,2018,DHS,102,275,,,2
NGA,Cross River,7170928,Women who are thin according to BMI (<18.5),5.3,1,NG,Nigeria,2018,NG2018DHS,AN_NUTS_W_THN,114563060,I,433063,1433063,Region,..Cross River,0,,0,1,ANNUTSWTHN,NGDHS2018433063,2018,DHS,212,271,,,2
NGA,Delta,2990971,Women who are thin according to BMI (<18.5),8,1,NG,Nigeria,2018,NG2018DHS,AN_NUTS_W_THN,114563060,I,433064,1433064,Region,..Delta,0,,0,1,ANNUTSWTHN,NGDHS2018433064,2018,DHS,277,252,,,2
NGA,Edo,469021,Women who are thin according to BMI (<18.5),6.3,1,NG,Nigeria,2018,NG2018DHS,AN_NUTS_W_THN,114563060,I,433065,1433065,Region,..Edo,0,,0,1,ANNUTSWTHN,NGDHS2018433065,2018,DHS,159,192,,,2
NGA,Rivers,7832841,Women who are thin according to BMI (<18.5),4.4,1,NG,Nigeria,2018,NG2018DHS,AN_NUTS_W_THN,114563060,I,433066,1433066,Region,..Rivers,0,,0,1,ANNUTSWTHN,NGDHS2018433066,2018,DHS,592,434,,,2
NGA,North Central,6762934,Women who are mildly thin according to BMI (17.0-18.4),6.8,1,NG,Nigeria,2018,NG2018DHS,AN_NUTS_W_TH1,114563070,I,433005,1433010,Region,North Central,0,,0,1,ANNUTSWTH1,NGDHS2018433005,2018,DHS,1823,2416,,,1
NGA,FCT Abuja,6179092,Women who are mildly thin according to BMI (17.0-18.4),6.8,1,NG,Nigeria,2018,NG2018DHS,AN_NUTS_W_TH1,114563070,I,433011,1433011,Region,..FCT Abuja,0,,0,1,ANNUTSWTH1,NGDHS2018433011,2018,DHS,105,384,,,2
NGA,Benue,4171488,Women who are mildly thin according to BMI (17.0-18.4),5.5,1,NG,Nigeria,2018,NG2018DHS,AN_NUTS_W_TH1,114563070,I,433012,1433012,Region,..Benue,0,,0,1,ANNUTSWTH1,NGDHS2018433012,2018,DHS,431,410,,,2
NGA,Kogi,6432951,Women who are mildly thin according to BMI (17.0-18.4),7.1,1,NG,Nigeria,2018,NG2018DHS,AN_NUTS_W_TH1,114563070,I,433013,1433013,Region,..Kogi,0,,0,1,ANNUTSWTH1,NGDHS2018433013,2018,DHS,189,267,,,2
NGA,Kwara,3705235,Women who are mildly thin according to BMI (17.0-18.4),8.2,1,NG,Nigeria,2018,NG2018DHS,AN_NUTS_W_TH1,114563070,I,433014,1433014,Region,..Kwara,0,,0,1,ANNUTSWTH1,NGDHS2018433014,2018,DHS,226,297,,,2
NGA,Nasarawa,7045009,Women who are mildly thin according to BMI (17.0-18.4),9.2,1,NG,Nigeria,2018,NG2018DHS,AN_NUTS_W_TH1,114563070,I,433015,1433015,Region,..Nasarawa,0,,0,1,ANNUTSWTH1,NGDHS2018433015,2018,DHS,209,346,,,2
NGA,Niger,3928743,Women who are mildly thin according to BMI (17.0-18.4),6.7,1,NG,Nigeria,2018,NG2018DHS,AN_NUTS_W_TH1,114563070,I,433016,1433016,Region,..Niger,0,,0,1,ANNUTSWTH1,NGDHS2018433016,2018,DHS,412,392,,,2
NGA,Plateau,4223312,Women who are mildly thin according to BMI (17.0-18.4),5.5,1,NG,Nigeria,2018,NG2018DHS,AN_NUTS_W_TH1,114563070,I,433017,1433017,Region,..Plateau,0,,0,1,ANNUTSWTH1,NGDHS2018433017,2018,DHS,252,320,,,2
NGA,North East,5839527,Women who are mildly thin according to BMI (17.0-18.4),15.3,1,NG,Nigeria,2018,NG2018DHS,AN_NUTS_W_TH1,114563070,I,433006,1433020,Region,North East,0,,0,1,ANNUTSWTH1,NGDHS2018433006,2018,DHS,1878,2169,,,1
NGA,Adamawa,1343641,Women who are mildly thin according to BMI (17.0-18.4),11,1,NG,Nigeria,2018,NG2018DHS,AN_NUTS_W_TH1,114563070,I,433021,1433021,Region,..Adamawa,0,,0,1,ANNUTSWTH1,NGDHS2018433021,2018,DHS,247,296,,,2
NGA,Bauchi,563383,Women who are mildly thin according to BMI (17.0-18.4),16.8,1,NG,Nigeria,2018,NG2018DHS,AN_NUTS_W_TH1,114563070,I,433022,1433022,Region,..Bauchi,0,,0,1,ANNUTSWTH1,NGDHS2018433022,2018,DHS,350,352,,,2
NGA,Borno,2589226,Women who are mildly thin according to BMI (17.0-18.4),17.9,1,NG,Nigeria,2018,NG2018DHS,AN_NUTS_W_TH1,114563070,I,433023,1433023,Region,..Borno,0,,0,1,ANNUTSWTH1,NGDHS2018433023,2018,DHS,445,381,,,2
NGA,Gombe,2821560,Women who are mildly thin according to BMI (17.0-18.4),13.4,1,NG,Nigeria,2018,NG2018DHS,AN_NUTS_W_TH1,114563070,I,433024,1433024,Region,..Gombe,0,,0,1,ANNUTSWTH1,NGDHS2018433024,2018,DHS,208,396,,,2
NGA,Taraba,5846194,Women who are mildly thin according to BMI (17.0-18.4),6.6,1,NG,Nigeria,2018,NG2018DHS,AN_NUTS_W_TH1,114563070,I,433025,1433025,Region,..Taraba,0,,0,1,ANNUTSWTH1,NGDHS2018433025,2018,DHS,254,374,,,2
NGA,Yobe,2839410,Women who are mildly thin according to BMI (17.0-18.4),20.5,1,NG,Nigeria,2018,NG2018DHS,AN_NUTS_W_TH1,114563070,I,433026,1433026,Region,..Yobe,0,,0,1,ANNUTSWTH1,NGDHS2018433026,2018,DHS,374,370,,,2
NGA,North West,2860474,Women who are mildly thin according to BMI (17.0-18.4),11.2,1,NG,Nigeria,2018,NG2018DHS,AN_NUTS_W_TH1,114563070,I,433007,1433030,Region,North West,0,,0,1,ANNUTSWTH1,NGDHS2018433007,2018,DHS,3238,2692,,,1
NGA,Jigawa,2910973,Women who are mildly thin according to BMI (17.0-18.4),18.4,1,NG,Nigeria,2018,NG2018DHS,AN_NUTS_W_TH1,114563070,I,433031,1433031,Region,..Jigawa,0,,0,1,ANNUTSWTH1,NGDHS2018433031,2018,DHS,366,375,,,2
NGA,Kaduna,6158867,Women who are mildly thin according to BMI (17.0-18.4),8.1,1,NG,Nigeria,2018,NG2018DHS,AN_NUTS_W_TH1,114563070,I,433032,1433032,Region,..Kaduna,0,,0,1,ANNUTSWTH1,NGDHS2018433032,2018,DHS,694,459,,,2
NGA,Kano,2912931,Women who are mildly thin according to BMI (17.0-18.4),10.3,1,NG,Nigeria,2018,NG2018DHS,AN_NUTS_W_TH1,114563070,I,433033,1433033,Region,..Kano,0,,0,1,ANNUTSWTH1,NGDHS2018433033,2018,DHS,637,481,,,2
NGA,Katsina,7024920,Women who are mildly thin according to BMI (17.0-18.4),8.2,1,NG,Nigeria,2018,NG2018DHS,AN_NUTS_W_TH1,114563070,I,433034,1433034,Region,..Katsina,0,,0,1,ANNUTSWTH1,NGDHS2018433034,2018,DHS,660,431,,,2
NGA,Kebbi,3915035,Women who are mildly thin according to BMI (17.0-18.4),11.3,1,NG,Nigeria,2018,NG2018DHS,AN_NUTS_W_TH1,114563070,I,433035,1433035,Region,..Kebbi,0,,0,1,ANNUTSWTH1,NGDHS2018433035,2018,DHS,324,382,,,2
NGA,Sokoto,4528735,Women who are mildly thin according to BMI (17.0-18.4),15.2,1,NG,Nigeria,2018,NG2018DHS,AN_NUTS_W_TH1,114563070,I,433036,1433036,Region,..Sokoto,0,,0,1,ANNUTSWTH1,NGDHS2018433036,2018,DHS,202,227,,,2
NGA,Zamfara,7417338,Women who are mildly thin according to BMI (17.0-18.4),15.1,1,NG,Nigeria,2018,NG2018DHS,AN_NUTS_W_TH1,114563070,I,433037,1433037,Region,..Zamfara,0,,0,1,ANNUTSWTH1,NGDHS2018433037,2018,DHS,355,337,,,2
NGA,South East,6945806,Women who are mildly thin according to BMI (17.0-18.4),3.5,1,NG,Nigeria,2018,NG2018DHS,AN_NUTS_W_TH1,114563070,I,433008,1433040,Region,South East,0,,0,1,ANNUTSWTH1,NGDHS2018433008,2018,DHS,1630,1875,,,1
NGA,Abia,232057,Women who are mildly thin according to BMI (17.0-18.4),3,1,NG,Nigeria,2018,NG2018DHS,AN_NUTS_W_TH1,114563070,I,433041,1433041,Region,..Abia,0,,0,1,ANNUTSWTH1,NGDHS2018433041,2018,DHS,217,339,,,2
NGA,Anambra,843474,Women who are mildly thin according to BMI (17.0-18.4),2.1,1,NG,Nigeria,2018,NG2018DHS,AN_NUTS_W_TH1,114563070,I,433042,1433042,Region,..Anambra,0,,0,1,ANNUTSWTH1,NGDHS2018433042,2018,DHS,451,381,,,2
NGA,Ebonyi,2808037,Women who are mildly thin according to BMI (17.0-18.4),7.3,1,NG,Nigeria,2018,NG2018DHS,AN_NUTS_W_TH1,114563070,I,433043,1433043,Region,..Ebonyi,0,,0,1,ANNUTSWTH1,NGDHS2018433043,2018,DHS,304,392,,,2
NGA,Enugu,7172328,Women who are mildly thin according to BMI (17.0-18.4),2.6,1,NG,Nigeria,2018,NG2018DHS,AN_NUTS_W_TH1,114563070,I,433044,1433044,Region,..Enugu,0,,0,1,ANNUTSWTH1,NGDHS2018433044,2018,DHS,302,370,,,2
NGA,Imo,2984499,Women who are mildly thin according to BMI (17.0-18.4),2.9,1,NG,Nigeria,2018,NG2018DHS,AN_NUTS_W_TH1,114563070,I,433045,1433045,Region,..Imo,0,,0,1,ANNUTSWTH1,NGDHS2018433045,2018,DHS,355,393,,,2
NGA,South West,7755036,Women who are mildly thin according to BMI (17.0-18.4),6.5,1,NG,Nigeria,2018,NG2018DHS,AN_NUTS_W_TH1,114563070,I,433009,1433050,Region,South West,0,,0,1,ANNUTSWTH1,NGDHS2018433009,2018,DHS,2503,2007,,,1
NGA,Ekiti,6144903,Women who are mildly thin according to BMI (17.0-18.4),6.4,1,NG,Nigeria,2018,NG2018DHS,AN_NUTS_W_TH1,114563070,I,433051,1433051,Region,..Ekiti,0,,0,1,ANNUTSWTH1,NGDHS2018433051,2018,DHS,176,304,,,2
NGA,Lagos,2912973,Women who are mildly thin according to BMI (17.0-18.4),5.8,1,NG,Nigeria,2018,NG2018DHS,AN_NUTS_W_TH1,114563070,I,433052,1433052,Region,..Lagos,0,,0,1,ANNUTSWTH1,NGDHS2018433052,2018,DHS,903,467,,,2
NGA,Ogun,7046588,Women who are mildly thin according to BMI (17.0-18.4),6.9,1,NG,Nigeria,2018,NG2018DHS,AN_NUTS_W_TH1,114563070,I,433053,1433053,Region,..Ogun,0,,0,1,ANNUTSWTH1,NGDHS2018433053,2018,DHS,333,293,,,2
NGA,Ondo,3599815,Women who are mildly thin according to BMI (17.0-18.4),5.8,1,NG,Nigeria,2018,NG2018DHS,AN_NUTS_W_TH1,114563070,I,433054,1433054,Region,..Ondo,0,,0,1,ANNUTSWTH1,NGDHS2018433054,2018,DHS,225,290,,,2
NGA,Osun,4528718,Women who are mildly thin according to BMI (17.0-18.4),8.1,1,NG,Nigeria,2018,NG2018DHS,AN_NUTS_W_TH1,114563070,I,433055,1433055,Region,..Osun,0,,0,1,ANNUTSWTH1,NGDHS2018433055,2018,DHS,335,296,,,2
NGA,Oyo,3483132,Women who are mildly thin according to BMI (17.0-18.4),7,1,NG,Nigeria,2018,NG2018DHS,AN_NUTS_W_TH1,114563070,I,433056,1433056,Region,..Oyo,0,,0,1,ANNUTSWTH1,NGDHS2018433056,2018,DHS,531,357,,,2
NGA,South South,1349556,Women who are mildly thin according to BMI (17.0-18.4),4.2,1,NG,Nigeria,2018,NG2018DHS,AN_NUTS_W_TH1,114563070,I,433010,1433060,Region,South South,0,,0,1,ANNUTSWTH1,NGDHS2018433010,2018,DHS,1655,1745,,,1
NGA,Akwa Ibom,3403865,Women who are mildly thin according to BMI (17.0-18.4),4.8,1,NG,Nigeria,2018,NG2018DHS,AN_NUTS_W_TH1,114563070,I,433061,1433061,Region,..Akwa Ibom,0,,0,1,ANNUTSWTH1,NGDHS2018433061,2018,DHS,314,321,,,2
NGA,Bayelsa,2808043,Women who are mildly thin according to BMI (17.0-18.4),4.6,1,NG,Nigeria,2018,NG2018DHS,AN_NUTS_W_TH1,114563070,I,433062,1433062,Region,..Bayelsa,0,,0,1,ANNUTSWTH1,NGDHS2018433062,2018,DHS,102,275,,,2
NGA,Cross River,7170929,Women who are mildly thin according to BMI (17.0-18.4),3.4,1,NG,Nigeria,2018,NG2018DHS,AN_NUTS_W_TH1,114563070,I,433063,1433063,Region,..Cross River,0,,0,1,ANNUTSWTH1,NGDHS2018433063,2018,DHS,212,271,,,2
NGA,Delta,2990972,Women who are mildly thin according to BMI (17.0-18.4),4.3,1,NG,Nigeria,2018,NG2018DHS,AN_NUTS_W_TH1,114563070,I,433064,1433064,Region,..Delta,0,,0,1,ANNUTSWTH1,NGDHS2018433064,2018,DHS,277,252,,,2
NGA,Edo,469022,Women who are mildly thin according to BMI (17.0-18.4),5.6,1,NG,Nigeria,2018,NG2018DHS,AN_NUTS_W_TH1,114563070,I,433065,1433065,Region,..Edo,0,,0,1,ANNUTSWTH1,NGDHS2018433065,2018,DHS,159,192,,,2
NGA,Rivers,7832843,Women who are mildly thin according to BMI (17.0-18.4),3.6,1,NG,Nigeria,2018,NG2018DHS,AN_NUTS_W_TH1,114563070,I,433066,1433066,Region,..Rivers,0,,0,1,ANNUTSWTH1,NGDHS2018433066,2018,DHS,592,434,,,2
NGA,North Central,6762929,Women who are moderately thin according to BMI (<17.0),2.4,1,NG,Nigeria,2018,NG2018DHS,AN_NUTS_W_TH2,114563080,I,433005,1433010,Region,North Central,0,,0,1,ANNUTSWTH2,NGDHS2018433005,2018,DHS,1823,2416,,,1
NGA,FCT Abuja,6179274,Women who are moderately thin according to BMI (<17.0),2.6,1,NG,Nigeria,2018,NG2018DHS,AN_NUTS_W_TH2,114563080,I,433011,1433011,Region,..FCT Abuja,0,,0,1,ANNUTSWTH2,NGDHS2018433011,2018,DHS,105,384,,,2
NGA,Benue,4171482,Women who are moderately thin according to BMI (<17.0),0.9,1,NG,Nigeria,2018,NG2018DHS,AN_NUTS_W_TH2,114563080,I,433012,1433012,Region,..Benue,0,,0,1,ANNUTSWTH2,NGDHS2018433012,2018,DHS,431,410,,,2
NGA,Kogi,6432952,Women who are moderately thin according to BMI (<17.0),3,1,NG,Nigeria,2018,NG2018DHS,AN_NUTS_W_TH2,114563080,I,433013,1433013,Region,..Kogi,0,,0,1,ANNUTSWTH2,NGDHS2018433013,2018,DHS,189,267,,,2
NGA,Kwara,3705175,Women who are moderately thin according to BMI (<17.0),2.9,1,NG,Nigeria,2018,NG2018DHS,AN_NUTS_W_TH2,114563080,I,433014,1433014,Region,..Kwara,0,,0,1,ANNUTSWTH2,NGDHS2018433014,2018,DHS,226,297,,,2
NGA,Nasarawa,7045008,Women who are moderately thin according to BMI (<17.0),2.7,1,NG,Nigeria,2018,NG2018DHS,AN_NUTS_W_TH2,114563080,I,433015,1433015,Region,..Nasarawa,0,,0,1,ANNUTSWTH2,NGDHS2018433015,2018,DHS,209,346,,,2
NGA,Niger,3928746,Women who are moderately thin according to BMI (<17.0),4.4,1,NG,Nigeria,2018,NG2018DHS,AN_NUTS_W_TH2,114563080,I,433016,1433016,Region,..Niger,0,,0,1,ANNUTSWTH2,NGDHS2018433016,2018,DHS,412,392,,,2
NGA,Plateau,4223315,Women who are moderately thin according to BMI (<17.0),0.4,1,NG,Nigeria,2018,NG2018DHS,AN_NUTS_W_TH2,114563080,I,433017,1433017,Region,..Plateau,0,,0,1,ANNUTSWTH2,NGDHS2018433017,2018,DHS,252,320,,,2
NGA,North East,5839528,Women who are moderately thin according to BMI (<17.0),8.1,1,NG,Nigeria,2018,NG2018DHS,AN_NUTS_W_TH2,114563080,I,433006,1433020,Region,North East,0,,0,1,ANNUTSWTH2,NGDHS2018433006,2018,DHS,1878,2169,,,1
NGA,Adamawa,1343642,Women who are moderately thin according to BMI (<17.0),7.8,1,NG,Nigeria,2018,NG2018DHS,AN_NUTS_W_TH2,114563080,I,433021,1433021,Region,..Adamawa,0,,0,1,ANNUTSWTH2,NGDHS2018433021,2018,DHS,247,296,,,2
NGA,Bauchi,563384,Women who are moderately thin according to BMI (<17.0),7.1,1,NG,Nigeria,2018,NG2018DHS,AN_NUTS_W_TH2,114563080,I,433022,1433022,Region,..Bauchi,0,,0,1,ANNUTSWTH2,NGDHS2018433022,2018,DHS,350,352,,,2
NGA,Borno,2589211,Women who are moderately thin according to BMI (<17.0),5.2,1,NG,Nigeria,2018,NG2018DHS,AN_NUTS_W_TH2,114563080,I,433023,1433023,Region,..Borno,0,,0,1,ANNUTSWTH2,NGDHS2018433023,2018,DHS,445,381,,,2
NGA,Gombe,2821556,Women who are moderately thin according to BMI (<17.0),8,1,NG,Nigeria,2018,NG2018DHS,AN_NUTS_W_TH2,114563080,I,433024,1433024,Region,..Gombe,0,,0,1,ANNUTSWTH2,NGDHS2018433024,2018,DHS,208,396,,,2
NGA,Taraba,5846190,Women who are moderately thin according to BMI (<17.0),2.6,1,NG,Nigeria,2018,NG2018DHS,AN_NUTS_W_TH2,114563080,I,433025,1433025,Region,..Taraba,0,,0,1,ANNUTSWTH2,NGDHS2018433025,2018,DHS,254,374,,,2
NGA,Yobe,2839405,Women who are moderately thin according to BMI (<17.0),16.4,1,NG,Nigeria,2018,NG2018DHS,AN_NUTS_W_TH2,114563080,I,433026,1433026,Region,..Yobe,0,,0,1,ANNUTSWTH2,NGDHS2018433026,2018,DHS,374,370,,,2
NGA,North West,2860475,Women who are moderately thin according to BMI (<17.0),5.7,1,NG,Nigeria,2018,NG2018DHS,AN_NUTS_W_TH2,114563080,I,433007,1433030,Region,North West,0,,0,1,ANNUTSWTH2,NGDHS2018433007,2018,DHS,3238,2692,,,1
NGA,Jigawa,2910968,Women who are moderately thin according to BMI (<17.0),12,1,NG,Nigeria,2018,NG2018DHS,AN_NUTS_W_TH2,114563080,I,433031,1433031,Region,..Jigawa,0,,0,1,ANNUTSWTH2,NGDHS2018433031,2018,DHS,366,375,,,2
NGA,Kaduna,6158870,Women who are moderately thin according to BMI (<17.0),2.8,1,NG,Nigeria,2018,NG2018DHS,AN_NUTS_W_TH2,114563080,I,433032,1433032,Region,..Kaduna,0,,0,1,ANNUTSWTH2,NGDHS2018433032,2018,DHS,694,459,,,2
NGA,Kano,2912934,Women who are moderately thin according to BMI (<17.0),7.4,1,NG,Nigeria,2018,NG2018DHS,AN_NUTS_W_TH2,114563080,I,433033,1433033,Region,..Kano,0,,0,1,ANNUTSWTH2,NGDHS2018433033,2018,DHS,637,481,,,2
NGA,Katsina,7024927,Women who are moderately thin according to BMI (<17.0),4.5,1,NG,Nigeria,2018,NG2018DHS,AN_NUTS_W_TH2,114563080,I,433034,1433034,Region,..Katsina,0,,0,1,ANNUTSWTH2,NGDHS2018433034,2018,DHS,660,431,,,2
NGA,Kebbi,3915048,Women who are moderately thin according to BMI (<17.0),4.5,1,NG,Nigeria,2018,NG2018DHS,AN_NUTS_W_TH2,114563080,I,433035,1433035,Region,..Kebbi,0,,0,1,ANNUTSWTH2,NGDHS2018433035,2018,DHS,324,382,,,2
NGA,Sokoto,4528738,Women who are moderately thin according to BMI (<17.0),6,1,NG,Nigeria,2018,NG2018DHS,AN_NUTS_W_TH2,114563080,I,433036,1433036,Region,..Sokoto,0,,0,1,ANNUTSWTH2,NGDHS2018433036,2018,DHS,202,227,,,2
NGA,Zamfara,7417352,Women who are moderately thin according to BMI (<17.0),4.7,1,NG,Nigeria,2018,NG2018DHS,AN_NUTS_W_TH2,114563080,I,433037,1433037,Region,..Zamfara,0,,0,1,ANNUTSWTH2,NGDHS2018433037,2018,DHS,355,337,,,2
NGA,South East,6945801,Women who are moderately thin according to BMI (<17.0),1.5,1,NG,Nigeria,2018,NG2018DHS,AN_NUTS_W_TH2,114563080,I,433008,1433040,Region,South East,0,,0,1,ANNUTSWTH2,NGDHS2018433008,2018,DHS,1630,1875,,,1
NGA,Abia,232052,Women who are moderately thin according to BMI (<17.0),1.7,1,NG,Nigeria,2018,NG2018DHS,AN_NUTS_W_TH2,114563080,I,433041,1433041,Region,..Abia,0,,0,1,ANNUTSWTH2,NGDHS2018433041,2018,DHS,217,339,,,2
NGA,Anambra,843457,Women who are moderately thin according to BMI (<17.0),2.1,1,NG,Nigeria,2018,NG2018DHS,AN_NUTS_W_TH2,114563080,I,433042,1433042,Region,..Anambra,0,,0,1,ANNUTSWTH2,NGDHS2018433042,2018,DHS,451,381,,,2
NGA,Ebonyi,2808032,Women who are moderately thin according to BMI (<17.0),1.8,1,NG,Nigeria,2018,NG2018DHS,AN_NUTS_W_TH2,114563080,I,433043,1433043,Region,..Ebonyi,0,,0,1,ANNUTSWTH2,NGDHS2018433043,2018,DHS,304,392,,,2
NGA,Enugu,7172329,Women who are moderately thin according to BMI (<17.0),1.2,1,NG,Nigeria,2018,NG2018DHS,AN_NUTS_W_TH2,114563080,I,433044,1433044,Region,..Enugu,0,,0,1,ANNUTSWTH2,NGDHS2018433044,2018,DHS,302,370,,,2
NGA,Imo,2984500,Women who are moderately thin according to BMI (<17.0),0.7,1,NG,Nigeria,2018,NG2018DHS,AN_NUTS_W_TH2,114563080,I,433045,1433045,Region,..Imo,0,,0,1,ANNUTSWTH2,NGDHS2018433045,2018,DHS,355,393,,,2
NGA,South West,7754902,Women who are moderately thin according to BMI (<17.0),2,1,NG,Nigeria,2018,NG2018DHS,AN_NUTS_W_TH2,114563080,I,433009,1433050,Region,South West,0,,0,1,ANNUTSWTH2,NGDHS2018433009,2018,DHS,2503,2007,,,1
NGA,Ekiti,6144906,Women who are moderately thin according to BMI (<17.0),0.8,1,NG,Nigeria,2018,NG2018DHS,AN_NUTS_W_TH2,114563080,I,433051,1433051,Region,..Ekiti,0,,0,1,ANNUTSWTH2,NGDHS2018433051,2018,DHS,176,304,,,2
NGA,Lagos,2912977,Women who are moderately thin according to BMI (<17.0),0.8,1,NG,Nigeria,2018,NG2018DHS,AN_NUTS_W_TH2,114563080,I,433052,1433052,Region,..Lagos,0,,0,1,ANNUTSWTH2,NGDHS2018433052,2018,DHS,903,467,,,2
NGA,Ogun,7046591,Women who are moderately thin according to BMI (<17.0),1.7,1,NG,Nigeria,2018,NG2018DHS,AN_NUTS_W_TH2,114563080,I,433053,1433053,Region,..Ogun,0,,0,1,ANNUTSWTH2,NGDHS2018433053,2018,DHS,333,293,,,2
NGA,Ondo,3599810,Women who are moderately thin according to BMI (<17.0),1.9,1,NG,Nigeria,2018,NG2018DHS,AN_NUTS_W_TH2,114563080,I,433054,1433054,Region,..Ondo,0,,0,1,ANNUTSWTH2,NGDHS2018433054,2018,DHS,225,290,,,2
NGA,Osun,4528726,Women who are moderately thin according to BMI (<17.0),1.4,1,NG,Nigeria,2018,NG2018DHS,AN_NUTS_W_TH2,114563080,I,433055,1433055,Region,..Osun,0,,0,1,ANNUTSWTH2,NGDHS2018433055,2018,DHS,335,296,,,2
NGA,Oyo,3483128,Women who are moderately thin according to BMI (<17.0),4.9,1,NG,Nigeria,2018,NG2018DHS,AN_NUTS_W_TH2,114563080,I,433056,1433056,Region,..Oyo,0,,0,1,ANNUTSWTH2,NGDHS2018433056,2018,DHS,531,357,,,2
NGA,South South,1349520,Women who are moderately thin according to BMI (<17.0),1.6,1,NG,Nigeria,2018,NG2018DHS,AN_NUTS_W_TH2,114563080,I,433010,1433060,Region,South South,0,,0,1,ANNUTSWTH2,NGDHS2018433010,2018,DHS,1655,1745,,,1
NGA,Akwa Ibom,3403866,Women who are moderately thin according to BMI (<17.0),1.2,1,NG,Nigeria,2018,NG2018DHS,AN_NUTS_W_TH2,114563080,I,433061,1433061,Region,..Akwa Ibom,0,,0,1,ANNUTSWTH2,NGDHS2018433061,2018,DHS,314,321,,,2
NGA,Bayelsa,2808046,Women who are moderately thin according to BMI (<17.0),1.9,1,NG,Nigeria,2018,NG2018DHS,AN_NUTS_W_TH2,114563080,I,433062,1433062,Region,..Bayelsa,0,,0,1,ANNUTSWTH2,NGDHS2018433062,2018,DHS,102,275,,,2
NGA,Cross River,7149580,Women who are moderately thin according to BMI (<17.0),1.8,1,NG,Nigeria,2018,NG2018DHS,AN_NUTS_W_TH2,114563080,I,433063,1433063,Region,..Cross River,0,,0,1,ANNUTSWTH2,NGDHS2018433063,2018,DHS,212,271,,,2
NGA,Delta,2990973,Women who are moderately thin according to BMI (<17.0),3.7,1,NG,Nigeria,2018,NG2018DHS,AN_NUTS_W_TH2,114563080,I,433064,1433064,Region,..Delta,0,,0,1,ANNUTSWTH2,NGDHS2018433064,2018,DHS,277,252,,,2
NGA,Edo,469017,Women who are moderately thin according to BMI (<17.0),0.7,1,NG,Nigeria,2018,NG2018DHS,AN_NUTS_W_TH2,114563080,I,433065,1433065,Region,..Edo,0,,0,1,ANNUTSWTH2,NGDHS2018433065,2018,DHS,159,192,,,2
NGA,Rivers,7832844,Women who are moderately thin according to BMI (<17.0),0.8,1,NG,Nigeria,2018,NG2018DHS,AN_NUTS_W_TH2,114563080,I,433066,1433066,Region,..Rivers,0,,0,1,ANNUTSWTH2,NGDHS2018433066,2018,DHS,592,434,,,2
NGA,North Central,6762935,Women who are overweight or obese according to BMI (>=25.0),25.8,1,NG,Nigeria,2018,NG2018DHS,AN_NUTS_W_OWT,114563090,I,433005,1433010,Region,North Central,0,,0,1,ANNUTSWOWT,NGDHS2018433005,2018,DHS,1823,2416,,,1
NGA,FCT Abuja,6179093,Women who are overweight or obese according to BMI (>=25.0),37.5,1,NG,Nigeria,2018,NG2018DHS,AN_NUTS_W_OWT,114563090,I,433011,1433011,Region,..FCT Abuja,0,,0,1,ANNUTSWOWT,NGDHS2018433011,2018,DHS,105,384,,,2
NGA,Benue,4171489,Women who are overweight or obese according to BMI (>=25.0),22.3,1,NG,Nigeria,2018,NG2018DHS,AN_NUTS_W_OWT,114563090,I,433012,1433012,Region,..Benue,0,,0,1,ANNUTSWOWT,NGDHS2018433012,2018,DHS,431,410,,,2
NGA,Kogi,6432954,Women who are overweight or obese according to BMI (>=25.0),26.7,1,NG,Nigeria,2018,NG2018DHS,AN_NUTS_W_OWT,114563090,I,433013,1433013,Region,..Kogi,0,,0,1,ANNUTSWOWT,NGDHS2018433013,2018,DHS,189,267,,,2
NGA,Kwara,3705236,Women who are overweight or obese according to BMI (>=25.0),26,1,NG,Nigeria,2018,NG2018DHS,AN_NUTS_W_OWT,114563090,I,433014,1433014,Region,..Kwara,0,,0,1,ANNUTSWOWT,NGDHS2018433014,2018,DHS,226,297,,,2
NGA,Nasarawa,7045057,Women who are overweight or obese according to BMI (>=25.0),28.8,1,NG,Nigeria,2018,NG2018DHS,AN_NUTS_W_OWT,114563090,I,433015,1433015,Region,..Nasarawa,0,,0,1,ANNUTSWOWT,NGDHS2018433015,2018,DHS,209,346,,,2
NGA,Niger,3928744,Women who are overweight or obese according to BMI (>=25.0),22.7,1,NG,Nigeria,2018,NG2018DHS,AN_NUTS_W_OWT,114563090,I,433016,1433016,Region,..Niger,0,,0,1,ANNUTSWOWT,NGDHS2018433016,2018,DHS,412,392,,,2
NGA,Plateau,4223313,Women who are overweight or obese according to BMI (>=25.0),28.7,1,NG,Nigeria,2018,NG2018DHS,AN_NUTS_W_OWT,114563090,I,433017,1433017,Region,..Plateau,0,,0,1,ANNUTSWOWT,NGDHS2018433017,2018,DHS,252,320,,,2
NGA,North East,5839530,Women who are overweight or obese according to BMI (>=25.0),15.1,1,NG,Nigeria,2018,NG2018DHS,AN_NUTS_W_OWT,114563090,I,433006,1433020,Region,North East,0,,0,1,ANNUTSWOWT,NGDHS2018433006,2018,DHS,1878,2169,,,1
NGA,Adamawa,1343644,Women who are overweight or obese according to BMI (>=25.0),20.4,1,NG,Nigeria,2018,NG2018DHS,AN_NUTS_W_OWT,114563090,I,433021,1433021,Region,..Adamawa,0,,0,1,ANNUTSWOWT,NGDHS2018433021,2018,DHS,247,296,,,2
NGA,Bauchi,563386,Women who are overweight or obese according to BMI (>=25.0),14.2,1,NG,Nigeria,2018,NG2018DHS,AN_NUTS_W_OWT,114563090,I,433022,1433022,Region,..Bauchi,0,,0,1,ANNUTSWOWT,NGDHS2018433022,2018,DHS,350,352,,,2
NGA,Borno,2589227,Women who are overweight or obese according to BMI (>=25.0),12.8,1,NG,Nigeria,2018,NG2018DHS,AN_NUTS_W_OWT,114563090,I,433023,1433023,Region,..Borno,0,,0,1,ANNUTSWOWT,NGDHS2018433023,2018,DHS,445,381,,,2
NGA,Gombe,2821561,Women who are overweight or obese according to BMI (>=25.0),16.9,1,NG,Nigeria,2018,NG2018DHS,AN_NUTS_W_OWT,114563090,I,433024,1433024,Region,..Gombe,0,,0,1,ANNUTSWOWT,NGDHS2018433024,2018,DHS,208,396,,,2
NGA,Taraba,5846196,Women who are overweight or obese according to BMI (>=25.0),23.7,1,NG,Nigeria,2018,NG2018DHS,AN_NUTS_W_OWT,114563090,I,433025,1433025,Region,..Taraba,0,,0,1,ANNUTSWOWT,NGDHS2018433025,2018,DHS,254,374,,,2
NGA,Yobe,2839419,Women who are overweight or obese according to BMI (>=25.0),8.1,1,NG,Nigeria,2018,NG2018DHS,AN_NUTS_W_OWT,114563090,I,433026,1433026,Region,..Yobe,0,,0,1,ANNUTSWOWT,NGDHS2018433026,2018,DHS,374,370,,,2
NGA,North West,2860517,Women who are overweight or obese according to BMI (>=25.0),16.4,1,NG,Nigeria,2018,NG2018DHS,AN_NUTS_W_OWT,114563090,I,433007,1433030,Region,North West,0,,0,1,ANNUTSWOWT,NGDHS2018433007,2018,DHS,3238,2692,,,1
NGA,Jigawa,2910974,Women who are overweight or obese according to BMI (>=25.0),7.7,1,NG,Nigeria,2018,NG2018DHS,AN_NUTS_W_OWT,114563090,I,433031,1433031,Region,..Jigawa,0,,0,1,ANNUTSWOWT,NGDHS2018433031,2018,DHS,366,375,,,2
NGA,Kaduna,6158868,Women who are overweight or obese according to BMI (>=25.0),25.1,1,NG,Nigeria,2018,NG2018DHS,AN_NUTS_W_OWT,114563090,I,433032,1433032,Region,..Kaduna,0,,0,1,ANNUTSWOWT,NGDHS2018433032,2018,DHS,694,459,,,2
NGA,Kano,2912932,Women who are overweight or obese according to BMI (>=25.0),16.6,1,NG,Nigeria,2018,NG2018DHS,AN_NUTS_W_OWT,114563090,I,433033,1433033,Region,..Kano,0,,0,1,ANNUTSWOWT,NGDHS2018433033,2018,DHS,637,481,,,2
NGA,Katsina,7024921,Women who are overweight or obese according to BMI (>=25.0),17.8,1,NG,Nigeria,2018,NG2018DHS,AN_NUTS_W_OWT,114563090,I,433034,1433034,Region,..Katsina,0,,0,1,ANNUTSWOWT,NGDHS2018433034,2018,DHS,660,431,,,2
NGA,Kebbi,3915046,Women who are overweight or obese according to BMI (>=25.0),13.7,1,NG,Nigeria,2018,NG2018DHS,AN_NUTS_W_OWT,114563090,I,433035,1433035,Region,..Kebbi,0,,0,1,ANNUTSWOWT,NGDHS2018433035,2018,DHS,324,382,,,2
NGA,Sokoto,4528736,Women who are overweight or obese according to BMI (>=25.0),7.2,1,NG,Nigeria,2018,NG2018DHS,AN_NUTS_W_OWT,114563090,I,433036,1433036,Region,..Sokoto,0,,0,1,ANNUTSWOWT,NGDHS2018433036,2018,DHS,202,227,,,2
NGA,Zamfara,7417350,Women who are overweight or obese according to BMI (>=25.0),12.7,1,NG,Nigeria,2018,NG2018DHS,AN_NUTS_W_OWT,114563090,I,433037,1433037,Region,..Zamfara,0,,0,1,ANNUTSWOWT,NGDHS2018433037,2018,DHS,355,337,,,2
NGA,South East,6945807,Women who are overweight or obese according to BMI (>=25.0),39.5,1,NG,Nigeria,2018,NG2018DHS,AN_NUTS_W_OWT,114563090,I,433008,1433040,Region,South East,0,,0,1,ANNUTSWOWT,NGDHS2018433008,2018,DHS,1630,1875,,,1
NGA,Abia,232058,Women who are overweight or obese according to BMI (>=25.0),34.9,1,NG,Nigeria,2018,NG2018DHS,AN_NUTS_W_OWT,114563090,I,433041,1433041,Region,..Abia,0,,0,1,ANNUTSWOWT,NGDHS2018433041,2018,DHS,217,339,,,2
NGA,Anambra,843475,Women who are overweight or obese according to BMI (>=25.0),53.1,1,NG,Nigeria,2018,NG2018DHS,AN_NUTS_W_OWT,114563090,I,433042,1433042,Region,..Anambra,0,,0,1,ANNUTSWOWT,NGDHS2018433042,2018,DHS,451,381,,,2
NGA,Ebonyi,2808038,Women who are overweight or obese according to BMI (>=25.0),20.7,1,NG,Nigeria,2018,NG2018DHS,AN_NUTS_W_OWT,114563090,I,433043,1433043,Region,..Ebonyi,0,,0,1,ANNUTSWOWT,NGDHS2018433043,2018,DHS,304,392,,,2
NGA,Enugu,7172330,Women who are overweight or obese according to BMI (>=25.0),36.5,1,NG,Nigeria,2018,NG2018DHS,AN_NUTS_W_OWT,114563090,I,433044,1433044,Region,..Enugu,0,,0,1,ANNUTSWOWT,NGDHS2018433044,2018,DHS,302,370,,,2
NGA,Imo,2984502,Women who are overweight or obese according to BMI (>=25.0),43.9,1,NG,Nigeria,2018,NG2018DHS,AN_NUTS_W_OWT,114563090,I,433045,1433045,Region,..Imo,0,,0,1,ANNUTSWOWT,NGDHS2018433045,2018,DHS,355,393,,,2
NGA,South West,7755037,Women who are overweight or obese according to BMI (>=25.0),37.8,1,NG,Nigeria,2018,NG2018DHS,AN_NUTS_W_OWT,114563090,I,433009,1433050,Region,South West,0,,0,1,ANNUTSWOWT,NGDHS2018433009,2018,DHS,2503,2007,,,1
NGA,Ekiti,6144904,Women who are overweight or obese according to BMI (>=25.0),31.7,1,NG,Nigeria,2018,NG2018DHS,AN_NUTS_W_OWT,114563090,I,433051,1433051,Region,..Ekiti,0,,0,1,ANNUTSWOWT,NGDHS2018433051,2018,DHS,176,304,,,2
NGA,Lagos,2912975,Women who are overweight or obese according to BMI (>=25.0),49.4,1,NG,Nigeria,2018,NG2018DHS,AN_NUTS_W_OWT,114563090,I,433052,1433052,Region,..Lagos,0,,0,1,ANNUTSWOWT,NGDHS2018433052,2018,DHS,903,467,,,2
NGA,Ogun,7046589,Women who are overweight or obese according to BMI (>=25.0),35.7,1,NG,Nigeria,2018,NG2018DHS,AN_NUTS_W_OWT,114563090,I,433053,1433053,Region,..Ogun,0,,0,1,ANNUTSWOWT,NGDHS2018433053,2018,DHS,333,293,,,2
NGA,Ondo,3599826,Women who are overweight or obese according to BMI (>=25.0),28,1,NG,Nigeria,2018,NG2018DHS,AN_NUTS_W_OWT,114563090,I,433054,1433054,Region,..Ondo,0,,0,1,ANNUTSWOWT,NGDHS2018433054,2018,DHS,225,290,,,2
NGA,Osun,4528719,Women who are overweight or obese according to BMI (>=25.0),28,1,NG,Nigeria,2018,NG2018DHS,AN_NUTS_W_OWT,114563090,I,433055,1433055,Region,..Osun,0,,0,1,ANNUTSWOWT,NGDHS2018433055,2018,DHS,335,296,,,2
NGA,Oyo,3483168,Women who are overweight or obese according to BMI (>=25.0),32,1,NG,Nigeria,2018,NG2018DHS,AN_NUTS_W_OWT,114563090,I,433056,1433056,Region,..Oyo,0,,0,1,ANNUTSWOWT,NGDHS2018433056,2018,DHS,531,357,,,2
NGA,South South,1349562,Women who are overweight or obese according to BMI (>=25.0),42.9,1,NG,Nigeria,2018,NG2018DHS,AN_NUTS_W_OWT,114563090,I,433010,1433060,Region,South South,0,,0,1,ANNUTSWOWT,NGDHS2018433010,2018,DHS,1655,1745,,,1
NGA,Akwa Ibom,3403869,Women who are overweight or obese according to BMI (>=25.0),42,1,NG,Nigeria,2018,NG2018DHS,AN_NUTS_W_OWT,114563090,I,433061,1433061,Region,..Akwa Ibom,0,,0,1,ANNUTSWOWT,NGDHS2018433061,2018,DHS,314,321,,,2
NGA,Bayelsa,2808044,Women who are overweight or obese according to BMI (>=25.0),36.2,1,NG,Nigeria,2018,NG2018DHS,AN_NUTS_W_OWT,114563090,I,433062,1433062,Region,..Bayelsa,0,,0,1,ANNUTSWOWT,NGDHS2018433062,2018,DHS,102,275,,,2
NGA,Cross River,7170930,Women who are overweight or obese according to BMI (>=25.0),34.8,1,NG,Nigeria,2018,NG2018DHS,AN_NUTS_W_OWT,114563090,I,433063,1433063,Region,..Cross River,0,,0,1,ANNUTSWOWT,NGDHS2018433063,2018,DHS,212,271,,,2
NGA,Delta,2990958,Women who are overweight or obese according to BMI (>=25.0),44.6,1,NG,Nigeria,2018,NG2018DHS,AN_NUTS_W_OWT,114563090,I,433064,1433064,Region,..Delta,0,,0,1,ANNUTSWOWT,NGDHS2018433064,2018,DHS,277,252,,,2
NGA,Edo,469018,Women who are overweight or obese according to BMI (>=25.0),38.6,1,NG,Nigeria,2018,NG2018DHS,AN_NUTS_W_OWT,114563090,I,433065,1433065,Region,..Edo,0,,0,1,ANNUTSWOWT,NGDHS2018433065,2018,DHS,159,192,,,2
NGA,Rivers,7832847,Women who are overweight or obese according to BMI (>=25.0),47.7,1,NG,Nigeria,2018,NG2018DHS,AN_NUTS_W_OWT,114563090,I,433066,1433066,Region,..Rivers,0,,0,1,ANNUTSWOWT,NGDHS2018433066,2018,DHS,592,434,,,2
NGA,North Central,6762930,Women who are overweight according to BMI (25.0-29.9),17.1,1,NG,Nigeria,2018,NG2018DHS,AN_NUTS_W_OVW,114563100,I,433005,1433010,Region,North Central,0,,0,1,ANNUTSWOVW,NGDHS2018433005,2018,DHS,1823,2416,,,1
NGA,FCT Abuja,6179044,Women who are overweight according to BMI (25.0-29.9),20.3,1,NG,Nigeria,2018,NG2018DHS,AN_NUTS_W_OVW,114563100,I,433011,1433011,Region,..FCT Abuja,0,,0,1,ANNUTSWOVW,NGDHS2018433011,2018,DHS,105,384,,,2
NGA,Benue,4171483,Women who are overweight according to BMI (25.0-29.9),16,1,NG,Nigeria,2018,NG2018DHS,AN_NUTS_W_OVW,114563100,I,433012,1433012,Region,..Benue,0,,0,1,ANNUTSWOVW,NGDHS2018433012,2018,DHS,431,410,,,2
NGA,Kogi,6432953,Women who are overweight according to BMI (25.0-29.9),18.2,1,NG,Nigeria,2018,NG2018DHS,AN_NUTS_W_OVW,114563100,I,433013,1433013,Region,..Kogi,0,,0,1,ANNUTSWOVW,NGDHS2018433013,2018,DHS,189,267,,,2
NGA,Kwara,3705176,Women who are overweight according to BMI (25.0-29.9),18.6,1,NG,Nigeria,2018,NG2018DHS,AN_NUTS_W_OVW,114563100,I,433014,1433014,Region,..Kwara,0,,0,1,ANNUTSWOVW,NGDHS2018433014,2018,DHS,226,297,,,2
NGA,Nasarawa,7045056,Women who are overweight according to BMI (25.0-29.9),17.2,1,NG,Nigeria,2018,NG2018DHS,AN_NUTS_W_OVW,114563100,I,433015,1433015,Region,..Nasarawa,0,,0,1,ANNUTSWOVW,NGDHS2018433015,2018,DHS,209,346,,,2
NGA,Niger,3928747,Women who are overweight according to BMI (25.0-29.9),14.3,1,NG,Nigeria,2018,NG2018DHS,AN_NUTS_W_OVW,114563100,I,433016,1433016,Region,..Niger,0,,0,1,ANNUTSWOVW,NGDHS2018433016,2018,DHS,412,392,,,2
NGA,Plateau,4223316,Women who are overweight according to BMI (25.0-29.9),19.6,1,NG,Nigeria,2018,NG2018DHS,AN_NUTS_W_OVW,114563100,I,433017,1433017,Region,..Plateau,0,,0,1,ANNUTSWOVW,NGDHS2018433017,2018,DHS,252,320,,,2
NGA,North East,5839529,Women who are overweight according to BMI (25.0-29.9),10.3,1,NG,Nigeria,2018,NG2018DHS,AN_NUTS_W_OVW,114563100,I,433006,1433020,Region,North East,0,,0,1,ANNUTSWOVW,NGDHS2018433006,2018,DHS,1878,2169,,,1
NGA,Adamawa,1343643,Women who are overweight according to BMI (25.0-29.9),14.6,1,NG,Nigeria,2018,NG2018DHS,AN_NUTS_W_OVW,114563100,I,433021,1433021,Region,..Adamawa,0,,0,1,ANNUTSWOVW,NGDHS2018433021,2018,DHS,247,296,,,2
NGA,Bauchi,563385,Women who are overweight according to BMI (25.0-29.9),9.7,1,NG,Nigeria,2018,NG2018DHS,AN_NUTS_W_OVW,114563100,I,433022,1433022,Region,..Bauchi,0,,0,1,ANNUTSWOVW,NGDHS2018433022,2018,DHS,350,352,,,2
NGA,Borno,2589222,Women who are overweight according to BMI (25.0-29.9),8,1,NG,Nigeria,2018,NG2018DHS,AN_NUTS_W_OVW,114563100,I,433023,1433023,Region,..Borno,0,,0,1,ANNUTSWOVW,NGDHS2018433023,2018,DHS,445,381,,,2
NGA,Gombe,2821557,Women who are overweight according to BMI (25.0-29.9),11.3,1,NG,Nigeria,2018,NG2018DHS,AN_NUTS_W_OVW,114563100,I,433024,1433024,Region,..Gombe,0,,0,1,ANNUTSWOVW,NGDHS2018433024,2018,DHS,208,396,,,2
NGA,Taraba,5846195,Women who are overweight according to BMI (25.0-29.9),16.1,1,NG,Nigeria,2018,NG2018DHS,AN_NUTS_W_OVW,114563100,I,433025,1433025,Region,..Taraba,0,,0,1,ANNUTSWOVW,NGDHS2018433025,2018,DHS,254,374,,,2
NGA,Yobe,2839406,Women who are overweight according to BMI (25.0-29.9),6.4,1,NG,Nigeria,2018,NG2018DHS,AN_NUTS_W_OVW,114563100,I,433026,1433026,Region,..Yobe,0,,0,1,ANNUTSWOVW,NGDHS2018433026,2018,DHS,374,370,,,2
NGA,North West,2860476,Women who are overweight according to BMI (25.0-29.9),12,1,NG,Nigeria,2018,NG2018DHS,AN_NUTS_W_OVW,114563100,I,433007,1433030,Region,North West,0,,0,1,ANNUTSWOVW,NGDHS2018433007,2018,DHS,3238,2692,,,1
NGA,Jigawa,2910969,Women who are overweight according to BMI (25.0-29.9),4.9,1,NG,Nigeria,2018,NG2018DHS,AN_NUTS_W_OVW,114563100,I,433031,1433031,Region,..Jigawa,0,,0,1,ANNUTSWOVW,NGDHS2018433031,2018,DHS,366,375,,,2
NGA,Kaduna,6158871,Women who are overweight according to BMI (25.0-29.9),17,1,NG,Nigeria,2018,NG2018DHS,AN_NUTS_W_OVW,114563100,I,433032,1433032,Region,..Kaduna,0,,0,1,ANNUTSWOVW,NGDHS2018433032,2018,DHS,694,459,,,2
NGA,Kano,2912935,Women who are overweight according to BMI (25.0-29.9),12.3,1,NG,Nigeria,2018,NG2018DHS,AN_NUTS_W_OVW,114563100,I,433033,1433033,Region,..Kano,0,,0,1,ANNUTSWOVW,NGDHS2018433033,2018,DHS,637,481,,,2
NGA,Katsina,7024928,Women who are overweight according to BMI (25.0-29.9),15,1,NG,Nigeria,2018,NG2018DHS,AN_NUTS_W_OVW,114563100,I,433034,1433034,Region,..Katsina,0,,0,1,ANNUTSWOVW,NGDHS2018433034,2018,DHS,660,431,,,2
NGA,Kebbi,3915049,Women who are overweight according to BMI (25.0-29.9),10.1,1,NG,Nigeria,2018,NG2018DHS,AN_NUTS_W_OVW,114563100,I,433035,1433035,Region,..Kebbi,0,,0,1,ANNUTSWOVW,NGDHS2018433035,2018,DHS,324,382,,,2
NGA,Sokoto,4528739,Women who are overweight according to BMI (25.0-29.9),5.5,1,NG,Nigeria,2018,NG2018DHS,AN_NUTS_W_OVW,114563100,I,433036,1433036,Region,..Sokoto,0,,0,1,ANNUTSWOVW,NGDHS2018433036,2018,DHS,202,227,,,2
NGA,Zamfara,7417353,Women who are overweight according to BMI (25.0-29.9),9.2,1,NG,Nigeria,2018,NG2018DHS,AN_NUTS_W_OVW,114563100,I,433037,1433037,Region,..Zamfara,0,,0,1,ANNUTSWOVW,NGDHS2018433037,2018,DHS,355,337,,,2
NGA,South East,6945802,Women who are overweight according to BMI (25.0-29.9),23.4,1,NG,Nigeria,2018,NG2018DHS,AN_NUTS_W_OVW,114563100,I,433008,1433040,Region,South East,0,,0,1,ANNUTSWOVW,NGDHS2018433008,2018,DHS,1630,1875,,,1
NGA,Abia,232053,Women who are overweight according to BMI (25.0-29.9),25.4,1,NG,Nigeria,2018,NG2018DHS,AN_NUTS_W_OVW,114563100,I,433041,1433041,Region,..Abia,0,,0,1,ANNUTSWOVW,NGDHS2018433041,2018,DHS,217,339,,,2
NGA,Anambra,843458,Women who are overweight according to BMI (25.0-29.9),28.2,1,NG,Nigeria,2018,NG2018DHS,AN_NUTS_W_OVW,114563100,I,433042,1433042,Region,..Anambra,0,,0,1,ANNUTSWOVW,NGDHS2018433042,2018,DHS,451,381,,,2
NGA,Ebonyi,2808033,Women who are overweight according to BMI (25.0-29.9),16.5,1,NG,Nigeria,2018,NG2018DHS,AN_NUTS_W_OVW,114563100,I,433043,1433043,Region,..Ebonyi,0,,0,1,ANNUTSWOVW,NGDHS2018433043,2018,DHS,304,392,,,2
NGA,Enugu,7172331,Women who are overweight according to BMI (25.0-29.9),22.5,1,NG,Nigeria,2018,NG2018DHS,AN_NUTS_W_OVW,114563100,I,433044,1433044,Region,..Enugu,0,,0,1,ANNUTSWOVW,NGDHS2018433044,2018,DHS,302,370,,,2
NGA,Imo,2984501,Women who are overweight according to BMI (25.0-29.9),23,1,NG,Nigeria,2018,NG2018DHS,AN_NUTS_W_OVW,114563100,I,433045,1433045,Region,..Imo,0,,0,1,ANNUTSWOVW,NGDHS2018433045,2018,DHS,355,393,,,2
NGA,South West,7754903,Women who are overweight according to BMI (25.0-29.9),23.1,1,NG,Nigeria,2018,NG2018DHS,AN_NUTS_W_OVW,114563100,I,433009,1433050,Region,South West,0,,0,1,ANNUTSWOVW,NGDHS2018433009,2018,DHS,2503,2007,,,1
NGA,Ekiti,6144907,Women who are overweight according to BMI (25.0-29.9),22.1,1,NG,Nigeria,2018,NG2018DHS,AN_NUTS_W_OVW,114563100,I,433051,1433051,Region,..Ekiti,0,,0,1,ANNUTSWOVW,NGDHS2018433051,2018,DHS,176,304,,,2
NGA,Lagos,2912978,Women who are overweight according to BMI (25.0-29.9),28.5,1,NG,Nigeria,2018,NG2018DHS,AN_NUTS_W_OVW,114563100,I,433052,1433052,Region,..Lagos,0,,0,1,ANNUTSWOVW,NGDHS2018433052,2018,DHS,903,467,,,2
NGA,Ogun,7046592,Women who are overweight according to BMI (25.0-29.9),22.1,1,NG,Nigeria,2018,NG2018DHS,AN_NUTS_W_OVW,114563100,I,433053,1433053,Region,..Ogun,0,,0,1,ANNUTSWOVW,NGDHS2018433053,2018,DHS,333,293,,,2
NGA,Ondo,3599811,Women who are overweight according to BMI (25.0-29.9),15.4,1,NG,Nigeria,2018,NG2018DHS,AN_NUTS_W_OVW,114563100,I,433054,1433054,Region,..Ondo,0,,0,1,ANNUTSWOVW,NGDHS2018433054,2018,DHS,225,290,,,2
NGA,Osun,4528727,Women who are overweight according to BMI (25.0-29.9),18.4,1,NG,Nigeria,2018,NG2018DHS,AN_NUTS_W_OVW,114563100,I,433055,1433055,Region,..Osun,0,,0,1,ANNUTSWOVW,NGDHS2018433055,2018,DHS,335,296,,,2
NGA,Oyo,3483133,Women who are overweight according to BMI (25.0-29.9),21.2,1,NG,Nigeria,2018,NG2018DHS,AN_NUTS_W_OVW,114563100,I,433056,1433056,Region,..Oyo,0,,0,1,ANNUTSWOVW,NGDHS2018433056,2018,DHS,531,357,,,2
NGA,South South,1349521,Women who are overweight according to BMI (25.0-29.9),27.9,1,NG,Nigeria,2018,NG2018DHS,AN_NUTS_W_OVW,114563100,I,433010,1433060,Region,South South,0,,0,1,ANNUTSWOVW,NGDHS2018433010,2018,DHS,1655,1745,,,1
NGA,Akwa Ibom,3403868,Women who are overweight according to BMI (25.0-29.9),27.2,1,NG,Nigeria,2018,NG2018DHS,AN_NUTS_W_OVW,114563100,I,433061,1433061,Region,..Akwa Ibom,0,,0,1,ANNUTSWOVW,NGDHS2018433061,2018,DHS,314,321,,,2
NGA,Bayelsa,2808047,Women who are overweight according to BMI (25.0-29.9),24.4,1,NG,Nigeria,2018,NG2018DHS,AN_NUTS_W_OVW,114563100,I,433062,1433062,Region,..Bayelsa,0,,0,1,ANNUTSWOVW,NGDHS2018433062,2018,DHS,102,275,,,2
NGA,Cross River,7149581,Women who are overweight according to BMI (25.0-29.9),25.7,1,NG,Nigeria,2018,NG2018DHS,AN_NUTS_W_OVW,114563100,I,433063,1433063,Region,..Cross River,0,,0,1,ANNUTSWOVW,NGDHS2018433063,2018,DHS,212,271,,,2
NGA,Delta,2990959,Women who are overweight according to BMI (25.0-29.9),26.4,1,NG,Nigeria,2018,NG2018DHS,AN_NUTS_W_OVW,114563100,I,433064,1433064,Region,..Delta,0,,0,1,ANNUTSWOVW,NGDHS2018433064,2018,DHS,277,252,,,2
NGA,Edo,469023,Women who are overweight according to BMI (25.0-29.9),24.2,1,NG,Nigeria,2018,NG2018DHS,AN_NUTS_W_OVW,114563100,I,433065,1433065,Region,..Edo,0,,0,1,ANNUTSWOVW,NGDHS2018433065,2018,DHS,159,192,,,2
NGA,Rivers,7832846,Women who are overweight according to BMI (25.0-29.9),31.4,1,NG,Nigeria,2018,NG2018DHS,AN_NUTS_W_OVW,114563100,I,433066,1433066,Region,..Rivers,0,,0,1,ANNUTSWOVW,NGDHS2018433066,2018,DHS,592,434,,,2
NGA,North Central,6762936,Women who are obese according to BMI (>=30.0),8.7,1,NG,Nigeria,2018,NG2018DHS,AN_NUTS_W_OBS,114563110,I,433005,1433010,Region,North Central,0,,0,1,ANNUTSWOBS,NGDHS2018433005,2018,DHS,1823,2416,,,1
NGA,FCT Abuja,6179094,Women who are obese according to BMI (>=30.0),17.1,1,NG,Nigeria,2018,NG2018DHS,AN_NUTS_W_OBS,114563110,I,433011,1433011,Region,..FCT Abuja,0,,0,1,ANNUTSWOBS,NGDHS2018433011,2018,DHS,105,384,,,2
NGA,Benue,4171490,Women who are obese according to BMI (>=30.0),6.3,1,NG,Nigeria,2018,NG2018DHS,AN_NUTS_W_OBS,114563110,I,433012,1433012,Region,..Benue,0,,0,1,ANNUTSWOBS,NGDHS2018433012,2018,DHS,431,410,,,2
NGA,Kogi,6432955,Women who are obese according to BMI (>=30.0),8.5,1,NG,Nigeria,2018,NG2018DHS,AN_NUTS_W_OBS,114563110,I,433013,1433013,Region,..Kogi,0,,0,1,ANNUTSWOBS,NGDHS2018433013,2018,DHS,189,267,,,2
NGA,Kwara,3705237,Women who are obese according to BMI (>=30.0),7.4,1,NG,Nigeria,2018,NG2018DHS,AN_NUTS_W_OBS,114563110,I,433014,1433014,Region,..Kwara,0,,0,1,ANNUTSWOBS,NGDHS2018433014,2018,DHS,226,297,,,2
NGA,Nasarawa,7045058,Women who are obese according to BMI (>=30.0),11.6,1,NG,Nigeria,2018,NG2018DHS,AN_NUTS_W_OBS,114563110,I,433015,1433015,Region,..Nasarawa,0,,0,1,ANNUTSWOBS,NGDHS2018433015,2018,DHS,209,346,,,2
NGA,Niger,3928745,Women who are obese according to BMI (>=30.0),8.4,1,NG,Nigeria,2018,NG2018DHS,AN_NUTS_W_OBS,114563110,I,433016,1433016,Region,..Niger,0,,0,1,ANNUTSWOBS,NGDHS2018433016,2018,DHS,412,392,,,2
NGA,Plateau,4223314,Women who are obese according to BMI (>=30.0),9,1,NG,Nigeria,2018,NG2018DHS,AN_NUTS_W_OBS,114563110,I,433017,1433017,Region,..Plateau,0,,0,1,ANNUTSWOBS,NGDHS2018433017,2018,DHS,252,320,,,2
NGA,North East,5839531,Women who are obese according to BMI (>=30.0),4.7,1,NG,Nigeria,2018,NG2018DHS,AN_NUTS_W_OBS,114563110,I,433006,1433020,Region,North East,0,,0,1,ANNUTSWOBS,NGDHS2018433006,2018,DHS,1878,2169,,,1
NGA,Adamawa,1343645,Women who are obese according to BMI (>=30.0),5.8,1,NG,Nigeria,2018,NG2018DHS,AN_NUTS_W_OBS,114563110,I,433021,1433021,Region,..Adamawa,0,,0,1,ANNUTSWOBS,NGDHS2018433021,2018,DHS,247,296,,,2
NGA,Bauchi,563387,Women who are obese according to BMI (>=30.0),4.5,1,NG,Nigeria,2018,NG2018DHS,AN_NUTS_W_OBS,114563110,I,433022,1433022,Region,..Bauchi,0,,0,1,ANNUTSWOBS,NGDHS2018433022,2018,DHS,350,352,,,2
NGA,Borno,2589228,Women who are obese according to BMI (>=30.0),4.8,1,NG,Nigeria,2018,NG2018DHS,AN_NUTS_W_OBS,114563110,I,433023,1433023,Region,..Borno,0,,0,1,ANNUTSWOBS,NGDHS2018433023,2018,DHS,445,381,,,2
NGA,Gombe,2821569,Women who are obese according to BMI (>=30.0),5.6,1,NG,Nigeria,2018,NG2018DHS,AN_NUTS_W_OBS,114563110,I,433024,1433024,Region,..Gombe,0,,0,1,ANNUTSWOBS,NGDHS2018433024,2018,DHS,208,396,,,2
NGA,Taraba,5846197,Women who are obese according to BMI (>=30.0),7.6,1,NG,Nigeria,2018,NG2018DHS,AN_NUTS_W_OBS,114563110,I,433025,1433025,Region,..Taraba,0,,0,1,ANNUTSWOBS,NGDHS2018433025,2018,DHS,254,374,,,2
NGA,Yobe,2839465,Women who are obese according to BMI (>=30.0),1.7,1,NG,Nigeria,2018,NG2018DHS,AN_NUTS_W_OBS,114563110,I,433026,1433026,Region,..Yobe,0,,0,1,ANNUTSWOBS,NGDHS2018433026,2018,DHS,374,370,,,2
NGA,North West,2860518,Women who are obese according to BMI (>=30.0),4.3,1,NG,Nigeria,2018,NG2018DHS,AN_NUTS_W_OBS,114563110,I,433007,1433030,Region,North West,0,,0,1,ANNUTSWOBS,NGDHS2018433007,2018,DHS,3238,2692,,,1
NGA,Jigawa,2910991,Women who are obese according to BMI (>=30.0),2.8,1,NG,Nigeria,2018,NG2018DHS,AN_NUTS_W_OBS,114563110,I,433031,1433031,Region,..Jigawa,0,,0,1,ANNUTSWOBS,NGDHS2018433031,2018,DHS,366,375,,,2
NGA,Kaduna,6158869,Women who are obese according to BMI (>=30.0),8.1,1,NG,Nigeria,2018,NG2018DHS,AN_NUTS_W_OBS,114563110,I,433032,1433032,Region,..Kaduna,0,,0,1,ANNUTSWOBS,NGDHS2018433032,2018,DHS,694,459,,,2
NGA,Kano,2912933,Women who are obese according to BMI (>=30.0),4.3,1,NG,Nigeria,2018,NG2018DHS,AN_NUTS_W_OBS,114563110,I,433033,1433033,Region,..Kano,0,,0,1,ANNUTSWOBS,NGDHS2018433033,2018,DHS,637,481,,,2
NGA,Katsina,7024926,Women who are obese according to BMI (>=30.0),2.8,1,NG,Nigeria,2018,NG2018DHS,AN_NUTS_W_OBS,114563110,I,433034,1433034,Region,..Katsina,0,,0,1,ANNUTSWOBS,NGDHS2018433034,2018,DHS,660,431,,,2
NGA,Kebbi,3915047,Women who are obese according to BMI (>=30.0),3.6,1,NG,Nigeria,2018,NG2018DHS,AN_NUTS_W_OBS,114563110,I,433035,1433035,Region,..Kebbi,0,,0,1,ANNUTSWOBS,NGDHS2018433035,2018,DHS,324,382,,,2
NGA,Sokoto,4528737,Women who are obese according to BMI (>=30.0),1.7,1,NG,Nigeria,2018,NG2018DHS,AN_NUTS_W_OBS,114563110,I,433036,1433036,Region,..Sokoto,0,,0,1,ANNUTSWOBS,NGDHS2018433036,2018,DHS,202,227,,,2
NGA,Zamfara,7417351,Women who are obese according to BMI (>=30.0),3.4,1,NG,Nigeria,2018,NG2018DHS,AN_NUTS_W_OBS,114563110,I,433037,1433037,Region,..Zamfara,0,,0,1,ANNUTSWOBS,NGDHS2018433037,2018,DHS,355,337,,,2
NGA,South East,6945808,Women who are obese according to BMI (>=30.0),16.1,1,NG,Nigeria,2018,NG2018DHS,AN_NUTS_W_OBS,114563110,I,433008,1433040,Region,South East,0,,0,1,ANNUTSWOBS,NGDHS2018433008,2018,DHS,1630,1875,,,1
NGA,Abia,232059,Women who are obese according to BMI (>=30.0),9.5,1,NG,Nigeria,2018,NG2018DHS,AN_NUTS_W_OBS,114563110,I,433041,1433041,Region,..Abia,0,,0,1,ANNUTSWOBS,NGDHS2018433041,2018,DHS,217,339,,,2
NGA,Anambra,843502,Women who are obese according to BMI (>=30.0),24.8,1,NG,Nigeria,2018,NG2018DHS,AN_NUTS_W_OBS,114563110,I,433042,1433042,Region,..Anambra,0,,0,1,ANNUTSWOBS,NGDHS2018433042,2018,DHS,451,381,,,2
NGA,Ebonyi,2808039,Women who are obese according to BMI (>=30.0),4.2,1,NG,Nigeria,2018,NG2018DHS,AN_NUTS_W_OBS,114563110,I,433043,1433043,Region,..Ebonyi,0,,0,1,ANNUTSWOBS,NGDHS2018433043,2018,DHS,304,392,,,2
NGA,Enugu,7172332,Women who are obese according to BMI (>=30.0),14,1,NG,Nigeria,2018,NG2018DHS,AN_NUTS_W_OBS,114563110,I,433044,1433044,Region,..Enugu,0,,0,1,ANNUTSWOBS,NGDHS2018433044,2018,DHS,302,370,,,2
NGA,Imo,2984572,Women who are obese according to BMI (>=30.0),20.9,1,NG,Nigeria,2018,NG2018DHS,AN_NUTS_W_OBS,114563110,I,433045,1433045,Region,..Imo,0,,0,1,ANNUTSWOBS,NGDHS2018433045,2018,DHS,355,393,,,2
NGA,South West,7755038,Women who are obese according to BMI (>=30.0),14.7,1,NG,Nigeria,2018,NG2018DHS,AN_NUTS_W_OBS,114563110,I,433009,1433050,Region,South West,0,,0,1,ANNUTSWOBS,NGDHS2018433009,2018,DHS,2503,2007,,,1
NGA,Ekiti,6144905,Women who are obese according to BMI (>=30.0),9.6,1,NG,Nigeria,2018,NG2018DHS,AN_NUTS_W_OBS,114563110,I,433051,1433051,Region,..Ekiti,0,,0,1,ANNUTSWOBS,NGDHS2018433051,2018,DHS,176,304,,,2
NGA,Lagos,2912976,Women who are obese according to BMI (>=30.0),20.8,1,NG,Nigeria,2018,NG2018DHS,AN_NUTS_W_OBS,114563110,I,433052,1433052,Region,..Lagos,0,,0,1,ANNUTSWOBS,NGDHS2018433052,2018,DHS,903,467,,,2
NGA,Ogun,7046590,Women who are obese according to BMI (>=30.0),13.6,1,NG,Nigeria,2018,NG2018DHS,AN_NUTS_W_OBS,114563110,I,433053,1433053,Region,..Ogun,0,,0,1,ANNUTSWOBS,NGDHS2018433053,2018,DHS,333,293,,,2
NGA,Ondo,3599827,Women who are obese according to BMI (>=30.0),12.6,1,NG,Nigeria,2018,NG2018DHS,AN_NUTS_W_OBS,114563110,I,433054,1433054,Region,..Ondo,0,,0,1,ANNUTSWOBS,NGDHS2018433054,2018,DHS,225,290,,,2
NGA,Osun,4528720,Women who are obese according to BMI (>=30.0),9.6,1,NG,Nigeria,2018,NG2018DHS,AN_NUTS_W_OBS,114563110,I,433055,1433055,Region,..Osun,0,,0,1,ANNUTSWOBS,NGDHS2018433055,2018,DHS,335,296,,,2
NGA,Oyo,3483169,Women who are obese according to BMI (>=30.0),10.8,1,NG,Nigeria,2018,NG2018DHS,AN_NUTS_W_OBS,114563110,I,433056,1433056,Region,..Oyo,0,,0,1,ANNUTSWOBS,NGDHS2018433056,2018,DHS,531,357,,,2
NGA,South South,1349563,Women who are obese according to BMI (>=30.0),15,1,NG,Nigeria,2018,NG2018DHS,AN_NUTS_W_OBS,114563110,I,433010,1433060,Region,South South,0,,0,1,ANNUTSWOBS,NGDHS2018433010,2018,DHS,1655,1745,,,1
NGA,Akwa Ibom,3403870,Women who are obese according to BMI (>=30.0),14.8,1,NG,Nigeria,2018,NG2018DHS,AN_NUTS_W_OBS,114563110,I,433061,1433061,Region,..Akwa Ibom,0,,0,1,ANNUTSWOBS,NGDHS2018433061,2018,DHS,314,321,,,2
NGA,Bayelsa,2808045,Women who are obese according to BMI (>=30.0),11.8,1,NG,Nigeria,2018,NG2018DHS,AN_NUTS_W_OBS,114563110,I,433062,1433062,Region,..Bayelsa,0,,0,1,ANNUTSWOBS,NGDHS2018433062,2018,DHS,102,275,,,2
NGA,Cross River,7170931,Women who are obese according to BMI (>=30.0),9.2,1,NG,Nigeria,2018,NG2018DHS,AN_NUTS_W_OBS,114563110,I,433063,1433063,Region,..Cross River,0,,0,1,ANNUTSWOBS,NGDHS2018433063,2018,DHS,212,271,,,2
NGA,Delta,2990966,Women who are obese according to BMI (>=30.0),18.2,1,NG,Nigeria,2018,NG2018DHS,AN_NUTS_W_OBS,114563110,I,433064,1433064,Region,..Delta,0,,0,1,ANNUTSWOBS,NGDHS2018433064,2018,DHS,277,252,,,2
NGA,Edo,469026,Women who are obese according to BMI (>=30.0),14.5,1,NG,Nigeria,2018,NG2018DHS,AN_NUTS_W_OBS,114563110,I,433065,1433065,Region,..Edo,0,,0,1,ANNUTSWOBS,NGDHS2018433065,2018,DHS,159,192,,,2
NGA,Rivers,7832848,Women who are obese according to BMI (>=30.0),16.3,1,NG,Nigeria,2018,NG2018DHS,AN_NUTS_W_OBS,114563110,I,433066,1433066,Region,..Rivers,0,,0,1,ANNUTSWOBS,NGDHS2018433066,2018,DHS,592,434,,,2
NGA,North Central,6827747,Number of women,1823,0,NG,Nigeria,2018,NG2018DHS,AN_NUTS_W_NUM,114563120,D,433005,1433010,Region,North Central,0,,0,1,ANNUTSWNUM,NGDHS2018433005,2018,DHS,,2416,,,1
NGA,FCT Abuja,6320105,Number of women,105,0,NG,Nigeria,2018,NG2018DHS,AN_NUTS_W_NUM,114563120,D,433011,1433011,Region,..FCT Abuja,0,,0,1,ANNUTSWNUM,NGDHS2018433011,2018,DHS,,384,,,2
NGA,Benue,4227414,Number of women,431,0,NG,Nigeria,2018,NG2018DHS,AN_NUTS_W_NUM,114563120,D,433012,1433012,Region,..Benue,0,,0,1,ANNUTSWNUM,NGDHS2018433012,2018,DHS,,410,,,2
NGA,Kogi,6515819,Number of women,189,0,NG,Nigeria,2018,NG2018DHS,AN_NUTS_W_NUM,114563120,D,433013,1433013,Region,..Kogi,0,,0,1,ANNUTSWNUM,NGDHS2018433013,2018,DHS,,267,,,2
NGA,Kwara,3705174,Number of women,226,0,NG,Nigeria,2018,NG2018DHS,AN_NUTS_W_NUM,114563120,D,433014,1433014,Region,..Kwara,0,,0,1,ANNUTSWNUM,NGDHS2018433014,2018,DHS,,297,,,2
NGA,Nasarawa,7046250,Number of women,209,0,NG,Nigeria,2018,NG2018DHS,AN_NUTS_W_NUM,114563120,D,433015,1433015,Region,..Nasarawa,0,,0,1,ANNUTSWNUM,NGDHS2018433015,2018,DHS,,346,,,2
NGA,Niger,4065459,Number of women,412,0,NG,Nigeria,2018,NG2018DHS,AN_NUTS_W_NUM,114563120,D,433016,1433016,Region,..Niger,0,,0,1,ANNUTSWNUM,NGDHS2018433016,2018,DHS,,392,,,2
NGA,Plateau,4319011,Number of women,252,0,NG,Nigeria,2018,NG2018DHS,AN_NUTS_W_NUM,114563120,D,433017,1433017,Region,..Plateau,0,,0,1,ANNUTSWNUM,NGDHS2018433017,2018,DHS,,320,,,2
NGA,North East,5950165,Number of women,1878,0,NG,Nigeria,2018,NG2018DHS,AN_NUTS_W_NUM,114563120,D,433006,1433020,Region,North East,0,,0,1,ANNUTSWNUM,NGDHS2018433006,2018,DHS,,2169,,,1
NGA,Adamawa,1343638,Number of women,247,0,NG,Nigeria,2018,NG2018DHS,AN_NUTS_W_NUM,114563120,D,433021,1433021,Region,..Adamawa,0,,0,1,ANNUTSWNUM,NGDHS2018433021,2018,DHS,,296,,,2
NGA,Bauchi,1343630,Number of women,350,0,NG,Nigeria,2018,NG2018DHS,AN_NUTS_W_NUM,114563120,D,433022,1433022,Region,..Bauchi,0,,0,1,ANNUTSWNUM,NGDHS2018433022,2018,DHS,,352,,,2
NGA,Borno,1338420,Number of women,445,0,NG,Nigeria,2018,NG2018DHS,AN_NUTS_W_NUM,114563120,D,433023,1433023,Region,..Borno,0,,0,1,ANNUTSWNUM,NGDHS2018433023,2018,DHS,,381,,,2
NGA,Gombe,1343658,Number of women,208,0,NG,Nigeria,2018,NG2018DHS,AN_NUTS_W_NUM,114563120,D,433024,1433024,Region,..Gombe,0,,0,1,ANNUTSWNUM,NGDHS2018433024,2018,DHS,,396,,,2
NGA,Taraba,5929753,Number of women,254,0,NG,Nigeria,2018,NG2018DHS,AN_NUTS_W_NUM,114563120,D,433025,1433025,Region,..Taraba,0,,0,1,ANNUTSWNUM,NGDHS2018433025,2018,DHS,,374,,,2
NGA,Yobe,1338424,Number of women,374,0,NG,Nigeria,2018,NG2018DHS,AN_NUTS_W_NUM,114563120,D,433026,1433026,Region,..Yobe,0,,0,1,ANNUTSWNUM,NGDHS2018433026,2018,DHS,,370,,,2
NGA,North West,1343631,Number of women,3238,0,NG,Nigeria,2018,NG2018DHS,AN_NUTS_W_NUM,114563120,D,433007,1433030,Region,North West,0,,0,1,ANNUTSWNUM,NGDHS2018433007,2018,DHS,,2692,,,1
NGA,Jigawa,1349583,Number of women,366,0,NG,Nigeria,2018,NG2018DHS,AN_NUTS_W_NUM,114563120,D,433031,1433031,Region,..Jigawa,0,,0,1,ANNUTSWNUM,NGDHS2018433031,2018,DHS,,375,,,2
NGA,Kaduna,6242686,Number of women,694,0,NG,Nigeria,2018,NG2018DHS,AN_NUTS_W_NUM,114563120,D,433032,1433032,Region,..Kaduna,0,,0,1,ANNUTSWNUM,NGDHS2018433032,2018,DHS,,459,,,2
NGA,Kano,1349551,Number of women,637,0,NG,Nigeria,2018,NG2018DHS,AN_NUTS_W_NUM,114563120,D,433033,1433033,Region,..Kano,0,,0,1,ANNUTSWNUM,NGDHS2018433033,2018,DHS,,481,,,2
NGA,Katsina,7050973,Number of women,660,0,NG,Nigeria,2018,NG2018DHS,AN_NUTS_W_NUM,114563120,D,433034,1433034,Region,..Katsina,0,,0,1,ANNUTSWNUM,NGDHS2018433034,2018,DHS,,431,,,2
NGA,Kebbi,4058791,Number of women,324,0,NG,Nigeria,2018,NG2018DHS,AN_NUTS_W_NUM,114563120,D,433035,1433035,Region,..Kebbi,0,,0,1,ANNUTSWNUM,NGDHS2018433035,2018,DHS,,382,,,2
NGA,Sokoto,4641328,Number of women,202,0,NG,Nigeria,2018,NG2018DHS,AN_NUTS_W_NUM,114563120,D,433036,1433036,Region,..Sokoto,0,,0,1,ANNUTSWNUM,NGDHS2018433036,2018,DHS,,227,,,2
NGA,Zamfara,7444800,Number of women,355,0,NG,Nigeria,2018,NG2018DHS,AN_NUTS_W_NUM,114563120,D,433037,1433037,Region,..Zamfara,0,,0,1,ANNUTSWNUM,NGDHS2018433037,2018,DHS,,337,,,2
NGA,South East,6950830,Number of women,1630,0,NG,Nigeria,2018,NG2018DHS,AN_NUTS_W_NUM,114563120,D,433008,1433040,Region,South East,0,,0,1,ANNUTSWNUM,NGDHS2018433008,2018,DHS,,1875,,,1
NGA,Abia,1349577,Number of women,217,0,NG,Nigeria,2018,NG2018DHS,AN_NUTS_W_NUM,114563120,D,433041,1433041,Region,..Abia,0,,0,1,ANNUTSWNUM,NGDHS2018433041,2018,DHS,,339,,,2
NGA,Anambra,1344095,Number of women,451,0,NG,Nigeria,2018,NG2018DHS,AN_NUTS_W_NUM,114563120,D,433042,1433042,Region,..Anambra,0,,0,1,ANNUTSWNUM,NGDHS2018433042,2018,DHS,,381,,,2
NGA,Ebonyi,1338408,Number of women,304,0,NG,Nigeria,2018,NG2018DHS,AN_NUTS_W_NUM,114563120,D,433043,1433043,Region,..Ebonyi,0,,0,1,ANNUTSWNUM,NGDHS2018433043,2018,DHS,,392,,,2
NGA,Enugu,7201075,Number of women,302,0,NG,Nigeria,2018,NG2018DHS,AN_NUTS_W_NUM,114563120,D,433044,1433044,Region,..Enugu,0,,0,1,ANNUTSWNUM,NGDHS2018433044,2018,DHS,,370,,,2
NGA,Imo,1338425,Number of women,355,0,NG,Nigeria,2018,NG2018DHS,AN_NUTS_W_NUM,114563120,D,433045,1433045,Region,..Imo,0,,0,1,ANNUTSWNUM,NGDHS2018433045,2018,DHS,,393,,,2
NGA,South West,7758200,Number of women,2503,0,NG,Nigeria,2018,NG2018DHS,AN_NUTS_W_NUM,114563120,D,433009,1433050,Region,South West,0,,0,1,ANNUTSWNUM,NGDHS2018433009,2018,DHS,,2007,,,1
NGA,Ekiti,6229801,Number of women,176,0,NG,Nigeria,2018,NG2018DHS,AN_NUTS_W_NUM,114563120,D,433051,1433051,Region,..Ekiti,0,,0,1,ANNUTSWNUM,NGDHS2018433051,2018,DHS,,304,,,2
NGA,Lagos,1349564,Number of women,903,0,NG,Nigeria,2018,NG2018DHS,AN_NUTS_W_NUM,114563120,D,433052,1433052,Region,..Lagos,0,,0,1,ANNUTSWNUM,NGDHS2018433052,2018,DHS,,467,,,2
NGA,Ogun,7050974,Number of women,333,0,NG,Nigeria,2018,NG2018DHS,AN_NUTS_W_NUM,114563120,D,433053,1433053,Region,..Ogun,0,,0,1,ANNUTSWNUM,NGDHS2018433053,2018,DHS,,293,,,2
NGA,Ondo,3719289,Number of women,225,0,NG,Nigeria,2018,NG2018DHS,AN_NUTS_W_NUM,114563120,D,433054,1433054,Region,..Ondo,0,,0,1,ANNUTSWNUM,NGDHS2018433054,2018,DHS,,290,,,2
NGA,Osun,4641310,Number of women,335,0,NG,Nigeria,2018,NG2018DHS,AN_NUTS_W_NUM,114563120,D,433055,1433055,Region,..Osun,0,,0,1,ANNUTSWNUM,NGDHS2018433055,2018,DHS,,296,,,2
NGA,Oyo,3563414,Number of women,531,0,NG,Nigeria,2018,NG2018DHS,AN_NUTS_W_NUM,114563120,D,433056,1433056,Region,..Oyo,0,,0,1,ANNUTSWNUM,NGDHS2018433056,2018,DHS,,357,,,2
NGA,South South,1349557,Number of women,1655,0,NG,Nigeria,2018,NG2018DHS,AN_NUTS_W_NUM,114563120,D,433010,1433060,Region,South South,0,,0,1,ANNUTSWNUM,NGDHS2018433010,2018,DHS,,1745,,,1
NGA,Akwa Ibom,1343657,Number of women,314,0,NG,Nigeria,2018,NG2018DHS,AN_NUTS_W_NUM,114563120,D,433061,1433061,Region,..Akwa Ibom,0,,0,1,ANNUTSWNUM,NGDHS2018433061,2018,DHS,,321,,,2
NGA,Bayelsa,1338410,Number of women,102,0,NG,Nigeria,2018,NG2018DHS,AN_NUTS_W_NUM,114563120,D,433062,1433062,Region,..Bayelsa,0,,0,1,ANNUTSWNUM,NGDHS2018433062,2018,DHS,,275,,,2
NGA,Cross River,7201088,Number of women,212,0,NG,Nigeria,2018,NG2018DHS,AN_NUTS_W_NUM,114563120,D,433063,1433063,Region,..Cross River,0,,0,1,ANNUTSWNUM,NGDHS2018433063,2018,DHS,,271,,,2
NGA,Delta,1349580,Number of women,277,0,NG,Nigeria,2018,NG2018DHS,AN_NUTS_W_NUM,114563120,D,433064,1433064,Region,..Delta,0,,0,1,ANNUTSWNUM,NGDHS2018433064,2018,DHS,,252,,,2
NGA,Edo,1344099,Number of women,159,0,NG,Nigeria,2018,NG2018DHS,AN_NUTS_W_NUM,114563120,D,433065,1433065,Region,..Edo,0,,0,1,ANNUTSWNUM,NGDHS2018433065,2018,DHS,,192,,,2
NGA,Rivers,7832842,Number of women,592,0,NG,Nigeria,2018,NG2018DHS,AN_NUTS_W_NUM,114563120,D,433066,1433066,Region,..Rivers,0,,0,1,ANNUTSWNUM,NGDHS2018433066,2018,DHS,,434,,,2
NGA,North Central,2848999,Number of women (unweighted),2416,0,NG,Nigeria,2018,NG2018DHS,AN_NUTS_W_UNW,114563130,U,433005,1433010,Region,North Central,0,,0,1,ANNUTSWUNW,NGDHS2018433005,2018,DHS,1823,,,,1
NGA,FCT Abuja,816134,Number of women (unweighted),384,0,NG,Nigeria,2018,NG2018DHS,AN_NUTS_W_UNW,114563130,U,433011,1433011,Region,..FCT Abuja,0,,0,1,ANNUTSWUNW,NGDHS2018433011,2018,DHS,105,,,,2
NGA,Benue,2904074,Number of women (unweighted),410,0,NG,Nigeria,2018,NG2018DHS,AN_NUTS_W_UNW,114563130,U,433012,1433012,Region,..Benue,0,,0,1,ANNUTSWUNW,NGDHS2018433012,2018,DHS,431,,,,2
NGA,Kogi,386884,Number of women (unweighted),267,0,NG,Nigeria,2018,NG2018DHS,AN_NUTS_W_UNW,114563130,U,433013,1433013,Region,..Kogi,0,,0,1,ANNUTSWUNW,NGDHS2018433013,2018,DHS,189,,,,2
NGA,Kwara,1338468,Number of women (unweighted),297,0,NG,Nigeria,2018,NG2018DHS,AN_NUTS_W_UNW,114563130,U,433014,1433014,Region,..Kwara,0,,0,1,ANNUTSWUNW,NGDHS2018433014,2018,DHS,226,,,,2
NGA,Nasarawa,4346315,Number of women (unweighted),346,0,NG,Nigeria,2018,NG2018DHS,AN_NUTS_W_UNW,114563130,U,433015,1433015,Region,..Nasarawa,0,,0,1,ANNUTSWUNW,NGDHS2018433015,2018,DHS,209,,,,2
NGA,Niger,3414341,Number of women (unweighted),392,0,NG,Nigeria,2018,NG2018DHS,AN_NUTS_W_UNW,114563130,U,433016,1433016,Region,..Niger,0,,0,1,ANNUTSWUNW,NGDHS2018433016,2018,DHS,412,,,,2
NGA,Plateau,3192983,Number of women (unweighted),320,0,NG,Nigeria,2018,NG2018DHS,AN_NUTS_W_UNW,114563130,U,433017,1433017,Region,..Plateau,0,,0,1,ANNUTSWUNW,NGDHS2018433017,2018,DHS,252,,,,2
NGA,North East,3374319,Number of women (unweighted),2169,0,NG,Nigeria,2018,NG2018DHS,AN_NUTS_W_UNW,114563130,U,433006,1433020,Region,North East,0,,0,1,ANNUTSWUNW,NGDHS2018433006,2018,DHS,1878,,,,1
NGA,Adamawa,1343651,Number of women (unweighted),296,0,NG,Nigeria,2018,NG2018DHS,AN_NUTS_W_UNW,114563130,U,433021,1433021,Region,..Adamawa,0,,0,1,ANNUTSWUNW,NGDHS2018433021,2018,DHS,247,,,,2
NGA,Bauchi,563388,Number of women (unweighted),352,0,NG,Nigeria,2018,NG2018DHS,AN_NUTS_W_UNW,114563130,U,433022,1433022,Region,..Bauchi,0,,0,1,ANNUTSWUNW,NGDHS2018433022,2018,DHS,350,,,,2
NGA,Borno,2589408,Number of women (unweighted),381,0,NG,Nigeria,2018,NG2018DHS,AN_NUTS_W_UNW,114563130,U,433023,1433023,Region,..Borno,0,,0,1,ANNUTSWUNW,NGDHS2018433023,2018,DHS,445,,,,2
NGA,Gombe,2821568,Number of women (unweighted),396,0,NG,Nigeria,2018,NG2018DHS,AN_NUTS_W_UNW,114563130,U,433024,1433024,Region,..Gombe,0,,0,1,ANNUTSWUNW,NGDHS2018433024,2018,DHS,208,,,,2
NGA,Taraba,758792,Number of women (unweighted),374,0,NG,Nigeria,2018,NG2018DHS,AN_NUTS_W_UNW,114563130,U,433025,1433025,Region,..Taraba,0,,0,1,ANNUTSWUNW,NGDHS2018433025,2018,DHS,254,,,,2
NGA,Yobe,2839411,Number of women (unweighted),370,0,NG,Nigeria,2018,NG2018DHS,AN_NUTS_W_UNW,114563130,U,433026,1433026,Region,..Yobe,0,,0,1,ANNUTSWUNW,NGDHS2018433026,2018,DHS,374,,,,2
NGA,North West,2860489,Number of women (unweighted),2692,0,NG,Nigeria,2018,NG2018DHS,AN_NUTS_W_UNW,114563130,U,433007,1433030,Region,North West,0,,0,1,ANNUTSWUNW,NGDHS2018433007,2018,DHS,3238,,,,1
NGA,Jigawa,2910992,Number of women (unweighted),375,0,NG,Nigeria,2018,NG2018DHS,AN_NUTS_W_UNW,114563130,U,433031,1433031,Region,..Jigawa,0,,0,1,ANNUTSWUNW,NGDHS2018433031,2018,DHS,366,,,,2
NGA,Kaduna,805335,Number of women (unweighted),459,0,NG,Nigeria,2018,NG2018DHS,AN_NUTS_W_UNW,114563130,U,433032,1433032,Region,..Kaduna,0,,0,1,ANNUTSWUNW,NGDHS2018433032,2018,DHS,694,,,,2
NGA,Kano,2912936,Number of women (unweighted),481,0,NG,Nigeria,2018,NG2018DHS,AN_NUTS_W_UNW,114563130,U,433033,1433033,Region,..Kano,0,,0,1,ANNUTSWUNW,NGDHS2018433033,2018,DHS,637,,,,2
NGA,Katsina,63373,Number of women (unweighted),431,0,NG,Nigeria,2018,NG2018DHS,AN_NUTS_W_UNW,114563130,U,433034,1433034,Region,..Katsina,0,,0,1,ANNUTSWUNW,NGDHS2018433034,2018,DHS,660,,,,2
NGA,Kebbi,3400655,Number of women (unweighted),382,0,NG,Nigeria,2018,NG2018DHS,AN_NUTS_W_UNW,114563130,U,433035,1433035,Region,..Kebbi,0,,0,1,ANNUTSWUNW,NGDHS2018433035,2018,DHS,324,,,,2
NGA,Sokoto,3178878,Number of women (unweighted),227,0,NG,Nigeria,2018,NG2018DHS,AN_NUTS_W_UNW,114563130,U,433036,1433036,Region,..Sokoto,0,,0,1,ANNUTSWUNW,NGDHS2018433036,2018,DHS,202,,,,2
NGA,Zamfara,475474,Number of women (unweighted),337,0,NG,Nigeria,2018,NG2018DHS,AN_NUTS_W_UNW,114563130,U,433037,1433037,Region,..Zamfara,0,,0,1,ANNUTSWUNW,NGDHS2018433037,2018,DHS,355,,,,2
NGA,South East,20375,Number of women (unweighted),1875,0,NG,Nigeria,2018,NG2018DHS,AN_NUTS_W_UNW,114563130,U,433008,1433040,Region,South East,0,,0,1,ANNUTSWUNW,NGDHS2018433008,2018,DHS,1630,,,,1
NGA,Abia,232095,Number of women (unweighted),339,0,NG,Nigeria,2018,NG2018DHS,AN_NUTS_W_UNW,114563130,U,433041,1433041,Region,..Abia,0,,0,1,ANNUTSWUNW,NGDHS2018433041,2018,DHS,217,,,,2
NGA,Anambra,843472,Number of women (unweighted),381,0,NG,Nigeria,2018,NG2018DHS,AN_NUTS_W_UNW,114563130,U,433042,1433042,Region,..Anambra,0,,0,1,ANNUTSWUNW,NGDHS2018433042,2018,DHS,451,,,,2
NGA,Ebonyi,2808048,Number of women (unweighted),392,0,NG,Nigeria,2018,NG2018DHS,AN_NUTS_W_UNW,114563130,U,433043,1433043,Region,..Ebonyi,0,,0,1,ANNUTSWUNW,NGDHS2018433043,2018,DHS,304,,,,2
NGA,Enugu,758793,Number of women (unweighted),370,0,NG,Nigeria,2018,NG2018DHS,AN_NUTS_W_UNW,114563130,U,433044,1433044,Region,..Enugu,0,,0,1,ANNUTSWUNW,NGDHS2018433044,2018,DHS,302,,,,2
NGA,Imo,2984503,Number of women (unweighted),393,0,NG,Nigeria,2018,NG2018DHS,AN_NUTS_W_UNW,114563130,U,433045,1433045,Region,..Imo,0,,0,1,ANNUTSWUNW,NGDHS2018433045,2018,DHS,355,,,,2
NGA,South West,7755039,Number of women (unweighted),2007,0,NG,Nigeria,2018,NG2018DHS,AN_NUTS_W_UNW,114563130,U,433009,1433050,Region,South West,0,,0,1,ANNUTSWUNW,NGDHS2018433009,2018,DHS,2503,,,,1
NGA,Ekiti,798655,Number of women (unweighted),304,0,NG,Nigeria,2018,NG2018DHS,AN_NUTS_W_UNW,114563130,U,433051,1433051,Region,..Ekiti,0,,0,1,ANNUTSWUNW,NGDHS2018433051,2018,DHS,176,,,,2
NGA,Lagos,2912999,Number of women (unweighted),467,0,NG,Nigeria,2018,NG2018DHS,AN_NUTS_W_UNW,114563130,U,433052,1433052,Region,..Lagos,0,,0,1,ANNUTSWUNW,NGDHS2018433052,2018,DHS,903,,,,2
NGA,Ogun,3179210,Number of women (unweighted),293,0,NG,Nigeria,2018,NG2018DHS,AN_NUTS_W_UNW,114563130,U,433053,1433053,Region,..Ogun,0,,0,1,ANNUTSWUNW,NGDHS2018433053,2018,DHS,333,,,,2
NGA,Ondo,3408050,Number of women (unweighted),290,0,NG,Nigeria,2018,NG2018DHS,AN_NUTS_W_UNW,114563130,U,433054,1433054,Region,..Ondo,0,,0,1,ANNUTSWUNW,NGDHS2018433054,2018,DHS,225,,,,2
NGA,Osun,3178857,Number of women (unweighted),296,0,NG,Nigeria,2018,NG2018DHS,AN_NUTS_W_UNW,114563130,U,433055,1433055,Region,..Osun,0,,0,1,ANNUTSWUNW,NGDHS2018433055,2018,DHS,335,,,,2
NGA,Oyo,483092,Number of women (unweighted),357,0,NG,Nigeria,2018,NG2018DHS,AN_NUTS_W_UNW,114563130,U,433056,1433056,Region,..Oyo,0,,0,1,ANNUTSWUNW,NGDHS2018433056,2018,DHS,531,,,,2
NGA,South South,1349565,Number of women (unweighted),1745,0,NG,Nigeria,2018,NG2018DHS,AN_NUTS_W_UNW,114563130,U,433010,1433060,Region,South South,0,,0,1,ANNUTSWUNW,NGDHS2018433010,2018,DHS,1655,,,,1
NGA,Akwa Ibom,3403881,Number of women (unweighted),321,0,NG,Nigeria,2018,NG2018DHS,AN_NUTS_W_UNW,114563130,U,433061,1433061,Region,..Akwa Ibom,0,,0,1,ANNUTSWUNW,NGDHS2018433061,2018,DHS,314,,,,2
NGA,Bayelsa,2808050,Number of women (unweighted),275,0,NG,Nigeria,2018,NG2018DHS,AN_NUTS_W_UNW,114563130,U,433062,1433062,Region,..Bayelsa,0,,0,1,ANNUTSWUNW,NGDHS2018433062,2018,DHS,102,,,,2
NGA,Cross River,815799,Number of women (unweighted),271,0,NG,Nigeria,2018,NG2018DHS,AN_NUTS_W_UNW,114563130,U,433063,1433063,Region,..Cross River,0,,0,1,ANNUTSWUNW,NGDHS2018433063,2018,DHS,212,,,,2
NGA,Delta,2990965,Number of women (unweighted),252,0,NG,Nigeria,2018,NG2018DHS,AN_NUTS_W_UNW,114563130,U,433064,1433064,Region,..Delta,0,,0,1,ANNUTSWUNW,NGDHS2018433064,2018,DHS,277,,,,2
NGA,Edo,469024,Number of women (unweighted),192,0,NG,Nigeria,2018,NG2018DHS,AN_NUTS_W_UNW,114563130,U,433065,1433065,Region,..Edo,0,,0,1,ANNUTSWUNW,NGDHS2018433065,2018,DHS,159,,,,2
NGA,Rivers,7832845,Number of women (unweighted),434,0,NG,Nigeria,2018,NG2018DHS,AN_NUTS_W_UNW,114563130,U,433066,1433066,Region,..Rivers,0,,0,1,ANNUTSWUNW,NGDHS2018433066,2018,DHS,592,,,,2
NGA,North Central,4218333,Children severely stunted,14.8,1,NG,Nigeria,2024,NG2024DHS,CN_NUTS_C_HA3,104236010,I,433005,1433010,Region,North Central,0,,0,1,CNNUTSCHA3,NGDHS2024433005,2024,DHS,1741,1827,,,1
NGA,FCT Abuja,6213006,Children severely stunted,3.9,1,NG,Nigeria,2024,NG2024DHS,CN_NUTS_C_HA3,104236010,I,433011,1433011,Region,..FCT Abuja,0,,0,1,CNNUTSCHA3,NGDHS2024433011,2024,DHS,158,174,,,2
NGA,Benue,2478808,Children severely stunted,9.6,1,NG,Nigeria,2024,NG2024DHS,CN_NUTS_C_HA3,104236010,I,433012,1433012,Region,..Benue,0,,0,1,CNNUTSCHA3,NGDHS2024433012,2024,DHS,215,210,,,2
NGA,Kogi,243260,Children severely stunted,15.2,1,NG,Nigeria,2024,NG2024DHS,CN_NUTS_C_HA3,104236010,I,433013,1433013,Region,..Kogi,0,,0,1,CNNUTSCHA3,NGDHS2024433013,2024,DHS,173,267,,,2
NGA,Kwara,2805394,Children severely stunted,18,1,NG,Nigeria,2024,NG2024DHS,CN_NUTS_C_HA3,104236010,I,433014,1433014,Region,..Kwara,0,,0,1,CNNUTSCHA3,NGDHS2024433014,2024,DHS,196,243,,,2
NGA,Nasarawa,5027958,Children severely stunted,13.6,1,NG,Nigeria,2024,NG2024DHS,CN_NUTS_C_HA3,104236010,I,433015,1433015,Region,..Nasarawa,0,,0,1,CNNUTSCHA3,NGDHS2024433015,2024,DHS,269,305,,,2
NGA,Niger,7178292,Children severely stunted,17.2,1,NG,Nigeria,2024,NG2024DHS,CN_NUTS_C_HA3,104236010,I,433016,1433016,Region,..Niger,0,,0,1,CNNUTSCHA3,NGDHS2024433016,2024,DHS,492,338,,,2
NGA,Plateau,4216135,Children severely stunted,19.8,1,NG,Nigeria,2024,NG2024DHS,CN_NUTS_C_HA3,104236010,I,433017,1433017,Region,..Plateau,0,,0,1,CNNUTSCHA3,NGDHS2024433017,2024,DHS,239,290,,,2
NGA,North East,7426707,Children severely stunted,26.6,1,NG,Nigeria,2024,NG2024DHS,CN_NUTS_C_HA3,104236010,I,433006,1433020,Region,North East,0,,0,1,CNNUTSCHA3,NGDHS2024433006,2024,DHS,1798,1819,,,1
NGA,Adamawa,2872892,Children severely stunted,26.7,1,NG,Nigeria,2024,NG2024DHS,CN_NUTS_C_HA3,104236010,I,433021,1433021,Region,..Adamawa,0,,0,1,CNNUTSCHA3,NGDHS2024433021,2024,DHS,234,293,,,2
NGA,Bauchi,7041612,Children severely stunted,32.3,1,NG,Nigeria,2024,NG2024DHS,CN_NUTS_C_HA3,104236010,I,433022,1433022,Region,..Bauchi,0,,0,1,CNNUTSCHA3,NGDHS2024433022,2024,DHS,533,338,,,2
NGA,Borno,5647018,Children severely stunted,23.4,1,NG,Nigeria,2024,NG2024DHS,CN_NUTS_C_HA3,104236010,I,433023,1433023,Region,..Borno,0,,0,1,CNNUTSCHA3,NGDHS2024433023,2024,DHS,367,286,,,2
NGA,Gombe,4532780,Children severely stunted,25,1,NG,Nigeria,2024,NG2024DHS,CN_NUTS_C_HA3,104236010,I,433024,1433024,Region,..Gombe,0,,0,1,CNNUTSCHA3,NGDHS2024433024,2024,DHS,173,316,,,2
NGA,Taraba,3516131,Children severely stunted,20.8,1,NG,Nigeria,2024,NG2024DHS,CN_NUTS_C_HA3,104236010,I,433025,1433025,Region,..Taraba,0,,0,1,CNNUTSCHA3,NGDHS2024433025,2024,DHS,194,237,,,2
NGA,Yobe,3695926,Children severely stunted,25.2,1,NG,Nigeria,2024,NG2024DHS,CN_NUTS_C_HA3,104236010,I,433026,1433026,Region,..Yobe,0,,0,1,CNNUTSCHA3,NGDHS2024433026,2024,DHS,297,349,,,2
NGA,North West,3693320,Children severely stunted,27.8,1,NG,Nigeria,2024,NG2024DHS,CN_NUTS_C_HA3,104236010,I,433007,1433030,Region,North West,0,,0,1,CNNUTSCHA3,NGDHS2024433007,2024,DHS,3524,2541,,,1
NGA,Jigawa,2452951,Children severely stunted,31.9,1,NG,Nigeria,2024,NG2024DHS,CN_NUTS_C_HA3,104236010,I,433031,1433031,Region,..Jigawa,0,,0,1,CNNUTSCHA3,NGDHS2024433031,2024,DHS,389,378,,,2
NGA,Kaduna,6842580,Children severely stunted,16.8,1,NG,Nigeria,2024,NG2024DHS,CN_NUTS_C_HA3,104236010,I,433032,1433032,Region,..Kaduna,0,,0,1,CNNUTSCHA3,NGDHS2024433032,2024,DHS,670,384,,,2
NGA,Kano,3811379,Children severely stunted,29.4,1,NG,Nigeria,2024,NG2024DHS,CN_NUTS_C_HA3,104236010,I,433033,1433033,Region,..Kano,0,,0,1,CNNUTSCHA3,NGDHS2024433033,2024,DHS,953,467,,,2
NGA,Katsina,4943621,Children severely stunted,32.6,1,NG,Nigeria,2024,NG2024DHS,CN_NUTS_C_HA3,104236010,I,433034,1433034,Region,..Katsina,0,,0,1,CNNUTSCHA3,NGDHS2024433034,2024,DHS,576,345,,,2
NGA,Kebbi,7185076,Children severely stunted,35.2,1,NG,Nigeria,2024,NG2024DHS,CN_NUTS_C_HA3,104236010,I,433035,1433035,Region,..Kebbi,0,,0,1,CNNUTSCHA3,NGDHS2024433035,2024,DHS,287,389,,,2
NGA,Sokoto,4291125,Children severely stunted,14.8,1,NG,Nigeria,2024,NG2024DHS,CN_NUTS_C_HA3,104236010,I,433036,1433036,Region,..Sokoto,0,,0,1,CNNUTSCHA3,NGDHS2024433036,2024,DHS,332,352,,,2
NGA,Zamfara,6533160,Children severely stunted,39.2,1,NG,Nigeria,2024,NG2024DHS,CN_NUTS_C_HA3,104236010,I,433037,1433037,Region,..Zamfara,0,,0,1,CNNUTSCHA3,NGDHS2024433037,2024,DHS,317,226,,,2
NGA,South East,7586233,Children severely stunted,6.5,1,NG,Nigeria,2024,NG2024DHS,CN_NUTS_C_HA3,104236010,I,433008,1433040,Region,South East,0,,0,1,CNNUTSCHA3,NGDHS2024433008,2024,DHS,1274,1826,,,1
NGA,Abia,5349785,Children severely stunted,7,1,NG,Nigeria,2024,NG2024DHS,CN_NUTS_C_HA3,104236010,I,433041,1433041,Region,..Abia,0,,0,1,CNNUTSCHA3,NGDHS2024433041,2024,DHS,113,201,,,2
NGA,Anambra,5700439,Children severely stunted,5.8,1,NG,Nigeria,2024,NG2024DHS,CN_NUTS_C_HA3,104236010,I,433042,1433042,Region,..Anambra,0,,0,1,CNNUTSCHA3,NGDHS2024433042,2024,DHS,265,352,,,2
NGA,Ebonyi,4532783,Children severely stunted,10.2,1,NG,Nigeria,2024,NG2024DHS,CN_NUTS_C_HA3,104236010,I,433043,1433043,Region,..Ebonyi,0,,0,1,CNNUTSCHA3,NGDHS2024433043,2024,DHS,386,520,,,2
NGA,Enugu,3502401,Children severely stunted,4.2,1,NG,Nigeria,2024,NG2024DHS,CN_NUTS_C_HA3,104236010,I,433044,1433044,Region,..Enugu,0,,0,1,CNNUTSCHA3,NGDHS2024433044,2024,DHS,220,339,,,2
NGA,Imo,2471591,Children severely stunted,3.9,1,NG,Nigeria,2024,NG2024DHS,CN_NUTS_C_HA3,104236010,I,433045,1433045,Region,..Imo,0,,0,1,CNNUTSCHA3,NGDHS2024433045,2024,DHS,291,414,,,2
NGA,South West,507860,Children severely stunted,6.6,1,NG,Nigeria,2024,NG2024DHS,CN_NUTS_C_HA3,104236010,I,433009,1433050,Region,South West,0,,0,1,CNNUTSCHA3,NGDHS2024433009,2024,DHS,1064,950,,,1
NGA,Ekiti,6849763,Children severely stunted,4.8,1,NG,Nigeria,2024,NG2024DHS,CN_NUTS_C_HA3,104236010,I,433051,1433051,Region,..Ekiti,0,,0,1,CNNUTSCHA3,NGDHS2024433051,2024,DHS,61,129,,,2
NGA,Lagos,3817383,Children severely stunted,2.1,1,NG,Nigeria,2024,NG2024DHS,CN_NUTS_C_HA3,104236010,I,433052,1433052,Region,..Lagos,0,,0,1,CNNUTSCHA3,NGDHS2024433052,2024,DHS,235,138,,,2
NGA,Ogun,487665,Children severely stunted,6.1,1,NG,Nigeria,2024,NG2024DHS,CN_NUTS_C_HA3,104236010,I,433053,1433053,Region,..Ogun,0,,0,1,CNNUTSCHA3,NGDHS2024433053,2024,DHS,244,177,,,2
NGA,Ondo,7186150,Children severely stunted,12.3,1,NG,Nigeria,2024,NG2024DHS,CN_NUTS_C_HA3,104236010,I,433054,1433054,Region,..Ondo,0,,0,1,CNNUTSCHA3,NGDHS2024433054,2024,DHS,108,128,,,2
NGA,Osun,4291123,Children severely stunted,8.8,1,NG,Nigeria,2024,NG2024DHS,CN_NUTS_C_HA3,104236010,I,433055,1433055,Region,..Osun,0,,0,1,CNNUTSCHA3,NGDHS2024433055,2024,DHS,139,146,,,2
NGA,Oyo,6540329,Children severely stunted,7.9,1,NG,Nigeria,2024,NG2024DHS,CN_NUTS_C_HA3,104236010,I,433056,1433056,Region,..Oyo,0,,0,1,CNNUTSCHA3,NGDHS2024433056,2024,DHS,277,232,,,2
NGA,South South,2478854,Children severely stunted,4.6,1,NG,Nigeria,2024,NG2024DHS,CN_NUTS_C_HA3,104236010,I,433010,1433060,Region,South South,0,,0,1,CNNUTSCHA3,NGDHS2024433010,2024,DHS,994,1208,,,1
NGA,Akwa Ibom,7116580,Children severely stunted,9,1,NG,Nigeria,2024,NG2024DHS,CN_NUTS_C_HA3,104236010,I,433061,1433061,Region,..Akwa Ibom,0,,0,1,CNNUTSCHA3,NGDHS2024433061,2024,DHS,160,203,,,2
NGA,Bayelsa,4518562,Children severely stunted,10.6,1,NG,Nigeria,2024,NG2024DHS,CN_NUTS_C_HA3,104236010,I,433062,1433062,Region,..Bayelsa,0,,0,1,CNNUTSCHA3,NGDHS2024433062,2024,DHS,80,212,,,2
NGA,Cross River,7717064,Children severely stunted,5.1,1,NG,Nigeria,2024,NG2024DHS,CN_NUTS_C_HA3,104236010,I,433063,1433063,Region,..Cross River,0,,0,1,CNNUTSCHA3,NGDHS2024433063,2024,DHS,103,155,,,2
NGA,Delta,2478907,Children severely stunted,2.9,1,NG,Nigeria,2024,NG2024DHS,CN_NUTS_C_HA3,104236010,I,433064,1433064,Region,..Delta,0,,0,1,CNNUTSCHA3,NGDHS2024433064,2024,DHS,176,166,,,2
NGA,Edo,4734321,Children severely stunted,3.6,1,NG,Nigeria,2024,NG2024DHS,CN_NUTS_C_HA3,104236010,I,433065,1433065,Region,..Edo,0,,0,1,CNNUTSCHA3,NGDHS2024433065,2024,DHS,140,185,,,2
NGA,Rivers,615435,Children severely stunted,2.2,1,NG,Nigeria,2024,NG2024DHS,CN_NUTS_C_HA3,104236010,I,433066,1433066,Region,..Rivers,0,,0,1,CNNUTSCHA3,NGDHS2024433066,2024,DHS,336,287,,,2
NGA,North Central,4218334,Children stunted,36.8,1,NG,Nigeria,2024,NG2024DHS,CN_NUTS_C_HA2,104236020,I,433005,1433010,Region,North Central,0,,0,1,CNNUTSCHA2,NGDHS2024433005,2024,DHS,1741,1827,,,1
NGA,FCT Abuja,6213005,Children stunted,16.3,1,NG,Nigeria,2024,NG2024DHS,CN_NUTS_C_HA2,104236020,I,433011,1433011,Region,..FCT Abuja,0,,0,1,CNNUTSCHA2,NGDHS2024433011,2024,DHS,158,174,,,2
NGA,Benue,2478810,Children stunted,25.3,1,NG,Nigeria,2024,NG2024DHS,CN_NUTS_C_HA2,104236020,I,433012,1433012,Region,..Benue,0,,0,1,CNNUTSCHA2,NGDHS2024433012,2024,DHS,215,210,,,2
NGA,Kogi,243261,Children stunted,34.6,1,NG,Nigeria,2024,NG2024DHS,CN_NUTS_C_HA2,104236020,I,433013,1433013,Region,..Kogi,0,,0,1,CNNUTSCHA2,NGDHS2024433013,2024,DHS,173,267,,,2
NGA,Kwara,2805396,Children stunted,40.8,1,NG,Nigeria,2024,NG2024DHS,CN_NUTS_C_HA2,104236020,I,433014,1433014,Region,..Kwara,0,,0,1,CNNUTSCHA2,NGDHS2024433014,2024,DHS,196,243,,,2
NGA,Nasarawa,5027968,Children stunted,35,1,NG,Nigeria,2024,NG2024DHS,CN_NUTS_C_HA2,104236020,I,433015,1433015,Region,..Nasarawa,0,,0,1,CNNUTSCHA2,NGDHS2024433015,2024,DHS,269,305,,,2
NGA,Niger,7178291,Children stunted,43.9,1,NG,Nigeria,2024,NG2024DHS,CN_NUTS_C_HA2,104236020,I,433016,1433016,Region,..Niger,0,,0,1,CNNUTSCHA2,NGDHS2024433016,2024,DHS,492,338,,,2
NGA,Plateau,4216156,Children stunted,46.4,1,NG,Nigeria,2024,NG2024DHS,CN_NUTS_C_HA2,104236020,I,433017,1433017,Region,..Plateau,0,,0,1,CNNUTSCHA2,NGDHS2024433017,2024,DHS,239,290,,,2
NGA,North East,7426709,Children stunted,51.8,1,NG,Nigeria,2024,NG2024DHS,CN_NUTS_C_HA2,104236020,I,433006,1433020,Region,North East,0,,0,1,CNNUTSCHA2,NGDHS2024433006,2024,DHS,1798,1819,,,1
NGA,Adamawa,2872891,Children stunted,48.6,1,NG,Nigeria,2024,NG2024DHS,CN_NUTS_C_HA2,104236020,I,433021,1433021,Region,..Adamawa,0,,0,1,CNNUTSCHA2,NGDHS2024433021,2024,DHS,234,293,,,2
NGA,Bauchi,7041615,Children stunted,61.7,1,NG,Nigeria,2024,NG2024DHS,CN_NUTS_C_HA2,104236020,I,433022,1433022,Region,..Bauchi,0,,0,1,CNNUTSCHA2,NGDHS2024433022,2024,DHS,533,338,,,2
NGA,Borno,5647017,Children stunted,40.9,1,NG,Nigeria,2024,NG2024DHS,CN_NUTS_C_HA2,104236020,I,433023,1433023,Region,..Borno,0,,0,1,CNNUTSCHA2,NGDHS2024433023,2024,DHS,367,286,,,2
NGA,Gombe,4532744,Children stunted,50.6,1,NG,Nigeria,2024,NG2024DHS,CN_NUTS_C_HA2,104236020,I,433024,1433024,Region,..Gombe,0,,0,1,CNNUTSCHA2,NGDHS2024433024,2024,DHS,173,316,,,2
NGA,Taraba,3516132,Children stunted,45.6,1,NG,Nigeria,2024,NG2024DHS,CN_NUTS_C_HA2,104236020,I,433025,1433025,Region,..Taraba,0,,0,1,CNNUTSCHA2,NGDHS2024433025,2024,DHS,194,237,,,2
NGA,Yobe,3695927,Children stunted,54.5,1,NG,Nigeria,2024,NG2024DHS,CN_NUTS_C_HA2,104236020,I,433026,1433026,Region,..Yobe,0,,0,1,CNNUTSCHA2,NGDHS2024433026,2024,DHS,297,349,,,2
NGA,North West,3693322,Children stunted,53.2,1,NG,Nigeria,2024,NG2024DHS,CN_NUTS_C_HA2,104236020,I,433007,1433030,Region,North West,0,,0,1,CNNUTSCHA2,NGDHS2024433007,2024,DHS,3524,2541,,,1
NGA,Jigawa,2452950,Children stunted,55.7,1,NG,Nigeria,2024,NG2024DHS,CN_NUTS_C_HA2,104236020,I,433031,1433031,Region,..Jigawa,0,,0,1,CNNUTSCHA2,NGDHS2024433031,2024,DHS,389,378,,,2
NGA,Kaduna,6842581,Children stunted,40.7,1,NG,Nigeria,2024,NG2024DHS,CN_NUTS_C_HA2,104236020,I,433032,1433032,Region,..Kaduna,0,,0,1,CNNUTSCHA2,NGDHS2024433032,2024,DHS,670,384,,,2
NGA,Kano,3811380,Children stunted,51.9,1,NG,Nigeria,2024,NG2024DHS,CN_NUTS_C_HA2,104236020,I,433033,1433033,Region,..Kano,0,,0,1,CNNUTSCHA2,NGDHS2024433033,2024,DHS,953,467,,,2
NGA,Katsina,4943674,Children stunted,64.6,1,NG,Nigeria,2024,NG2024DHS,CN_NUTS_C_HA2,104236020,I,433034,1433034,Region,..Katsina,0,,0,1,CNNUTSCHA2,NGDHS2024433034,2024,DHS,576,345,,,2
NGA,Kebbi,7185078,Children stunted,60,1,NG,Nigeria,2024,NG2024DHS,CN_NUTS_C_HA2,104236020,I,433035,1433035,Region,..Kebbi,0,,0,1,CNNUTSCHA2,NGDHS2024433035,2024,DHS,287,389,,,2
NGA,Sokoto,4291126,Children stunted,42.8,1,NG,Nigeria,2024,NG2024DHS,CN_NUTS_C_HA2,104236020,I,433036,1433036,Region,..Sokoto,0,,0,1,CNNUTSCHA2,NGDHS2024433036,2024,DHS,332,352,,,2
NGA,Zamfara,6533161,Children stunted,64.2,1,NG,Nigeria,2024,NG2024DHS,CN_NUTS_C_HA2,104236020,I,433037,1433037,Region,..Zamfara,0,,0,1,CNNUTSCHA2,NGDHS2024433037,2024,DHS,317,226,,,2
NGA,South East,7586232,Children stunted,20.6,1,NG,Nigeria,2024,NG2024DHS,CN_NUTS_C_HA2,104236020,I,433008,1433040,Region,South East,0,,0,1,CNNUTSCHA2,NGDHS2024433008,2024,DHS,1274,1826,,,1
NGA,Abia,5349787,Children stunted,20.2,1,NG,Nigeria,2024,NG2024DHS,CN_NUTS_C_HA2,104236020,I,433041,1433041,Region,..Abia,0,,0,1,CNNUTSCHA2,NGDHS2024433041,2024,DHS,113,201,,,2
NGA,Anambra,5700407,Children stunted,12.9,1,NG,Nigeria,2024,NG2024DHS,CN_NUTS_C_HA2,104236020,I,433042,1433042,Region,..Anambra,0,,0,1,CNNUTSCHA2,NGDHS2024433042,2024,DHS,265,352,,,2
NGA,Ebonyi,4532782,Children stunted,31.6,1,NG,Nigeria,2024,NG2024DHS,CN_NUTS_C_HA2,104236020,I,433043,1433043,Region,..Ebonyi,0,,0,1,CNNUTSCHA2,NGDHS2024433043,2024,DHS,386,520,,,2
NGA,Enugu,3502400,Children stunted,15.2,1,NG,Nigeria,2024,NG2024DHS,CN_NUTS_C_HA2,104236020,I,433044,1433044,Region,..Enugu,0,,0,1,CNNUTSCHA2,NGDHS2024433044,2024,DHS,220,339,,,2
NGA,Imo,2471589,Children stunted,17.3,1,NG,Nigeria,2024,NG2024DHS,CN_NUTS_C_HA2,104236020,I,433045,1433045,Region,..Imo,0,,0,1,CNNUTSCHA2,NGDHS2024433045,2024,DHS,291,414,,,2
NGA,South West,507859,Children stunted,21.2,1,NG,Nigeria,2024,NG2024DHS,CN_NUTS_C_HA2,104236020,I,433009,1433050,Region,South West,0,,0,1,CNNUTSCHA2,NGDHS2024433009,2024,DHS,1064,950,,,1
NGA,Ekiti,6849762,Children stunted,17.1,1,NG,Nigeria,2024,NG2024DHS,CN_NUTS_C_HA2,104236020,I,433051,1433051,Region,..Ekiti,0,,0,1,CNNUTSCHA2,NGDHS2024433051,2024,DHS,61,129,,,2
NGA,Lagos,3817382,Children stunted,17.3,1,NG,Nigeria,2024,NG2024DHS,CN_NUTS_C_HA2,104236020,I,433052,1433052,Region,..Lagos,0,,0,1,CNNUTSCHA2,NGDHS2024433052,2024,DHS,235,138,,,2
NGA,Ogun,487664,Children stunted,17.7,1,NG,Nigeria,2024,NG2024DHS,CN_NUTS_C_HA2,104236020,I,433053,1433053,Region,..Ogun,0,,0,1,CNNUTSCHA2,NGDHS2024433053,2024,DHS,244,177,,,2
NGA,Ondo,7186149,Children stunted,23.2,1,NG,Nigeria,2024,NG2024DHS,CN_NUTS_C_HA2,104236020,I,433054,1433054,Region,..Ondo,0,,0,1,CNNUTSCHA2,NGDHS2024433054,2024,DHS,108,128,,,2
NGA,Osun,4291122,Children stunted,30.5,1,NG,Nigeria,2024,NG2024DHS,CN_NUTS_C_HA2,104236020,I,433055,1433055,Region,..Osun,0,,0,1,CNNUTSCHA2,NGDHS2024433055,2024,DHS,139,146,,,2
NGA,Oyo,6540311,Children stunted,23.1,1,NG,Nigeria,2024,NG2024DHS,CN_NUTS_C_HA2,104236020,I,433056,1433056,Region,..Oyo,0,,0,1,CNNUTSCHA2,NGDHS2024433056,2024,DHS,277,232,,,2
NGA,South South,2478840,Children stunted,17.9,1,NG,Nigeria,2024,NG2024DHS,CN_NUTS_C_HA2,104236020,I,433010,1433060,Region,South South,0,,0,1,CNNUTSCHA2,NGDHS2024433010,2024,DHS,994,1208,,,1
NGA,Akwa Ibom,7116582,Children stunted,24.1,1,NG,Nigeria,2024,NG2024DHS,CN_NUTS_C_HA2,104236020,I,433061,1433061,Region,..Akwa Ibom,0,,0,1,CNNUTSCHA2,NGDHS2024433061,2024,DHS,160,203,,,2
NGA,Bayelsa,4518561,Children stunted,27.6,1,NG,Nigeria,2024,NG2024DHS,CN_NUTS_C_HA2,104236020,I,433062,1433062,Region,..Bayelsa,0,,0,1,CNNUTSCHA2,NGDHS2024433062,2024,DHS,80,212,,,2
NGA,Cross River,7717063,Children stunted,21,1,NG,Nigeria,2024,NG2024DHS,CN_NUTS_C_HA2,104236020,I,433063,1433063,Region,..Cross River,0,,0,1,CNNUTSCHA2,NGDHS2024433063,2024,DHS,103,155,,,2
NGA,Delta,2478908,Children stunted,20,1,NG,Nigeria,2024,NG2024DHS,CN_NUTS_C_HA2,104236020,I,433064,1433064,Region,..Delta,0,,0,1,CNNUTSCHA2,NGDHS2024433064,2024,DHS,176,166,,,2
NGA,Edo,4734320,Children stunted,13.6,1,NG,Nigeria,2024,NG2024DHS,CN_NUTS_C_HA2,104236020,I,433065,1433065,Region,..Edo,0,,0,1,CNNUTSCHA2,NGDHS2024433065,2024,DHS,140,185,,,2
NGA,Rivers,615434,Children stunted,12.3,1,NG,Nigeria,2024,NG2024DHS,CN_NUTS_C_HA2,104236020,I,433066,1433066,Region,..Rivers,0,,0,1,CNNUTSCHA2,NGDHS2024433066,2024,DHS,336,287,,,2
NGA,North Central,4218315,Mean height for age of children,-1.5,1,NG,Nigeria,2024,NG2024DHS,CN_NUTS_C_HAM,104236030,I,433005,1433010,Region,North Central,0,,0,1,CNNUTSCHAM,NGDHS2024433005,2024,DHS,1741,1827,,,1
NGA,FCT Abuja,6213004,Mean height for age of children,-0.8,1,NG,Nigeria,2024,NG2024DHS,CN_NUTS_C_HAM,104236030,I,433011,1433011,Region,..FCT Abuja,0,,0,1,CNNUTSCHAM,NGDHS2024433011,2024,DHS,158,174,,,2
NGA,Benue,2478807,Mean height for age of children,-1,1,NG,Nigeria,2024,NG2024DHS,CN_NUTS_C_HAM,104236030,I,433012,1433012,Region,..Benue,0,,0,1,CNNUTSCHAM,NGDHS2024433012,2024,DHS,215,210,,,2
NGA,Kogi,243259,Mean height for age of children,-1.5,1,NG,Nigeria,2024,NG2024DHS,CN_NUTS_C_HAM,104236030,I,433013,1433013,Region,..Kogi,0,,0,1,CNNUTSCHAM,NGDHS2024433013,2024,DHS,173,267,,,2
NGA,Kwara,2805395,Mean height for age of children,-1.7,1,NG,Nigeria,2024,NG2024DHS,CN_NUTS_C_HAM,104236030,I,433014,1433014,Region,..Kwara,0,,0,1,CNNUTSCHAM,NGDHS2024433014,2024,DHS,196,243,,,2
NGA,Nasarawa,5027963,Mean height for age of children,-1.5,1,NG,Nigeria,2024,NG2024DHS,CN_NUTS_C_HAM,104236030,I,433015,1433015,Region,..Nasarawa,0,,0,1,CNNUTSCHAM,NGDHS2024433015,2024,DHS,269,305,,,2
NGA,Niger,7178290,Mean height for age of children,-1.7,1,NG,Nigeria,2024,NG2024DHS,CN_NUTS_C_HAM,104236030,I,433016,1433016,Region,..Niger,0,,0,1,CNNUTSCHAM,NGDHS2024433016,2024,DHS,492,338,,,2
NGA,Plateau,4216134,Mean height for age of children,-1.9,1,NG,Nigeria,2024,NG2024DHS,CN_NUTS_C_HAM,104236030,I,433017,1433017,Region,..Plateau,0,,0,1,CNNUTSCHAM,NGDHS2024433017,2024,DHS,239,290,,,2
NGA,North East,7426708,Mean height for age of children,-2,1,NG,Nigeria,2024,NG2024DHS,CN_NUTS_C_HAM,104236030,I,433006,1433020,Region,North East,0,,0,1,CNNUTSCHAM,NGDHS2024433006,2024,DHS,1798,1819,,,1
NGA,Adamawa,2872890,Mean height for age of children,-2,1,NG,Nigeria,2024,NG2024DHS,CN_NUTS_C_HAM,104236030,I,433021,1433021,Region,..Adamawa,0,,0,1,CNNUTSCHAM,NGDHS2024433021,2024,DHS,234,293,,,2
NGA,Bauchi,7041614,Mean height for age of children,-2.3,1,NG,Nigeria,2024,NG2024DHS,CN_NUTS_C_HAM,104236030,I,433022,1433022,Region,..Bauchi,0,,0,1,CNNUTSCHAM,NGDHS2024433022,2024,DHS,533,338,,,2
NGA,Borno,5647016,Mean height for age of children,-1.7,1,NG,Nigeria,2024,NG2024DHS,CN_NUTS_C_HAM,104236030,I,433023,1433023,Region,..Borno,0,,0,1,CNNUTSCHAM,NGDHS2024433023,2024,DHS,367,286,,,2
NGA,Gombe,4532485,Mean height for age of children,-1.9,1,NG,Nigeria,2024,NG2024DHS,CN_NUTS_C_HAM,104236030,I,433024,1433024,Region,..Gombe,0,,0,1,CNNUTSCHAM,NGDHS2024433024,2024,DHS,173,316,,,2
NGA,Taraba,3516130,Mean height for age of children,-1.8,1,NG,Nigeria,2024,NG2024DHS,CN_NUTS_C_HAM,104236030,I,433025,1433025,Region,..Taraba,0,,0,1,CNNUTSCHAM,NGDHS2024433025,2024,DHS,194,237,,,2
NGA,Yobe,3695925,Mean height for age of children,-2.1,1,NG,Nigeria,2024,NG2024DHS,CN_NUTS_C_HAM,104236030,I,433026,1433026,Region,..Yobe,0,,0,1,CNNUTSCHAM,NGDHS2024433026,2024,DHS,297,349,,,2
NGA,North West,3693321,Mean height for age of children,-2.1,1,NG,Nigeria,2024,NG2024DHS,CN_NUTS_C_HAM,104236030,I,433007,1433030,Region,North West,0,,0,1,CNNUTSCHAM,NGDHS2024433007,2024,DHS,3524,2541,,,1
NGA,Jigawa,2452943,Mean height for age of children,-2.2,1,NG,Nigeria,2024,NG2024DHS,CN_NUTS_C_HAM,104236030,I,433031,1433031,Region,..Jigawa,0,,0,1,CNNUTSCHAM,NGDHS2024433031,2024,DHS,389,378,,,2
NGA,Kaduna,6842525,Mean height for age of children,-1.8,1,NG,Nigeria,2024,NG2024DHS,CN_NUTS_C_HAM,104236030,I,433032,1433032,Region,..Kaduna,0,,0,1,CNNUTSCHAM,NGDHS2024433032,2024,DHS,670,384,,,2
NGA,Kano,3811378,Mean height for age of children,-2.1,1,NG,Nigeria,2024,NG2024DHS,CN_NUTS_C_HAM,104236030,I,433033,1433033,Region,..Kano,0,,0,1,CNNUTSCHAM,NGDHS2024433033,2024,DHS,953,467,,,2
NGA,Katsina,4943622,Mean height for age of children,-2.3,1,NG,Nigeria,2024,NG2024DHS,CN_NUTS_C_HAM,104236030,I,433034,1433034,Region,..Katsina,0,,0,1,CNNUTSCHAM,NGDHS2024433034,2024,DHS,576,345,,,2
NGA,Kebbi,7185077,Mean height for age of children,-2.4,1,NG,Nigeria,2024,NG2024DHS,CN_NUTS_C_HAM,104236030,I,433035,1433035,Region,..Kebbi,0,,0,1,CNNUTSCHAM,NGDHS2024433035,2024,DHS,287,389,,,2
NGA,Sokoto,4291124,Mean height for age of children,-2,1,NG,Nigeria,2024,NG2024DHS,CN_NUTS_C_HAM,104236030,I,433036,1433036,Region,..Sokoto,0,,0,1,CNNUTSCHAM,NGDHS2024433036,2024,DHS,332,352,,,2
NGA,Zamfara,6533159,Mean height for age of children,-2.6,1,NG,Nigeria,2024,NG2024DHS,CN_NUTS_C_HAM,104236030,I,433037,1433037,Region,..Zamfara,0,,0,1,CNNUTSCHAM,NGDHS2024433037,2024,DHS,317,226,,,2
NGA,South East,7586231,Mean height for age of children,-1,1,NG,Nigeria,2024,NG2024DHS,CN_NUTS_C_HAM,104236030,I,433008,1433040,Region,South East,0,,0,1,CNNUTSCHAM,NGDHS2024433008,2024,DHS,1274,1826,,,1
NGA,Abia,5349786,Mean height for age of children,-1,1,NG,Nigeria,2024,NG2024DHS,CN_NUTS_C_HAM,104236030,I,433041,1433041,Region,..Abia,0,,0,1,CNNUTSCHAM,NGDHS2024433041,2024,DHS,113,201,,,2
NGA,Anambra,5700406,Mean height for age of children,-0.7,1,NG,Nigeria,2024,NG2024DHS,CN_NUTS_C_HAM,104236030,I,433042,1433042,Region,..Anambra,0,,0,1,CNNUTSCHAM,NGDHS2024433042,2024,DHS,265,352,,,2
NGA,Ebonyi,4532781,Mean height for age of children,-1.4,1,NG,Nigeria,2024,NG2024DHS,CN_NUTS_C_HAM,104236030,I,433043,1433043,Region,..Ebonyi,0,,0,1,CNNUTSCHAM,NGDHS2024433043,2024,DHS,386,520,,,2
NGA,Enugu,3502399,Mean height for age of children,-0.6,1,NG,Nigeria,2024,NG2024DHS,CN_NUTS_C_HAM,104236030,I,433044,1433044,Region,..Enugu,0,,0,1,CNNUTSCHAM,NGDHS2024433044,2024,DHS,220,339,,,2
NGA,Imo,2471588,Mean height for age of children,-0.9,1,NG,Nigeria,2024,NG2024DHS,CN_NUTS_C_HAM,104236030,I,433045,1433045,Region,..Imo,0,,0,1,CNNUTSCHAM,NGDHS2024433045,2024,DHS,291,414,,,2
NGA,South West,507858,Mean height for age of children,-1,1,NG,Nigeria,2024,NG2024DHS,CN_NUTS_C_HAM,104236030,I,433009,1433050,Region,South West,0,,0,1,CNNUTSCHAM,NGDHS2024433009,2024,DHS,1064,950,,,1
NGA,Ekiti,6849761,Mean height for age of children,-1,1,NG,Nigeria,2024,NG2024DHS,CN_NUTS_C_HAM,104236030,I,433051,1433051,Region,..Ekiti,0,,0,1,CNNUTSCHAM,NGDHS2024433051,2024,DHS,61,129,,,2
NGA,Lagos,3817381,Mean height for age of children,-0.7,1,NG,Nigeria,2024,NG2024DHS,CN_NUTS_C_HAM,104236030,I,433052,1433052,Region,..Lagos,0,,0,1,CNNUTSCHAM,NGDHS2024433052,2024,DHS,235,138,,,2
NGA,Ogun,487663,Mean height for age of children,-1,1,NG,Nigeria,2024,NG2024DHS,CN_NUTS_C_HAM,104236030,I,433053,1433053,Region,..Ogun,0,,0,1,CNNUTSCHAM,NGDHS2024433053,2024,DHS,244,177,,,2
NGA,Ondo,7186148,Mean height for age of children,-1.2,1,NG,Nigeria,2024,NG2024DHS,CN_NUTS_C_HAM,104236030,I,433054,1433054,Region,..Ondo,0,,0,1,CNNUTSCHAM,NGDHS2024433054,2024,DHS,108,128,,,2
NGA,Osun,4291094,Mean height for age of children,-1.3,1,NG,Nigeria,2024,NG2024DHS,CN_NUTS_C_HAM,104236030,I,433055,1433055,Region,..Osun,0,,0,1,CNNUTSCHAM,NGDHS2024433055,2024,DHS,139,146,,,2
NGA,Oyo,6540310,Mean height for age of children,-1.1,1,NG,Nigeria,2024,NG2024DHS,CN_NUTS_C_HAM,104236030,I,433056,1433056,Region,..Oyo,0,,0,1,CNNUTSCHAM,NGDHS2024433056,2024,DHS,277,232,,,2
NGA,South South,2478839,Mean height for age of children,-0.8,1,NG,Nigeria,2024,NG2024DHS,CN_NUTS_C_HAM,104236030,I,433010,1433060,Region,South South,0,,0,1,CNNUTSCHAM,NGDHS2024433010,2024,DHS,994,1208,,,1
NGA,Akwa Ibom,7116581,Mean height for age of children,-1.2,1,NG,Nigeria,2024,NG2024DHS,CN_NUTS_C_HAM,104236030,I,433061,1433061,Region,..Akwa Ibom,0,,0,1,CNNUTSCHAM,NGDHS2024433061,2024,DHS,160,203,,,2
NGA,Bayelsa,4518560,Mean height for age of children,-1.2,1,NG,Nigeria,2024,NG2024DHS,CN_NUTS_C_HAM,104236030,I,433062,1433062,Region,..Bayelsa,0,,0,1,CNNUTSCHAM,NGDHS2024433062,2024,DHS,80,212,,,2
NGA,Cross River,7717062,Mean height for age of children,-1.2,1,NG,Nigeria,2024,NG2024DHS,CN_NUTS_C_HAM,104236030,I,433063,1433063,Region,..Cross River,0,,0,1,CNNUTSCHAM,NGDHS2024433063,2024,DHS,103,155,,,2
NGA,Delta,2478889,Mean height for age of children,-0.7,1,NG,Nigeria,2024,NG2024DHS,CN_NUTS_C_HAM,104236030,I,433064,1433064,Region,..Delta,0,,0,1,CNNUTSCHAM,NGDHS2024433064,2024,DHS,176,166,,,2
NGA,Edo,4734319,Mean height for age of children,-0.7,1,NG,Nigeria,2024,NG2024DHS,CN_NUTS_C_HAM,104236030,I,433065,1433065,Region,..Edo,0,,0,1,CNNUTSCHAM,NGDHS2024433065,2024,DHS,140,185,,,2
NGA,Rivers,615433,Mean height for age of children,-0.6,1,NG,Nigeria,2024,NG2024DHS,CN_NUTS_C_HAM,104236030,I,433066,1433066,Region,..Rivers,0,,0,1,CNNUTSCHAM,NGDHS2024433066,2024,DHS,336,287,,,2
NGA,North Central,6039386,Children severely wasted,1.5,1,NG,Nigeria,2024,NG2024DHS,CN_NUTS_C_WH3,104236040,I,433005,1433010,Region,North Central,0,,0,1,CNNUTSCWH3,NGDHS2024433005,2024,DHS,1749,1834,,,1
NGA,FCT Abuja,2945463,Children severely wasted,1.2,1,NG,Nigeria,2024,NG2024DHS,CN_NUTS_C_WH3,104236040,I,433011,1433011,Region,..FCT Abuja,0,,0,1,CNNUTSCWH3,NGDHS2024433011,2024,DHS,157,173,,,2
NGA,Benue,7394744,Children severely wasted,0,1,NG,Nigeria,2024,NG2024DHS,CN_NUTS_C_WH3,104236040,I,433012,1433012,Region,..Benue,0,,0,1,CNNUTSCWH3,NGDHS2024433012,2024,DHS,217,211,,,2
NGA,Kogi,4668124,Children severely wasted,1,1,NG,Nigeria,2024,NG2024DHS,CN_NUTS_C_WH3,104236040,I,433013,1433013,Region,..Kogi,0,,0,1,CNNUTSCWH3,NGDHS2024433013,2024,DHS,174,268,,,2
NGA,Kwara,4921639,Children severely wasted,2.1,1,NG,Nigeria,2024,NG2024DHS,CN_NUTS_C_WH3,104236040,I,433014,1433014,Region,..Kwara,0,,0,1,CNNUTSCWH3,NGDHS2024433014,2024,DHS,197,244,,,2
NGA,Nasarawa,4121322,Children severely wasted,2.3,1,NG,Nigeria,2024,NG2024DHS,CN_NUTS_C_WH3,104236040,I,433015,1433015,Region,..Nasarawa,0,,0,1,CNNUTSCWH3,NGDHS2024433015,2024,DHS,269,305,,,2
NGA,Niger,5570629,Children severely wasted,2.3,1,NG,Nigeria,2024,NG2024DHS,CN_NUTS_C_WH3,104236040,I,433016,1433016,Region,..Niger,0,,0,1,CNNUTSCWH3,NGDHS2024433016,2024,DHS,496,342,,,2
NGA,Plateau,6036664,Children severely wasted,0.3,1,NG,Nigeria,2024,NG2024DHS,CN_NUTS_C_WH3,104236040,I,433017,1433017,Region,..Plateau,0,,0,1,CNNUTSCWH3,NGDHS2024433017,2024,DHS,239,291,,,2
NGA,North East,6483295,Children severely wasted,2.6,1,NG,Nigeria,2024,NG2024DHS,CN_NUTS_C_WH3,104236040,I,433006,1433020,Region,North East,0,,0,1,CNNUTSCWH3,NGDHS2024433006,2024,DHS,1849,1880,,,1
NGA,Adamawa,4804728,Children severely wasted,3.4,1,NG,Nigeria,2024,NG2024DHS,CN_NUTS_C_WH3,104236040,I,433021,1433021,Region,..Adamawa,0,,0,1,CNNUTSCWH3,NGDHS2024433021,2024,DHS,240,301,,,2
NGA,Bauchi,4523120,Children severely wasted,2.7,1,NG,Nigeria,2024,NG2024DHS,CN_NUTS_C_WH3,104236040,I,433022,1433022,Region,..Bauchi,0,,0,1,CNNUTSCWH3,NGDHS2024433022,2024,DHS,544,346,,,2
NGA,Borno,5419275,Children severely wasted,3,1,NG,Nigeria,2024,NG2024DHS,CN_NUTS_C_WH3,104236040,I,433023,1433023,Region,..Borno,0,,0,1,CNNUTSCWH3,NGDHS2024433023,2024,DHS,371,287,,,2
NGA,Gombe,6161213,Children severely wasted,2.4,1,NG,Nigeria,2024,NG2024DHS,CN_NUTS_C_WH3,104236040,I,433024,1433024,Region,..Gombe,0,,0,1,CNNUTSCWH3,NGDHS2024433024,2024,DHS,177,323,,,2
NGA,Taraba,6475079,Children severely wasted,0.9,1,NG,Nigeria,2024,NG2024DHS,CN_NUTS_C_WH3,104236040,I,433025,1433025,Region,..Taraba,0,,0,1,CNNUTSCWH3,NGDHS2024433025,2024,DHS,195,239,,,2
NGA,Yobe,6646857,Children severely wasted,2.6,1,NG,Nigeria,2024,NG2024DHS,CN_NUTS_C_WH3,104236040,I,433026,1433026,Region,..Yobe,0,,0,1,CNNUTSCWH3,NGDHS2024433026,2024,DHS,322,384,,,2
NGA,North West,6798446,Children severely wasted,1.9,1,NG,Nigeria,2024,NG2024DHS,CN_NUTS_C_WH3,104236040,I,433007,1433030,Region,North West,0,,0,1,CNNUTSCWH3,NGDHS2024433007,2024,DHS,3575,2575,,,1
NGA,Jigawa,6443330,Children severely wasted,4.7,1,NG,Nigeria,2024,NG2024DHS,CN_NUTS_C_WH3,104236040,I,433031,1433031,Region,..Jigawa,0,,0,1,CNNUTSCWH3,NGDHS2024433031,2024,DHS,393,380,,,2
NGA,Kaduna,4660855,Children severely wasted,0.3,1,NG,Nigeria,2024,NG2024DHS,CN_NUTS_C_WH3,104236040,I,433032,1433032,Region,..Kaduna,0,,0,1,CNNUTSCWH3,NGDHS2024433032,2024,DHS,674,386,,,2
NGA,Kano,4907531,Children severely wasted,2.2,1,NG,Nigeria,2024,NG2024DHS,CN_NUTS_C_WH3,104236040,I,433033,1433033,Region,..Kano,0,,0,1,CNNUTSCWH3,NGDHS2024433033,2024,DHS,978,478,,,2
NGA,Katsina,2672973,Children severely wasted,1.5,1,NG,Nigeria,2024,NG2024DHS,CN_NUTS_C_WH3,104236040,I,433034,1433034,Region,..Katsina,0,,0,1,CNNUTSCWH3,NGDHS2024433034,2024,DHS,572,346,,,2
NGA,Kebbi,7103021,Children severely wasted,1.7,1,NG,Nigeria,2024,NG2024DHS,CN_NUTS_C_WH3,104236040,I,433035,1433035,Region,..Kebbi,0,,0,1,CNNUTSCWH3,NGDHS2024433035,2024,DHS,289,392,,,2
NGA,Sokoto,6193110,Children severely wasted,2.1,1,NG,Nigeria,2024,NG2024DHS,CN_NUTS_C_WH3,104236040,I,433036,1433036,Region,..Sokoto,0,,0,1,CNNUTSCWH3,NGDHS2024433036,2024,DHS,332,351,,,2
NGA,Zamfara,2884042,Children severely wasted,1.9,1,NG,Nigeria,2024,NG2024DHS,CN_NUTS_C_WH3,104236040,I,433037,1433037,Region,..Zamfara,0,,0,1,CNNUTSCWH3,NGDHS2024433037,2024,DHS,338,242,,,2
NGA,South East,7588591,Children severely wasted,1.5,1,NG,Nigeria,2024,NG2024DHS,CN_NUTS_C_WH3,104236040,I,433008,1433040,Region,South East,0,,0,1,CNNUTSCWH3,NGDHS2024433008,2024,DHS,1277,1829,,,1
NGA,Abia,4536382,Children severely wasted,2.1,1,NG,Nigeria,2024,NG2024DHS,CN_NUTS_C_WH3,104236040,I,433041,1433041,Region,..Abia,0,,0,1,CNNUTSCWH3,NGDHS2024433041,2024,DHS,114,202,,,2
NGA,Anambra,5419280,Children severely wasted,2.1,1,NG,Nigeria,2024,NG2024DHS,CN_NUTS_C_WH3,104236040,I,433042,1433042,Region,..Anambra,0,,0,1,CNNUTSCWH3,NGDHS2024433042,2024,DHS,263,350,,,2
NGA,Ebonyi,6361959,Children severely wasted,1.3,1,NG,Nigeria,2024,NG2024DHS,CN_NUTS_C_WH3,104236040,I,433043,1433043,Region,..Ebonyi,0,,0,1,CNNUTSCWH3,NGDHS2024433043,2024,DHS,390,526,,,2
NGA,Enugu,6490002,Children severely wasted,0.6,1,NG,Nigeria,2024,NG2024DHS,CN_NUTS_C_WH3,104236040,I,433044,1433044,Region,..Enugu,0,,0,1,CNNUTSCWH3,NGDHS2024433044,2024,DHS,220,339,,,2
NGA,Imo,6632261,Children severely wasted,1.6,1,NG,Nigeria,2024,NG2024DHS,CN_NUTS_C_WH3,104236040,I,433045,1433045,Region,..Imo,0,,0,1,CNNUTSCWH3,NGDHS2024433045,2024,DHS,290,412,,,2
NGA,South West,6980535,Children severely wasted,1,1,NG,Nigeria,2024,NG2024DHS,CN_NUTS_C_WH3,104236040,I,433009,1433050,Region,South West,0,,0,1,CNNUTSCWH3,NGDHS2024433009,2024,DHS,1062,950,,,1
NGA,Ekiti,6791453,Children severely wasted,0.4,1,NG,Nigeria,2024,NG2024DHS,CN_NUTS_C_WH3,104236040,I,433051,1433051,Region,..Ekiti,0,,0,1,CNNUTSCWH3,NGDHS2024433051,2024,DHS,61,129,,,2
NGA,Lagos,5036764,Children severely wasted,0.6,1,NG,Nigeria,2024,NG2024DHS,CN_NUTS_C_WH3,104236040,I,433052,1433052,Region,..Lagos,0,,0,1,CNNUTSCWH3,NGDHS2024433052,2024,DHS,235,138,,,2
NGA,Ogun,2693458,Children severely wasted,0.5,1,NG,Nigeria,2024,NG2024DHS,CN_NUTS_C_WH3,104236040,I,433053,1433053,Region,..Ogun,0,,0,1,CNNUTSCWH3,NGDHS2024433053,2024,DHS,244,177,,,2
NGA,Ondo,7103017,Children severely wasted,1.1,1,NG,Nigeria,2024,NG2024DHS,CN_NUTS_C_WH3,104236040,I,433054,1433054,Region,..Ondo,0,,0,1,CNNUTSCWH3,NGDHS2024433054,2024,DHS,106,128,,,2
NGA,Osun,5839155,Children severely wasted,1.2,1,NG,Nigeria,2024,NG2024DHS,CN_NUTS_C_WH3,104236040,I,433055,1433055,Region,..Osun,0,,0,1,CNNUTSCWH3,NGDHS2024433055,2024,DHS,139,146,,,2
NGA,Oyo,2471555,Children severely wasted,1.8,1,NG,Nigeria,2024,NG2024DHS,CN_NUTS_C_WH3,104236040,I,433056,1433056,Region,..Oyo,0,,0,1,CNNUTSCWH3,NGDHS2024433056,2024,DHS,277,232,,,2
NGA,South South,3310875,Children severely wasted,2,1,NG,Nigeria,2024,NG2024DHS,CN_NUTS_C_WH3,104236040,I,433010,1433060,Region,South South,0,,0,1,CNNUTSCWH3,NGDHS2024433010,2024,DHS,994,1207,,,1
NGA,Akwa Ibom,5436832,Children severely wasted,1.4,1,NG,Nigeria,2024,NG2024DHS,CN_NUTS_C_WH3,104236040,I,433061,1433061,Region,..Akwa Ibom,0,,0,1,CNNUTSCWH3,NGDHS2024433061,2024,DHS,159,203,,,2
NGA,Bayelsa,6382162,Children severely wasted,0.8,1,NG,Nigeria,2024,NG2024DHS,CN_NUTS_C_WH3,104236040,I,433062,1433062,Region,..Bayelsa,0,,0,1,CNNUTSCWH3,NGDHS2024433062,2024,DHS,80,210,,,2
NGA,Cross River,7717720,Children severely wasted,0.5,1,NG,Nigeria,2024,NG2024DHS,CN_NUTS_C_WH3,104236040,I,433063,1433063,Region,..Cross River,0,,0,1,CNNUTSCWH3,NGDHS2024433063,2024,DHS,105,158,,,2
NGA,Delta,7440637,Children severely wasted,2.7,1,NG,Nigeria,2024,NG2024DHS,CN_NUTS_C_WH3,104236040,I,433064,1433064,Region,..Delta,0,,0,1,CNNUTSCWH3,NGDHS2024433064,2024,DHS,175,165,,,2
NGA,Edo,2478846,Children severely wasted,0.5,1,NG,Nigeria,2024,NG2024DHS,CN_NUTS_C_WH3,104236040,I,433065,1433065,Region,..Edo,0,,0,1,CNNUTSCWH3,NGDHS2024433065,2024,DHS,138,183,,,2
NGA,Rivers,5124573,Children severely wasted,3.2,1,NG,Nigeria,2024,NG2024DHS,CN_NUTS_C_WH3,104236040,I,433066,1433066,Region,..Rivers,0,,0,1,CNNUTSCWH3,NGDHS2024433066,2024,DHS,337,288,,,2
NGA,North Central,6039387,Children wasted,6.5,1,NG,Nigeria,2024,NG2024DHS,CN_NUTS_C_WH2,104236050,I,433005,1433010,Region,North Central,0,,0,1,CNNUTSCWH2,NGDHS2024433005,2024,DHS,1749,1834,,,1
NGA,FCT Abuja,2945482,Children wasted,7,1,NG,Nigeria,2024,NG2024DHS,CN_NUTS_C_WH2,104236050,I,433011,1433011,Region,..FCT Abuja,0,,0,1,CNNUTSCWH2,NGDHS2024433011,2024,DHS,157,173,,,2
NGA,Benue,7394745,Children wasted,6.7,1,NG,Nigeria,2024,NG2024DHS,CN_NUTS_C_WH2,104236050,I,433012,1433012,Region,..Benue,0,,0,1,CNNUTSCWH2,NGDHS2024433012,2024,DHS,217,211,,,2
NGA,Kogi,4668129,Children wasted,5.9,1,NG,Nigeria,2024,NG2024DHS,CN_NUTS_C_WH2,104236050,I,433013,1433013,Region,..Kogi,0,,0,1,CNNUTSCWH2,NGDHS2024433013,2024,DHS,174,268,,,2
NGA,Kwara,4921640,Children wasted,6.1,1,NG,Nigeria,2024,NG2024DHS,CN_NUTS_C_WH2,104236050,I,433014,1433014,Region,..Kwara,0,,0,1,CNNUTSCWH2,NGDHS2024433014,2024,DHS,197,244,,,2
NGA,Nasarawa,4121323,Children wasted,9.6,1,NG,Nigeria,2024,NG2024DHS,CN_NUTS_C_WH2,104236050,I,433015,1433015,Region,..Nasarawa,0,,0,1,CNNUTSCWH2,NGDHS2024433015,2024,DHS,269,305,,,2
NGA,Niger,5570645,Children wasted,5.8,1,NG,Nigeria,2024,NG2024DHS,CN_NUTS_C_WH2,104236050,I,433016,1433016,Region,..Niger,0,,0,1,CNNUTSCWH2,NGDHS2024433016,2024,DHS,496,342,,,2
NGA,Plateau,6036665,Children wasted,4.8,1,NG,Nigeria,2024,NG2024DHS,CN_NUTS_C_WH2,104236050,I,433017,1433017,Region,..Plateau,0,,0,1,CNNUTSCWH2,NGDHS2024433017,2024,DHS,239,291,,,2
NGA,North East,6483296,Children wasted,8.1,1,NG,Nigeria,2024,NG2024DHS,CN_NUTS_C_WH2,104236050,I,433006,1433020,Region,North East,0,,0,1,CNNUTSCWH2,NGDHS2024433006,2024,DHS,1849,1880,,,1
NGA,Adamawa,4804729,Children wasted,7,1,NG,Nigeria,2024,NG2024DHS,CN_NUTS_C_WH2,104236050,I,433021,1433021,Region,..Adamawa,0,,0,1,CNNUTSCWH2,NGDHS2024433021,2024,DHS,240,301,,,2
NGA,Bauchi,4523121,Children wasted,5.2,1,NG,Nigeria,2024,NG2024DHS,CN_NUTS_C_WH2,104236050,I,433022,1433022,Region,..Bauchi,0,,0,1,CNNUTSCWH2,NGDHS2024433022,2024,DHS,544,346,,,2
NGA,Borno,5419277,Children wasted,10.3,1,NG,Nigeria,2024,NG2024DHS,CN_NUTS_C_WH2,104236050,I,433023,1433023,Region,..Borno,0,,0,1,CNNUTSCWH2,NGDHS2024433023,2024,DHS,371,287,,,2
NGA,Gombe,6161214,Children wasted,8.8,1,NG,Nigeria,2024,NG2024DHS,CN_NUTS_C_WH2,104236050,I,433024,1433024,Region,..Gombe,0,,0,1,CNNUTSCWH2,NGDHS2024433024,2024,DHS,177,323,,,2
NGA,Taraba,6475080,Children wasted,9.5,1,NG,Nigeria,2024,NG2024DHS,CN_NUTS_C_WH2,104236050,I,433025,1433025,Region,..Taraba,0,,0,1,CNNUTSCWH2,NGDHS2024433025,2024,DHS,195,239,,,2
NGA,Yobe,6646863,Children wasted,10.1,1,NG,Nigeria,2024,NG2024DHS,CN_NUTS_C_WH2,104236050,I,433026,1433026,Region,..Yobe,0,,0,1,CNNUTSCWH2,NGDHS2024433026,2024,DHS,322,384,,,2
NGA,North West,6798447,Children wasted,8.3,1,NG,Nigeria,2024,NG2024DHS,CN_NUTS_C_WH2,104236050,I,433007,1433030,Region,North West,0,,0,1,CNNUTSCWH2,NGDHS2024433007,2024,DHS,3575,2575,,,1
NGA,Jigawa,6443414,Children wasted,13.2,1,NG,Nigeria,2024,NG2024DHS,CN_NUTS_C_WH2,104236050,I,433031,1433031,Region,..Jigawa,0,,0,1,CNNUTSCWH2,NGDHS2024433031,2024,DHS,393,380,,,2
NGA,Kaduna,4660856,Children wasted,5.9,1,NG,Nigeria,2024,NG2024DHS,CN_NUTS_C_WH2,104236050,I,433032,1433032,Region,..Kaduna,0,,0,1,CNNUTSCWH2,NGDHS2024433032,2024,DHS,674,386,,,2
NGA,Kano,4907568,Children wasted,10.4,1,NG,Nigeria,2024,NG2024DHS,CN_NUTS_C_WH2,104236050,I,433033,1433033,Region,..Kano,0,,0,1,CNNUTSCWH2,NGDHS2024433033,2024,DHS,978,478,,,2
NGA,Katsina,2672984,Children wasted,6.7,1,NG,Nigeria,2024,NG2024DHS,CN_NUTS_C_WH2,104236050,I,433034,1433034,Region,..Katsina,0,,0,1,CNNUTSCWH2,NGDHS2024433034,2024,DHS,572,346,,,2
NGA,Kebbi,7103022,Children wasted,9.6,1,NG,Nigeria,2024,NG2024DHS,CN_NUTS_C_WH2,104236050,I,433035,1433035,Region,..Kebbi,0,,0,1,CNNUTSCWH2,NGDHS2024433035,2024,DHS,289,392,,,2
NGA,Sokoto,6193111,Children wasted,6,1,NG,Nigeria,2024,NG2024DHS,CN_NUTS_C_WH2,104236050,I,433036,1433036,Region,..Sokoto,0,,0,1,CNNUTSCWH2,NGDHS2024433036,2024,DHS,332,351,,,2
NGA,Zamfara,2884043,Children wasted,5.3,1,NG,Nigeria,2024,NG2024DHS,CN_NUTS_C_WH2,104236050,I,433037,1433037,Region,..Zamfara,0,,0,1,CNNUTSCWH2,NGDHS2024433037,2024,DHS,338,242,,,2
NGA,South East,7588592,Children wasted,7,1,NG,Nigeria,2024,NG2024DHS,CN_NUTS_C_WH2,104236050,I,433008,1433040,Region,South East,0,,0,1,CNNUTSCWH2,NGDHS2024433008,2024,DHS,1277,1829,,,1
NGA,Abia,4536383,Children wasted,8.2,1,NG,Nigeria,2024,NG2024DHS,CN_NUTS_C_WH2,104236050,I,433041,1433041,Region,..Abia,0,,0,1,CNNUTSCWH2,NGDHS2024433041,2024,DHS,114,202,,,2
NGA,Anambra,5419281,Children wasted,9.8,1,NG,Nigeria,2024,NG2024DHS,CN_NUTS_C_WH2,104236050,I,433042,1433042,Region,..Anambra,0,,0,1,CNNUTSCWH2,NGDHS2024433042,2024,DHS,263,350,,,2
NGA,Ebonyi,6361960,Children wasted,6.5,1,NG,Nigeria,2024,NG2024DHS,CN_NUTS_C_WH2,104236050,I,433043,1433043,Region,..Ebonyi,0,,0,1,CNNUTSCWH2,NGDHS2024433043,2024,DHS,390,526,,,2
NGA,Enugu,6490003,Children wasted,3.9,1,NG,Nigeria,2024,NG2024DHS,CN_NUTS_C_WH2,104236050,I,433044,1433044,Region,..Enugu,0,,0,1,CNNUTSCWH2,NGDHS2024433044,2024,DHS,220,339,,,2
NGA,Imo,6632262,Children wasted,7.1,1,NG,Nigeria,2024,NG2024DHS,CN_NUTS_C_WH2,104236050,I,433045,1433045,Region,..Imo,0,,0,1,CNNUTSCWH2,NGDHS2024433045,2024,DHS,290,412,,,2
NGA,South West,6980536,Children wasted,11,1,NG,Nigeria,2024,NG2024DHS,CN_NUTS_C_WH2,104236050,I,433009,1433050,Region,South West,0,,0,1,CNNUTSCWH2,NGDHS2024433009,2024,DHS,1062,950,,,1
NGA,Ekiti,6791454,Children wasted,5,1,NG,Nigeria,2024,NG2024DHS,CN_NUTS_C_WH2,104236050,I,433051,1433051,Region,..Ekiti,0,,0,1,CNNUTSCWH2,NGDHS2024433051,2024,DHS,61,129,,,2
NGA,Lagos,5036765,Children wasted,6,1,NG,Nigeria,2024,NG2024DHS,CN_NUTS_C_WH2,104236050,I,433052,1433052,Region,..Lagos,0,,0,1,CNNUTSCWH2,NGDHS2024433052,2024,DHS,235,138,,,2
NGA,Ogun,2693505,Children wasted,13.4,1,NG,Nigeria,2024,NG2024DHS,CN_NUTS_C_WH2,104236050,I,433053,1433053,Region,..Ogun,0,,0,1,CNNUTSCWH2,NGDHS2024433053,2024,DHS,244,177,,,2
NGA,Ondo,7103018,Children wasted,10.2,1,NG,Nigeria,2024,NG2024DHS,CN_NUTS_C_WH2,104236050,I,433054,1433054,Region,..Ondo,0,,0,1,CNNUTSCWH2,NGDHS2024433054,2024,DHS,106,128,,,2
NGA,Osun,5839164,Children wasted,11.8,1,NG,Nigeria,2024,NG2024DHS,CN_NUTS_C_WH2,104236050,I,433055,1433055,Region,..Osun,0,,0,1,CNNUTSCWH2,NGDHS2024433055,2024,DHS,139,146,,,2
NGA,Oyo,2471556,Children wasted,14.4,1,NG,Nigeria,2024,NG2024DHS,CN_NUTS_C_WH2,104236050,I,433056,1433056,Region,..Oyo,0,,0,1,CNNUTSCWH2,NGDHS2024433056,2024,DHS,277,232,,,2
NGA,South South,3310876,Children wasted,11.3,1,NG,Nigeria,2024,NG2024DHS,CN_NUTS_C_WH2,104236050,I,433010,1433060,Region,South South,0,,0,1,CNNUTSCWH2,NGDHS2024433010,2024,DHS,994,1207,,,1
NGA,Akwa Ibom,5436833,Children wasted,11.8,1,NG,Nigeria,2024,NG2024DHS,CN_NUTS_C_WH2,104236050,I,433061,1433061,Region,..Akwa Ibom,0,,0,1,CNNUTSCWH2,NGDHS2024433061,2024,DHS,159,203,,,2
NGA,Bayelsa,6382163,Children wasted,8.9,1,NG,Nigeria,2024,NG2024DHS,CN_NUTS_C_WH2,104236050,I,433062,1433062,Region,..Bayelsa,0,,0,1,CNNUTSCWH2,NGDHS2024433062,2024,DHS,80,210,,,2
NGA,Cross River,7717721,Children wasted,5.6,1,NG,Nigeria,2024,NG2024DHS,CN_NUTS_C_WH2,104236050,I,433063,1433063,Region,..Cross River,0,,0,1,CNNUTSCWH2,NGDHS2024433063,2024,DHS,105,158,,,2
NGA,Delta,7440638,Children wasted,15.1,1,NG,Nigeria,2024,NG2024DHS,CN_NUTS_C_WH2,104236050,I,433064,1433064,Region,..Delta,0,,0,1,CNNUTSCWH2,NGDHS2024433064,2024,DHS,175,165,,,2
NGA,Edo,2478847,Children wasted,8,1,NG,Nigeria,2024,NG2024DHS,CN_NUTS_C_WH2,104236050,I,433065,1433065,Region,..Edo,0,,0,1,CNNUTSCWH2,NGDHS2024433065,2024,DHS,138,183,,,2
NGA,Rivers,5124574,Children wasted,12.7,1,NG,Nigeria,2024,NG2024DHS,CN_NUTS_C_WH2,104236050,I,433066,1433066,Region,..Rivers,0,,0,1,CNNUTSCWH2,NGDHS2024433066,2024,DHS,337,288,,,2
NGA,North Central,6039388,Children overweight,1,1,NG,Nigeria,2024,NG2024DHS,CN_NUTS_C_WHP,104236060,I,433005,1433010,Region,North Central,0,,0,1,CNNUTSCWHP,NGDHS2024433005,2024,DHS,1749,1834,,,1
NGA,FCT Abuja,2945483,Children overweight,1.2,1,NG,Nigeria,2024,NG2024DHS,CN_NUTS_C_WHP,104236060,I,433011,1433011,Region,..FCT Abuja,0,,0,1,CNNUTSCWHP,NGDHS2024433011,2024,DHS,157,173,,,2
NGA,Benue,7394746,Children overweight,0,1,NG,Nigeria,2024,NG2024DHS,CN_NUTS_C_WHP,104236060,I,433012,1433012,Region,..Benue,0,,0,1,CNNUTSCWHP,NGDHS2024433012,2024,DHS,217,211,,,2
NGA,Kogi,4668130,Children overweight,1.1,1,NG,Nigeria,2024,NG2024DHS,CN_NUTS_C_WHP,104236060,I,433013,1433013,Region,..Kogi,0,,0,1,CNNUTSCWHP,NGDHS2024433013,2024,DHS,174,268,,,2
NGA,Kwara,4921641,Children overweight,0,1,NG,Nigeria,2024,NG2024DHS,CN_NUTS_C_WHP,104236060,I,433014,1433014,Region,..Kwara,0,,0,1,CNNUTSCWHP,NGDHS2024433014,2024,DHS,197,244,,,2
NGA,Nasarawa,4121413,Children overweight,1,1,NG,Nigeria,2024,NG2024DHS,CN_NUTS_C_WHP,104236060,I,433015,1433015,Region,..Nasarawa,0,,0,1,CNNUTSCWHP,NGDHS2024433015,2024,DHS,269,305,,,2
NGA,Niger,5570646,Children overweight,1.7,1,NG,Nigeria,2024,NG2024DHS,CN_NUTS_C_WHP,104236060,I,433016,1433016,Region,..Niger,0,,0,1,CNNUTSCWHP,NGDHS2024433016,2024,DHS,496,342,,,2
NGA,Plateau,6036666,Children overweight,1.1,1,NG,Nigeria,2024,NG2024DHS,CN_NUTS_C_WHP,104236060,I,433017,1433017,Region,..Plateau,0,,0,1,CNNUTSCWHP,NGDHS2024433017,2024,DHS,239,291,,,2
NGA,North East,6483297,Children overweight,1.7,1,NG,Nigeria,2024,NG2024DHS,CN_NUTS_C_WHP,104236060,I,433006,1433020,Region,North East,0,,0,1,CNNUTSCWHP,NGDHS2024433006,2024,DHS,1849,1880,,,1
NGA,Adamawa,4804730,Children overweight,0.5,1,NG,Nigeria,2024,NG2024DHS,CN_NUTS_C_WHP,104236060,I,433021,1433021,Region,..Adamawa,0,,0,1,CNNUTSCWHP,NGDHS2024433021,2024,DHS,240,301,,,2
NGA,Bauchi,4523122,Children overweight,2.8,1,NG,Nigeria,2024,NG2024DHS,CN_NUTS_C_WHP,104236060,I,433022,1433022,Region,..Bauchi,0,,0,1,CNNUTSCWHP,NGDHS2024433022,2024,DHS,544,346,,,2
NGA,Borno,5419278,Children overweight,2.9,1,NG,Nigeria,2024,NG2024DHS,CN_NUTS_C_WHP,104236060,I,433023,1433023,Region,..Borno,0,,0,1,CNNUTSCWHP,NGDHS2024433023,2024,DHS,371,287,,,2
NGA,Gombe,6161215,Children overweight,0.4,1,NG,Nigeria,2024,NG2024DHS,CN_NUTS_C_WHP,104236060,I,433024,1433024,Region,..Gombe,0,,0,1,CNNUTSCWHP,NGDHS2024433024,2024,DHS,177,323,,,2
NGA,Taraba,6475098,Children overweight,0.6,1,NG,Nigeria,2024,NG2024DHS,CN_NUTS_C_WHP,104236060,I,433025,1433025,Region,..Taraba,0,,0,1,CNNUTSCWHP,NGDHS2024433025,2024,DHS,195,239,,,2
NGA,Yobe,6646864,Children overweight,0.6,1,NG,Nigeria,2024,NG2024DHS,CN_NUTS_C_WHP,104236060,I,433026,1433026,Region,..Yobe,0,,0,1,CNNUTSCWHP,NGDHS2024433026,2024,DHS,322,384,,,2
NGA,North West,6798448,Children overweight,1.8,1,NG,Nigeria,2024,NG2024DHS,CN_NUTS_C_WHP,104236060,I,433007,1433030,Region,North West,0,,0,1,CNNUTSCWHP,NGDHS2024433007,2024,DHS,3575,2575,,,1
NGA,Jigawa,6443415,Children overweight,1,1,NG,Nigeria,2024,NG2024DHS,CN_NUTS_C_WHP,104236060,I,433031,1433031,Region,..Jigawa,0,,0,1,CNNUTSCWHP,NGDHS2024433031,2024,DHS,393,380,,,2
NGA,Kaduna,4660857,Children overweight,1.8,1,NG,Nigeria,2024,NG2024DHS,CN_NUTS_C_WHP,104236060,I,433032,1433032,Region,..Kaduna,0,,0,1,CNNUTSCWHP,NGDHS2024433032,2024,DHS,674,386,,,2
NGA,Kano,4907569,Children overweight,1.4,1,NG,Nigeria,2024,NG2024DHS,CN_NUTS_C_WHP,104236060,I,433033,1433033,Region,..Kano,0,,0,1,CNNUTSCWHP,NGDHS2024433033,2024,DHS,978,478,,,2
NGA,Katsina,2672985,Children overweight,3.6,1,NG,Nigeria,2024,NG2024DHS,CN_NUTS_C_WHP,104236060,I,433034,1433034,Region,..Katsina,0,,0,1,CNNUTSCWHP,NGDHS2024433034,2024,DHS,572,346,,,2
NGA,Kebbi,7103023,Children overweight,1.2,1,NG,Nigeria,2024,NG2024DHS,CN_NUTS_C_WHP,104236060,I,433035,1433035,Region,..Kebbi,0,,0,1,CNNUTSCWHP,NGDHS2024433035,2024,DHS,289,392,,,2
NGA,Sokoto,6193112,Children overweight,1.5,1,NG,Nigeria,2024,NG2024DHS,CN_NUTS_C_WHP,104236060,I,433036,1433036,Region,..Sokoto,0,,0,1,CNNUTSCWHP,NGDHS2024433036,2024,DHS,332,351,,,2
NGA,Zamfara,2884057,Children overweight,1.9,1,NG,Nigeria,2024,NG2024DHS,CN_NUTS_C_WHP,104236060,I,433037,1433037,Region,..Zamfara,0,,0,1,CNNUTSCWHP,NGDHS2024433037,2024,DHS,338,242,,,2
NGA,South East,7588593,Children overweight,1.1,1,NG,Nigeria,2024,NG2024DHS,CN_NUTS_C_WHP,104236060,I,433008,1433040,Region,South East,0,,0,1,CNNUTSCWHP,NGDHS2024433008,2024,DHS,1277,1829,,,1
NGA,Abia,4536384,Children overweight,2.9,1,NG,Nigeria,2024,NG2024DHS,CN_NUTS_C_WHP,104236060,I,433041,1433041,Region,..Abia,0,,0,1,CNNUTSCWHP,NGDHS2024433041,2024,DHS,114,202,,,2
NGA,Anambra,5419282,Children overweight,1.3,1,NG,Nigeria,2024,NG2024DHS,CN_NUTS_C_WHP,104236060,I,433042,1433042,Region,..Anambra,0,,0,1,CNNUTSCWHP,NGDHS2024433042,2024,DHS,263,350,,,2
NGA,Ebonyi,6361961,Children overweight,1.4,1,NG,Nigeria,2024,NG2024DHS,CN_NUTS_C_WHP,104236060,I,433043,1433043,Region,..Ebonyi,0,,0,1,CNNUTSCWHP,NGDHS2024433043,2024,DHS,390,526,,,2
NGA,Enugu,6490027,Children overweight,0.9,1,NG,Nigeria,2024,NG2024DHS,CN_NUTS_C_WHP,104236060,I,433044,1433044,Region,..Enugu,0,,0,1,CNNUTSCWHP,NGDHS2024433044,2024,DHS,220,339,,,2
NGA,Imo,6632263,Children overweight,0,1,NG,Nigeria,2024,NG2024DHS,CN_NUTS_C_WHP,104236060,I,433045,1433045,Region,..Imo,0,,0,1,CNNUTSCWHP,NGDHS2024433045,2024,DHS,290,412,,,2
NGA,South West,6980537,Children overweight,0.5,1,NG,Nigeria,2024,NG2024DHS,CN_NUTS_C_WHP,104236060,I,433009,1433050,Region,South West,0,,0,1,CNNUTSCWHP,NGDHS2024433009,2024,DHS,1062,950,,,1
NGA,Ekiti,6791455,Children overweight,0,1,NG,Nigeria,2024,NG2024DHS,CN_NUTS_C_WHP,104236060,I,433051,1433051,Region,..Ekiti,0,,0,1,CNNUTSCWHP,NGDHS2024433051,2024,DHS,61,129,,,2
NGA,Lagos,5036811,Children overweight,0.4,1,NG,Nigeria,2024,NG2024DHS,CN_NUTS_C_WHP,104236060,I,433052,1433052,Region,..Lagos,0,,0,1,CNNUTSCWHP,NGDHS2024433052,2024,DHS,235,138,,,2
NGA,Ogun,2693506,Children overweight,0,1,NG,Nigeria,2024,NG2024DHS,CN_NUTS_C_WHP,104236060,I,433053,1433053,Region,..Ogun,0,,0,1,CNNUTSCWHP,NGDHS2024433053,2024,DHS,244,177,,,2
NGA,Ondo,7103019,Children overweight,0.7,1,NG,Nigeria,2024,NG2024DHS,CN_NUTS_C_WHP,104236060,I,433054,1433054,Region,..Ondo,0,,0,1,CNNUTSCWHP,NGDHS2024433054,2024,DHS,106,128,,,2
NGA,Osun,5839165,Children overweight,2.7,1,NG,Nigeria,2024,NG2024DHS,CN_NUTS_C_WHP,104236060,I,433055,1433055,Region,..Osun,0,,0,1,CNNUTSCWHP,NGDHS2024433055,2024,DHS,139,146,,,2
NGA,Oyo,2471557,Children overweight,0,1,NG,Nigeria,2024,NG2024DHS,CN_NUTS_C_WHP,104236060,I,433056,1433056,Region,..Oyo,0,,0,1,CNNUTSCWHP,NGDHS2024433056,2024,DHS,277,232,,,2
NGA,South South,3310877,Children overweight,1.2,1,NG,Nigeria,2024,NG2024DHS,CN_NUTS_C_WHP,104236060,I,433010,1433060,Region,South South,0,,0,1,CNNUTSCWHP,NGDHS2024433010,2024,DHS,994,1207,,,1
NGA,Akwa Ibom,5436834,Children overweight,1.3,1,NG,Nigeria,2024,NG2024DHS,CN_NUTS_C_WHP,104236060,I,433061,1433061,Region,..Akwa Ibom,0,,0,1,CNNUTSCWHP,NGDHS2024433061,2024,DHS,159,203,,,2
NGA,Bayelsa,6382165,Children overweight,1.3,1,NG,Nigeria,2024,NG2024DHS,CN_NUTS_C_WHP,104236060,I,433062,1433062,Region,..Bayelsa,0,,0,1,CNNUTSCWHP,NGDHS2024433062,2024,DHS,80,210,,,2
NGA,Cross River,7717722,Children overweight,0.5,1,NG,Nigeria,2024,NG2024DHS,CN_NUTS_C_WHP,104236060,I,433063,1433063,Region,..Cross River,0,,0,1,CNNUTSCWHP,NGDHS2024433063,2024,DHS,105,158,,,2
NGA,Delta,7440639,Children overweight,0.5,1,NG,Nigeria,2024,NG2024DHS,CN_NUTS_C_WHP,104236060,I,433064,1433064,Region,..Delta,0,,0,1,CNNUTSCWHP,NGDHS2024433064,2024,DHS,175,165,,,2
NGA,Edo,2478861,Children overweight,1.1,1,NG,Nigeria,2024,NG2024DHS,CN_NUTS_C_WHP,104236060,I,433065,1433065,Region,..Edo,0,,0,1,CNNUTSCWHP,NGDHS2024433065,2024,DHS,138,183,,,2
NGA,Rivers,5124579,Children overweight,1.8,1,NG,Nigeria,2024,NG2024DHS,CN_NUTS_C_WHP,104236060,I,433066,1433066,Region,..Rivers,0,,0,1,CNNUTSCWHP,NGDHS2024433066,2024,DHS,337,288,,,2
NGA,North Central,6039389,Mean weight for height of children,-0.4,1,NG,Nigeria,2024,NG2024DHS,CN_NUTS_C_WHM,104236070,I,433005,1433010,Region,North Central,0,,0,1,CNNUTSCWHM,NGDHS2024433005,2024,DHS,1749,1834,,,1
NGA,FCT Abuja,2945484,Mean weight for height of children,-0.4,1,NG,Nigeria,2024,NG2024DHS,CN_NUTS_C_WHM,104236070,I,433011,1433011,Region,..FCT Abuja,0,,0,1,CNNUTSCWHM,NGDHS2024433011,2024,DHS,157,173,,,2
NGA,Benue,7394747,Mean weight for height of children,-0.4,1,NG,Nigeria,2024,NG2024DHS,CN_NUTS_C_WHM,104236070,I,433012,1433012,Region,..Benue,0,,0,1,CNNUTSCWHM,NGDHS2024433012,2024,DHS,217,211,,,2
NGA,Kogi,4668131,Mean weight for height of children,-0.5,1,NG,Nigeria,2024,NG2024DHS,CN_NUTS_C_WHM,104236070,I,433013,1433013,Region,..Kogi,0,,0,1,CNNUTSCWHM,NGDHS2024433013,2024,DHS,174,268,,,2
NGA,Kwara,4921642,Mean weight for height of children,-0.5,1,NG,Nigeria,2024,NG2024DHS,CN_NUTS_C_WHM,104236070,I,433014,1433014,Region,..Kwara,0,,0,1,CNNUTSCWHM,NGDHS2024433014,2024,DHS,197,244,,,2
NGA,Nasarawa,4121414,Mean weight for height of children,-0.5,1,NG,Nigeria,2024,NG2024DHS,CN_NUTS_C_WHM,104236070,I,433015,1433015,Region,..Nasarawa,0,,0,1,CNNUTSCWHM,NGDHS2024433015,2024,DHS,269,305,,,2
NGA,Niger,5570573,Mean weight for height of children,-0.3,1,NG,Nigeria,2024,NG2024DHS,CN_NUTS_C_WHM,104236070,I,433016,1433016,Region,..Niger,0,,0,1,CNNUTSCWHM,NGDHS2024433016,2024,DHS,496,342,,,2
NGA,Plateau,6036667,Mean weight for height of children,-0.2,1,NG,Nigeria,2024,NG2024DHS,CN_NUTS_C_WHM,104236070,I,433017,1433017,Region,..Plateau,0,,0,1,CNNUTSCWHM,NGDHS2024433017,2024,DHS,239,291,,,2
NGA,North East,6483298,Mean weight for height of children,-0.4,1,NG,Nigeria,2024,NG2024DHS,CN_NUTS_C_WHM,104236070,I,433006,1433020,Region,North East,0,,0,1,CNNUTSCWHM,NGDHS2024433006,2024,DHS,1849,1880,,,1
NGA,Adamawa,4804800,Mean weight for height of children,-0.4,1,NG,Nigeria,2024,NG2024DHS,CN_NUTS_C_WHM,104236070,I,433021,1433021,Region,..Adamawa,0,,0,1,CNNUTSCWHM,NGDHS2024433021,2024,DHS,240,301,,,2
NGA,Bauchi,4523123,Mean weight for height of children,-0.2,1,NG,Nigeria,2024,NG2024DHS,CN_NUTS_C_WHM,104236070,I,433022,1433022,Region,..Bauchi,0,,0,1,CNNUTSCWHM,NGDHS2024433022,2024,DHS,544,346,,,2
NGA,Borno,5419279,Mean weight for height of children,-0.5,1,NG,Nigeria,2024,NG2024DHS,CN_NUTS_C_WHM,104236070,I,433023,1433023,Region,..Borno,0,,0,1,CNNUTSCWHM,NGDHS2024433023,2024,DHS,371,287,,,2
NGA,Gombe,6161216,Mean weight for height of children,-0.7,1,NG,Nigeria,2024,NG2024DHS,CN_NUTS_C_WHM,104236070,I,433024,1433024,Region,..Gombe,0,,0,1,CNNUTSCWHM,NGDHS2024433024,2024,DHS,177,323,,,2
NGA,Taraba,6475099,Mean weight for height of children,-0.5,1,NG,Nigeria,2024,NG2024DHS,CN_NUTS_C_WHM,104236070,I,433025,1433025,Region,..Taraba,0,,0,1,CNNUTSCWHM,NGDHS2024433025,2024,DHS,195,239,,,2
NGA,Yobe,6646865,Mean weight for height of children,-0.6,1,NG,Nigeria,2024,NG2024DHS,CN_NUTS_C_WHM,104236070,I,433026,1433026,Region,..Yobe,0,,0,1,CNNUTSCWHM,NGDHS2024433026,2024,DHS,322,384,,,2
NGA,North West,6798449,Mean weight for height of children,-0.4,1,NG,Nigeria,2024,NG2024DHS,CN_NUTS_C_WHM,104236070,I,433007,1433030,Region,North West,0,,0,1,CNNUTSCWHM,NGDHS2024433007,2024,DHS,3575,2575,,,1
NGA,Jigawa,6443416,Mean weight for height of children,-0.7,1,NG,Nigeria,2024,NG2024DHS,CN_NUTS_C_WHM,104236070,I,433031,1433031,Region,..Jigawa,0,,0,1,CNNUTSCWHM,NGDHS2024433031,2024,DHS,393,380,,,2
NGA,Kaduna,4660869,Mean weight for height of children,-0.2,1,NG,Nigeria,2024,NG2024DHS,CN_NUTS_C_WHM,104236070,I,433032,1433032,Region,..Kaduna,0,,0,1,CNNUTSCWHM,NGDHS2024433032,2024,DHS,674,386,,,2
NGA,Kano,4907570,Mean weight for height of children,-0.5,1,NG,Nigeria,2024,NG2024DHS,CN_NUTS_C_WHM,104236070,I,433033,1433033,Region,..Kano,0,,0,1,CNNUTSCWHM,NGDHS2024433033,2024,DHS,978,478,,,2
NGA,Katsina,2672986,Mean weight for height of children,-0.1,1,NG,Nigeria,2024,NG2024DHS,CN_NUTS_C_WHM,104236070,I,433034,1433034,Region,..Katsina,0,,0,1,CNNUTSCWHM,NGDHS2024433034,2024,DHS,572,346,,,2
NGA,Kebbi,7103024,Mean weight for height of children,-0.5,1,NG,Nigeria,2024,NG2024DHS,CN_NUTS_C_WHM,104236070,I,433035,1433035,Region,..Kebbi,0,,0,1,CNNUTSCWHM,NGDHS2024433035,2024,DHS,289,392,,,2
NGA,Sokoto,6193113,Mean weight for height of children,-0.7,1,NG,Nigeria,2024,NG2024DHS,CN_NUTS_C_WHM,104236070,I,433036,1433036,Region,..Sokoto,0,,0,1,CNNUTSCWHM,NGDHS2024433036,2024,DHS,332,351,,,2
NGA,Zamfara,2884058,Mean weight for height of children,-0.4,1,NG,Nigeria,2024,NG2024DHS,CN_NUTS_C_WHM,104236070,I,433037,1433037,Region,..Zamfara,0,,0,1,CNNUTSCWHM,NGDHS2024433037,2024,DHS,338,242,,,2
NGA,South East,7588594,Mean weight for height of children,-0.5,1,NG,Nigeria,2024,NG2024DHS,CN_NUTS_C_WHM,104236070,I,433008,1433040,Region,South East,0,,0,1,CNNUTSCWHM,NGDHS2024433008,2024,DHS,1277,1829,,,1
NGA,Abia,4536385,Mean weight for height of children,-0.4,1,NG,Nigeria,2024,NG2024DHS,CN_NUTS_C_WHM,104236070,I,433041,1433041,Region,..Abia,0,,0,1,CNNUTSCWHM,NGDHS2024433041,2024,DHS,114,202,,,2
NGA,Anambra,5419342,Mean weight for height of children,-0.6,1,NG,Nigeria,2024,NG2024DHS,CN_NUTS_C_WHM,104236070,I,433042,1433042,Region,..Anambra,0,,0,1,CNNUTSCWHM,NGDHS2024433042,2024,DHS,263,350,,,2
NGA,Ebonyi,6362013,Mean weight for height of children,-0.5,1,NG,Nigeria,2024,NG2024DHS,CN_NUTS_C_WHM,104236070,I,433043,1433043,Region,..Ebonyi,0,,0,1,CNNUTSCWHM,NGDHS2024433043,2024,DHS,390,526,,,2
NGA,Enugu,6490028,Mean weight for height of children,-0.3,1,NG,Nigeria,2024,NG2024DHS,CN_NUTS_C_WHM,104236070,I,433044,1433044,Region,..Enugu,0,,0,1,CNNUTSCWHM,NGDHS2024433044,2024,DHS,220,339,,,2
NGA,Imo,6632260,Mean weight for height of children,-0.6,1,NG,Nigeria,2024,NG2024DHS,CN_NUTS_C_WHM,104236070,I,433045,1433045,Region,..Imo,0,,0,1,CNNUTSCWHM,NGDHS2024433045,2024,DHS,290,412,,,2
NGA,South West,6980538,Mean weight for height of children,-0.7,1,NG,Nigeria,2024,NG2024DHS,CN_NUTS_C_WHM,104236070,I,433009,1433050,Region,South West,0,,0,1,CNNUTSCWHM,NGDHS2024433009,2024,DHS,1062,950,,,1
NGA,Ekiti,6791476,Mean weight for height of children,-0.4,1,NG,Nigeria,2024,NG2024DHS,CN_NUTS_C_WHM,104236070,I,433051,1433051,Region,..Ekiti,0,,0,1,CNNUTSCWHM,NGDHS2024433051,2024,DHS,61,129,,,2
NGA,Lagos,5036812,Mean weight for height of children,-0.5,1,NG,Nigeria,2024,NG2024DHS,CN_NUTS_C_WHM,104236070,I,433052,1433052,Region,..Lagos,0,,0,1,CNNUTSCWHM,NGDHS2024433052,2024,DHS,235,138,,,2
NGA,Ogun,2693507,Mean weight for height of children,-0.8,1,NG,Nigeria,2024,NG2024DHS,CN_NUTS_C_WHM,104236070,I,433053,1433053,Region,..Ogun,0,,0,1,CNNUTSCWHM,NGDHS2024433053,2024,DHS,244,177,,,2
NGA,Ondo,7103020,Mean weight for height of children,-0.6,1,NG,Nigeria,2024,NG2024DHS,CN_NUTS_C_WHM,104236070,I,433054,1433054,Region,..Ondo,0,,0,1,CNNUTSCWHM,NGDHS2024433054,2024,DHS,106,128,,,2
NGA,Osun,5839166,Mean weight for height of children,-0.6,1,NG,Nigeria,2024,NG2024DHS,CN_NUTS_C_WHM,104236070,I,433055,1433055,Region,..Osun,0,,0,1,CNNUTSCWHM,NGDHS2024433055,2024,DHS,139,146,,,2
NGA,Oyo,2471679,Mean weight for height of children,-0.9,1,NG,Nigeria,2024,NG2024DHS,CN_NUTS_C_WHM,104236070,I,433056,1433056,Region,..Oyo,0,,0,1,CNNUTSCWHM,NGDHS2024433056,2024,DHS,277,232,,,2
NGA,South South,3310878,Mean weight for height of children,-0.7,1,NG,Nigeria,2024,NG2024DHS,CN_NUTS_C_WHM,104236070,I,433010,1433060,Region,South South,0,,0,1,CNNUTSCWHM,NGDHS2024433010,2024,DHS,994,1207,,,1
NGA,Akwa Ibom,5436874,Mean weight for height of children,-0.7,1,NG,Nigeria,2024,NG2024DHS,CN_NUTS_C_WHM,104236070,I,433061,1433061,Region,..Akwa Ibom,0,,0,1,CNNUTSCWHM,NGDHS2024433061,2024,DHS,159,203,,,2
NGA,Bayelsa,6382166,Mean weight for height of children,-0.6,1,NG,Nigeria,2024,NG2024DHS,CN_NUTS_C_WHM,104236070,I,433062,1433062,Region,..Bayelsa,0,,0,1,CNNUTSCWHM,NGDHS2024433062,2024,DHS,80,210,,,2
NGA,Cross River,7717748,Mean weight for height of children,-0.4,1,NG,Nigeria,2024,NG2024DHS,CN_NUTS_C_WHM,104236070,I,433063,1433063,Region,..Cross River,0,,0,1,CNNUTSCWHM,NGDHS2024433063,2024,DHS,105,158,,,2
NGA,Delta,7440640,Mean weight for height of children,-0.8,1,NG,Nigeria,2024,NG2024DHS,CN_NUTS_C_WHM,104236070,I,433064,1433064,Region,..Delta,0,,0,1,CNNUTSCWHM,NGDHS2024433064,2024,DHS,175,165,,,2
NGA,Edo,2478862,Mean weight for height of children,-0.7,1,NG,Nigeria,2024,NG2024DHS,CN_NUTS_C_WHM,104236070,I,433065,1433065,Region,..Edo,0,,0,1,CNNUTSCWHM,NGDHS2024433065,2024,DHS,138,183,,,2
NGA,Rivers,5124580,Mean weight for height of children,-0.8,1,NG,Nigeria,2024,NG2024DHS,CN_NUTS_C_WHM,104236070,I,433066,1433066,Region,..Rivers,0,,0,1,CNNUTSCWHM,NGDHS2024433066,2024,DHS,337,288,,,2
NGA,North Central,4405757,Children severely underweight,6.2,1,NG,Nigeria,2024,NG2024DHS,CN_NUTS_C_WA3,104236080,I,433005,1433010,Region,North Central,0,,0,1,CNNUTSCWA3,NGDHS2024433005,2024,DHS,1752,1838,,,1
NGA,FCT Abuja,5138475,Children severely underweight,3,1,NG,Nigeria,2024,NG2024DHS,CN_NUTS_C_WA3,104236080,I,433011,1433011,Region,..FCT Abuja,0,,0,1,CNNUTSCWA3,NGDHS2024433011,2024,DHS,158,174,,,2
NGA,Benue,4839884,Children severely underweight,2.2,1,NG,Nigeria,2024,NG2024DHS,CN_NUTS_C_WA3,104236080,I,433012,1433012,Region,..Benue,0,,0,1,CNNUTSCWA3,NGDHS2024433012,2024,DHS,217,211,,,2
NGA,Kogi,4291091,Children severely underweight,6.7,1,NG,Nigeria,2024,NG2024DHS,CN_NUTS_C_WA3,104236080,I,433013,1433013,Region,..Kogi,0,,0,1,CNNUTSCWA3,NGDHS2024433013,2024,DHS,174,268,,,2
NGA,Kwara,6457434,Children severely underweight,7.6,1,NG,Nigeria,2024,NG2024DHS,CN_NUTS_C_WA3,104236080,I,433014,1433014,Region,..Kwara,0,,0,1,CNNUTSCWA3,NGDHS2024433014,2024,DHS,199,247,,,2
NGA,Nasarawa,2613799,Children severely underweight,6.5,1,NG,Nigeria,2024,NG2024DHS,CN_NUTS_C_WA3,104236080,I,433015,1433015,Region,..Nasarawa,0,,0,1,CNNUTSCWA3,NGDHS2024433015,2024,DHS,269,305,,,2
NGA,Niger,482236,Children severely underweight,7.4,1,NG,Nigeria,2024,NG2024DHS,CN_NUTS_C_WA3,104236080,I,433016,1433016,Region,..Niger,0,,0,1,CNNUTSCWA3,NGDHS2024433016,2024,DHS,496,342,,,2
NGA,Plateau,2460182,Children severely underweight,7.3,1,NG,Nigeria,2024,NG2024DHS,CN_NUTS_C_WA3,104236080,I,433017,1433017,Region,..Plateau,0,,0,1,CNNUTSCWA3,NGDHS2024433017,2024,DHS,239,291,,,2
NGA,North East,4145364,Children severely underweight,13.1,1,NG,Nigeria,2024,NG2024DHS,CN_NUTS_C_WA3,104236080,I,433006,1433020,Region,North East,0,,0,1,CNNUTSCWA3,NGDHS2024433006,2024,DHS,1842,1872,,,1
NGA,Adamawa,3508005,Children severely underweight,13.1,1,NG,Nigeria,2024,NG2024DHS,CN_NUTS_C_WA3,104236080,I,433021,1433021,Region,..Adamawa,0,,0,1,CNNUTSCWA3,NGDHS2024433021,2024,DHS,243,306,,,2
NGA,Bauchi,2460192,Children severely underweight,12.7,1,NG,Nigeria,2024,NG2024DHS,CN_NUTS_C_WA3,104236080,I,433022,1433022,Region,..Bauchi,0,,0,1,CNNUTSCWA3,NGDHS2024433022,2024,DHS,545,347,,,2
NGA,Borno,5193017,Children severely underweight,12.1,1,NG,Nigeria,2024,NG2024DHS,CN_NUTS_C_WA3,104236080,I,433023,1433023,Region,..Borno,0,,0,1,CNNUTSCWA3,NGDHS2024433023,2024,DHS,378,294,,,2
NGA,Gombe,3599177,Children severely underweight,12.7,1,NG,Nigeria,2024,NG2024DHS,CN_NUTS_C_WA3,104236080,I,433024,1433024,Region,..Gombe,0,,0,1,CNNUTSCWA3,NGDHS2024433024,2024,DHS,177,324,,,2
NGA,Taraba,2853574,Children severely underweight,12.2,1,NG,Nigeria,2024,NG2024DHS,CN_NUTS_C_WA3,104236080,I,433025,1433025,Region,..Taraba,0,,0,1,CNNUTSCWA3,NGDHS2024433025,2024,DHS,195,239,,,2
NGA,Yobe,6518943,Children severely underweight,16,1,NG,Nigeria,2024,NG2024DHS,CN_NUTS_C_WA3,104236080,I,433026,1433026,Region,..Yobe,0,,0,1,CNNUTSCWA3,NGDHS2024433026,2024,DHS,305,362,,,2
NGA,North West,6383753,Children severely underweight,10.9,1,NG,Nigeria,2024,NG2024DHS,CN_NUTS_C_WA3,104236080,I,433007,1433030,Region,North West,0,,0,1,CNNUTSCWA3,NGDHS2024433007,2024,DHS,3575,2572,,,1
NGA,Jigawa,4819081,Children severely underweight,17.6,1,NG,Nigeria,2024,NG2024DHS,CN_NUTS_C_WA3,104236080,I,433031,1433031,Region,..Jigawa,0,,0,1,CNNUTSCWA3,NGDHS2024433031,2024,DHS,394,381,,,2
NGA,Kaduna,58092,Children severely underweight,6,1,NG,Nigeria,2024,NG2024DHS,CN_NUTS_C_WA3,104236080,I,433032,1433032,Region,..Kaduna,0,,0,1,CNNUTSCWA3,NGDHS2024433032,2024,DHS,675,387,,,2
NGA,Kano,6728746,Children severely underweight,12.2,1,NG,Nigeria,2024,NG2024DHS,CN_NUTS_C_WA3,104236080,I,433033,1433033,Region,..Kano,0,,0,1,CNNUTSCWA3,NGDHS2024433033,2024,DHS,977,479,,,2
NGA,Katsina,6777835,Children severely underweight,8.1,1,NG,Nigeria,2024,NG2024DHS,CN_NUTS_C_WA3,104236080,I,433034,1433034,Region,..Katsina,0,,0,1,CNNUTSCWA3,NGDHS2024433034,2024,DHS,584,352,,,2
NGA,Kebbi,495971,Children severely underweight,11,1,NG,Nigeria,2024,NG2024DHS,CN_NUTS_C_WA3,104236080,I,433035,1433035,Region,..Kebbi,0,,0,1,CNNUTSCWA3,NGDHS2024433035,2024,DHS,287,389,,,2
NGA,Sokoto,2478917,Children severely underweight,6.8,1,NG,Nigeria,2024,NG2024DHS,CN_NUTS_C_WA3,104236080,I,433036,1433036,Region,..Sokoto,0,,0,1,CNNUTSCWA3,NGDHS2024433036,2024,DHS,332,352,,,2
NGA,Zamfara,5476719,Children severely underweight,18.3,1,NG,Nigeria,2024,NG2024DHS,CN_NUTS_C_WA3,104236080,I,433037,1433037,Region,..Zamfara,0,,0,1,CNNUTSCWA3,NGDHS2024433037,2024,DHS,326,232,,,2
NGA,South East,7587152,Children severely underweight,4.2,1,NG,Nigeria,2024,NG2024DHS,CN_NUTS_C_WA3,104236080,I,433008,1433040,Region,South East,0,,0,1,CNNUTSCWA3,NGDHS2024433008,2024,DHS,1282,1837,,,1
NGA,Abia,2478858,Children severely underweight,3.5,1,NG,Nigeria,2024,NG2024DHS,CN_NUTS_C_WA3,104236080,I,433041,1433041,Region,..Abia,0,,0,1,CNNUTSCWA3,NGDHS2024433041,2024,DHS,114,202,,,2
NGA,Anambra,5190338,Children severely underweight,5.4,1,NG,Nigeria,2024,NG2024DHS,CN_NUTS_C_WA3,104236080,I,433042,1433042,Region,..Anambra,0,,0,1,CNNUTSCWA3,NGDHS2024433042,2024,DHS,265,353,,,2
NGA,Ebonyi,3657255,Children severely underweight,5.8,1,NG,Nigeria,2024,NG2024DHS,CN_NUTS_C_WA3,104236080,I,433043,1433043,Region,..Ebonyi,0,,0,1,CNNUTSCWA3,NGDHS2024433043,2024,DHS,392,528,,,2
NGA,Enugu,2846758,Children severely underweight,1.1,1,NG,Nigeria,2024,NG2024DHS,CN_NUTS_C_WA3,104236080,I,433044,1433044,Region,..Enugu,0,,0,1,CNNUTSCWA3,NGDHS2024433044,2024,DHS,221,340,,,2
NGA,Imo,6112748,Children severely underweight,3.6,1,NG,Nigeria,2024,NG2024DHS,CN_NUTS_C_WA3,104236080,I,433045,1433045,Region,..Imo,0,,0,1,CNNUTSCWA3,NGDHS2024433045,2024,DHS,291,414,,,2
NGA,South West,6654550,Children severely underweight,3.9,1,NG,Nigeria,2024,NG2024DHS,CN_NUTS_C_WA3,104236080,I,433009,1433050,Region,South West,0,,0,1,CNNUTSCWA3,NGDHS2024433009,2024,DHS,1073,961,,,1
NGA,Ekiti,64852,Children severely underweight,2.1,1,NG,Nigeria,2024,NG2024DHS,CN_NUTS_C_WA3,104236080,I,433051,1433051,Region,..Ekiti,0,,0,1,CNNUTSCWA3,NGDHS2024433051,2024,DHS,61,130,,,2
NGA,Lagos,6742072,Children severely underweight,2.8,1,NG,Nigeria,2024,NG2024DHS,CN_NUTS_C_WA3,104236080,I,433052,1433052,Region,..Lagos,0,,0,1,CNNUTSCWA3,NGDHS2024433052,2024,DHS,242,143,,,2
NGA,Ogun,2478883,Children severely underweight,4.3,1,NG,Nigeria,2024,NG2024DHS,CN_NUTS_C_WA3,104236080,I,433053,1433053,Region,..Ogun,0,,0,1,CNNUTSCWA3,NGDHS2024433053,2024,DHS,244,177,,,2
NGA,Ondo,181569,Children severely underweight,7.3,1,NG,Nigeria,2024,NG2024DHS,CN_NUTS_C_WA3,104236080,I,433054,1433054,Region,..Ondo,0,,0,1,CNNUTSCWA3,NGDHS2024433054,2024,DHS,106,130,,,2
NGA,Osun,2478865,Children severely underweight,2.8,1,NG,Nigeria,2024,NG2024DHS,CN_NUTS_C_WA3,104236080,I,433055,1433055,Region,..Osun,0,,0,1,CNNUTSCWA3,NGDHS2024433055,2024,DHS,140,147,,,2
NGA,Oyo,5484172,Children severely underweight,4.2,1,NG,Nigeria,2024,NG2024DHS,CN_NUTS_C_WA3,104236080,I,433056,1433056,Region,..Oyo,0,,0,1,CNNUTSCWA3,NGDHS2024433056,2024,DHS,280,234,,,2
NGA,South South,2478830,Children severely underweight,3.8,1,NG,Nigeria,2024,NG2024DHS,CN_NUTS_C_WA3,104236080,I,433010,1433060,Region,South South,0,,0,1,CNNUTSCWA3,NGDHS2024433010,2024,DHS,996,1209,,,1
NGA,Akwa Ibom,4746392,Children severely underweight,5,1,NG,Nigeria,2024,NG2024DHS,CN_NUTS_C_WA3,104236080,I,433061,1433061,Region,..Akwa Ibom,0,,0,1,CNNUTSCWA3,NGDHS2024433061,2024,DHS,161,204,,,2
NGA,Bayelsa,3692048,Children severely underweight,5.1,1,NG,Nigeria,2024,NG2024DHS,CN_NUTS_C_WA3,104236080,I,433062,1433062,Region,..Bayelsa,0,,0,1,CNNUTSCWA3,NGDHS2024433062,2024,DHS,80,211,,,2
NGA,Cross River,7765039,Children severely underweight,5.4,1,NG,Nigeria,2024,NG2024DHS,CN_NUTS_C_WA3,104236080,I,433063,1433063,Region,..Cross River,0,,0,1,CNNUTSCWA3,NGDHS2024433063,2024,DHS,104,156,,,2
NGA,Delta,6125946,Children severely underweight,2.9,1,NG,Nigeria,2024,NG2024DHS,CN_NUTS_C_WA3,104236080,I,433064,1433064,Region,..Delta,0,,0,1,CNNUTSCWA3,NGDHS2024433064,2024,DHS,176,166,,,2
NGA,Edo,4404549,Children severely underweight,2.1,1,NG,Nigeria,2024,NG2024DHS,CN_NUTS_C_WA3,104236080,I,433065,1433065,Region,..Edo,0,,0,1,CNNUTSCWA3,NGDHS2024433065,2024,DHS,140,185,,,2
NGA,Rivers,6575992,Children severely underweight,3.7,1,NG,Nigeria,2024,NG2024DHS,CN_NUTS_C_WA3,104236080,I,433066,1433066,Region,..Rivers,0,,0,1,CNNUTSCWA3,NGDHS2024433066,2024,DHS,336,287,,,2
NGA,North Central,4405759,Children underweight,21.1,1,NG,Nigeria,2024,NG2024DHS,CN_NUTS_C_WA2,104236090,I,433005,1433010,Region,North Central,0,,0,1,CNNUTSCWA2,NGDHS2024433005,2024,DHS,1752,1838,,,1
NGA,FCT Abuja,5138474,Children underweight,13.7,1,NG,Nigeria,2024,NG2024DHS,CN_NUTS_C_WA2,104236090,I,433011,1433011,Region,..FCT Abuja,0,,0,1,CNNUTSCWA2,NGDHS2024433011,2024,DHS,158,174,,,2
NGA,Benue,4839886,Children underweight,13.4,1,NG,Nigeria,2024,NG2024DHS,CN_NUTS_C_WA2,104236090,I,433012,1433012,Region,..Benue,0,,0,1,CNNUTSCWA2,NGDHS2024433012,2024,DHS,217,211,,,2
NGA,Kogi,4291093,Children underweight,21.1,1,NG,Nigeria,2024,NG2024DHS,CN_NUTS_C_WA2,104236090,I,433013,1433013,Region,..Kogi,0,,0,1,CNNUTSCWA2,NGDHS2024433013,2024,DHS,174,268,,,2
NGA,Kwara,6457433,Children underweight,24.5,1,NG,Nigeria,2024,NG2024DHS,CN_NUTS_C_WA2,104236090,I,433014,1433014,Region,..Kwara,0,,0,1,CNNUTSCWA2,NGDHS2024433014,2024,DHS,199,247,,,2
NGA,Nasarawa,2613801,Children underweight,22.9,1,NG,Nigeria,2024,NG2024DHS,CN_NUTS_C_WA2,104236090,I,433015,1433015,Region,..Nasarawa,0,,0,1,CNNUTSCWA2,NGDHS2024433015,2024,DHS,269,305,,,2
NGA,Niger,482238,Children underweight,23.7,1,NG,Nigeria,2024,NG2024DHS,CN_NUTS_C_WA2,104236090,I,433016,1433016,Region,..Niger,0,,0,1,CNNUTSCWA2,NGDHS2024433016,2024,DHS,496,342,,,2
NGA,Plateau,2460219,Children underweight,22.8,1,NG,Nigeria,2024,NG2024DHS,CN_NUTS_C_WA2,104236090,I,433017,1433017,Region,..Plateau,0,,0,1,CNNUTSCWA2,NGDHS2024433017,2024,DHS,239,291,,,2
NGA,North East,4145403,Children underweight,33.4,1,NG,Nigeria,2024,NG2024DHS,CN_NUTS_C_WA2,104236090,I,433006,1433020,Region,North East,0,,0,1,CNNUTSCWA2,NGDHS2024433006,2024,DHS,1842,1872,,,1
NGA,Adamawa,3508004,Children underweight,32.5,1,NG,Nigeria,2024,NG2024DHS,CN_NUTS_C_WA2,104236090,I,433021,1433021,Region,..Adamawa,0,,0,1,CNNUTSCWA2,NGDHS2024433021,2024,DHS,243,306,,,2
NGA,Bauchi,2460191,Children underweight,33.4,1,NG,Nigeria,2024,NG2024DHS,CN_NUTS_C_WA2,104236090,I,433022,1433022,Region,..Bauchi,0,,0,1,CNNUTSCWA2,NGDHS2024433022,2024,DHS,545,347,,,2
NGA,Borno,5193019,Children underweight,28.1,1,NG,Nigeria,2024,NG2024DHS,CN_NUTS_C_WA2,104236090,I,433023,1433023,Region,..Borno,0,,0,1,CNNUTSCWA2,NGDHS2024433023,2024,DHS,378,294,,,2
NGA,Gombe,3599176,Children underweight,38.6,1,NG,Nigeria,2024,NG2024DHS,CN_NUTS_C_WA2,104236090,I,433024,1433024,Region,..Gombe,0,,0,1,CNNUTSCWA2,NGDHS2024433024,2024,DHS,177,324,,,2
NGA,Taraba,2853576,Children underweight,31.4,1,NG,Nigeria,2024,NG2024DHS,CN_NUTS_C_WA2,104236090,I,433025,1433025,Region,..Taraba,0,,0,1,CNNUTSCWA2,NGDHS2024433025,2024,DHS,195,239,,,2
NGA,Yobe,6518968,Children underweight,38.8,1,NG,Nigeria,2024,NG2024DHS,CN_NUTS_C_WA2,104236090,I,433026,1433026,Region,..Yobe,0,,0,1,CNNUTSCWA2,NGDHS2024433026,2024,DHS,305,362,,,2
NGA,North West,6383755,Children underweight,33.8,1,NG,Nigeria,2024,NG2024DHS,CN_NUTS_C_WA2,104236090,I,433007,1433030,Region,North West,0,,0,1,CNNUTSCWA2,NGDHS2024433007,2024,DHS,3575,2572,,,1
NGA,Jigawa,4819083,Children underweight,41.9,1,NG,Nigeria,2024,NG2024DHS,CN_NUTS_C_WA2,104236090,I,433031,1433031,Region,..Jigawa,0,,0,1,CNNUTSCWA2,NGDHS2024433031,2024,DHS,394,381,,,2
NGA,Kaduna,58094,Children underweight,24.7,1,NG,Nigeria,2024,NG2024DHS,CN_NUTS_C_WA2,104236090,I,433032,1433032,Region,..Kaduna,0,,0,1,CNNUTSCWA2,NGDHS2024433032,2024,DHS,675,387,,,2
NGA,Kano,6728559,Children underweight,38.4,1,NG,Nigeria,2024,NG2024DHS,CN_NUTS_C_WA2,104236090,I,433033,1433033,Region,..Kano,0,,0,1,CNNUTSCWA2,NGDHS2024433033,2024,DHS,977,479,,,2
NGA,Katsina,6777838,Children underweight,26.8,1,NG,Nigeria,2024,NG2024DHS,CN_NUTS_C_WA2,104236090,I,433034,1433034,Region,..Katsina,0,,0,1,CNNUTSCWA2,NGDHS2024433034,2024,DHS,584,352,,,2
NGA,Kebbi,495973,Children underweight,40.6,1,NG,Nigeria,2024,NG2024DHS,CN_NUTS_C_WA2,104236090,I,433035,1433035,Region,..Kebbi,0,,0,1,CNNUTSCWA2,NGDHS2024433035,2024,DHS,287,389,,,2
NGA,Sokoto,2478916,Children underweight,24.9,1,NG,Nigeria,2024,NG2024DHS,CN_NUTS_C_WA2,104236090,I,433036,1433036,Region,..Sokoto,0,,0,1,CNNUTSCWA2,NGDHS2024433036,2024,DHS,332,352,,,2
NGA,Zamfara,5476867,Children underweight,44.3,1,NG,Nigeria,2024,NG2024DHS,CN_NUTS_C_WA2,104236090,I,433037,1433037,Region,..Zamfara,0,,0,1,CNNUTSCWA2,NGDHS2024433037,2024,DHS,326,232,,,2
NGA,South East,7587151,Children underweight,16,1,NG,Nigeria,2024,NG2024DHS,CN_NUTS_C_WA2,104236090,I,433008,1433040,Region,South East,0,,0,1,CNNUTSCWA2,NGDHS2024433008,2024,DHS,1282,1837,,,1
NGA,Abia,2478857,Children underweight,16.3,1,NG,Nigeria,2024,NG2024DHS,CN_NUTS_C_WA2,104236090,I,433041,1433041,Region,..Abia,0,,0,1,CNNUTSCWA2,NGDHS2024433041,2024,DHS,114,202,,,2
NGA,Anambra,5190337,Children underweight,13,1,NG,Nigeria,2024,NG2024DHS,CN_NUTS_C_WA2,104236090,I,433042,1433042,Region,..Anambra,0,,0,1,CNNUTSCWA2,NGDHS2024433042,2024,DHS,265,353,,,2
NGA,Ebonyi,3657254,Children underweight,22.4,1,NG,Nigeria,2024,NG2024DHS,CN_NUTS_C_WA2,104236090,I,433043,1433043,Region,..Ebonyi,0,,0,1,CNNUTSCWA2,NGDHS2024433043,2024,DHS,392,528,,,2
NGA,Enugu,2846757,Children underweight,8.2,1,NG,Nigeria,2024,NG2024DHS,CN_NUTS_C_WA2,104236090,I,433044,1433044,Region,..Enugu,0,,0,1,CNNUTSCWA2,NGDHS2024433044,2024,DHS,221,340,,,2
NGA,Imo,6112799,Children underweight,15.8,1,NG,Nigeria,2024,NG2024DHS,CN_NUTS_C_WA2,104236090,I,433045,1433045,Region,..Imo,0,,0,1,CNNUTSCWA2,NGDHS2024433045,2024,DHS,291,414,,,2
NGA,South West,6654549,Children underweight,21.8,1,NG,Nigeria,2024,NG2024DHS,CN_NUTS_C_WA2,104236090,I,433009,1433050,Region,South West,0,,0,1,CNNUTSCWA2,NGDHS2024433009,2024,DHS,1073,961,,,1
NGA,Ekiti,64851,Children underweight,16.9,1,NG,Nigeria,2024,NG2024DHS,CN_NUTS_C_WA2,104236090,I,433051,1433051,Region,..Ekiti,0,,0,1,CNNUTSCWA2,NGDHS2024433051,2024,DHS,61,130,,,2
NGA,Lagos,6742071,Children underweight,14.3,1,NG,Nigeria,2024,NG2024DHS,CN_NUTS_C_WA2,104236090,I,433052,1433052,Region,..Lagos,0,,0,1,CNNUTSCWA2,NGDHS2024433052,2024,DHS,242,143,,,2
NGA,Ogun,2478882,Children underweight,23.8,1,NG,Nigeria,2024,NG2024DHS,CN_NUTS_C_WA2,104236090,I,433053,1433053,Region,..Ogun,0,,0,1,CNNUTSCWA2,NGDHS2024433053,2024,DHS,244,177,,,2
NGA,Ondo,181568,Children underweight,17.8,1,NG,Nigeria,2024,NG2024DHS,CN_NUTS_C_WA2,104236090,I,433054,1433054,Region,..Ondo,0,,0,1,CNNUTSCWA2,NGDHS2024433054,2024,DHS,106,130,,,2
NGA,Osun,2478845,Children underweight,27.9,1,NG,Nigeria,2024,NG2024DHS,CN_NUTS_C_WA2,104236090,I,433055,1433055,Region,..Osun,0,,0,1,CNNUTSCWA2,NGDHS2024433055,2024,DHS,140,147,,,2
NGA,Oyo,5484231,Children underweight,26.1,1,NG,Nigeria,2024,NG2024DHS,CN_NUTS_C_WA2,104236090,I,433056,1433056,Region,..Oyo,0,,0,1,CNNUTSCWA2,NGDHS2024433056,2024,DHS,280,234,,,2
NGA,South South,2478829,Children underweight,16.8,1,NG,Nigeria,2024,NG2024DHS,CN_NUTS_C_WA2,104236090,I,433010,1433060,Region,South South,0,,0,1,CNNUTSCWA2,NGDHS2024433010,2024,DHS,996,1209,,,1
NGA,Akwa Ibom,4746395,Children underweight,22.6,1,NG,Nigeria,2024,NG2024DHS,CN_NUTS_C_WA2,104236090,I,433061,1433061,Region,..Akwa Ibom,0,,0,1,CNNUTSCWA2,NGDHS2024433061,2024,DHS,161,204,,,2
NGA,Bayelsa,3692047,Children underweight,23,1,NG,Nigeria,2024,NG2024DHS,CN_NUTS_C_WA2,104236090,I,433062,1433062,Region,..Bayelsa,0,,0,1,CNNUTSCWA2,NGDHS2024433062,2024,DHS,80,211,,,2
NGA,Cross River,7765038,Children underweight,16,1,NG,Nigeria,2024,NG2024DHS,CN_NUTS_C_WA2,104236090,I,433063,1433063,Region,..Cross River,0,,0,1,CNNUTSCWA2,NGDHS2024433063,2024,DHS,104,156,,,2
NGA,Delta,6125948,Children underweight,19.6,1,NG,Nigeria,2024,NG2024DHS,CN_NUTS_C_WA2,104236090,I,433064,1433064,Region,..Delta,0,,0,1,CNNUTSCWA2,NGDHS2024433064,2024,DHS,176,166,,,2
NGA,Edo,4404548,Children underweight,13,1,NG,Nigeria,2024,NG2024DHS,CN_NUTS_C_WA2,104236090,I,433065,1433065,Region,..Edo,0,,0,1,CNNUTSCWA2,NGDHS2024433065,2024,DHS,140,185,,,2
NGA,Rivers,6575991,Children underweight,13,1,NG,Nigeria,2024,NG2024DHS,CN_NUTS_C_WA2,104236090,I,433066,1433066,Region,..Rivers,0,,0,1,CNNUTSCWA2,NGDHS2024433066,2024,DHS,336,287,,,2
NGA,North Central,4405758,Children overweight for their age,0.5,1,NG,Nigeria,2024,NG2024DHS,CN_NUTS_C_WAP,104236100,I,433005,1433010,Region,North Central,0,,0,1,CNNUTSCWAP,NGDHS2024433005,2024,DHS,1752,1838,,,1
NGA,FCT Abuja,5138476,Children overweight for their age,2.4,1,NG,Nigeria,2024,NG2024DHS,CN_NUTS_C_WAP,104236100,I,433011,1433011,Region,..FCT Abuja,0,,0,1,CNNUTSCWAP,NGDHS2024433011,2024,DHS,158,174,,,2
NGA,Benue,4839885,Children overweight for their age,0.6,1,NG,Nigeria,2024,NG2024DHS,CN_NUTS_C_WAP,104236100,I,433012,1433012,Region,..Benue,0,,0,1,CNNUTSCWAP,NGDHS2024433012,2024,DHS,217,211,,,2
NGA,Kogi,4291092,Children overweight for their age,0,1,NG,Nigeria,2024,NG2024DHS,CN_NUTS_C_WAP,104236100,I,433013,1433013,Region,..Kogi,0,,0,1,CNNUTSCWAP,NGDHS2024433013,2024,DHS,174,268,,,2
NGA,Kwara,6457437,Children overweight for their age,0,1,NG,Nigeria,2024,NG2024DHS,CN_NUTS_C_WAP,104236100,I,433014,1433014,Region,..Kwara,0,,0,1,CNNUTSCWAP,NGDHS2024433014,2024,DHS,199,247,,,2
NGA,Nasarawa,2613800,Children overweight for their age,0.3,1,NG,Nigeria,2024,NG2024DHS,CN_NUTS_C_WAP,104236100,I,433015,1433015,Region,..Nasarawa,0,,0,1,CNNUTSCWAP,NGDHS2024433015,2024,DHS,269,305,,,2
NGA,Niger,482237,Children overweight for their age,0.3,1,NG,Nigeria,2024,NG2024DHS,CN_NUTS_C_WAP,104236100,I,433016,1433016,Region,..Niger,0,,0,1,CNNUTSCWAP,NGDHS2024433016,2024,DHS,496,342,,,2
NGA,Plateau,2460183,Children overweight for their age,0.1,1,NG,Nigeria,2024,NG2024DHS,CN_NUTS_C_WAP,104236100,I,433017,1433017,Region,..Plateau,0,,0,1,CNNUTSCWAP,NGDHS2024433017,2024,DHS,239,291,,,2
NGA,North East,4145402,Children overweight for their age,0.6,1,NG,Nigeria,2024,NG2024DHS,CN_NUTS_C_WAP,104236100,I,433006,1433020,Region,North East,0,,0,1,CNNUTSCWAP,NGDHS2024433006,2024,DHS,1842,1872,,,1
NGA,Adamawa,3508006,Children overweight for their age,0.3,1,NG,Nigeria,2024,NG2024DHS,CN_NUTS_C_WAP,104236100,I,433021,1433021,Region,..Adamawa,0,,0,1,CNNUTSCWAP,NGDHS2024433021,2024,DHS,243,306,,,2
NGA,Bauchi,2460198,Children overweight for their age,0.7,1,NG,Nigeria,2024,NG2024DHS,CN_NUTS_C_WAP,104236100,I,433022,1433022,Region,..Bauchi,0,,0,1,CNNUTSCWAP,NGDHS2024433022,2024,DHS,545,347,,,2
NGA,Borno,5193018,Children overweight for their age,0.9,1,NG,Nigeria,2024,NG2024DHS,CN_NUTS_C_WAP,104236100,I,433023,1433023,Region,..Borno,0,,0,1,CNNUTSCWAP,NGDHS2024433023,2024,DHS,378,294,,,2
NGA,Gombe,3599178,Children overweight for their age,1.2,1,NG,Nigeria,2024,NG2024DHS,CN_NUTS_C_WAP,104236100,I,433024,1433024,Region,..Gombe,0,,0,1,CNNUTSCWAP,NGDHS2024433024,2024,DHS,177,324,,,2
NGA,Taraba,2853575,Children overweight for their age,0,1,NG,Nigeria,2024,NG2024DHS,CN_NUTS_C_WAP,104236100,I,433025,1433025,Region,..Taraba,0,,0,1,CNNUTSCWAP,NGDHS2024433025,2024,DHS,195,239,,,2
NGA,Yobe,6518944,Children overweight for their age,0.7,1,NG,Nigeria,2024,NG2024DHS,CN_NUTS_C_WAP,104236100,I,433026,1433026,Region,..Yobe,0,,0,1,CNNUTSCWAP,NGDHS2024433026,2024,DHS,305,362,,,2
NGA,North West,6383754,Children overweight for their age,0.4,1,NG,Nigeria,2024,NG2024DHS,CN_NUTS_C_WAP,104236100,I,433007,1433030,Region,North West,0,,0,1,CNNUTSCWAP,NGDHS2024433007,2024,DHS,3575,2572,,,1
NGA,Jigawa,4819082,Children overweight for their age,0.3,1,NG,Nigeria,2024,NG2024DHS,CN_NUTS_C_WAP,104236100,I,433031,1433031,Region,..Jigawa,0,,0,1,CNNUTSCWAP,NGDHS2024433031,2024,DHS,394,381,,,2
NGA,Kaduna,58093,Children overweight for their age,0.6,1,NG,Nigeria,2024,NG2024DHS,CN_NUTS_C_WAP,104236100,I,433032,1433032,Region,..Kaduna,0,,0,1,CNNUTSCWAP,NGDHS2024433032,2024,DHS,675,387,,,2
NGA,Kano,6728558,Children overweight for their age,0.4,1,NG,Nigeria,2024,NG2024DHS,CN_NUTS_C_WAP,104236100,I,433033,1433033,Region,..Kano,0,,0,1,CNNUTSCWAP,NGDHS2024433033,2024,DHS,977,479,,,2
NGA,Katsina,6777836,Children overweight for their age,0.8,1,NG,Nigeria,2024,NG2024DHS,CN_NUTS_C_WAP,104236100,I,433034,1433034,Region,..Katsina,0,,0,1,CNNUTSCWAP,NGDHS2024433034,2024,DHS,584,352,,,2
NGA,Kebbi,495972,Children overweight for their age,0,1,NG,Nigeria,2024,NG2024DHS,CN_NUTS_C_WAP,104236100,I,433035,1433035,Region,..Kebbi,0,,0,1,CNNUTSCWAP,NGDHS2024433035,2024,DHS,287,389,,,2
NGA,Sokoto,2478918,Children overweight for their age,0.1,1,NG,Nigeria,2024,NG2024DHS,CN_NUTS_C_WAP,104236100,I,433036,1433036,Region,..Sokoto,0,,0,1,CNNUTSCWAP,NGDHS2024433036,2024,DHS,332,352,,,2
NGA,Zamfara,5476720,Children overweight for their age,0,1,NG,Nigeria,2024,NG2024DHS,CN_NUTS_C_WAP,104236100,I,433037,1433037,Region,..Zamfara,0,,0,1,CNNUTSCWAP,NGDHS2024433037,2024,DHS,326,232,,,2
NGA,South East,7587153,Children overweight for their age,0.5,1,NG,Nigeria,2024,NG2024DHS,CN_NUTS_C_WAP,104236100,I,433008,1433040,Region,South East,0,,0,1,CNNUTSCWAP,NGDHS2024433008,2024,DHS,1282,1837,,,1
NGA,Abia,2478859,Children overweight for their age,1.1,1,NG,Nigeria,2024,NG2024DHS,CN_NUTS_C_WAP,104236100,I,433041,1433041,Region,..Abia,0,,0,1,CNNUTSCWAP,NGDHS2024433041,2024,DHS,114,202,,,2
NGA,Anambra,5190554,Children overweight for their age,0.7,1,NG,Nigeria,2024,NG2024DHS,CN_NUTS_C_WAP,104236100,I,433042,1433042,Region,..Anambra,0,,0,1,CNNUTSCWAP,NGDHS2024433042,2024,DHS,265,353,,,2
NGA,Ebonyi,3657256,Children overweight for their age,0,1,NG,Nigeria,2024,NG2024DHS,CN_NUTS_C_WAP,104236100,I,433043,1433043,Region,..Ebonyi,0,,0,1,CNNUTSCWAP,NGDHS2024433043,2024,DHS,392,528,,,2
NGA,Enugu,2846761,Children overweight for their age,0.6,1,NG,Nigeria,2024,NG2024DHS,CN_NUTS_C_WAP,104236100,I,433044,1433044,Region,..Enugu,0,,0,1,CNNUTSCWAP,NGDHS2024433044,2024,DHS,221,340,,,2
NGA,Imo,6112749,Children overweight for their age,0.7,1,NG,Nigeria,2024,NG2024DHS,CN_NUTS_C_WAP,104236100,I,433045,1433045,Region,..Imo,0,,0,1,CNNUTSCWAP,NGDHS2024433045,2024,DHS,291,414,,,2
NGA,South West,6654551,Children overweight for their age,0.4,1,NG,Nigeria,2024,NG2024DHS,CN_NUTS_C_WAP,104236100,I,433009,1433050,Region,South West,0,,0,1,CNNUTSCWAP,NGDHS2024433009,2024,DHS,1073,961,,,1
NGA,Ekiti,64873,Children overweight for their age,0,1,NG,Nigeria,2024,NG2024DHS,CN_NUTS_C_WAP,104236100,I,433051,1433051,Region,..Ekiti,0,,0,1,CNNUTSCWAP,NGDHS2024433051,2024,DHS,61,130,,,2
NGA,Lagos,6742073,Children overweight for their age,1.3,1,NG,Nigeria,2024,NG2024DHS,CN_NUTS_C_WAP,104236100,I,433052,1433052,Region,..Lagos,0,,0,1,CNNUTSCWAP,NGDHS2024433052,2024,DHS,242,143,,,2
NGA,Ogun,2478949,Children overweight for their age,0,1,NG,Nigeria,2024,NG2024DHS,CN_NUTS_C_WAP,104236100,I,433053,1433053,Region,..Ogun,0,,0,1,CNNUTSCWAP,NGDHS2024433053,2024,DHS,244,177,,,2
NGA,Ondo,181573,Children overweight for their age,0,1,NG,Nigeria,2024,NG2024DHS,CN_NUTS_C_WAP,104236100,I,433054,1433054,Region,..Ondo,0,,0,1,CNNUTSCWAP,NGDHS2024433054,2024,DHS,106,130,,,2
NGA,Osun,2478866,Children overweight for their age,0,1,NG,Nigeria,2024,NG2024DHS,CN_NUTS_C_WAP,104236100,I,433055,1433055,Region,..Osun,0,,0,1,CNNUTSCWAP,NGDHS2024433055,2024,DHS,140,147,,,2
NGA,Oyo,5484173,Children overweight for their age,0.4,1,NG,Nigeria,2024,NG2024DHS,CN_NUTS_C_WAP,104236100,I,433056,1433056,Region,..Oyo,0,,0,1,CNNUTSCWAP,NGDHS2024433056,2024,DHS,280,234,,,2
NGA,South South,2478831,Children overweight for their age,0.8,1,NG,Nigeria,2024,NG2024DHS,CN_NUTS_C_WAP,104236100,I,433010,1433060,Region,South South,0,,0,1,CNNUTSCWAP,NGDHS2024433010,2024,DHS,996,1209,,,1
NGA,Akwa Ibom,4746393,Children overweight for their age,0,1,NG,Nigeria,2024,NG2024DHS,CN_NUTS_C_WAP,104236100,I,433061,1433061,Region,..Akwa Ibom,0,,0,1,CNNUTSCWAP,NGDHS2024433061,2024,DHS,161,204,,,2
NGA,Bayelsa,3692049,Children overweight for their age,0.9,1,NG,Nigeria,2024,NG2024DHS,CN_NUTS_C_WAP,104236100,I,433062,1433062,Region,..Bayelsa,0,,0,1,CNNUTSCWAP,NGDHS2024433062,2024,DHS,80,211,,,2
NGA,Cross River,7765040,Children overweight for their age,0,1,NG,Nigeria,2024,NG2024DHS,CN_NUTS_C_WAP,104236100,I,433063,1433063,Region,..Cross River,0,,0,1,CNNUTSCWAP,NGDHS2024433063,2024,DHS,104,156,,,2
NGA,Delta,6125947,Children overweight for their age,1.2,1,NG,Nigeria,2024,NG2024DHS,CN_NUTS_C_WAP,104236100,I,433064,1433064,Region,..Delta,0,,0,1,CNNUTSCWAP,NGDHS2024433064,2024,DHS,176,166,,,2
NGA,Edo,4404580,Children overweight for their age,0.8,1,NG,Nigeria,2024,NG2024DHS,CN_NUTS_C_WAP,104236100,I,433065,1433065,Region,..Edo,0,,0,1,CNNUTSCWAP,NGDHS2024433065,2024,DHS,140,185,,,2
NGA,Rivers,6575993,Children overweight for their age,1.3,1,NG,Nigeria,2024,NG2024DHS,CN_NUTS_C_WAP,104236100,I,433066,1433066,Region,..Rivers,0,,0,1,CNNUTSCWAP,NGDHS2024433066,2024,DHS,336,287,,,2
NGA,North Central,4405760,Mean weight for age of children,-1.1,1,NG,Nigeria,2024,NG2024DHS,CN_NUTS_C_WAM,104236110,I,433005,1433010,Region,North Central,0,,0,1,CNNUTSCWAM,NGDHS2024433005,2024,DHS,1752,1838,,,1
NGA,FCT Abuja,5138477,Mean weight for age of children,-0.7,1,NG,Nigeria,2024,NG2024DHS,CN_NUTS_C_WAM,104236110,I,433011,1433011,Region,..FCT Abuja,0,,0,1,CNNUTSCWAM,NGDHS2024433011,2024,DHS,158,174,,,2
NGA,Benue,4839887,Mean weight for age of children,-0.8,1,NG,Nigeria,2024,NG2024DHS,CN_NUTS_C_WAM,104236110,I,433012,1433012,Region,..Benue,0,,0,1,CNNUTSCWAM,NGDHS2024433012,2024,DHS,217,211,,,2
NGA,Kogi,4291095,Mean weight for age of children,-1.2,1,NG,Nigeria,2024,NG2024DHS,CN_NUTS_C_WAM,104236110,I,433013,1433013,Region,..Kogi,0,,0,1,CNNUTSCWAM,NGDHS2024433013,2024,DHS,174,268,,,2
NGA,Kwara,6457477,Mean weight for age of children,-1.4,1,NG,Nigeria,2024,NG2024DHS,CN_NUTS_C_WAM,104236110,I,433014,1433014,Region,..Kwara,0,,0,1,CNNUTSCWAM,NGDHS2024433014,2024,DHS,199,247,,,2
NGA,Nasarawa,2613802,Mean weight for age of children,-1.2,1,NG,Nigeria,2024,NG2024DHS,CN_NUTS_C_WAM,104236110,I,433015,1433015,Region,..Nasarawa,0,,0,1,CNNUTSCWAM,NGDHS2024433015,2024,DHS,269,305,,,2
NGA,Niger,482239,Mean weight for age of children,-1.2,1,NG,Nigeria,2024,NG2024DHS,CN_NUTS_C_WAM,104236110,I,433016,1433016,Region,..Niger,0,,0,1,CNNUTSCWAM,NGDHS2024433016,2024,DHS,496,342,,,2
NGA,Plateau,2460220,Mean weight for age of children,-1.2,1,NG,Nigeria,2024,NG2024DHS,CN_NUTS_C_WAM,104236110,I,433017,1433017,Region,..Plateau,0,,0,1,CNNUTSCWAM,NGDHS2024433017,2024,DHS,239,291,,,2
NGA,North East,4145404,Mean weight for age of children,-1.5,1,NG,Nigeria,2024,NG2024DHS,CN_NUTS_C_WAM,104236110,I,433006,1433020,Region,North East,0,,0,1,CNNUTSCWAM,NGDHS2024433006,2024,DHS,1842,1872,,,1
NGA,Adamawa,3508007,Mean weight for age of children,-1.5,1,NG,Nigeria,2024,NG2024DHS,CN_NUTS_C_WAM,104236110,I,433021,1433021,Region,..Adamawa,0,,0,1,CNNUTSCWAM,NGDHS2024433021,2024,DHS,243,306,,,2
NGA,Bauchi,2460223,Mean weight for age of children,-1.5,1,NG,Nigeria,2024,NG2024DHS,CN_NUTS_C_WAM,104236110,I,433022,1433022,Region,..Bauchi,0,,0,1,CNNUTSCWAM,NGDHS2024433022,2024,DHS,545,347,,,2
NGA,Borno,5193020,Mean weight for age of children,-1.4,1,NG,Nigeria,2024,NG2024DHS,CN_NUTS_C_WAM,104236110,I,433023,1433023,Region,..Borno,0,,0,1,CNNUTSCWAM,NGDHS2024433023,2024,DHS,378,294,,,2
NGA,Gombe,3599179,Mean weight for age of children,-1.6,1,NG,Nigeria,2024,NG2024DHS,CN_NUTS_C_WAM,104236110,I,433024,1433024,Region,..Gombe,0,,0,1,CNNUTSCWAM,NGDHS2024433024,2024,DHS,177,324,,,2
NGA,Taraba,2853577,Mean weight for age of children,-1.4,1,NG,Nigeria,2024,NG2024DHS,CN_NUTS_C_WAM,104236110,I,433025,1433025,Region,..Taraba,0,,0,1,CNNUTSCWAM,NGDHS2024433025,2024,DHS,195,239,,,2
NGA,Yobe,6518969,Mean weight for age of children,-1.7,1,NG,Nigeria,2024,NG2024DHS,CN_NUTS_C_WAM,104236110,I,433026,1433026,Region,..Yobe,0,,0,1,CNNUTSCWAM,NGDHS2024433026,2024,DHS,305,362,,,2
NGA,North West,6383756,Mean weight for age of children,-1.6,1,NG,Nigeria,2024,NG2024DHS,CN_NUTS_C_WAM,104236110,I,433007,1433030,Region,North West,0,,0,1,CNNUTSCWAM,NGDHS2024433007,2024,DHS,3575,2572,,,1
NGA,Jigawa,4819037,Mean weight for age of children,-1.9,1,NG,Nigeria,2024,NG2024DHS,CN_NUTS_C_WAM,104236110,I,433031,1433031,Region,..Jigawa,0,,0,1,CNNUTSCWAM,NGDHS2024433031,2024,DHS,394,381,,,2
NGA,Kaduna,58095,Mean weight for age of children,-1.2,1,NG,Nigeria,2024,NG2024DHS,CN_NUTS_C_WAM,104236110,I,433032,1433032,Region,..Kaduna,0,,0,1,CNNUTSCWAM,NGDHS2024433032,2024,DHS,675,387,,,2
NGA,Kano,6728745,Mean weight for age of children,-1.6,1,NG,Nigeria,2024,NG2024DHS,CN_NUTS_C_WAM,104236110,I,433033,1433033,Region,..Kano,0,,0,1,CNNUTSCWAM,NGDHS2024433033,2024,DHS,977,479,,,2
NGA,Katsina,6777839,Mean weight for age of children,-1.4,1,NG,Nigeria,2024,NG2024DHS,CN_NUTS_C_WAM,104236110,I,433034,1433034,Region,..Katsina,0,,0,1,CNNUTSCWAM,NGDHS2024433034,2024,DHS,584,352,,,2
NGA,Kebbi,495974,Mean weight for age of children,-1.7,1,NG,Nigeria,2024,NG2024DHS,CN_NUTS_C_WAM,104236110,I,433035,1433035,Region,..Kebbi,0,,0,1,CNNUTSCWAM,NGDHS2024433035,2024,DHS,287,389,,,2
NGA,Sokoto,2478919,Mean weight for age of children,-1.7,1,NG,Nigeria,2024,NG2024DHS,CN_NUTS_C_WAM,104236110,I,433036,1433036,Region,..Sokoto,0,,0,1,CNNUTSCWAM,NGDHS2024433036,2024,DHS,332,352,,,2
NGA,Zamfara,5476733,Mean weight for age of children,-1.9,1,NG,Nigeria,2024,NG2024DHS,CN_NUTS_C_WAM,104236110,I,433037,1433037,Region,..Zamfara,0,,0,1,CNNUTSCWAM,NGDHS2024433037,2024,DHS,326,232,,,2
NGA,South East,7587154,Mean weight for age of children,-0.9,1,NG,Nigeria,2024,NG2024DHS,CN_NUTS_C_WAM,104236110,I,433008,1433040,Region,South East,0,,0,1,CNNUTSCWAM,NGDHS2024433008,2024,DHS,1282,1837,,,1
NGA,Abia,2478888,Mean weight for age of children,-0.9,1,NG,Nigeria,2024,NG2024DHS,CN_NUTS_C_WAM,104236110,I,433041,1433041,Region,..Abia,0,,0,1,CNNUTSCWAM,NGDHS2024433041,2024,DHS,114,202,,,2
NGA,Anambra,5190555,Mean weight for age of children,-0.8,1,NG,Nigeria,2024,NG2024DHS,CN_NUTS_C_WAM,104236110,I,433042,1433042,Region,..Anambra,0,,0,1,CNNUTSCWAM,NGDHS2024433042,2024,DHS,265,353,,,2
NGA,Ebonyi,3657257,Mean weight for age of children,-1.2,1,NG,Nigeria,2024,NG2024DHS,CN_NUTS_C_WAM,104236110,I,433043,1433043,Region,..Ebonyi,0,,0,1,CNNUTSCWAM,NGDHS2024433043,2024,DHS,392,528,,,2
NGA,Enugu,2846762,Mean weight for age of children,-0.6,1,NG,Nigeria,2024,NG2024DHS,CN_NUTS_C_WAM,104236110,I,433044,1433044,Region,..Enugu,0,,0,1,CNNUTSCWAM,NGDHS2024433044,2024,DHS,221,340,,,2
NGA,Imo,6112750,Mean weight for age of children,-0.9,1,NG,Nigeria,2024,NG2024DHS,CN_NUTS_C_WAM,104236110,I,433045,1433045,Region,..Imo,0,,0,1,CNNUTSCWAM,NGDHS2024433045,2024,DHS,291,414,,,2
NGA,South West,6654552,Mean weight for age of children,-1.1,1,NG,Nigeria,2024,NG2024DHS,CN_NUTS_C_WAM,104236110,I,433009,1433050,Region,South West,0,,0,1,CNNUTSCWAM,NGDHS2024433009,2024,DHS,1073,961,,,1
NGA,Ekiti,64906,Mean weight for age of children,-0.9,1,NG,Nigeria,2024,NG2024DHS,CN_NUTS_C_WAM,104236110,I,433051,1433051,Region,..Ekiti,0,,0,1,CNNUTSCWAM,NGDHS2024433051,2024,DHS,61,130,,,2
NGA,Lagos,6742074,Mean weight for age of children,-0.8,1,NG,Nigeria,2024,NG2024DHS,CN_NUTS_C_WAM,104236110,I,433052,1433052,Region,..Lagos,0,,0,1,CNNUTSCWAM,NGDHS2024433052,2024,DHS,242,143,,,2
NGA,Ogun,2478950,Mean weight for age of children,-1.1,1,NG,Nigeria,2024,NG2024DHS,CN_NUTS_C_WAM,104236110,I,433053,1433053,Region,..Ogun,0,,0,1,CNNUTSCWAM,NGDHS2024433053,2024,DHS,244,177,,,2
NGA,Ondo,181574,Mean weight for age of children,-1.1,1,NG,Nigeria,2024,NG2024DHS,CN_NUTS_C_WAM,104236110,I,433054,1433054,Region,..Ondo,0,,0,1,CNNUTSCWAM,NGDHS2024433054,2024,DHS,106,130,,,2
NGA,Osun,2478867,Mean weight for age of children,-1.2,1,NG,Nigeria,2024,NG2024DHS,CN_NUTS_C_WAM,104236110,I,433055,1433055,Region,..Osun,0,,0,1,CNNUTSCWAM,NGDHS2024433055,2024,DHS,140,147,,,2
NGA,Oyo,5484174,Mean weight for age of children,-1.3,1,NG,Nigeria,2024,NG2024DHS,CN_NUTS_C_WAM,104236110,I,433056,1433056,Region,..Oyo,0,,0,1,CNNUTSCWAM,NGDHS2024433056,2024,DHS,280,234,,,2
NGA,South South,2478844,Mean weight for age of children,-1,1,NG,Nigeria,2024,NG2024DHS,CN_NUTS_C_WAM,104236110,I,433010,1433060,Region,South South,0,,0,1,CNNUTSCWAM,NGDHS2024433010,2024,DHS,996,1209,,,1
NGA,Akwa Ibom,4746394,Mean weight for age of children,-1.2,1,NG,Nigeria,2024,NG2024DHS,CN_NUTS_C_WAM,104236110,I,433061,1433061,Region,..Akwa Ibom,0,,0,1,CNNUTSCWAM,NGDHS2024433061,2024,DHS,161,204,,,2
NGA,Bayelsa,3691944,Mean weight for age of children,-1.1,1,NG,Nigeria,2024,NG2024DHS,CN_NUTS_C_WAM,104236110,I,433062,1433062,Region,..Bayelsa,0,,0,1,CNNUTSCWAM,NGDHS2024433062,2024,DHS,80,211,,,2
NGA,Cross River,7765041,Mean weight for age of children,-1,1,NG,Nigeria,2024,NG2024DHS,CN_NUTS_C_WAM,104236110,I,433063,1433063,Region,..Cross River,0,,0,1,CNNUTSCWAM,NGDHS2024433063,2024,DHS,104,156,,,2
NGA,Delta,6125949,Mean weight for age of children,-1,1,NG,Nigeria,2024,NG2024DHS,CN_NUTS_C_WAM,104236110,I,433064,1433064,Region,..Delta,0,,0,1,CNNUTSCWAM,NGDHS2024433064,2024,DHS,176,166,,,2
NGA,Edo,4404582,Mean weight for age of children,-0.9,1,NG,Nigeria,2024,NG2024DHS,CN_NUTS_C_WAM,104236110,I,433065,1433065,Region,..Edo,0,,0,1,CNNUTSCWAM,NGDHS2024433065,2024,DHS,140,185,,,2
NGA,Rivers,6575994,Mean weight for age of children,-0.9,1,NG,Nigeria,2024,NG2024DHS,CN_NUTS_C_WAM,104236110,I,433066,1433066,Region,..Rivers,0,,0,1,CNNUTSCWAM,NGDHS2024433066,2024,DHS,336,287,,,2
NGA,North Central,5022146,Women with height below 145 cm,1.3,1,NG,Nigeria,2024,NG2024DHS,AN_NUTS_W_SHT,114563010,I,433005,1433010,Region,North Central,0,,0,1,ANNUTSWSHT,NGDHS2024433005,2024,DHS,2600,2813,,,1
NGA,FCT Abuja,2464299,Women with height below 145 cm,1.9,1,NG,Nigeria,2024,NG2024DHS,AN_NUTS_W_SHT,114563010,I,433011,1433011,Region,..FCT Abuja,0,,0,1,ANNUTSWSHT,NGDHS2024433011,2024,DHS,302,332,,,2
NGA,Benue,4525901,Women with height below 145 cm,0.8,1,NG,Nigeria,2024,NG2024DHS,AN_NUTS_W_SHT,114563010,I,433012,1433012,Region,..Benue,0,,0,1,ANNUTSWSHT,NGDHS2024433012,2024,DHS,346,340,,,2
NGA,Kogi,789952,Women with height below 145 cm,1.1,1,NG,Nigeria,2024,NG2024DHS,AN_NUTS_W_SHT,114563010,I,433013,1433013,Region,..Kogi,0,,0,1,ANNUTSWSHT,NGDHS2024433013,2024,DHS,238,379,,,2
NGA,Kwara,4348269,Women with height below 145 cm,0.3,1,NG,Nigeria,2024,NG2024DHS,AN_NUTS_W_SHT,114563010,I,433014,1433014,Region,..Kwara,0,,0,1,ANNUTSWSHT,NGDHS2024433014,2024,DHS,293,371,,,2
NGA,Nasarawa,5708693,Women with height below 145 cm,0.8,1,NG,Nigeria,2024,NG2024DHS,AN_NUTS_W_SHT,114563010,I,433015,1433015,Region,..Nasarawa,0,,0,1,ANNUTSWSHT,NGDHS2024433015,2024,DHS,384,455,,,2
NGA,Niger,2442630,Women with height below 145 cm,1.8,1,NG,Nigeria,2024,NG2024DHS,AN_NUTS_W_SHT,114563010,I,433016,1433016,Region,..Niger,0,,0,1,ANNUTSWSHT,NGDHS2024433016,2024,DHS,659,470,,,2
NGA,Plateau,4937551,Women with height below 145 cm,2,1,NG,Nigeria,2024,NG2024DHS,AN_NUTS_W_SHT,114563010,I,433017,1433017,Region,..Plateau,0,,0,1,ANNUTSWSHT,NGDHS2024433017,2024,DHS,378,466,,,2
NGA,North East,2673059,Women with height below 145 cm,1,1,NG,Nigeria,2024,NG2024DHS,AN_NUTS_W_SHT,114563010,I,433006,1433020,Region,North East,0,,0,1,ANNUTSWSHT,NGDHS2024433006,2024,DHS,2248,2268,,,1
NGA,Adamawa,3997661,Women with height below 145 cm,1.5,1,NG,Nigeria,2024,NG2024DHS,AN_NUTS_W_SHT,114563010,I,433021,1433021,Region,..Adamawa,0,,0,1,ANNUTSWSHT,NGDHS2024433021,2024,DHS,361,421,,,2
NGA,Bauchi,6521490,Women with height below 145 cm,1.1,1,NG,Nigeria,2024,NG2024DHS,AN_NUTS_W_SHT,114563010,I,433022,1433022,Region,..Bauchi,0,,0,1,ANNUTSWSHT,NGDHS2024433022,2024,DHS,653,396,,,2
NGA,Borno,2450264,Women with height below 145 cm,0.5,1,NG,Nigeria,2024,NG2024DHS,AN_NUTS_W_SHT,114563010,I,433023,1433023,Region,..Borno,0,,0,1,ANNUTSWSHT,NGDHS2024433023,2024,DHS,375,308,,,2
NGA,Gombe,5015153,Women with height below 145 cm,0.5,1,NG,Nigeria,2024,NG2024DHS,AN_NUTS_W_SHT,114563010,I,433024,1433024,Region,..Gombe,0,,0,1,ANNUTSWSHT,NGDHS2024433024,2024,DHS,211,394,,,2
NGA,Taraba,2450167,Women with height below 145 cm,1.2,1,NG,Nigeria,2024,NG2024DHS,AN_NUTS_W_SHT,114563010,I,433025,1433025,Region,..Taraba,0,,0,1,ANNUTSWSHT,NGDHS2024433025,2024,DHS,290,349,,,2
NGA,Yobe,6955584,Women with height below 145 cm,1.3,1,NG,Nigeria,2024,NG2024DHS,AN_NUTS_W_SHT,114563010,I,433026,1433026,Region,..Yobe,0,,0,1,ANNUTSWSHT,NGDHS2024433026,2024,DHS,358,400,,,2
NGA,North West,5149369,Women with height below 145 cm,3.1,1,NG,Nigeria,2024,NG2024DHS,AN_NUTS_W_SHT,114563010,I,433007,1433030,Region,North West,0,,0,1,ANNUTSWSHT,NGDHS2024433007,2024,DHS,4257,3208,,,1
NGA,Jigawa,4502437,Women with height below 145 cm,1.1,1,NG,Nigeria,2024,NG2024DHS,AN_NUTS_W_SHT,114563010,I,433031,1433031,Region,..Jigawa,0,,0,1,ANNUTSWSHT,NGDHS2024433031,2024,DHS,404,424,,,2
NGA,Kaduna,782941,Women with height below 145 cm,2.4,1,NG,Nigeria,2024,NG2024DHS,AN_NUTS_W_SHT,114563010,I,433032,1433032,Region,..Kaduna,0,,0,1,ANNUTSWSHT,NGDHS2024433032,2024,DHS,830,504,,,2
NGA,Kano,4327861,Women with height below 145 cm,3.8,1,NG,Nigeria,2024,NG2024DHS,AN_NUTS_W_SHT,114563010,I,433033,1433033,Region,..Kano,0,,0,1,ANNUTSWSHT,NGDHS2024433033,2024,DHS,1294,661,,,2
NGA,Katsina,5862259,Women with height below 145 cm,2.5,1,NG,Nigeria,2024,NG2024DHS,AN_NUTS_W_SHT,114563010,I,433034,1433034,Region,..Katsina,0,,0,1,ANNUTSWSHT,NGDHS2024433034,2024,DHS,594,397,,,2
NGA,Kebbi,2464317,Women with height below 145 cm,0.4,1,NG,Nigeria,2024,NG2024DHS,AN_NUTS_W_SHT,114563010,I,433035,1433035,Region,..Kebbi,0,,0,1,ANNUTSWSHT,NGDHS2024433035,2024,DHS,311,456,,,2
NGA,Sokoto,4950482,Women with height below 145 cm,9.4,1,NG,Nigeria,2024,NG2024DHS,AN_NUTS_W_SHT,114563010,I,433036,1433036,Region,..Sokoto,0,,0,1,ANNUTSWSHT,NGDHS2024433036,2024,DHS,428,463,,,2
NGA,Zamfara,2879443,Women with height below 145 cm,1.1,1,NG,Nigeria,2024,NG2024DHS,AN_NUTS_W_SHT,114563010,I,433037,1433037,Region,..Zamfara,0,,0,1,ANNUTSWSHT,NGDHS2024433037,2024,DHS,397,303,,,2
NGA,South East,7612518,Women with height below 145 cm,0.7,1,NG,Nigeria,2024,NG2024DHS,AN_NUTS_W_SHT,114563010,I,433008,1433040,Region,South East,0,,0,1,ANNUTSWSHT,NGDHS2024433008,2024,DHS,1306,2009,,,1
NGA,Abia,3469392,Women with height below 145 cm,0.6,1,NG,Nigeria,2024,NG2024DHS,AN_NUTS_W_SHT,114563010,I,433041,1433041,Region,..Abia,0,,0,1,ANNUTSWSHT,NGDHS2024433041,2024,DHS,141,277,,,2
NGA,Anambra,2450179,Women with height below 145 cm,0,1,NG,Nigeria,2024,NG2024DHS,AN_NUTS_W_SHT,114563010,I,433042,1433042,Region,..Anambra,0,,0,1,ANNUTSWSHT,NGDHS2024433042,2024,DHS,255,373,,,2
NGA,Ebonyi,5164421,Women with height below 145 cm,1.8,1,NG,Nigeria,2024,NG2024DHS,AN_NUTS_W_SHT,114563010,I,433043,1433043,Region,..Ebonyi,0,,0,1,ANNUTSWSHT,NGDHS2024433043,2024,DHS,399,574,,,2
NGA,Enugu,2457016,Women with height below 145 cm,0,1,NG,Nigeria,2024,NG2024DHS,AN_NUTS_W_SHT,114563010,I,433044,1433044,Region,..Enugu,0,,0,1,ANNUTSWSHT,NGDHS2024433044,2024,DHS,213,353,,,2
NGA,Imo,6948556,Women with height below 145 cm,0.3,1,NG,Nigeria,2024,NG2024DHS,AN_NUTS_W_SHT,114563010,I,433045,1433045,Region,..Imo,0,,0,1,ANNUTSWSHT,NGDHS2024433045,2024,DHS,298,432,,,2
NGA,South West,2971979,Women with height below 145 cm,0.2,1,NG,Nigeria,2024,NG2024DHS,AN_NUTS_W_SHT,114563010,I,433009,1433050,Region,South West,0,,0,1,ANNUTSWSHT,NGDHS2024433009,2024,DHS,1998,1820,,,1
NGA,Ekiti,607951,Women with height below 145 cm,0,1,NG,Nigeria,2024,NG2024DHS,AN_NUTS_W_SHT,114563010,I,433051,1433051,Region,..Ekiti,0,,0,1,ANNUTSWSHT,NGDHS2024433051,2024,DHS,99,213,,,2
NGA,Lagos,4348227,Women with height below 145 cm,0,1,NG,Nigeria,2024,NG2024DHS,AN_NUTS_W_SHT,114563010,I,433052,1433052,Region,..Lagos,0,,0,1,ANNUTSWSHT,NGDHS2024433052,2024,DHS,562,361,,,2
NGA,Ogun,5868126,Women with height below 145 cm,0.8,1,NG,Nigeria,2024,NG2024DHS,AN_NUTS_W_SHT,114563010,I,433053,1433053,Region,..Ogun,0,,0,1,ANNUTSWSHT,NGDHS2024433053,2024,DHS,448,352,,,2
NGA,Ondo,4429401,Women with height below 145 cm,0,1,NG,Nigeria,2024,NG2024DHS,AN_NUTS_W_SHT,114563010,I,433054,1433054,Region,..Ondo,0,,0,1,ANNUTSWSHT,NGDHS2024433054,2024,DHS,224,274,,,2
NGA,Osun,80891,Women with height below 145 cm,0.5,1,NG,Nigeria,2024,NG2024DHS,AN_NUTS_W_SHT,114563010,I,433055,1433055,Region,..Osun,0,,0,1,ANNUTSWSHT,NGDHS2024433055,2024,DHS,237,252,,,2
NGA,Oyo,2442775,Women with height below 145 cm,0,1,NG,Nigeria,2024,NG2024DHS,AN_NUTS_W_SHT,114563010,I,433056,1433056,Region,..Oyo,0,,0,1,ANNUTSWSHT,NGDHS2024433056,2024,DHS,428,368,,,2
NGA,South South,7382798,Women with height below 145 cm,0.6,1,NG,Nigeria,2024,NG2024DHS,AN_NUTS_W_SHT,114563010,I,433010,1433060,Region,South South,0,,0,1,ANNUTSWSHT,NGDHS2024433010,2024,DHS,1645,2053,,,1
NGA,Akwa Ibom,2456997,Women with height below 145 cm,2.3,1,NG,Nigeria,2024,NG2024DHS,AN_NUTS_W_SHT,114563010,I,433061,1433061,Region,..Akwa Ibom,0,,0,1,ANNUTSWSHT,NGDHS2024433061,2024,DHS,230,309,,,2
NGA,Bayelsa,4734306,Women with height below 145 cm,0.5,1,NG,Nigeria,2024,NG2024DHS,AN_NUTS_W_SHT,114563010,I,433062,1433062,Region,..Bayelsa,0,,0,1,ANNUTSWSHT,NGDHS2024433062,2024,DHS,111,290,,,2
NGA,Cross River,7787440,Women with height below 145 cm,0.5,1,NG,Nigeria,2024,NG2024DHS,AN_NUTS_W_SHT,114563010,I,433063,1433063,Region,..Cross River,0,,0,1,ANNUTSWSHT,NGDHS2024433063,2024,DHS,191,316,,,2
NGA,Delta,7015885,Women with height below 145 cm,0.2,1,NG,Nigeria,2024,NG2024DHS,AN_NUTS_W_SHT,114563010,I,433064,1433064,Region,..Delta,0,,0,1,ANNUTSWSHT,NGDHS2024433064,2024,DHS,339,315,,,2
NGA,Edo,6005557,Women with height below 145 cm,0.3,1,NG,Nigeria,2024,NG2024DHS,AN_NUTS_W_SHT,114563010,I,433065,1433065,Region,..Edo,0,,0,1,ANNUTSWSHT,NGDHS2024433065,2024,DHS,246,349,,,2
NGA,Rivers,4707530,Women with height below 145 cm,0.4,1,NG,Nigeria,2024,NG2024DHS,AN_NUTS_W_SHT,114563010,I,433066,1433066,Region,..Rivers,0,,0,1,ANNUTSWSHT,NGDHS2024433066,2024,DHS,528,474,,,2
NGA,North Central,5110261,Number of women,2600,0,NG,Nigeria,2024,NG2024DHS,AN_NUTS_W_NM1,114563020,D,433005,1433010,Region,North Central,0,,0,1,ANNUTSWNM1,NGDHS2024433005,2024,DHS,,2813,,,1
NGA,FCT Abuja,2464302,Number of women,302,0,NG,Nigeria,2024,NG2024DHS,AN_NUTS_W_NM1,114563020,D,433011,1433011,Region,..FCT Abuja,0,,0,1,ANNUTSWNM1,NGDHS2024433011,2024,DHS,,332,,,2
NGA,Benue,4584051,Number of women,346,0,NG,Nigeria,2024,NG2024DHS,AN_NUTS_W_NM1,114563020,D,433012,1433012,Region,..Benue,0,,0,1,ANNUTSWNM1,NGDHS2024433012,2024,DHS,,340,,,2
NGA,Kogi,2464296,Number of women,238,0,NG,Nigeria,2024,NG2024DHS,AN_NUTS_W_NM1,114563020,D,433013,1433013,Region,..Kogi,0,,0,1,ANNUTSWNM1,NGDHS2024433013,2024,DHS,,379,,,2
NGA,Kwara,4348232,Number of women,293,0,NG,Nigeria,2024,NG2024DHS,AN_NUTS_W_NM1,114563020,D,433014,1433014,Region,..Kwara,0,,0,1,ANNUTSWNM1,NGDHS2024433014,2024,DHS,,371,,,2
NGA,Nasarawa,5650274,Number of women,384,0,NG,Nigeria,2024,NG2024DHS,AN_NUTS_W_NM1,114563020,D,433015,1433015,Region,..Nasarawa,0,,0,1,ANNUTSWNM1,NGDHS2024433015,2024,DHS,,455,,,2
NGA,Niger,2442631,Number of women,659,0,NG,Nigeria,2024,NG2024DHS,AN_NUTS_W_NM1,114563020,D,433016,1433016,Region,..Niger,0,,0,1,ANNUTSWNM1,NGDHS2024433016,2024,DHS,,470,,,2
NGA,Plateau,4993101,Number of women,378,0,NG,Nigeria,2024,NG2024DHS,AN_NUTS_W_NM1,114563020,D,433017,1433017,Region,..Plateau,0,,0,1,ANNUTSWNM1,NGDHS2024433017,2024,DHS,,466,,,2
NGA,North East,2442619,Number of women,2248,0,NG,Nigeria,2024,NG2024DHS,AN_NUTS_W_NM1,114563020,D,433006,1433020,Region,North East,0,,0,1,ANNUTSWNM1,NGDHS2024433006,2024,DHS,,2268,,,1
NGA,Adamawa,4054752,Number of women,361,0,NG,Nigeria,2024,NG2024DHS,AN_NUTS_W_NM1,114563020,D,433021,1433021,Region,..Adamawa,0,,0,1,ANNUTSWNM1,NGDHS2024433021,2024,DHS,,421,,,2
NGA,Bauchi,6603398,Number of women,653,0,NG,Nigeria,2024,NG2024DHS,AN_NUTS_W_NM1,114563020,D,433022,1433022,Region,..Bauchi,0,,0,1,ANNUTSWNM1,NGDHS2024433022,2024,DHS,,396,,,2
NGA,Borno,2450164,Number of women,375,0,NG,Nigeria,2024,NG2024DHS,AN_NUTS_W_NM1,114563020,D,433023,1433023,Region,..Borno,0,,0,1,ANNUTSWNM1,NGDHS2024433023,2024,DHS,,308,,,2
NGA,Gombe,5070980,Number of women,211,0,NG,Nigeria,2024,NG2024DHS,AN_NUTS_W_NM1,114563020,D,433024,1433024,Region,..Gombe,0,,0,1,ANNUTSWNM1,NGDHS2024433024,2024,DHS,,394,,,2
NGA,Taraba,2450245,Number of women,290,0,NG,Nigeria,2024,NG2024DHS,AN_NUTS_W_NM1,114563020,D,433025,1433025,Region,..Taraba,0,,0,1,ANNUTSWNM1,NGDHS2024433025,2024,DHS,,349,,,2
NGA,Yobe,6955585,Number of women,358,0,NG,Nigeria,2024,NG2024DHS,AN_NUTS_W_NM1,114563020,D,433026,1433026,Region,..Yobe,0,,0,1,ANNUTSWNM1,NGDHS2024433026,2024,DHS,,400,,,2
NGA,North West,5149368,Number of women,4257,0,NG,Nigeria,2024,NG2024DHS,AN_NUTS_W_NM1,114563020,D,433007,1433030,Region,North West,0,,0,1,ANNUTSWNM1,NGDHS2024433007,2024,DHS,,3208,,,1
NGA,Jigawa,4563338,Number of women,404,0,NG,Nigeria,2024,NG2024DHS,AN_NUTS_W_NM1,114563020,D,433031,1433031,Region,..Jigawa,0,,0,1,ANNUTSWNM1,NGDHS2024433031,2024,DHS,,424,,,2
NGA,Kaduna,2456975,Number of women,830,0,NG,Nigeria,2024,NG2024DHS,AN_NUTS_W_NM1,114563020,D,433032,1433032,Region,..Kaduna,0,,0,1,ANNUTSWNM1,NGDHS2024433032,2024,DHS,,504,,,2
NGA,Kano,4327862,Number of women,1294,0,NG,Nigeria,2024,NG2024DHS,AN_NUTS_W_NM1,114563020,D,433033,1433033,Region,..Kano,0,,0,1,ANNUTSWNM1,NGDHS2024433033,2024,DHS,,661,,,2
NGA,Katsina,5946927,Number of women,594,0,NG,Nigeria,2024,NG2024DHS,AN_NUTS_W_NM1,114563020,D,433034,1433034,Region,..Katsina,0,,0,1,ANNUTSWNM1,NGDHS2024433034,2024,DHS,,397,,,2
NGA,Kebbi,2464316,Number of women,311,0,NG,Nigeria,2024,NG2024DHS,AN_NUTS_W_NM1,114563020,D,433035,1433035,Region,..Kebbi,0,,0,1,ANNUTSWNM1,NGDHS2024433035,2024,DHS,,456,,,2
NGA,Sokoto,5006801,Number of women,428,0,NG,Nigeria,2024,NG2024DHS,AN_NUTS_W_NM1,114563020,D,433036,1433036,Region,..Sokoto,0,,0,1,ANNUTSWNM1,NGDHS2024433036,2024,DHS,,463,,,2
NGA,Zamfara,2450173,Number of women,397,0,NG,Nigeria,2024,NG2024DHS,AN_NUTS_W_NM1,114563020,D,433037,1433037,Region,..Zamfara,0,,0,1,ANNUTSWNM1,NGDHS2024433037,2024,DHS,,303,,,2
NGA,South East,7612552,Number of women,1306,0,NG,Nigeria,2024,NG2024DHS,AN_NUTS_W_NM1,114563020,D,433008,1433040,Region,South East,0,,0,1,ANNUTSWNM1,NGDHS2024433008,2024,DHS,,2009,,,1
NGA,Abia,3550659,Number of women,141,0,NG,Nigeria,2024,NG2024DHS,AN_NUTS_W_NM1,114563020,D,433041,1433041,Region,..Abia,0,,0,1,ANNUTSWNM1,NGDHS2024433041,2024,DHS,,277,,,2
NGA,Anambra,2450180,Number of women,255,0,NG,Nigeria,2024,NG2024DHS,AN_NUTS_W_NM1,114563020,D,433042,1433042,Region,..Anambra,0,,0,1,ANNUTSWNM1,NGDHS2024433042,2024,DHS,,373,,,2
NGA,Ebonyi,5101826,Number of women,399,0,NG,Nigeria,2024,NG2024DHS,AN_NUTS_W_NM1,114563020,D,433043,1433043,Region,..Ebonyi,0,,0,1,ANNUTSWNM1,NGDHS2024433043,2024,DHS,,574,,,2
NGA,Enugu,2457017,Number of women,213,0,NG,Nigeria,2024,NG2024DHS,AN_NUTS_W_NM1,114563020,D,433044,1433044,Region,..Enugu,0,,0,1,ANNUTSWNM1,NGDHS2024433044,2024,DHS,,353,,,2
NGA,Imo,6948557,Number of women,298,0,NG,Nigeria,2024,NG2024DHS,AN_NUTS_W_NM1,114563020,D,433045,1433045,Region,..Imo,0,,0,1,ANNUTSWNM1,NGDHS2024433045,2024,DHS,,432,,,2
NGA,South West,2464295,Number of women,1998,0,NG,Nigeria,2024,NG2024DHS,AN_NUTS_W_NM1,114563020,D,433009,1433050,Region,South West,0,,0,1,ANNUTSWNM1,NGDHS2024433009,2024,DHS,,1820,,,1
NGA,Ekiti,2450247,Number of women,99,0,NG,Nigeria,2024,NG2024DHS,AN_NUTS_W_NM1,114563020,D,433051,1433051,Region,..Ekiti,0,,0,1,ANNUTSWNM1,NGDHS2024433051,2024,DHS,,213,,,2
NGA,Lagos,4348228,Number of women,562,0,NG,Nigeria,2024,NG2024DHS,AN_NUTS_W_NM1,114563020,D,433052,1433052,Region,..Lagos,0,,0,1,ANNUTSWNM1,NGDHS2024433052,2024,DHS,,361,,,2
NGA,Ogun,5967819,Number of women,448,0,NG,Nigeria,2024,NG2024DHS,AN_NUTS_W_NM1,114563020,D,433053,1433053,Region,..Ogun,0,,0,1,ANNUTSWNM1,NGDHS2024433053,2024,DHS,,352,,,2
NGA,Ondo,4429402,Number of women,224,0,NG,Nigeria,2024,NG2024DHS,AN_NUTS_W_NM1,114563020,D,433054,1433054,Region,..Ondo,0,,0,1,ANNUTSWNM1,NGDHS2024433054,2024,DHS,,274,,,2
NGA,Osun,2464320,Number of women,237,0,NG,Nigeria,2024,NG2024DHS,AN_NUTS_W_NM1,114563020,D,433055,1433055,Region,..Osun,0,,0,1,ANNUTSWNM1,NGDHS2024433055,2024,DHS,,252,,,2
NGA,Oyo,2442642,Number of women,428,0,NG,Nigeria,2024,NG2024DHS,AN_NUTS_W_NM1,114563020,D,433056,1433056,Region,..Oyo,0,,0,1,ANNUTSWNM1,NGDHS2024433056,2024,DHS,,368,,,2
NGA,South South,7395135,Number of women,1645,0,NG,Nigeria,2024,NG2024DHS,AN_NUTS_W_NM1,114563020,D,433010,1433060,Region,South South,0,,0,1,ANNUTSWNM1,NGDHS2024433010,2024,DHS,,2053,,,1
NGA,Akwa Ibom,2456998,Number of women,230,0,NG,Nigeria,2024,NG2024DHS,AN_NUTS_W_NM1,114563020,D,433061,1433061,Region,..Akwa Ibom,0,,0,1,ANNUTSWNM1,NGDHS2024433061,2024,DHS,,309,,,2
NGA,Bayelsa,4837954,Number of women,111,0,NG,Nigeria,2024,NG2024DHS,AN_NUTS_W_NM1,114563020,D,433062,1433062,Region,..Bayelsa,0,,0,1,ANNUTSWNM1,NGDHS2024433062,2024,DHS,,290,,,2
NGA,Cross River,7772273,Number of women,191,0,NG,Nigeria,2024,NG2024DHS,AN_NUTS_W_NM1,114563020,D,433063,1433063,Region,..Cross River,0,,0,1,ANNUTSWNM1,NGDHS2024433063,2024,DHS,,316,,,2
NGA,Delta,7015886,Number of women,339,0,NG,Nigeria,2024,NG2024DHS,AN_NUTS_W_NM1,114563020,D,433064,1433064,Region,..Delta,0,,0,1,ANNUTSWNM1,NGDHS2024433064,2024,DHS,,315,,,2
NGA,Edo,6069439,Number of women,246,0,NG,Nigeria,2024,NG2024DHS,AN_NUTS_W_NM1,114563020,D,433065,1433065,Region,..Edo,0,,0,1,ANNUTSWNM1,NGDHS2024433065,2024,DHS,,349,,,2
NGA,Rivers,4771603,Number of women,528,0,NG,Nigeria,2024,NG2024DHS,AN_NUTS_W_NM1,114563020,D,433066,1433066,Region,..Rivers,0,,0,1,ANNUTSWNM1,NGDHS2024433066,2024,DHS,,474,,,2
NGA,North Central,474268,Number of women (unweighted),2813,0,NG,Nigeria,2024,NG2024DHS,AN_NUTS_W_UN1,114563030,U,433005,1433010,Region,North Central,0,,0,1,ANNUTSWUN1,NGDHS2024433005,2024,DHS,2600,,,,1
NGA,FCT Abuja,2464624,Number of women (unweighted),332,0,NG,Nigeria,2024,NG2024DHS,AN_NUTS_W_UN1,114563030,U,433011,1433011,Region,..FCT Abuja,0,,0,1,ANNUTSWUN1,NGDHS2024433011,2024,DHS,302,,,,2
NGA,Benue,268665,Number of women (unweighted),340,0,NG,Nigeria,2024,NG2024DHS,AN_NUTS_W_UN1,114563030,U,433012,1433012,Region,..Benue,0,,0,1,ANNUTSWUN1,NGDHS2024433012,2024,DHS,346,,,,2
NGA,Kogi,789937,Number of women (unweighted),379,0,NG,Nigeria,2024,NG2024DHS,AN_NUTS_W_UN1,114563030,U,433013,1433013,Region,..Kogi,0,,0,1,ANNUTSWUN1,NGDHS2024433013,2024,DHS,238,,,,2
NGA,Kwara,2464625,Number of women (unweighted),371,0,NG,Nigeria,2024,NG2024DHS,AN_NUTS_W_UN1,114563030,U,433014,1433014,Region,..Kwara,0,,0,1,ANNUTSWUN1,NGDHS2024433014,2024,DHS,293,,,,2
NGA,Nasarawa,3243155,Number of women (unweighted),455,0,NG,Nigeria,2024,NG2024DHS,AN_NUTS_W_UN1,114563030,U,433015,1433015,Region,..Nasarawa,0,,0,1,ANNUTSWUN1,NGDHS2024433015,2024,DHS,384,,,,2
NGA,Niger,2442734,Number of women (unweighted),470,0,NG,Nigeria,2024,NG2024DHS,AN_NUTS_W_UN1,114563030,U,433016,1433016,Region,..Niger,0,,0,1,ANNUTSWUN1,NGDHS2024433016,2024,DHS,659,,,,2
NGA,Plateau,384101,Number of women (unweighted),466,0,NG,Nigeria,2024,NG2024DHS,AN_NUTS_W_UN1,114563030,U,433017,1433017,Region,..Plateau,0,,0,1,ANNUTSWUN1,NGDHS2024433017,2024,DHS,378,,,,2
NGA,North East,2673032,Number of women (unweighted),2268,0,NG,Nigeria,2024,NG2024DHS,AN_NUTS_W_UN1,114563030,U,433006,1433020,Region,North East,0,,0,1,ANNUTSWUN1,NGDHS2024433006,2024,DHS,2248,,,,1
NGA,Adamawa,967925,Number of women (unweighted),421,0,NG,Nigeria,2024,NG2024DHS,AN_NUTS_W_UN1,114563030,U,433021,1433021,Region,..Adamawa,0,,0,1,ANNUTSWUN1,NGDHS2024433021,2024,DHS,361,,,,2
NGA,Bauchi,673144,Number of women (unweighted),396,0,NG,Nigeria,2024,NG2024DHS,AN_NUTS_W_UN1,114563030,U,433022,1433022,Region,..Bauchi,0,,0,1,ANNUTSWUN1,NGDHS2024433022,2024,DHS,653,,,,2
NGA,Borno,2450328,Number of women (unweighted),308,0,NG,Nigeria,2024,NG2024DHS,AN_NUTS_W_UN1,114563030,U,433023,1433023,Region,..Borno,0,,0,1,ANNUTSWUN1,NGDHS2024433023,2024,DHS,375,,,,2
NGA,Gombe,4845083,Number of women (unweighted),394,0,NG,Nigeria,2024,NG2024DHS,AN_NUTS_W_UN1,114563030,U,433024,1433024,Region,..Gombe,0,,0,1,ANNUTSWUN1,NGDHS2024433024,2024,DHS,211,,,,2
NGA,Taraba,2450336,Number of women (unweighted),349,0,NG,Nigeria,2024,NG2024DHS,AN_NUTS_W_UN1,114563030,U,433025,1433025,Region,..Taraba,0,,0,1,ANNUTSWUN1,NGDHS2024433025,2024,DHS,290,,,,2
NGA,Yobe,2457129,Number of women (unweighted),400,0,NG,Nigeria,2024,NG2024DHS,AN_NUTS_W_UN1,114563030,U,433026,1433026,Region,..Yobe,0,,0,1,ANNUTSWUN1,NGDHS2024433026,2024,DHS,358,,,,2
NGA,North West,2464587,Number of women (unweighted),3208,0,NG,Nigeria,2024,NG2024DHS,AN_NUTS_W_UN1,114563030,U,433007,1433030,Region,North West,0,,0,1,ANNUTSWUN1,NGDHS2024433007,2024,DHS,4257,,,,1
NGA,Jigawa,345794,Number of women (unweighted),424,0,NG,Nigeria,2024,NG2024DHS,AN_NUTS_W_UN1,114563030,U,433031,1433031,Region,..Jigawa,0,,0,1,ANNUTSWUN1,NGDHS2024433031,2024,DHS,404,,,,2
NGA,Kaduna,782932,Number of women (unweighted),504,0,NG,Nigeria,2024,NG2024DHS,AN_NUTS_W_UN1,114563030,U,433032,1433032,Region,..Kaduna,0,,0,1,ANNUTSWUN1,NGDHS2024433032,2024,DHS,830,,,,2
NGA,Kano,2457145,Number of women (unweighted),661,0,NG,Nigeria,2024,NG2024DHS,AN_NUTS_W_UN1,114563030,U,433033,1433033,Region,..Kano,0,,0,1,ANNUTSWUN1,NGDHS2024433033,2024,DHS,1294,,,,2
NGA,Katsina,3221973,Number of women (unweighted),397,0,NG,Nigeria,2024,NG2024DHS,AN_NUTS_W_UN1,114563030,U,433034,1433034,Region,..Katsina,0,,0,1,ANNUTSWUN1,NGDHS2024433034,2024,DHS,594,,,,2
NGA,Kebbi,2464685,Number of women (unweighted),456,0,NG,Nigeria,2024,NG2024DHS,AN_NUTS_W_UN1,114563030,U,433035,1433035,Region,..Kebbi,0,,0,1,ANNUTSWUN1,NGDHS2024433035,2024,DHS,311,,,,2
NGA,Sokoto,383561,Number of women (unweighted),463,0,NG,Nigeria,2024,NG2024DHS,AN_NUTS_W_UN1,114563030,U,433036,1433036,Region,..Sokoto,0,,0,1,ANNUTSWUN1,NGDHS2024433036,2024,DHS,428,,,,2
NGA,Zamfara,2879496,Number of women (unweighted),303,0,NG,Nigeria,2024,NG2024DHS,AN_NUTS_W_UN1,114563030,U,433037,1433037,Region,..Zamfara,0,,0,1,ANNUTSWUN1,NGDHS2024433037,2024,DHS,397,,,,2
NGA,South East,7611531,Number of women (unweighted),2009,0,NG,Nigeria,2024,NG2024DHS,AN_NUTS_W_UN1,114563030,U,433008,1433040,Region,South East,0,,0,1,ANNUTSWUN1,NGDHS2024433008,2024,DHS,1306,,,,1
NGA,Abia,679845,Number of women (unweighted),277,0,NG,Nigeria,2024,NG2024DHS,AN_NUTS_W_UN1,114563030,U,433041,1433041,Region,..Abia,0,,0,1,ANNUTSWUN1,NGDHS2024433041,2024,DHS,141,,,,2
NGA,Anambra,2450332,Number of women (unweighted),373,0,NG,Nigeria,2024,NG2024DHS,AN_NUTS_W_UN1,114563030,U,433042,1433042,Region,..Anambra,0,,0,1,ANNUTSWUN1,NGDHS2024433042,2024,DHS,255,,,,2
NGA,Ebonyi,3229999,Number of women (unweighted),574,0,NG,Nigeria,2024,NG2024DHS,AN_NUTS_W_UN1,114563030,U,433043,1433043,Region,..Ebonyi,0,,0,1,ANNUTSWUN1,NGDHS2024433043,2024,DHS,399,,,,2
NGA,Enugu,2457120,Number of women (unweighted),353,0,NG,Nigeria,2024,NG2024DHS,AN_NUTS_W_UN1,114563030,U,433044,1433044,Region,..Enugu,0,,0,1,ANNUTSWUN1,NGDHS2024433044,2024,DHS,213,,,,2
NGA,Imo,2442761,Number of women (unweighted),432,0,NG,Nigeria,2024,NG2024DHS,AN_NUTS_W_UN1,114563030,U,433045,1433045,Region,..Imo,0,,0,1,ANNUTSWUN1,NGDHS2024433045,2024,DHS,298,,,,2
NGA,South West,2971978,Number of women (unweighted),1820,0,NG,Nigeria,2024,NG2024DHS,AN_NUTS_W_UN1,114563030,U,433009,1433050,Region,South West,0,,0,1,ANNUTSWUN1,NGDHS2024433009,2024,DHS,1998,,,,1
NGA,Ekiti,607957,Number of women (unweighted),213,0,NG,Nigeria,2024,NG2024DHS,AN_NUTS_W_UN1,114563030,U,433051,1433051,Region,..Ekiti,0,,0,1,ANNUTSWUN1,NGDHS2024433051,2024,DHS,99,,,,2
NGA,Lagos,2464702,Number of women (unweighted),361,0,NG,Nigeria,2024,NG2024DHS,AN_NUTS_W_UN1,114563030,U,433052,1433052,Region,..Lagos,0,,0,1,ANNUTSWUN1,NGDHS2024433052,2024,DHS,562,,,,2
NGA,Ogun,3243139,Number of women (unweighted),352,0,NG,Nigeria,2024,NG2024DHS,AN_NUTS_W_UN1,114563030,U,433053,1433053,Region,..Ogun,0,,0,1,ANNUTSWUN1,NGDHS2024433053,2024,DHS,448,,,,2
NGA,Ondo,2464671,Number of women (unweighted),274,0,NG,Nigeria,2024,NG2024DHS,AN_NUTS_W_UN1,114563030,U,433054,1433054,Region,..Ondo,0,,0,1,ANNUTSWUN1,NGDHS2024433054,2024,DHS,224,,,,2
NGA,Osun,80962,Number of women (unweighted),252,0,NG,Nigeria,2024,NG2024DHS,AN_NUTS_W_UN1,114563030,U,433055,1433055,Region,..Osun,0,,0,1,ANNUTSWUN1,NGDHS2024433055,2024,DHS,237,,,,2
NGA,Oyo,2442780,Number of women (unweighted),368,0,NG,Nigeria,2024,NG2024DHS,AN_NUTS_W_UN1,114563030,U,433056,1433056,Region,..Oyo,0,,0,1,ANNUTSWUN1,NGDHS2024433056,2024,DHS,428,,,,2
NGA,South South,181663,Number of women (unweighted),2053,0,NG,Nigeria,2024,NG2024DHS,AN_NUTS_W_UN1,114563030,U,433010,1433060,Region,South South,0,,0,1,ANNUTSWUN1,NGDHS2024433010,2024,DHS,1645,,,,1
NGA,Akwa Ibom,2457130,Number of women (unweighted),309,0,NG,Nigeria,2024,NG2024DHS,AN_NUTS_W_UN1,114563030,U,433061,1433061,Region,..Akwa Ibom,0,,0,1,ANNUTSWUN1,NGDHS2024433061,2024,DHS,230,,,,2
NGA,Bayelsa,3244623,Number of women (unweighted),290,0,NG,Nigeria,2024,NG2024DHS,AN_NUTS_W_UN1,114563030,U,433062,1433062,Region,..Bayelsa,0,,0,1,ANNUTSWUN1,NGDHS2024433062,2024,DHS,111,,,,2
NGA,Cross River,7788510,Number of women (unweighted),316,0,NG,Nigeria,2024,NG2024DHS,AN_NUTS_W_UN1,114563030,U,433063,1433063,Region,..Cross River,0,,0,1,ANNUTSWUN1,NGDHS2024433063,2024,DHS,191,,,,2
NGA,Delta,2464672,Number of women (unweighted),315,0,NG,Nigeria,2024,NG2024DHS,AN_NUTS_W_UN1,114563030,U,433064,1433064,Region,..Delta,0,,0,1,ANNUTSWUN1,NGDHS2024433064,2024,DHS,339,,,,2
NGA,Edo,3311006,Number of women (unweighted),349,0,NG,Nigeria,2024,NG2024DHS,AN_NUTS_W_UN1,114563030,U,433065,1433065,Region,..Edo,0,,0,1,ANNUTSWUN1,NGDHS2024433065,2024,DHS,246,,,,2
NGA,Rivers,3088145,Number of women (unweighted),474,0,NG,Nigeria,2024,NG2024DHS,AN_NUTS_W_UN1,114563030,U,433066,1433066,Region,..Rivers,0,,0,1,ANNUTSWUN1,NGDHS2024433066,2024,DHS,528,,,,2
NGA,North Central,6178401,Mean Body Mass Index (BMI) for women,23.2,1,NG,Nigeria,2024,NG2024DHS,AN_NUTS_W_BMI,114563040,I,433005,1433010,Region,North Central,0,,0,1,ANNUTSWBMI,NGDHS2024433005,2024,DHS,2352,2539,,,1
NGA,FCT Abuja,6961098,Mean Body Mass Index (BMI) for women,25.4,1,NG,Nigeria,2024,NG2024DHS,AN_NUTS_W_BMI,114563040,I,433011,1433011,Region,..FCT Abuja,0,,0,1,ANNUTSWBMI,NGDHS2024433011,2024,DHS,281,308,,,2
NGA,Benue,5920454,Mean Body Mass Index (BMI) for women,22.9,1,NG,Nigeria,2024,NG2024DHS,AN_NUTS_W_BMI,114563040,I,433012,1433012,Region,..Benue,0,,0,1,ANNUTSWBMI,NGDHS2024433012,2024,DHS,311,303,,,2
NGA,Kogi,2464300,Mean Body Mass Index (BMI) for women,22.7,1,NG,Nigeria,2024,NG2024DHS,AN_NUTS_W_BMI,114563040,I,433013,1433013,Region,..Kogi,0,,0,1,ANNUTSWBMI,NGDHS2024433013,2024,DHS,209,337,,,2
NGA,Kwara,7337720,Mean Body Mass Index (BMI) for women,22.9,1,NG,Nigeria,2024,NG2024DHS,AN_NUTS_W_BMI,114563040,I,433014,1433014,Region,..Kwara,0,,0,1,ANNUTSWBMI,NGDHS2024433014,2024,DHS,261,331,,,2
NGA,Nasarawa,3845412,Mean Body Mass Index (BMI) for women,23.7,1,NG,Nigeria,2024,NG2024DHS,AN_NUTS_W_BMI,114563040,I,433015,1433015,Region,..Nasarawa,0,,0,1,ANNUTSWBMI,NGDHS2024433015,2024,DHS,340,403,,,2
NGA,Niger,5720355,Mean Body Mass Index (BMI) for women,22.6,1,NG,Nigeria,2024,NG2024DHS,AN_NUTS_W_BMI,114563040,I,433016,1433016,Region,..Niger,0,,0,1,ANNUTSWBMI,NGDHS2024433016,2024,DHS,601,428,,,2
NGA,Plateau,558174,Mean Body Mass Index (BMI) for women,23,1,NG,Nigeria,2024,NG2024DHS,AN_NUTS_W_BMI,114563040,I,433017,1433017,Region,..Plateau,0,,0,1,ANNUTSWBMI,NGDHS2024433017,2024,DHS,349,429,,,2
NGA,North East,2442607,Mean Body Mass Index (BMI) for women,21.2,1,NG,Nigeria,2024,NG2024DHS,AN_NUTS_W_BMI,114563040,I,433006,1433020,Region,North East,0,,0,1,ANNUTSWBMI,NGDHS2024433006,2024,DHS,1932,1953,,,1
NGA,Adamawa,4801381,Mean Body Mass Index (BMI) for women,21.2,1,NG,Nigeria,2024,NG2024DHS,AN_NUTS_W_BMI,114563040,I,433021,1433021,Region,..Adamawa,0,,0,1,ANNUTSWBMI,NGDHS2024433021,2024,DHS,324,380,,,2
NGA,Bauchi,2865497,Mean Body Mass Index (BMI) for women,21,1,NG,Nigeria,2024,NG2024DHS,AN_NUTS_W_BMI,114563040,I,433022,1433022,Region,..Bauchi,0,,0,1,ANNUTSWBMI,NGDHS2024433022,2024,DHS,545,323,,,2
NGA,Borno,5188796,Mean Body Mass Index (BMI) for women,21.2,1,NG,Nigeria,2024,NG2024DHS,AN_NUTS_W_BMI,114563040,I,433023,1433023,Region,..Borno,0,,0,1,ANNUTSWBMI,NGDHS2024433023,2024,DHS,326,267,,,2
NGA,Gombe,7253328,Mean Body Mass Index (BMI) for women,21,1,NG,Nigeria,2024,NG2024DHS,AN_NUTS_W_BMI,114563040,I,433024,1433024,Region,..Gombe,0,,0,1,ANNUTSWBMI,NGDHS2024433024,2024,DHS,180,340,,,2
NGA,Taraba,66126,Mean Body Mass Index (BMI) for women,22.3,1,NG,Nigeria,2024,NG2024DHS,AN_NUTS_W_BMI,114563040,I,433025,1433025,Region,..Taraba,0,,0,1,ANNUTSWBMI,NGDHS2024433025,2024,DHS,254,306,,,2
NGA,Yobe,6521513,Mean Body Mass Index (BMI) for women,20.5,1,NG,Nigeria,2024,NG2024DHS,AN_NUTS_W_BMI,114563040,I,433026,1433026,Region,..Yobe,0,,0,1,ANNUTSWBMI,NGDHS2024433026,2024,DHS,303,337,,,2
NGA,North West,6578815,Mean Body Mass Index (BMI) for women,21.1,1,NG,Nigeria,2024,NG2024DHS,AN_NUTS_W_BMI,114563040,I,433007,1433030,Region,North West,0,,0,1,ANNUTSWBMI,NGDHS2024433007,2024,DHS,3671,2785,,,1
NGA,Jigawa,5908236,Mean Body Mass Index (BMI) for women,19.7,1,NG,Nigeria,2024,NG2024DHS,AN_NUTS_W_BMI,114563040,I,433031,1433031,Region,..Jigawa,0,,0,1,ANNUTSWBMI,NGDHS2024433031,2024,DHS,345,366,,,2
NGA,Kaduna,4771683,Mean Body Mass Index (BMI) for women,21.9,1,NG,Nigeria,2024,NG2024DHS,AN_NUTS_W_BMI,114563040,I,433032,1433032,Region,..Kaduna,0,,0,1,ANNUTSWBMI,NGDHS2024433032,2024,DHS,709,434,,,2
NGA,Kano,6261760,Mean Body Mass Index (BMI) for women,21,1,NG,Nigeria,2024,NG2024DHS,AN_NUTS_W_BMI,114563040,I,433033,1433033,Region,..Kano,0,,0,1,ANNUTSWBMI,NGDHS2024433033,2024,DHS,1149,588,,,2
NGA,Katsina,3824035,Mean Body Mass Index (BMI) for women,20.9,1,NG,Nigeria,2024,NG2024DHS,AN_NUTS_W_BMI,114563040,I,433034,1433034,Region,..Katsina,0,,0,1,ANNUTSWBMI,NGDHS2024433034,2024,DHS,496,340,,,2
NGA,Kebbi,5727033,Mean Body Mass Index (BMI) for women,21.2,1,NG,Nigeria,2024,NG2024DHS,AN_NUTS_W_BMI,114563040,I,433035,1433035,Region,..Kebbi,0,,0,1,ANNUTSWBMI,NGDHS2024433035,2024,DHS,266,393,,,2
NGA,Sokoto,565162,Mean Body Mass Index (BMI) for women,21.3,1,NG,Nigeria,2024,NG2024DHS,AN_NUTS_W_BMI,114563040,I,433036,1433036,Region,..Sokoto,0,,0,1,ANNUTSWBMI,NGDHS2024433036,2024,DHS,370,404,,,2
NGA,Zamfara,5476946,Mean Body Mass Index (BMI) for women,21,1,NG,Nigeria,2024,NG2024DHS,AN_NUTS_W_BMI,114563040,I,433037,1433037,Region,..Zamfara,0,,0,1,ANNUTSWBMI,NGDHS2024433037,2024,DHS,336,260,,,2
NGA,South East,7588499,Mean Body Mass Index (BMI) for women,24.3,1,NG,Nigeria,2024,NG2024DHS,AN_NUTS_W_BMI,114563040,I,433008,1433040,Region,South East,0,,0,1,ANNUTSWBMI,NGDHS2024433008,2024,DHS,1154,1788,,,1
NGA,Abia,3702119,Mean Body Mass Index (BMI) for women,24.2,1,NG,Nigeria,2024,NG2024DHS,AN_NUTS_W_BMI,114563040,I,433041,1433041,Region,..Abia,0,,0,1,ANNUTSWBMI,NGDHS2024433041,2024,DHS,131,257,,,2
NGA,Anambra,5163670,Mean Body Mass Index (BMI) for women,25.4,1,NG,Nigeria,2024,NG2024DHS,AN_NUTS_W_BMI,114563040,I,433042,1433042,Region,..Anambra,0,,0,1,ANNUTSWBMI,NGDHS2024433042,2024,DHS,230,338,,,2
NGA,Ebonyi,7253385,Mean Body Mass Index (BMI) for women,22,1,NG,Nigeria,2024,NG2024DHS,AN_NUTS_W_BMI,114563040,I,433043,1433043,Region,..Ebonyi,0,,0,1,ANNUTSWBMI,NGDHS2024433043,2024,DHS,344,504,,,2
NGA,Enugu,59652,Mean Body Mass Index (BMI) for women,25.3,1,NG,Nigeria,2024,NG2024DHS,AN_NUTS_W_BMI,114563040,I,433044,1433044,Region,..Enugu,0,,0,1,ANNUTSWBMI,NGDHS2024433044,2024,DHS,188,312,,,2
NGA,Imo,6773000,Mean Body Mass Index (BMI) for women,25.5,1,NG,Nigeria,2024,NG2024DHS,AN_NUTS_W_BMI,114563040,I,433045,1433045,Region,..Imo,0,,0,1,ANNUTSWBMI,NGDHS2024433045,2024,DHS,261,377,,,2
NGA,South West,5016961,Mean Body Mass Index (BMI) for women,23.9,1,NG,Nigeria,2024,NG2024DHS,AN_NUTS_W_BMI,114563040,I,433009,1433050,Region,South West,0,,0,1,ANNUTSWBMI,NGDHS2024433009,2024,DHS,1856,1682,,,1
NGA,Ekiti,4757158,Mean Body Mass Index (BMI) for women,23.2,1,NG,Nigeria,2024,NG2024DHS,AN_NUTS_W_BMI,114563040,I,433051,1433051,Region,..Ekiti,0,,0,1,ANNUTSWBMI,NGDHS2024433051,2024,DHS,91,194,,,2
NGA,Lagos,6260997,Mean Body Mass Index (BMI) for women,25.3,1,NG,Nigeria,2024,NG2024DHS,AN_NUTS_W_BMI,114563040,I,433052,1433052,Region,..Lagos,0,,0,1,ANNUTSWBMI,NGDHS2024433052,2024,DHS,533,343,,,2
NGA,Ogun,4223098,Mean Body Mass Index (BMI) for women,23.8,1,NG,Nigeria,2024,NG2024DHS,AN_NUTS_W_BMI,114563040,I,433053,1433053,Region,..Ogun,0,,0,1,ANNUTSWBMI,NGDHS2024433053,2024,DHS,413,325,,,2
NGA,Ondo,5687737,Mean Body Mass Index (BMI) for women,24.3,1,NG,Nigeria,2024,NG2024DHS,AN_NUTS_W_BMI,114563040,I,433054,1433054,Region,..Ondo,0,,0,1,ANNUTSWBMI,NGDHS2024433054,2024,DHS,207,250,,,2
NGA,Osun,565175,Mean Body Mass Index (BMI) for women,22.5,1,NG,Nigeria,2024,NG2024DHS,AN_NUTS_W_BMI,114563040,I,433055,1433055,Region,..Osun,0,,0,1,ANNUTSWBMI,NGDHS2024433055,2024,DHS,211,224,,,2
NGA,Oyo,5484393,Mean Body Mass Index (BMI) for women,22.8,1,NG,Nigeria,2024,NG2024DHS,AN_NUTS_W_BMI,114563040,I,433056,1433056,Region,..Oyo,0,,0,1,ANNUTSWBMI,NGDHS2024433056,2024,DHS,402,346,,,2
NGA,South South,3816915,Mean Body Mass Index (BMI) for women,24.7,1,NG,Nigeria,2024,NG2024DHS,AN_NUTS_W_BMI,114563040,I,433010,1433060,Region,South South,0,,0,1,ANNUTSWBMI,NGDHS2024433010,2024,DHS,1492,1864,,,1
NGA,Akwa Ibom,5603544,Mean Body Mass Index (BMI) for women,23.9,1,NG,Nigeria,2024,NG2024DHS,AN_NUTS_W_BMI,114563040,I,433061,1433061,Region,..Akwa Ibom,0,,0,1,ANNUTSWBMI,NGDHS2024433061,2024,DHS,210,284,,,2
NGA,Bayelsa,7281795,Mean Body Mass Index (BMI) for women,24.6,1,NG,Nigeria,2024,NG2024DHS,AN_NUTS_W_BMI,114563040,I,433062,1433062,Region,..Bayelsa,0,,0,1,ANNUTSWBMI,NGDHS2024433062,2024,DHS,100,261,,,2
NGA,Cross River,7717448,Mean Body Mass Index (BMI) for women,24.2,1,NG,Nigeria,2024,NG2024DHS,AN_NUTS_W_BMI,114563040,I,433063,1433063,Region,..Cross River,0,,0,1,ANNUTSWBMI,NGDHS2024433063,2024,DHS,170,282,,,2
NGA,Delta,6779354,Mean Body Mass Index (BMI) for women,25.1,1,NG,Nigeria,2024,NG2024DHS,AN_NUTS_W_BMI,114563040,I,433064,1433064,Region,..Delta,0,,0,1,ANNUTSWBMI,NGDHS2024433064,2024,DHS,308,283,,,2
NGA,Edo,2464484,Mean Body Mass Index (BMI) for women,24.9,1,NG,Nigeria,2024,NG2024DHS,AN_NUTS_W_BMI,114563040,I,433065,1433065,Region,..Edo,0,,0,1,ANNUTSWBMI,NGDHS2024433065,2024,DHS,227,325,,,2
NGA,Rivers,504568,Mean Body Mass Index (BMI) for women,24.9,1,NG,Nigeria,2024,NG2024DHS,AN_NUTS_W_BMI,114563040,I,433066,1433066,Region,..Rivers,0,,0,1,ANNUTSWBMI,NGDHS2024433066,2024,DHS,476,429,,,2
NGA,North Central,6178402,Women with normal BMI (18.5-24.9),62.1,1,NG,Nigeria,2024,NG2024DHS,AN_NUTS_W_NRM,114563050,I,433005,1433010,Region,North Central,0,,0,1,ANNUTSWNRM,NGDHS2024433005,2024,DHS,2352,2539,,,1
NGA,FCT Abuja,6961099,Women with normal BMI (18.5-24.9),44.2,1,NG,Nigeria,2024,NG2024DHS,AN_NUTS_W_NRM,114563050,I,433011,1433011,Region,..FCT Abuja,0,,0,1,ANNUTSWNRM,NGDHS2024433011,2024,DHS,281,308,,,2
NGA,Benue,5920455,Women with normal BMI (18.5-24.9),68.9,1,NG,Nigeria,2024,NG2024DHS,AN_NUTS_W_NRM,114563050,I,433012,1433012,Region,..Benue,0,,0,1,ANNUTSWNRM,NGDHS2024433012,2024,DHS,311,303,,,2
NGA,Kogi,2464301,Women with normal BMI (18.5-24.9),63.2,1,NG,Nigeria,2024,NG2024DHS,AN_NUTS_W_NRM,114563050,I,433013,1433013,Region,..Kogi,0,,0,1,ANNUTSWNRM,NGDHS2024433013,2024,DHS,209,337,,,2
NGA,Kwara,7337725,Women with normal BMI (18.5-24.9),50.7,1,NG,Nigeria,2024,NG2024DHS,AN_NUTS_W_NRM,114563050,I,433014,1433014,Region,..Kwara,0,,0,1,ANNUTSWNRM,NGDHS2024433014,2024,DHS,261,331,,,2
NGA,Nasarawa,3845413,Women with normal BMI (18.5-24.9),58.3,1,NG,Nigeria,2024,NG2024DHS,AN_NUTS_W_NRM,114563050,I,433015,1433015,Region,..Nasarawa,0,,0,1,ANNUTSWNRM,NGDHS2024433015,2024,DHS,340,403,,,2
NGA,Niger,5720356,Women with normal BMI (18.5-24.9),72.5,1,NG,Nigeria,2024,NG2024DHS,AN_NUTS_W_NRM,114563050,I,433016,1433016,Region,..Niger,0,,0,1,ANNUTSWNRM,NGDHS2024433016,2024,DHS,601,428,,,2
NGA,Plateau,558175,Women with normal BMI (18.5-24.9),63.9,1,NG,Nigeria,2024,NG2024DHS,AN_NUTS_W_NRM,114563050,I,433017,1433017,Region,..Plateau,0,,0,1,ANNUTSWNRM,NGDHS2024433017,2024,DHS,349,429,,,2
NGA,North East,2442608,Women with normal BMI (18.5-24.9),64.3,1,NG,Nigeria,2024,NG2024DHS,AN_NUTS_W_NRM,114563050,I,433006,1433020,Region,North East,0,,0,1,ANNUTSWNRM,NGDHS2024433006,2024,DHS,1932,1953,,,1
NGA,Adamawa,4801382,Women with normal BMI (18.5-24.9),69.3,1,NG,Nigeria,2024,NG2024DHS,AN_NUTS_W_NRM,114563050,I,433021,1433021,Region,..Adamawa,0,,0,1,ANNUTSWNRM,NGDHS2024433021,2024,DHS,324,380,,,2
NGA,Bauchi,2865498,Women with normal BMI (18.5-24.9),59.7,1,NG,Nigeria,2024,NG2024DHS,AN_NUTS_W_NRM,114563050,I,433022,1433022,Region,..Bauchi,0,,0,1,ANNUTSWNRM,NGDHS2024433022,2024,DHS,545,323,,,2
NGA,Borno,5188797,Women with normal BMI (18.5-24.9),72.6,1,NG,Nigeria,2024,NG2024DHS,AN_NUTS_W_NRM,114563050,I,433023,1433023,Region,..Borno,0,,0,1,ANNUTSWNRM,NGDHS2024433023,2024,DHS,326,267,,,2
NGA,Gombe,7253329,Women with normal BMI (18.5-24.9),58.8,1,NG,Nigeria,2024,NG2024DHS,AN_NUTS_W_NRM,114563050,I,433024,1433024,Region,..Gombe,0,,0,1,ANNUTSWNRM,NGDHS2024433024,2024,DHS,180,340,,,2
NGA,Taraba,66127,Women with normal BMI (18.5-24.9),70.7,1,NG,Nigeria,2024,NG2024DHS,AN_NUTS_W_NRM,114563050,I,433025,1433025,Region,..Taraba,0,,0,1,ANNUTSWNRM,NGDHS2024433025,2024,DHS,254,306,,,2
NGA,Yobe,6521514,Women with normal BMI (18.5-24.9),56.5,1,NG,Nigeria,2024,NG2024DHS,AN_NUTS_W_NRM,114563050,I,433026,1433026,Region,..Yobe,0,,0,1,ANNUTSWNRM,NGDHS2024433026,2024,DHS,303,337,,,2
NGA,North West,6578816,Women with normal BMI (18.5-24.9),61.5,1,NG,Nigeria,2024,NG2024DHS,AN_NUTS_W_NRM,114563050,I,433007,1433030,Region,North West,0,,0,1,ANNUTSWNRM,NGDHS2024433007,2024,DHS,3671,2785,,,1
NGA,Jigawa,5908237,Women with normal BMI (18.5-24.9),59.5,1,NG,Nigeria,2024,NG2024DHS,AN_NUTS_W_NRM,114563050,I,433031,1433031,Region,..Jigawa,0,,0,1,ANNUTSWNRM,NGDHS2024433031,2024,DHS,345,366,,,2
NGA,Kaduna,4771684,Women with normal BMI (18.5-24.9),64.5,1,NG,Nigeria,2024,NG2024DHS,AN_NUTS_W_NRM,114563050,I,433032,1433032,Region,..Kaduna,0,,0,1,ANNUTSWNRM,NGDHS2024433032,2024,DHS,709,434,,,2
NGA,Kano,6261761,Women with normal BMI (18.5-24.9),52.8,1,NG,Nigeria,2024,NG2024DHS,AN_NUTS_W_NRM,114563050,I,433033,1433033,Region,..Kano,0,,0,1,ANNUTSWNRM,NGDHS2024433033,2024,DHS,1149,588,,,2
NGA,Katsina,3824036,Women with normal BMI (18.5-24.9),67.1,1,NG,Nigeria,2024,NG2024DHS,AN_NUTS_W_NRM,114563050,I,433034,1433034,Region,..Katsina,0,,0,1,ANNUTSWNRM,NGDHS2024433034,2024,DHS,496,340,,,2
NGA,Kebbi,5727055,Women with normal BMI (18.5-24.9),63.4,1,NG,Nigeria,2024,NG2024DHS,AN_NUTS_W_NRM,114563050,I,433035,1433035,Region,..Kebbi,0,,0,1,ANNUTSWNRM,NGDHS2024433035,2024,DHS,266,393,,,2
NGA,Sokoto,565163,Women with normal BMI (18.5-24.9),74.6,1,NG,Nigeria,2024,NG2024DHS,AN_NUTS_W_NRM,114563050,I,433036,1433036,Region,..Sokoto,0,,0,1,ANNUTSWNRM,NGDHS2024433036,2024,DHS,370,404,,,2
NGA,Zamfara,5476958,Women with normal BMI (18.5-24.9),62.4,1,NG,Nigeria,2024,NG2024DHS,AN_NUTS_W_NRM,114563050,I,433037,1433037,Region,..Zamfara,0,,0,1,ANNUTSWNRM,NGDHS2024433037,2024,DHS,336,260,,,2
NGA,South East,7588500,Women with normal BMI (18.5-24.9),54.1,1,NG,Nigeria,2024,NG2024DHS,AN_NUTS_W_NRM,114563050,I,433008,1433040,Region,South East,0,,0,1,ANNUTSWNRM,NGDHS2024433008,2024,DHS,1154,1788,,,1
NGA,Abia,3702120,Women with normal BMI (18.5-24.9),49.2,1,NG,Nigeria,2024,NG2024DHS,AN_NUTS_W_NRM,114563050,I,433041,1433041,Region,..Abia,0,,0,1,ANNUTSWNRM,NGDHS2024433041,2024,DHS,131,257,,,2
NGA,Anambra,5163671,Women with normal BMI (18.5-24.9),47.6,1,NG,Nigeria,2024,NG2024DHS,AN_NUTS_W_NRM,114563050,I,433042,1433042,Region,..Anambra,0,,0,1,ANNUTSWNRM,NGDHS2024433042,2024,DHS,230,338,,,2
NGA,Ebonyi,7253386,Women with normal BMI (18.5-24.9),68.4,1,NG,Nigeria,2024,NG2024DHS,AN_NUTS_W_NRM,114563050,I,433043,1433043,Region,..Ebonyi,0,,0,1,ANNUTSWNRM,NGDHS2024433043,2024,DHS,344,504,,,2
NGA,Enugu,59653,Women with normal BMI (18.5-24.9),50.9,1,NG,Nigeria,2024,NG2024DHS,AN_NUTS_W_NRM,114563050,I,433044,1433044,Region,..Enugu,0,,0,1,ANNUTSWNRM,NGDHS2024433044,2024,DHS,188,312,,,2
NGA,Imo,6773001,Women with normal BMI (18.5-24.9),45.8,1,NG,Nigeria,2024,NG2024DHS,AN_NUTS_W_NRM,114563050,I,433045,1433045,Region,..Imo,0,,0,1,ANNUTSWNRM,NGDHS2024433045,2024,DHS,261,377,,,2
NGA,South West,5016962,Women with normal BMI (18.5-24.9),48,1,NG,Nigeria,2024,NG2024DHS,AN_NUTS_W_NRM,114563050,I,433009,1433050,Region,South West,0,,0,1,ANNUTSWNRM,NGDHS2024433009,2024,DHS,1856,1682,,,1
NGA,Ekiti,4757159,Women with normal BMI (18.5-24.9),57.2,1,NG,Nigeria,2024,NG2024DHS,AN_NUTS_W_NRM,114563050,I,433051,1433051,Region,..Ekiti,0,,0,1,ANNUTSWNRM,NGDHS2024433051,2024,DHS,91,194,,,2
NGA,Lagos,6260998,Women with normal BMI (18.5-24.9),46.5,1,NG,Nigeria,2024,NG2024DHS,AN_NUTS_W_NRM,114563050,I,433052,1433052,Region,..Lagos,0,,0,1,ANNUTSWNRM,NGDHS2024433052,2024,DHS,533,343,,,2
NGA,Ogun,4223099,Women with normal BMI (18.5-24.9),43.8,1,NG,Nigeria,2024,NG2024DHS,AN_NUTS_W_NRM,114563050,I,433053,1433053,Region,..Ogun,0,,0,1,ANNUTSWNRM,NGDHS2024433053,2024,DHS,413,325,,,2
NGA,Ondo,5687738,Women with normal BMI (18.5-24.9),47,1,NG,Nigeria,2024,NG2024DHS,AN_NUTS_W_NRM,114563050,I,433054,1433054,Region,..Ondo,0,,0,1,ANNUTSWNRM,NGDHS2024433054,2024,DHS,207,250,,,2
NGA,Osun,565176,Women with normal BMI (18.5-24.9),50.8,1,NG,Nigeria,2024,NG2024DHS,AN_NUTS_W_NRM,114563050,I,433055,1433055,Region,..Osun,0,,0,1,ANNUTSWNRM,NGDHS2024433055,2024,DHS,211,224,,,2
NGA,Oyo,5484394,Women with normal BMI (18.5-24.9),51.5,1,NG,Nigeria,2024,NG2024DHS,AN_NUTS_W_NRM,114563050,I,433056,1433056,Region,..Oyo,0,,0,1,ANNUTSWNRM,NGDHS2024433056,2024,DHS,402,346,,,2
NGA,South South,3816916,Women with normal BMI (18.5-24.9),47.9,1,NG,Nigeria,2024,NG2024DHS,AN_NUTS_W_NRM,114563050,I,433010,1433060,Region,South South,0,,0,1,ANNUTSWNRM,NGDHS2024433010,2024,DHS,1492,1864,,,1
NGA,Akwa Ibom,5603545,Women with normal BMI (18.5-24.9),50.3,1,NG,Nigeria,2024,NG2024DHS,AN_NUTS_W_NRM,114563050,I,433061,1433061,Region,..Akwa Ibom,0,,0,1,ANNUTSWNRM,NGDHS2024433061,2024,DHS,210,284,,,2
NGA,Bayelsa,7281796,Women with normal BMI (18.5-24.9),51,1,NG,Nigeria,2024,NG2024DHS,AN_NUTS_W_NRM,114563050,I,433062,1433062,Region,..Bayelsa,0,,0,1,ANNUTSWNRM,NGDHS2024433062,2024,DHS,100,261,,,2
NGA,Cross River,7717449,Women with normal BMI (18.5-24.9),57.8,1,NG,Nigeria,2024,NG2024DHS,AN_NUTS_W_NRM,114563050,I,433063,1433063,Region,..Cross River,0,,0,1,ANNUTSWNRM,NGDHS2024433063,2024,DHS,170,282,,,2
NGA,Delta,6779355,Women with normal BMI (18.5-24.9),44.9,1,NG,Nigeria,2024,NG2024DHS,AN_NUTS_W_NRM,114563050,I,433064,1433064,Region,..Delta,0,,0,1,ANNUTSWNRM,NGDHS2024433064,2024,DHS,308,283,,,2
NGA,Edo,2464485,Women with normal BMI (18.5-24.9),49.7,1,NG,Nigeria,2024,NG2024DHS,AN_NUTS_W_NRM,114563050,I,433065,1433065,Region,..Edo,0,,0,1,ANNUTSWNRM,NGDHS2024433065,2024,DHS,227,325,,,2
NGA,Rivers,504569,Women with normal BMI (18.5-24.9),43.9,1,NG,Nigeria,2024,NG2024DHS,AN_NUTS_W_NRM,114563050,I,433066,1433066,Region,..Rivers,0,,0,1,ANNUTSWNRM,NGDHS2024433066,2024,DHS,476,429,,,2
NGA,North Central,6178403,Women who are thin according to BMI (<18.5),11.5,1,NG,Nigeria,2024,NG2024DHS,AN_NUTS_W_THN,114563060,I,433005,1433010,Region,North Central,0,,0,1,ANNUTSWTHN,NGDHS2024433005,2024,DHS,2352,2539,,,1
NGA,FCT Abuja,6961108,Women who are thin according to BMI (<18.5),9.1,1,NG,Nigeria,2024,NG2024DHS,AN_NUTS_W_THN,114563060,I,433011,1433011,Region,..FCT Abuja,0,,0,1,ANNUTSWTHN,NGDHS2024433011,2024,DHS,281,308,,,2
NGA,Benue,5920456,Women who are thin according to BMI (<18.5),7.9,1,NG,Nigeria,2024,NG2024DHS,AN_NUTS_W_THN,114563060,I,433012,1433012,Region,..Benue,0,,0,1,ANNUTSWTHN,NGDHS2024433012,2024,DHS,311,303,,,2
NGA,Kogi,2464305,Women who are thin according to BMI (<18.5),13.4,1,NG,Nigeria,2024,NG2024DHS,AN_NUTS_W_THN,114563060,I,433013,1433013,Region,..Kogi,0,,0,1,ANNUTSWTHN,NGDHS2024433013,2024,DHS,209,337,,,2
NGA,Kwara,7337726,Women who are thin according to BMI (<18.5),21.6,1,NG,Nigeria,2024,NG2024DHS,AN_NUTS_W_THN,114563060,I,433014,1433014,Region,..Kwara,0,,0,1,ANNUTSWTHN,NGDHS2024433014,2024,DHS,261,331,,,2
NGA,Nasarawa,3845414,Women who are thin according to BMI (<18.5),11.5,1,NG,Nigeria,2024,NG2024DHS,AN_NUTS_W_THN,114563060,I,433015,1433015,Region,..Nasarawa,0,,0,1,ANNUTSWTHN,NGDHS2024433015,2024,DHS,340,403,,,2
NGA,Niger,5720357,Women who are thin according to BMI (<18.5),10.1,1,NG,Nigeria,2024,NG2024DHS,AN_NUTS_W_THN,114563060,I,433016,1433016,Region,..Niger,0,,0,1,ANNUTSWTHN,NGDHS2024433016,2024,DHS,601,428,,,2
NGA,Plateau,558181,Women who are thin according to BMI (<18.5),10.6,1,NG,Nigeria,2024,NG2024DHS,AN_NUTS_W_THN,114563060,I,433017,1433017,Region,..Plateau,0,,0,1,ANNUTSWTHN,NGDHS2024433017,2024,DHS,349,429,,,2
NGA,North East,2442609,Women who are thin according to BMI (<18.5),22.8,1,NG,Nigeria,2024,NG2024DHS,AN_NUTS_W_THN,114563060,I,433006,1433020,Region,North East,0,,0,1,ANNUTSWTHN,NGDHS2024433006,2024,DHS,1932,1953,,,1
NGA,Adamawa,4801394,Women who are thin according to BMI (<18.5),18.9,1,NG,Nigeria,2024,NG2024DHS,AN_NUTS_W_THN,114563060,I,433021,1433021,Region,..Adamawa,0,,0,1,ANNUTSWTHN,NGDHS2024433021,2024,DHS,324,380,,,2
NGA,Bauchi,2865504,Women who are thin according to BMI (<18.5),26.2,1,NG,Nigeria,2024,NG2024DHS,AN_NUTS_W_THN,114563060,I,433022,1433022,Region,..Bauchi,0,,0,1,ANNUTSWTHN,NGDHS2024433022,2024,DHS,545,323,,,2
NGA,Borno,5188798,Women who are thin according to BMI (<18.5),19.1,1,NG,Nigeria,2024,NG2024DHS,AN_NUTS_W_THN,114563060,I,433023,1433023,Region,..Borno,0,,0,1,ANNUTSWTHN,NGDHS2024433023,2024,DHS,326,267,,,2
NGA,Gombe,7253330,Women who are thin according to BMI (<18.5),28,1,NG,Nigeria,2024,NG2024DHS,AN_NUTS_W_THN,114563060,I,433024,1433024,Region,..Gombe,0,,0,1,ANNUTSWTHN,NGDHS2024433024,2024,DHS,180,340,,,2
NGA,Taraba,66128,Women who are thin according to BMI (<18.5),11.9,1,NG,Nigeria,2024,NG2024DHS,AN_NUTS_W_THN,114563060,I,433025,1433025,Region,..Taraba,0,,0,1,ANNUTSWTHN,NGDHS2024433025,2024,DHS,254,306,,,2
NGA,Yobe,6521515,Women who are thin according to BMI (<18.5),30.6,1,NG,Nigeria,2024,NG2024DHS,AN_NUTS_W_THN,114563060,I,433026,1433026,Region,..Yobe,0,,0,1,ANNUTSWTHN,NGDHS2024433026,2024,DHS,303,337,,,2
NGA,North West,6578817,Women who are thin according to BMI (<18.5),25.6,1,NG,Nigeria,2024,NG2024DHS,AN_NUTS_W_THN,114563060,I,433007,1433030,Region,North West,0,,0,1,ANNUTSWTHN,NGDHS2024433007,2024,DHS,3671,2785,,,1
NGA,Jigawa,5908238,Women who are thin according to BMI (<18.5),35.9,1,NG,Nigeria,2024,NG2024DHS,AN_NUTS_W_THN,114563060,I,433031,1433031,Region,..Jigawa,0,,0,1,ANNUTSWTHN,NGDHS2024433031,2024,DHS,345,366,,,2
NGA,Kaduna,4771685,Women who are thin according to BMI (<18.5),17.9,1,NG,Nigeria,2024,NG2024DHS,AN_NUTS_W_THN,114563060,I,433032,1433032,Region,..Kaduna,0,,0,1,ANNUTSWTHN,NGDHS2024433032,2024,DHS,709,434,,,2
NGA,Kano,6261762,Women who are thin according to BMI (<18.5),32.4,1,NG,Nigeria,2024,NG2024DHS,AN_NUTS_W_THN,114563060,I,433033,1433033,Region,..Kano,0,,0,1,ANNUTSWTHN,NGDHS2024433033,2024,DHS,1149,588,,,2
NGA,Katsina,3824037,Women who are thin according to BMI (<18.5),22.4,1,NG,Nigeria,2024,NG2024DHS,AN_NUTS_W_THN,114563060,I,433034,1433034,Region,..Katsina,0,,0,1,ANNUTSWTHN,NGDHS2024433034,2024,DHS,496,340,,,2
NGA,Kebbi,5727056,Women who are thin according to BMI (<18.5),23.1,1,NG,Nigeria,2024,NG2024DHS,AN_NUTS_W_THN,114563060,I,433035,1433035,Region,..Kebbi,0,,0,1,ANNUTSWTHN,NGDHS2024433035,2024,DHS,266,393,,,2
NGA,Sokoto,565164,Women who are thin according to BMI (<18.5),16.2,1,NG,Nigeria,2024,NG2024DHS,AN_NUTS_W_THN,114563060,I,433036,1433036,Region,..Sokoto,0,,0,1,ANNUTSWTHN,NGDHS2024433036,2024,DHS,370,404,,,2
NGA,Zamfara,5476959,Women who are thin according to BMI (<18.5),25.3,1,NG,Nigeria,2024,NG2024DHS,AN_NUTS_W_THN,114563060,I,433037,1433037,Region,..Zamfara,0,,0,1,ANNUTSWTHN,NGDHS2024433037,2024,DHS,336,260,,,2
NGA,South East,7588501,Women who are thin according to BMI (<18.5),9.1,1,NG,Nigeria,2024,NG2024DHS,AN_NUTS_W_THN,114563060,I,433008,1433040,Region,South East,0,,0,1,ANNUTSWTHN,NGDHS2024433008,2024,DHS,1154,1788,,,1
NGA,Abia,3702151,Women who are thin according to BMI (<18.5),8.9,1,NG,Nigeria,2024,NG2024DHS,AN_NUTS_W_THN,114563060,I,433041,1433041,Region,..Abia,0,,0,1,ANNUTSWTHN,NGDHS2024433041,2024,DHS,131,257,,,2
NGA,Anambra,5163678,Women who are thin according to BMI (<18.5),6.8,1,NG,Nigeria,2024,NG2024DHS,AN_NUTS_W_THN,114563060,I,433042,1433042,Region,..Anambra,0,,0,1,ANNUTSWTHN,NGDHS2024433042,2024,DHS,230,338,,,2
NGA,Ebonyi,7253387,Women who are thin according to BMI (<18.5),13.8,1,NG,Nigeria,2024,NG2024DHS,AN_NUTS_W_THN,114563060,I,433043,1433043,Region,..Ebonyi,0,,0,1,ANNUTSWTHN,NGDHS2024433043,2024,DHS,344,504,,,2
NGA,Enugu,59654,Women who are thin according to BMI (<18.5),3.7,1,NG,Nigeria,2024,NG2024DHS,AN_NUTS_W_THN,114563060,I,433044,1433044,Region,..Enugu,0,,0,1,ANNUTSWTHN,NGDHS2024433044,2024,DHS,188,312,,,2
NGA,Imo,6773002,Women who are thin according to BMI (<18.5),9.1,1,NG,Nigeria,2024,NG2024DHS,AN_NUTS_W_THN,114563060,I,433045,1433045,Region,..Imo,0,,0,1,ANNUTSWTHN,NGDHS2024433045,2024,DHS,261,377,,,2
NGA,South West,5016963,Women who are thin according to BMI (<18.5),16,1,NG,Nigeria,2024,NG2024DHS,AN_NUTS_W_THN,114563060,I,433009,1433050,Region,South West,0,,0,1,ANNUTSWTHN,NGDHS2024433009,2024,DHS,1856,1682,,,1
NGA,Ekiti,4757160,Women who are thin according to BMI (<18.5),13.3,1,NG,Nigeria,2024,NG2024DHS,AN_NUTS_W_THN,114563060,I,433051,1433051,Region,..Ekiti,0,,0,1,ANNUTSWTHN,NGDHS2024433051,2024,DHS,91,194,,,2
NGA,Lagos,6260999,Women who are thin according to BMI (<18.5),10.4,1,NG,Nigeria,2024,NG2024DHS,AN_NUTS_W_THN,114563060,I,433052,1433052,Region,..Lagos,0,,0,1,ANNUTSWTHN,NGDHS2024433052,2024,DHS,533,343,,,2
NGA,Ogun,4223112,Women who are thin according to BMI (<18.5),16.5,1,NG,Nigeria,2024,NG2024DHS,AN_NUTS_W_THN,114563060,I,433053,1433053,Region,..Ogun,0,,0,1,ANNUTSWTHN,NGDHS2024433053,2024,DHS,413,325,,,2
NGA,Ondo,5687740,Women who are thin according to BMI (<18.5),12.6,1,NG,Nigeria,2024,NG2024DHS,AN_NUTS_W_THN,114563060,I,433054,1433054,Region,..Ondo,0,,0,1,ANNUTSWTHN,NGDHS2024433054,2024,DHS,207,250,,,2
NGA,Osun,565177,Women who are thin according to BMI (<18.5),22.1,1,NG,Nigeria,2024,NG2024DHS,AN_NUTS_W_THN,114563060,I,433055,1433055,Region,..Osun,0,,0,1,ANNUTSWTHN,NGDHS2024433055,2024,DHS,211,224,,,2
NGA,Oyo,5484395,Women who are thin according to BMI (<18.5),22.1,1,NG,Nigeria,2024,NG2024DHS,AN_NUTS_W_THN,114563060,I,433056,1433056,Region,..Oyo,0,,0,1,ANNUTSWTHN,NGDHS2024433056,2024,DHS,402,346,,,2
NGA,South South,3816926,Women who are thin according to BMI (<18.5),11.1,1,NG,Nigeria,2024,NG2024DHS,AN_NUTS_W_THN,114563060,I,433010,1433060,Region,South South,0,,0,1,ANNUTSWTHN,NGDHS2024433010,2024,DHS,1492,1864,,,1
NGA,Akwa Ibom,5603546,Women who are thin according to BMI (<18.5),14.6,1,NG,Nigeria,2024,NG2024DHS,AN_NUTS_W_THN,114563060,I,433061,1433061,Region,..Akwa Ibom,0,,0,1,ANNUTSWTHN,NGDHS2024433061,2024,DHS,210,284,,,2
NGA,Bayelsa,7281797,Women who are thin according to BMI (<18.5),9.5,1,NG,Nigeria,2024,NG2024DHS,AN_NUTS_W_THN,114563060,I,433062,1433062,Region,..Bayelsa,0,,0,1,ANNUTSWTHN,NGDHS2024433062,2024,DHS,100,261,,,2
NGA,Cross River,7717450,Women who are thin according to BMI (<18.5),4.9,1,NG,Nigeria,2024,NG2024DHS,AN_NUTS_W_THN,114563060,I,433063,1433063,Region,..Cross River,0,,0,1,ANNUTSWTHN,NGDHS2024433063,2024,DHS,170,282,,,2
NGA,Delta,6779368,Women who are thin according to BMI (<18.5),11,1,NG,Nigeria,2024,NG2024DHS,AN_NUTS_W_THN,114563060,I,433064,1433064,Region,..Delta,0,,0,1,ANNUTSWTHN,NGDHS2024433064,2024,DHS,308,283,,,2
NGA,Edo,2464486,Women who are thin according to BMI (<18.5),11.1,1,NG,Nigeria,2024,NG2024DHS,AN_NUTS_W_THN,114563060,I,433065,1433065,Region,..Edo,0,,0,1,ANNUTSWTHN,NGDHS2024433065,2024,DHS,227,325,,,2
NGA,Rivers,504570,Women who are thin according to BMI (<18.5),12.1,1,NG,Nigeria,2024,NG2024DHS,AN_NUTS_W_THN,114563060,I,433066,1433066,Region,..Rivers,0,,0,1,ANNUTSWTHN,NGDHS2024433066,2024,DHS,476,429,,,2
NGA,North Central,6178404,Women who are mildly thin according to BMI (17.0-18.4),8.3,1,NG,Nigeria,2024,NG2024DHS,AN_NUTS_W_TH1,114563070,I,433005,1433010,Region,North Central,0,,0,1,ANNUTSWTH1,NGDHS2024433005,2024,DHS,2352,2539,,,1
NGA,FCT Abuja,6961109,Women who are mildly thin according to BMI (17.0-18.4),8.2,1,NG,Nigeria,2024,NG2024DHS,AN_NUTS_W_TH1,114563070,I,433011,1433011,Region,..FCT Abuja,0,,0,1,ANNUTSWTH1,NGDHS2024433011,2024,DHS,281,308,,,2
NGA,Benue,5920457,Women who are mildly thin according to BMI (17.0-18.4),5.9,1,NG,Nigeria,2024,NG2024DHS,AN_NUTS_W_TH1,114563070,I,433012,1433012,Region,..Benue,0,,0,1,ANNUTSWTH1,NGDHS2024433012,2024,DHS,311,303,,,2
NGA,Kogi,2464306,Women who are mildly thin according to BMI (17.0-18.4),9.2,1,NG,Nigeria,2024,NG2024DHS,AN_NUTS_W_TH1,114563070,I,433013,1433013,Region,..Kogi,0,,0,1,ANNUTSWTH1,NGDHS2024433013,2024,DHS,209,337,,,2
NGA,Kwara,7337727,Women who are mildly thin according to BMI (17.0-18.4),13.4,1,NG,Nigeria,2024,NG2024DHS,AN_NUTS_W_TH1,114563070,I,433014,1433014,Region,..Kwara,0,,0,1,ANNUTSWTH1,NGDHS2024433014,2024,DHS,261,331,,,2
NGA,Nasarawa,3845415,Women who are mildly thin according to BMI (17.0-18.4),8,1,NG,Nigeria,2024,NG2024DHS,AN_NUTS_W_TH1,114563070,I,433015,1433015,Region,..Nasarawa,0,,0,1,ANNUTSWTH1,NGDHS2024433015,2024,DHS,340,403,,,2
NGA,Niger,5720364,Women who are mildly thin according to BMI (17.0-18.4),8,1,NG,Nigeria,2024,NG2024DHS,AN_NUTS_W_TH1,114563070,I,433016,1433016,Region,..Niger,0,,0,1,ANNUTSWTH1,NGDHS2024433016,2024,DHS,601,428,,,2
NGA,Plateau,558182,Women who are mildly thin according to BMI (17.0-18.4),6.7,1,NG,Nigeria,2024,NG2024DHS,AN_NUTS_W_TH1,114563070,I,433017,1433017,Region,..Plateau,0,,0,1,ANNUTSWTH1,NGDHS2024433017,2024,DHS,349,429,,,2
NGA,North East,2442610,Women who are mildly thin according to BMI (17.0-18.4),14.2,1,NG,Nigeria,2024,NG2024DHS,AN_NUTS_W_TH1,114563070,I,433006,1433020,Region,North East,0,,0,1,ANNUTSWTH1,NGDHS2024433006,2024,DHS,1932,1953,,,1
NGA,Adamawa,4801395,Women who are mildly thin according to BMI (17.0-18.4),10,1,NG,Nigeria,2024,NG2024DHS,AN_NUTS_W_TH1,114563070,I,433021,1433021,Region,..Adamawa,0,,0,1,ANNUTSWTH1,NGDHS2024433021,2024,DHS,324,380,,,2
NGA,Bauchi,2865505,Women who are mildly thin according to BMI (17.0-18.4),18.5,1,NG,Nigeria,2024,NG2024DHS,AN_NUTS_W_TH1,114563070,I,433022,1433022,Region,..Bauchi,0,,0,1,ANNUTSWTH1,NGDHS2024433022,2024,DHS,545,323,,,2
NGA,Borno,5188799,Women who are mildly thin according to BMI (17.0-18.4),13.1,1,NG,Nigeria,2024,NG2024DHS,AN_NUTS_W_TH1,114563070,I,433023,1433023,Region,..Borno,0,,0,1,ANNUTSWTH1,NGDHS2024433023,2024,DHS,326,267,,,2
NGA,Gombe,7253331,Women who are mildly thin according to BMI (17.0-18.4),16.6,1,NG,Nigeria,2024,NG2024DHS,AN_NUTS_W_TH1,114563070,I,433024,1433024,Region,..Gombe,0,,0,1,ANNUTSWTH1,NGDHS2024433024,2024,DHS,180,340,,,2
NGA,Taraba,66129,Women who are mildly thin according to BMI (17.0-18.4),8.2,1,NG,Nigeria,2024,NG2024DHS,AN_NUTS_W_TH1,114563070,I,433025,1433025,Region,..Taraba,0,,0,1,ANNUTSWTH1,NGDHS2024433025,2024,DHS,254,306,,,2
NGA,Yobe,6521516,Women who are mildly thin according to BMI (17.0-18.4),15.7,1,NG,Nigeria,2024,NG2024DHS,AN_NUTS_W_TH1,114563070,I,433026,1433026,Region,..Yobe,0,,0,1,ANNUTSWTH1,NGDHS2024433026,2024,DHS,303,337,,,2
NGA,North West,6578818,Women who are mildly thin according to BMI (17.0-18.4),15.8,1,NG,Nigeria,2024,NG2024DHS,AN_NUTS_W_TH1,114563070,I,433007,1433030,Region,North West,0,,0,1,ANNUTSWTH1,NGDHS2024433007,2024,DHS,3671,2785,,,1
NGA,Jigawa,5908239,Women who are mildly thin according to BMI (17.0-18.4),20.2,1,NG,Nigeria,2024,NG2024DHS,AN_NUTS_W_TH1,114563070,I,433031,1433031,Region,..Jigawa,0,,0,1,ANNUTSWTH1,NGDHS2024433031,2024,DHS,345,366,,,2
NGA,Kaduna,4771686,Women who are mildly thin according to BMI (17.0-18.4),9.3,1,NG,Nigeria,2024,NG2024DHS,AN_NUTS_W_TH1,114563070,I,433032,1433032,Region,..Kaduna,0,,0,1,ANNUTSWTH1,NGDHS2024433032,2024,DHS,709,434,,,2
NGA,Kano,6261763,Women who are mildly thin according to BMI (17.0-18.4),20,1,NG,Nigeria,2024,NG2024DHS,AN_NUTS_W_TH1,114563070,I,433033,1433033,Region,..Kano,0,,0,1,ANNUTSWTH1,NGDHS2024433033,2024,DHS,1149,588,,,2
NGA,Katsina,3824065,Women who are mildly thin according to BMI (17.0-18.4),13.9,1,NG,Nigeria,2024,NG2024DHS,AN_NUTS_W_TH1,114563070,I,433034,1433034,Region,..Katsina,0,,0,1,ANNUTSWTH1,NGDHS2024433034,2024,DHS,496,340,,,2
NGA,Kebbi,5727057,Women who are mildly thin according to BMI (17.0-18.4),17.2,1,NG,Nigeria,2024,NG2024DHS,AN_NUTS_W_TH1,114563070,I,433035,1433035,Region,..Kebbi,0,,0,1,ANNUTSWTH1,NGDHS2024433035,2024,DHS,266,393,,,2
NGA,Sokoto,565165,Women who are mildly thin according to BMI (17.0-18.4),12.4,1,NG,Nigeria,2024,NG2024DHS,AN_NUTS_W_TH1,114563070,I,433036,1433036,Region,..Sokoto,0,,0,1,ANNUTSWTH1,NGDHS2024433036,2024,DHS,370,404,,,2
NGA,Zamfara,5476962,Women who are mildly thin according to BMI (17.0-18.4),16.5,1,NG,Nigeria,2024,NG2024DHS,AN_NUTS_W_TH1,114563070,I,433037,1433037,Region,..Zamfara,0,,0,1,ANNUTSWTH1,NGDHS2024433037,2024,DHS,336,260,,,2
NGA,South East,7588502,Women who are mildly thin according to BMI (17.0-18.4),6.9,1,NG,Nigeria,2024,NG2024DHS,AN_NUTS_W_TH1,114563070,I,433008,1433040,Region,South East,0,,0,1,ANNUTSWTH1,NGDHS2024433008,2024,DHS,1154,1788,,,1
NGA,Abia,3702154,Women who are mildly thin according to BMI (17.0-18.4),6.5,1,NG,Nigeria,2024,NG2024DHS,AN_NUTS_W_TH1,114563070,I,433041,1433041,Region,..Abia,0,,0,1,ANNUTSWTH1,NGDHS2024433041,2024,DHS,131,257,,,2
NGA,Anambra,5163679,Women who are mildly thin according to BMI (17.0-18.4),6.1,1,NG,Nigeria,2024,NG2024DHS,AN_NUTS_W_TH1,114563070,I,433042,1433042,Region,..Anambra,0,,0,1,ANNUTSWTH1,NGDHS2024433042,2024,DHS,230,338,,,2
NGA,Ebonyi,7253388,Women who are mildly thin according to BMI (17.0-18.4),10.3,1,NG,Nigeria,2024,NG2024DHS,AN_NUTS_W_TH1,114563070,I,433043,1433043,Region,..Ebonyi,0,,0,1,ANNUTSWTH1,NGDHS2024433043,2024,DHS,344,504,,,2
NGA,Enugu,59690,Women who are mildly thin according to BMI (17.0-18.4),3.3,1,NG,Nigeria,2024,NG2024DHS,AN_NUTS_W_TH1,114563070,I,433044,1433044,Region,..Enugu,0,,0,1,ANNUTSWTH1,NGDHS2024433044,2024,DHS,188,312,,,2
NGA,Imo,6773003,Women who are mildly thin according to BMI (17.0-18.4),5.8,1,NG,Nigeria,2024,NG2024DHS,AN_NUTS_W_TH1,114563070,I,433045,1433045,Region,..Imo,0,,0,1,ANNUTSWTH1,NGDHS2024433045,2024,DHS,261,377,,,2
NGA,South West,5016964,Women who are mildly thin according to BMI (17.0-18.4),10,1,NG,Nigeria,2024,NG2024DHS,AN_NUTS_W_TH1,114563070,I,433009,1433050,Region,South West,0,,0,1,ANNUTSWTH1,NGDHS2024433009,2024,DHS,1856,1682,,,1
NGA,Ekiti,4757161,Women who are mildly thin according to BMI (17.0-18.4),7.8,1,NG,Nigeria,2024,NG2024DHS,AN_NUTS_W_TH1,114563070,I,433051,1433051,Region,..Ekiti,0,,0,1,ANNUTSWTH1,NGDHS2024433051,2024,DHS,91,194,,,2
NGA,Lagos,6261000,Women who are mildly thin according to BMI (17.0-18.4),8.3,1,NG,Nigeria,2024,NG2024DHS,AN_NUTS_W_TH1,114563070,I,433052,1433052,Region,..Lagos,0,,0,1,ANNUTSWTH1,NGDHS2024433052,2024,DHS,533,343,,,2
NGA,Ogun,4223113,Women who are mildly thin according to BMI (17.0-18.4),10,1,NG,Nigeria,2024,NG2024DHS,AN_NUTS_W_TH1,114563070,I,433053,1433053,Region,..Ogun,0,,0,1,ANNUTSWTH1,NGDHS2024433053,2024,DHS,413,325,,,2
NGA,Ondo,5687741,Women who are mildly thin according to BMI (17.0-18.4),9.2,1,NG,Nigeria,2024,NG2024DHS,AN_NUTS_W_TH1,114563070,I,433054,1433054,Region,..Ondo,0,,0,1,ANNUTSWTH1,NGDHS2024433054,2024,DHS,207,250,,,2
NGA,Osun,565178,Women who are mildly thin according to BMI (17.0-18.4),12.9,1,NG,Nigeria,2024,NG2024DHS,AN_NUTS_W_TH1,114563070,I,433055,1433055,Region,..Osun,0,,0,1,ANNUTSWTH1,NGDHS2024433055,2024,DHS,211,224,,,2
NGA,Oyo,5484396,Women who are mildly thin according to BMI (17.0-18.4),11.5,1,NG,Nigeria,2024,NG2024DHS,AN_NUTS_W_TH1,114563070,I,433056,1433056,Region,..Oyo,0,,0,1,ANNUTSWTH1,NGDHS2024433056,2024,DHS,402,346,,,2
NGA,South South,3816927,Women who are mildly thin according to BMI (17.0-18.4),8.2,1,NG,Nigeria,2024,NG2024DHS,AN_NUTS_W_TH1,114563070,I,433010,1433060,Region,South South,0,,0,1,ANNUTSWTH1,NGDHS2024433010,2024,DHS,1492,1864,,,1
NGA,Akwa Ibom,5603547,Women who are mildly thin according to BMI (17.0-18.4),11.2,1,NG,Nigeria,2024,NG2024DHS,AN_NUTS_W_TH1,114563070,I,433061,1433061,Region,..Akwa Ibom,0,,0,1,ANNUTSWTH1,NGDHS2024433061,2024,DHS,210,284,,,2
NGA,Bayelsa,7281798,Women who are mildly thin according to BMI (17.0-18.4),7.2,1,NG,Nigeria,2024,NG2024DHS,AN_NUTS_W_TH1,114563070,I,433062,1433062,Region,..Bayelsa,0,,0,1,ANNUTSWTH1,NGDHS2024433062,2024,DHS,100,261,,,2
NGA,Cross River,7717498,Women who are mildly thin according to BMI (17.0-18.4),3,1,NG,Nigeria,2024,NG2024DHS,AN_NUTS_W_TH1,114563070,I,433063,1433063,Region,..Cross River,0,,0,1,ANNUTSWTH1,NGDHS2024433063,2024,DHS,170,282,,,2
NGA,Delta,6779369,Women who are mildly thin according to BMI (17.0-18.4),7.4,1,NG,Nigeria,2024,NG2024DHS,AN_NUTS_W_TH1,114563070,I,433064,1433064,Region,..Delta,0,,0,1,ANNUTSWTH1,NGDHS2024433064,2024,DHS,308,283,,,2
NGA,Edo,2464487,Women who are mildly thin according to BMI (17.0-18.4),6.7,1,NG,Nigeria,2024,NG2024DHS,AN_NUTS_W_TH1,114563070,I,433065,1433065,Region,..Edo,0,,0,1,ANNUTSWTH1,NGDHS2024433065,2024,DHS,227,325,,,2
NGA,Rivers,504571,Women who are mildly thin according to BMI (17.0-18.4),10.1,1,NG,Nigeria,2024,NG2024DHS,AN_NUTS_W_TH1,114563070,I,433066,1433066,Region,..Rivers,0,,0,1,ANNUTSWTH1,NGDHS2024433066,2024,DHS,476,429,,,2
NGA,North Central,6178407,Women who are moderately thin according to BMI (<17.0),3.3,1,NG,Nigeria,2024,NG2024DHS,AN_NUTS_W_TH2,114563080,I,433005,1433010,Region,North Central,0,,0,1,ANNUTSWTH2,NGDHS2024433005,2024,DHS,2352,2539,,,1
NGA,FCT Abuja,6961112,Women who are moderately thin according to BMI (<17.0),0.9,1,NG,Nigeria,2024,NG2024DHS,AN_NUTS_W_TH2,114563080,I,433011,1433011,Region,..FCT Abuja,0,,0,1,ANNUTSWTH2,NGDHS2024433011,2024,DHS,281,308,,,2
NGA,Benue,5920460,Women who are moderately thin according to BMI (<17.0),2,1,NG,Nigeria,2024,NG2024DHS,AN_NUTS_W_TH2,114563080,I,433012,1433012,Region,..Benue,0,,0,1,ANNUTSWTH2,NGDHS2024433012,2024,DHS,311,303,,,2
NGA,Kogi,2464311,Women who are moderately thin according to BMI (<17.0),4.2,1,NG,Nigeria,2024,NG2024DHS,AN_NUTS_W_TH2,114563080,I,433013,1433013,Region,..Kogi,0,,0,1,ANNUTSWTH2,NGDHS2024433013,2024,DHS,209,337,,,2
NGA,Kwara,7337730,Women who are moderately thin according to BMI (<17.0),8.2,1,NG,Nigeria,2024,NG2024DHS,AN_NUTS_W_TH2,114563080,I,433014,1433014,Region,..Kwara,0,,0,1,ANNUTSWTH2,NGDHS2024433014,2024,DHS,261,331,,,2
NGA,Nasarawa,3845424,Women who are moderately thin according to BMI (<17.0),3.5,1,NG,Nigeria,2024,NG2024DHS,AN_NUTS_W_TH2,114563080,I,433015,1433015,Region,..Nasarawa,0,,0,1,ANNUTSWTH2,NGDHS2024433015,2024,DHS,340,403,,,2
NGA,Niger,5720367,Women who are moderately thin according to BMI (<17.0),2.1,1,NG,Nigeria,2024,NG2024DHS,AN_NUTS_W_TH2,114563080,I,433016,1433016,Region,..Niger,0,,0,1,ANNUTSWTH2,NGDHS2024433016,2024,DHS,601,428,,,2
NGA,Plateau,558172,Women who are moderately thin according to BMI (<17.0),3.9,1,NG,Nigeria,2024,NG2024DHS,AN_NUTS_W_TH2,114563080,I,433017,1433017,Region,..Plateau,0,,0,1,ANNUTSWTH2,NGDHS2024433017,2024,DHS,349,429,,,2
NGA,North East,2442628,Women who are moderately thin according to BMI (<17.0),8.6,1,NG,Nigeria,2024,NG2024DHS,AN_NUTS_W_TH2,114563080,I,433006,1433020,Region,North East,0,,0,1,ANNUTSWTH2,NGDHS2024433006,2024,DHS,1932,1953,,,1
NGA,Adamawa,4801383,Women who are moderately thin according to BMI (<17.0),8.9,1,NG,Nigeria,2024,NG2024DHS,AN_NUTS_W_TH2,114563080,I,433021,1433021,Region,..Adamawa,0,,0,1,ANNUTSWTH2,NGDHS2024433021,2024,DHS,324,380,,,2
NGA,Bauchi,2865508,Women who are moderately thin according to BMI (<17.0),7.6,1,NG,Nigeria,2024,NG2024DHS,AN_NUTS_W_TH2,114563080,I,433022,1433022,Region,..Bauchi,0,,0,1,ANNUTSWTH2,NGDHS2024433022,2024,DHS,545,323,,,2
NGA,Borno,5188802,Women who are moderately thin according to BMI (<17.0),6.1,1,NG,Nigeria,2024,NG2024DHS,AN_NUTS_W_TH2,114563080,I,433023,1433023,Region,..Borno,0,,0,1,ANNUTSWTH2,NGDHS2024433023,2024,DHS,326,267,,,2
NGA,Gombe,7253339,Women who are moderately thin according to BMI (<17.0),11.5,1,NG,Nigeria,2024,NG2024DHS,AN_NUTS_W_TH2,114563080,I,433024,1433024,Region,..Gombe,0,,0,1,ANNUTSWTH2,NGDHS2024433024,2024,DHS,180,340,,,2
NGA,Taraba,66150,Women who are moderately thin according to BMI (<17.0),3.7,1,NG,Nigeria,2024,NG2024DHS,AN_NUTS_W_TH2,114563080,I,433025,1433025,Region,..Taraba,0,,0,1,ANNUTSWTH2,NGDHS2024433025,2024,DHS,254,306,,,2
NGA,Yobe,6521506,Women who are moderately thin according to BMI (<17.0),14.9,1,NG,Nigeria,2024,NG2024DHS,AN_NUTS_W_TH2,114563080,I,433026,1433026,Region,..Yobe,0,,0,1,ANNUTSWTH2,NGDHS2024433026,2024,DHS,303,337,,,2
NGA,North West,6578821,Women who are moderately thin according to BMI (<17.0),9.8,1,NG,Nigeria,2024,NG2024DHS,AN_NUTS_W_TH2,114563080,I,433007,1433030,Region,North West,0,,0,1,ANNUTSWTH2,NGDHS2024433007,2024,DHS,3671,2785,,,1
NGA,Jigawa,5908240,Women who are moderately thin according to BMI (<17.0),15.7,1,NG,Nigeria,2024,NG2024DHS,AN_NUTS_W_TH2,114563080,I,433031,1433031,Region,..Jigawa,0,,0,1,ANNUTSWTH2,NGDHS2024433031,2024,DHS,345,366,,,2
NGA,Kaduna,4771679,Women who are moderately thin according to BMI (<17.0),8.6,1,NG,Nigeria,2024,NG2024DHS,AN_NUTS_W_TH2,114563080,I,433032,1433032,Region,..Kaduna,0,,0,1,ANNUTSWTH2,NGDHS2024433032,2024,DHS,709,434,,,2
NGA,Kano,6261758,Women who are moderately thin according to BMI (<17.0),12.4,1,NG,Nigeria,2024,NG2024DHS,AN_NUTS_W_TH2,114563080,I,433033,1433033,Region,..Kano,0,,0,1,ANNUTSWTH2,NGDHS2024433033,2024,DHS,1149,588,,,2
NGA,Katsina,3824033,Women who are moderately thin according to BMI (<17.0),8.5,1,NG,Nigeria,2024,NG2024DHS,AN_NUTS_W_TH2,114563080,I,433034,1433034,Region,..Katsina,0,,0,1,ANNUTSWTH2,NGDHS2024433034,2024,DHS,496,340,,,2
NGA,Kebbi,5727058,Women who are moderately thin according to BMI (<17.0),5.9,1,NG,Nigeria,2024,NG2024DHS,AN_NUTS_W_TH2,114563080,I,433035,1433035,Region,..Kebbi,0,,0,1,ANNUTSWTH2,NGDHS2024433035,2024,DHS,266,393,,,2
NGA,Sokoto,565166,Women who are moderately thin according to BMI (<17.0),3.7,1,NG,Nigeria,2024,NG2024DHS,AN_NUTS_W_TH2,114563080,I,433036,1433036,Region,..Sokoto,0,,0,1,ANNUTSWTH2,NGDHS2024433036,2024,DHS,370,404,,,2
NGA,Zamfara,5476960,Women who are moderately thin according to BMI (<17.0),8.8,1,NG,Nigeria,2024,NG2024DHS,AN_NUTS_W_TH2,114563080,I,433037,1433037,Region,..Zamfara,0,,0,1,ANNUTSWTH2,NGDHS2024433037,2024,DHS,336,260,,,2
NGA,South East,7588505,Women who are moderately thin according to BMI (<17.0),2.2,1,NG,Nigeria,2024,NG2024DHS,AN_NUTS_W_TH2,114563080,I,433008,1433040,Region,South East,0,,0,1,ANNUTSWTH2,NGDHS2024433008,2024,DHS,1154,1788,,,1
NGA,Abia,3702149,Women who are moderately thin according to BMI (<17.0),2.3,1,NG,Nigeria,2024,NG2024DHS,AN_NUTS_W_TH2,114563080,I,433041,1433041,Region,..Abia,0,,0,1,ANNUTSWTH2,NGDHS2024433041,2024,DHS,131,257,,,2
NGA,Anambra,5163667,Women who are moderately thin according to BMI (<17.0),0.6,1,NG,Nigeria,2024,NG2024DHS,AN_NUTS_W_TH2,114563080,I,433042,1433042,Region,..Anambra,0,,0,1,ANNUTSWTH2,NGDHS2024433042,2024,DHS,230,338,,,2
NGA,Ebonyi,7253341,Women who are moderately thin according to BMI (<17.0),3.4,1,NG,Nigeria,2024,NG2024DHS,AN_NUTS_W_TH2,114563080,I,433043,1433043,Region,..Ebonyi,0,,0,1,ANNUTSWTH2,NGDHS2024433043,2024,DHS,344,504,,,2
NGA,Enugu,59650,Women who are moderately thin according to BMI (<17.0),0.5,1,NG,Nigeria,2024,NG2024DHS,AN_NUTS_W_TH2,114563080,I,433044,1433044,Region,..Enugu,0,,0,1,ANNUTSWTH2,NGDHS2024433044,2024,DHS,188,312,,,2
NGA,Imo,6772999,Women who are moderately thin according to BMI (<17.0),3.3,1,NG,Nigeria,2024,NG2024DHS,AN_NUTS_W_TH2,114563080,I,433045,1433045,Region,..Imo,0,,0,1,ANNUTSWTH2,NGDHS2024433045,2024,DHS,261,377,,,2
NGA,South West,5016967,Women who are moderately thin according to BMI (<17.0),6.1,1,NG,Nigeria,2024,NG2024DHS,AN_NUTS_W_TH2,114563080,I,433009,1433050,Region,South West,0,,0,1,ANNUTSWTH2,NGDHS2024433009,2024,DHS,1856,1682,,,1
NGA,Ekiti,4757156,Women who are moderately thin according to BMI (<17.0),5.5,1,NG,Nigeria,2024,NG2024DHS,AN_NUTS_W_TH2,114563080,I,433051,1433051,Region,..Ekiti,0,,0,1,ANNUTSWTH2,NGDHS2024433051,2024,DHS,91,194,,,2
NGA,Lagos,6260996,Women who are moderately thin according to BMI (<17.0),2.2,1,NG,Nigeria,2024,NG2024DHS,AN_NUTS_W_TH2,114563080,I,433052,1433052,Region,..Lagos,0,,0,1,ANNUTSWTH2,NGDHS2024433052,2024,DHS,533,343,,,2
NGA,Ogun,4223114,Women who are moderately thin according to BMI (<17.0),6.5,1,NG,Nigeria,2024,NG2024DHS,AN_NUTS_W_TH2,114563080,I,433053,1433053,Region,..Ogun,0,,0,1,ANNUTSWTH2,NGDHS2024433053,2024,DHS,413,325,,,2
NGA,Ondo,5687735,Women who are moderately thin according to BMI (<17.0),3.4,1,NG,Nigeria,2024,NG2024DHS,AN_NUTS_W_TH2,114563080,I,433054,1433054,Region,..Ondo,0,,0,1,ANNUTSWTH2,NGDHS2024433054,2024,DHS,207,250,,,2
NGA,Osun,565171,Women who are moderately thin according to BMI (<17.0),9.2,1,NG,Nigeria,2024,NG2024DHS,AN_NUTS_W_TH2,114563080,I,433055,1433055,Region,..Osun,0,,0,1,ANNUTSWTH2,NGDHS2024433055,2024,DHS,211,224,,,2
NGA,Oyo,5484366,Women who are moderately thin according to BMI (<17.0),10.6,1,NG,Nigeria,2024,NG2024DHS,AN_NUTS_W_TH2,114563080,I,433056,1433056,Region,..Oyo,0,,0,1,ANNUTSWTH2,NGDHS2024433056,2024,DHS,402,346,,,2
NGA,South South,3816928,Women who are moderately thin according to BMI (<17.0),2.9,1,NG,Nigeria,2024,NG2024DHS,AN_NUTS_W_TH2,114563080,I,433010,1433060,Region,South South,0,,0,1,ANNUTSWTH2,NGDHS2024433010,2024,DHS,1492,1864,,,1
NGA,Akwa Ibom,5603542,Women who are moderately thin according to BMI (<17.0),3.3,1,NG,Nigeria,2024,NG2024DHS,AN_NUTS_W_TH2,114563080,I,433061,1433061,Region,..Akwa Ibom,0,,0,1,ANNUTSWTH2,NGDHS2024433061,2024,DHS,210,284,,,2
NGA,Bayelsa,7281791,Women who are moderately thin according to BMI (<17.0),2.3,1,NG,Nigeria,2024,NG2024DHS,AN_NUTS_W_TH2,114563080,I,433062,1433062,Region,..Bayelsa,0,,0,1,ANNUTSWTH2,NGDHS2024433062,2024,DHS,100,261,,,2
NGA,Cross River,7717447,Women who are moderately thin according to BMI (<17.0),1.9,1,NG,Nigeria,2024,NG2024DHS,AN_NUTS_W_TH2,114563080,I,433063,1433063,Region,..Cross River,0,,0,1,ANNUTSWTH2,NGDHS2024433063,2024,DHS,170,282,,,2
NGA,Delta,6779356,Women who are moderately thin according to BMI (<17.0),3.6,1,NG,Nigeria,2024,NG2024DHS,AN_NUTS_W_TH2,114563080,I,433064,1433064,Region,..Delta,0,,0,1,ANNUTSWTH2,NGDHS2024433064,2024,DHS,308,283,,,2
NGA,Edo,2464471,Women who are moderately thin according to BMI (<17.0),4.4,1,NG,Nigeria,2024,NG2024DHS,AN_NUTS_W_TH2,114563080,I,433065,1433065,Region,..Edo,0,,0,1,ANNUTSWTH2,NGDHS2024433065,2024,DHS,227,325,,,2
NGA,Rivers,504566,Women who are moderately thin according to BMI (<17.0),2,1,NG,Nigeria,2024,NG2024DHS,AN_NUTS_W_TH2,114563080,I,433066,1433066,Region,..Rivers,0,,0,1,ANNUTSWTH2,NGDHS2024433066,2024,DHS,476,429,,,2
NGA,North Central,6178405,Women who are overweight or obese according to BMI (>=25.0),26.4,1,NG,Nigeria,2024,NG2024DHS,AN_NUTS_W_OWT,114563090,I,433005,1433010,Region,North Central,0,,0,1,ANNUTSWOWT,NGDHS2024433005,2024,DHS,2352,2539,,,1
NGA,FCT Abuja,6961110,Women who are overweight or obese according to BMI (>=25.0),46.7,1,NG,Nigeria,2024,NG2024DHS,AN_NUTS_W_OWT,114563090,I,433011,1433011,Region,..FCT Abuja,0,,0,1,ANNUTSWOWT,NGDHS2024433011,2024,DHS,281,308,,,2
NGA,Benue,5920458,Women who are overweight or obese according to BMI (>=25.0),23.2,1,NG,Nigeria,2024,NG2024DHS,AN_NUTS_W_OWT,114563090,I,433012,1433012,Region,..Benue,0,,0,1,ANNUTSWOWT,NGDHS2024433012,2024,DHS,311,303,,,2
NGA,Kogi,2464307,Women who are overweight or obese according to BMI (>=25.0),23.4,1,NG,Nigeria,2024,NG2024DHS,AN_NUTS_W_OWT,114563090,I,433013,1433013,Region,..Kogi,0,,0,1,ANNUTSWOWT,NGDHS2024433013,2024,DHS,209,337,,,2
NGA,Kwara,7337728,Women who are overweight or obese according to BMI (>=25.0),27.6,1,NG,Nigeria,2024,NG2024DHS,AN_NUTS_W_OWT,114563090,I,433014,1433014,Region,..Kwara,0,,0,1,ANNUTSWOWT,NGDHS2024433014,2024,DHS,261,331,,,2
NGA,Nasarawa,3845416,Women who are overweight or obese according to BMI (>=25.0),30.2,1,NG,Nigeria,2024,NG2024DHS,AN_NUTS_W_OWT,114563090,I,433015,1433015,Region,..Nasarawa,0,,0,1,ANNUTSWOWT,NGDHS2024433015,2024,DHS,340,403,,,2
NGA,Niger,5720365,Women who are overweight or obese according to BMI (>=25.0),17.4,1,NG,Nigeria,2024,NG2024DHS,AN_NUTS_W_OWT,114563090,I,433016,1433016,Region,..Niger,0,,0,1,ANNUTSWOWT,NGDHS2024433016,2024,DHS,601,428,,,2
NGA,Plateau,558260,Women who are overweight or obese according to BMI (>=25.0),25.5,1,NG,Nigeria,2024,NG2024DHS,AN_NUTS_W_OWT,114563090,I,433017,1433017,Region,..Plateau,0,,0,1,ANNUTSWOWT,NGDHS2024433017,2024,DHS,349,429,,,2
NGA,North East,2442606,Women who are overweight or obese according to BMI (>=25.0),12.9,1,NG,Nigeria,2024,NG2024DHS,AN_NUTS_W_OWT,114563090,I,433006,1433020,Region,North East,0,,0,1,ANNUTSWOWT,NGDHS2024433006,2024,DHS,1932,1953,,,1
NGA,Adamawa,4801396,Women who are overweight or obese according to BMI (>=25.0),11.8,1,NG,Nigeria,2024,NG2024DHS,AN_NUTS_W_OWT,114563090,I,433021,1433021,Region,..Adamawa,0,,0,1,ANNUTSWOWT,NGDHS2024433021,2024,DHS,324,380,,,2
NGA,Bauchi,2865506,Women who are overweight or obese according to BMI (>=25.0),14.2,1,NG,Nigeria,2024,NG2024DHS,AN_NUTS_W_OWT,114563090,I,433022,1433022,Region,..Bauchi,0,,0,1,ANNUTSWOWT,NGDHS2024433022,2024,DHS,545,323,,,2
NGA,Borno,5188800,Women who are overweight or obese according to BMI (>=25.0),8.3,1,NG,Nigeria,2024,NG2024DHS,AN_NUTS_W_OWT,114563090,I,433023,1433023,Region,..Borno,0,,0,1,ANNUTSWOWT,NGDHS2024433023,2024,DHS,326,267,,,2
NGA,Gombe,7253332,Women who are overweight or obese according to BMI (>=25.0),13.1,1,NG,Nigeria,2024,NG2024DHS,AN_NUTS_W_OWT,114563090,I,433024,1433024,Region,..Gombe,0,,0,1,ANNUTSWOWT,NGDHS2024433024,2024,DHS,180,340,,,2
NGA,Taraba,66152,Women who are overweight or obese according to BMI (>=25.0),17.5,1,NG,Nigeria,2024,NG2024DHS,AN_NUTS_W_OWT,114563090,I,433025,1433025,Region,..Taraba,0,,0,1,ANNUTSWOWT,NGDHS2024433025,2024,DHS,254,306,,,2
NGA,Yobe,6521517,Women who are overweight or obese according to BMI (>=25.0),12.9,1,NG,Nigeria,2024,NG2024DHS,AN_NUTS_W_OWT,114563090,I,433026,1433026,Region,..Yobe,0,,0,1,ANNUTSWOWT,NGDHS2024433026,2024,DHS,303,337,,,2
NGA,North West,6578819,Women who are overweight or obese according to BMI (>=25.0),12.9,1,NG,Nigeria,2024,NG2024DHS,AN_NUTS_W_OWT,114563090,I,433007,1433030,Region,North West,0,,0,1,ANNUTSWOWT,NGDHS2024433007,2024,DHS,3671,2785,,,1
NGA,Jigawa,5908242,Women who are overweight or obese according to BMI (>=25.0),4.6,1,NG,Nigeria,2024,NG2024DHS,AN_NUTS_W_OWT,114563090,I,433031,1433031,Region,..Jigawa,0,,0,1,ANNUTSWOWT,NGDHS2024433031,2024,DHS,345,366,,,2
NGA,Kaduna,4771681,Women who are overweight or obese according to BMI (>=25.0),17.7,1,NG,Nigeria,2024,NG2024DHS,AN_NUTS_W_OWT,114563090,I,433032,1433032,Region,..Kaduna,0,,0,1,ANNUTSWOWT,NGDHS2024433032,2024,DHS,709,434,,,2
NGA,Kano,6261764,Women who are overweight or obese according to BMI (>=25.0),14.8,1,NG,Nigeria,2024,NG2024DHS,AN_NUTS_W_OWT,114563090,I,433033,1433033,Region,..Kano,0,,0,1,ANNUTSWOWT,NGDHS2024433033,2024,DHS,1149,588,,,2
NGA,Katsina,3824118,Women who are overweight or obese according to BMI (>=25.0),10.4,1,NG,Nigeria,2024,NG2024DHS,AN_NUTS_W_OWT,114563090,I,433034,1433034,Region,..Katsina,0,,0,1,ANNUTSWOWT,NGDHS2024433034,2024,DHS,496,340,,,2
NGA,Kebbi,5726847,Women who are overweight or obese according to BMI (>=25.0),13.4,1,NG,Nigeria,2024,NG2024DHS,AN_NUTS_W_OWT,114563090,I,433035,1433035,Region,..Kebbi,0,,0,1,ANNUTSWOWT,NGDHS2024433035,2024,DHS,266,393,,,2
NGA,Sokoto,565169,Women who are overweight or obese according to BMI (>=25.0),9.3,1,NG,Nigeria,2024,NG2024DHS,AN_NUTS_W_OWT,114563090,I,433036,1433036,Region,..Sokoto,0,,0,1,ANNUTSWOWT,NGDHS2024433036,2024,DHS,370,404,,,2
NGA,Zamfara,5476963,Women who are overweight or obese according to BMI (>=25.0),12.3,1,NG,Nigeria,2024,NG2024DHS,AN_NUTS_W_OWT,114563090,I,433037,1433037,Region,..Zamfara,0,,0,1,ANNUTSWOWT,NGDHS2024433037,2024,DHS,336,260,,,2
NGA,South East,7588503,Women who are overweight or obese according to BMI (>=25.0),36.8,1,NG,Nigeria,2024,NG2024DHS,AN_NUTS_W_OWT,114563090,I,433008,1433040,Region,South East,0,,0,1,ANNUTSWOWT,NGDHS2024433008,2024,DHS,1154,1788,,,1
NGA,Abia,3702155,Women who are overweight or obese according to BMI (>=25.0),41.9,1,NG,Nigeria,2024,NG2024DHS,AN_NUTS_W_OWT,114563090,I,433041,1433041,Region,..Abia,0,,0,1,ANNUTSWOWT,NGDHS2024433041,2024,DHS,131,257,,,2
NGA,Anambra,5163680,Women who are overweight or obese according to BMI (>=25.0),45.7,1,NG,Nigeria,2024,NG2024DHS,AN_NUTS_W_OWT,114563090,I,433042,1433042,Region,..Anambra,0,,0,1,ANNUTSWOWT,NGDHS2024433042,2024,DHS,230,338,,,2
NGA,Ebonyi,7253343,Women who are overweight or obese according to BMI (>=25.0),17.9,1,NG,Nigeria,2024,NG2024DHS,AN_NUTS_W_OWT,114563090,I,433043,1433043,Region,..Ebonyi,0,,0,1,ANNUTSWOWT,NGDHS2024433043,2024,DHS,344,504,,,2
NGA,Enugu,59691,Women who are overweight or obese according to BMI (>=25.0),45.4,1,NG,Nigeria,2024,NG2024DHS,AN_NUTS_W_OWT,114563090,I,433044,1433044,Region,..Enugu,0,,0,1,ANNUTSWOWT,NGDHS2024433044,2024,DHS,188,312,,,2
NGA,Imo,6773004,Women who are overweight or obese according to BMI (>=25.0),45.1,1,NG,Nigeria,2024,NG2024DHS,AN_NUTS_W_OWT,114563090,I,433045,1433045,Region,..Imo,0,,0,1,ANNUTSWOWT,NGDHS2024433045,2024,DHS,261,377,,,2
NGA,South West,5016965,Women who are overweight or obese according to BMI (>=25.0),35.9,1,NG,Nigeria,2024,NG2024DHS,AN_NUTS_W_OWT,114563090,I,433009,1433050,Region,South West,0,,0,1,ANNUTSWOWT,NGDHS2024433009,2024,DHS,1856,1682,,,1
NGA,Ekiti,4757183,Women who are overweight or obese according to BMI (>=25.0),29.5,1,NG,Nigeria,2024,NG2024DHS,AN_NUTS_W_OWT,114563090,I,433051,1433051,Region,..Ekiti,0,,0,1,ANNUTSWOWT,NGDHS2024433051,2024,DHS,91,194,,,2
NGA,Lagos,6261001,Women who are overweight or obese according to BMI (>=25.0),43.1,1,NG,Nigeria,2024,NG2024DHS,AN_NUTS_W_OWT,114563090,I,433052,1433052,Region,..Lagos,0,,0,1,ANNUTSWOWT,NGDHS2024433052,2024,DHS,533,343,,,2
NGA,Ogun,4223117,Women who are overweight or obese according to BMI (>=25.0),39.7,1,NG,Nigeria,2024,NG2024DHS,AN_NUTS_W_OWT,114563090,I,433053,1433053,Region,..Ogun,0,,0,1,ANNUTSWOWT,NGDHS2024433053,2024,DHS,413,325,,,2
NGA,Ondo,5687742,Women who are overweight or obese according to BMI (>=25.0),40.5,1,NG,Nigeria,2024,NG2024DHS,AN_NUTS_W_OWT,114563090,I,433054,1433054,Region,..Ondo,0,,0,1,ANNUTSWOWT,NGDHS2024433054,2024,DHS,207,250,,,2
NGA,Osun,565173,Women who are overweight or obese according to BMI (>=25.0),27.2,1,NG,Nigeria,2024,NG2024DHS,AN_NUTS_W_OWT,114563090,I,433055,1433055,Region,..Osun,0,,0,1,ANNUTSWOWT,NGDHS2024433055,2024,DHS,211,224,,,2
NGA,Oyo,5484445,Women who are overweight or obese according to BMI (>=25.0),26.4,1,NG,Nigeria,2024,NG2024DHS,AN_NUTS_W_OWT,114563090,I,433056,1433056,Region,..Oyo,0,,0,1,ANNUTSWOWT,NGDHS2024433056,2024,DHS,402,346,,,2
NGA,South South,3816929,Women who are overweight or obese according to BMI (>=25.0),41,1,NG,Nigeria,2024,NG2024DHS,AN_NUTS_W_OWT,114563090,I,433010,1433060,Region,South South,0,,0,1,ANNUTSWOWT,NGDHS2024433010,2024,DHS,1492,1864,,,1
NGA,Akwa Ibom,5603548,Women who are overweight or obese according to BMI (>=25.0),35.2,1,NG,Nigeria,2024,NG2024DHS,AN_NUTS_W_OWT,114563090,I,433061,1433061,Region,..Akwa Ibom,0,,0,1,ANNUTSWOWT,NGDHS2024433061,2024,DHS,210,284,,,2
NGA,Bayelsa,7281793,Women who are overweight or obese according to BMI (>=25.0),39.5,1,NG,Nigeria,2024,NG2024DHS,AN_NUTS_W_OWT,114563090,I,433062,1433062,Region,..Bayelsa,0,,0,1,ANNUTSWOWT,NGDHS2024433062,2024,DHS,100,261,,,2
NGA,Cross River,7717452,Women who are overweight or obese according to BMI (>=25.0),37.3,1,NG,Nigeria,2024,NG2024DHS,AN_NUTS_W_OWT,114563090,I,433063,1433063,Region,..Cross River,0,,0,1,ANNUTSWOWT,NGDHS2024433063,2024,DHS,170,282,,,2
NGA,Delta,6779370,Women who are overweight or obese according to BMI (>=25.0),44.1,1,NG,Nigeria,2024,NG2024DHS,AN_NUTS_W_OWT,114563090,I,433064,1433064,Region,..Delta,0,,0,1,ANNUTSWOWT,NGDHS2024433064,2024,DHS,308,283,,,2
NGA,Edo,2464531,Women who are overweight or obese according to BMI (>=25.0),39.2,1,NG,Nigeria,2024,NG2024DHS,AN_NUTS_W_OWT,114563090,I,433065,1433065,Region,..Edo,0,,0,1,ANNUTSWOWT,NGDHS2024433065,2024,DHS,227,325,,,2
NGA,Rivers,504572,Women who are overweight or obese according to BMI (>=25.0),43.9,1,NG,Nigeria,2024,NG2024DHS,AN_NUTS_W_OWT,114563090,I,433066,1433066,Region,..Rivers,0,,0,1,ANNUTSWOWT,NGDHS2024433066,2024,DHS,476,429,,,2
NGA,North Central,6178408,Women who are overweight according to BMI (25.0-29.9),16.7,1,NG,Nigeria,2024,NG2024DHS,AN_NUTS_W_OVW,114563100,I,433005,1433010,Region,North Central,0,,0,1,ANNUTSWOVW,NGDHS2024433005,2024,DHS,2352,2539,,,1
NGA,FCT Abuja,6961113,Women who are overweight according to BMI (25.0-29.9),28.7,1,NG,Nigeria,2024,NG2024DHS,AN_NUTS_W_OVW,114563100,I,433011,1433011,Region,..FCT Abuja,0,,0,1,ANNUTSWOVW,NGDHS2024433011,2024,DHS,281,308,,,2
NGA,Benue,5920479,Women who are overweight according to BMI (25.0-29.9),16.4,1,NG,Nigeria,2024,NG2024DHS,AN_NUTS_W_OVW,114563100,I,433012,1433012,Region,..Benue,0,,0,1,ANNUTSWOVW,NGDHS2024433012,2024,DHS,311,303,,,2
NGA,Kogi,2464314,Women who are overweight according to BMI (25.0-29.9),15.8,1,NG,Nigeria,2024,NG2024DHS,AN_NUTS_W_OVW,114563100,I,433013,1433013,Region,..Kogi,0,,0,1,ANNUTSWOVW,NGDHS2024433013,2024,DHS,209,337,,,2
NGA,Kwara,7337739,Women who are overweight according to BMI (25.0-29.9),15.3,1,NG,Nigeria,2024,NG2024DHS,AN_NUTS_W_OVW,114563100,I,433014,1433014,Region,..Kwara,0,,0,1,ANNUTSWOVW,NGDHS2024433014,2024,DHS,261,331,,,2
NGA,Nasarawa,3845425,Women who are overweight according to BMI (25.0-29.9),18.5,1,NG,Nigeria,2024,NG2024DHS,AN_NUTS_W_OVW,114563100,I,433015,1433015,Region,..Nasarawa,0,,0,1,ANNUTSWOVW,NGDHS2024433015,2024,DHS,340,403,,,2
NGA,Niger,5720368,Women who are overweight according to BMI (25.0-29.9),10.3,1,NG,Nigeria,2024,NG2024DHS,AN_NUTS_W_OVW,114563100,I,433016,1433016,Region,..Niger,0,,0,1,ANNUTSWOVW,NGDHS2024433016,2024,DHS,601,428,,,2
NGA,Plateau,558173,Women who are overweight according to BMI (25.0-29.9),18.1,1,NG,Nigeria,2024,NG2024DHS,AN_NUTS_W_OVW,114563100,I,433017,1433017,Region,..Plateau,0,,0,1,ANNUTSWOVW,NGDHS2024433017,2024,DHS,349,429,,,2
NGA,North East,2442629,Women who are overweight according to BMI (25.0-29.9),9.2,1,NG,Nigeria,2024,NG2024DHS,AN_NUTS_W_OVW,114563100,I,433006,1433020,Region,North East,0,,0,1,ANNUTSWOVW,NGDHS2024433006,2024,DHS,1932,1953,,,1
NGA,Adamawa,4801393,Women who are overweight according to BMI (25.0-29.9),9.3,1,NG,Nigeria,2024,NG2024DHS,AN_NUTS_W_OVW,114563100,I,433021,1433021,Region,..Adamawa,0,,0,1,ANNUTSWOVW,NGDHS2024433021,2024,DHS,324,380,,,2
NGA,Bauchi,2865553,Women who are overweight according to BMI (25.0-29.9),9.7,1,NG,Nigeria,2024,NG2024DHS,AN_NUTS_W_OVW,114563100,I,433022,1433022,Region,..Bauchi,0,,0,1,ANNUTSWOVW,NGDHS2024433022,2024,DHS,545,323,,,2
NGA,Borno,5188803,Women who are overweight according to BMI (25.0-29.9),6.1,1,NG,Nigeria,2024,NG2024DHS,AN_NUTS_W_OVW,114563100,I,433023,1433023,Region,..Borno,0,,0,1,ANNUTSWOVW,NGDHS2024433023,2024,DHS,326,267,,,2
NGA,Gombe,7253340,Women who are overweight according to BMI (25.0-29.9),7.1,1,NG,Nigeria,2024,NG2024DHS,AN_NUTS_W_OVW,114563100,I,433024,1433024,Region,..Gombe,0,,0,1,ANNUTSWOVW,NGDHS2024433024,2024,DHS,180,340,,,2
NGA,Taraba,66151,Women who are overweight according to BMI (25.0-29.9),11.2,1,NG,Nigeria,2024,NG2024DHS,AN_NUTS_W_OVW,114563100,I,433025,1433025,Region,..Taraba,0,,0,1,ANNUTSWOVW,NGDHS2024433025,2024,DHS,254,306,,,2
NGA,Yobe,6521512,Women who are overweight according to BMI (25.0-29.9),11,1,NG,Nigeria,2024,NG2024DHS,AN_NUTS_W_OVW,114563100,I,433026,1433026,Region,..Yobe,0,,0,1,ANNUTSWOVW,NGDHS2024433026,2024,DHS,303,337,,,2
NGA,North West,6578822,Women who are overweight according to BMI (25.0-29.9),9.5,1,NG,Nigeria,2024,NG2024DHS,AN_NUTS_W_OVW,114563100,I,433007,1433030,Region,North West,0,,0,1,ANNUTSWOVW,NGDHS2024433007,2024,DHS,3671,2785,,,1
NGA,Jigawa,5908241,Women who are overweight according to BMI (25.0-29.9),3.5,1,NG,Nigeria,2024,NG2024DHS,AN_NUTS_W_OVW,114563100,I,433031,1433031,Region,..Jigawa,0,,0,1,ANNUTSWOVW,NGDHS2024433031,2024,DHS,345,366,,,2
NGA,Kaduna,4771680,Women who are overweight according to BMI (25.0-29.9),12.3,1,NG,Nigeria,2024,NG2024DHS,AN_NUTS_W_OVW,114563100,I,433032,1433032,Region,..Kaduna,0,,0,1,ANNUTSWOVW,NGDHS2024433032,2024,DHS,709,434,,,2
NGA,Kano,6261759,Women who are overweight according to BMI (25.0-29.9),10.2,1,NG,Nigeria,2024,NG2024DHS,AN_NUTS_W_OVW,114563100,I,433033,1433033,Region,..Kano,0,,0,1,ANNUTSWOVW,NGDHS2024433033,2024,DHS,1149,588,,,2
NGA,Katsina,3824034,Women who are overweight according to BMI (25.0-29.9),9.6,1,NG,Nigeria,2024,NG2024DHS,AN_NUTS_W_OVW,114563100,I,433034,1433034,Region,..Katsina,0,,0,1,ANNUTSWOVW,NGDHS2024433034,2024,DHS,496,340,,,2
NGA,Kebbi,5726846,Women who are overweight according to BMI (25.0-29.9),9.1,1,NG,Nigeria,2024,NG2024DHS,AN_NUTS_W_OVW,114563100,I,433035,1433035,Region,..Kebbi,0,,0,1,ANNUTSWOVW,NGDHS2024433035,2024,DHS,266,393,,,2
NGA,Sokoto,565167,Women who are overweight according to BMI (25.0-29.9),8.2,1,NG,Nigeria,2024,NG2024DHS,AN_NUTS_W_OVW,114563100,I,433036,1433036,Region,..Sokoto,0,,0,1,ANNUTSWOVW,NGDHS2024433036,2024,DHS,370,404,,,2
NGA,Zamfara,5476961,Women who are overweight according to BMI (25.0-29.9),9.1,1,NG,Nigeria,2024,NG2024DHS,AN_NUTS_W_OVW,114563100,I,433037,1433037,Region,..Zamfara,0,,0,1,ANNUTSWOVW,NGDHS2024433037,2024,DHS,336,260,,,2
NGA,South East,7588506,Women who are overweight according to BMI (25.0-29.9),23,1,NG,Nigeria,2024,NG2024DHS,AN_NUTS_W_OVW,114563100,I,433008,1433040,Region,South East,0,,0,1,ANNUTSWOVW,NGDHS2024433008,2024,DHS,1154,1788,,,1
NGA,Abia,3702150,Women who are overweight according to BMI (25.0-29.9),33.5,1,NG,Nigeria,2024,NG2024DHS,AN_NUTS_W_OVW,114563100,I,433041,1433041,Region,..Abia,0,,0,1,ANNUTSWOVW,NGDHS2024433041,2024,DHS,131,257,,,2
NGA,Anambra,5163668,Women who are overweight according to BMI (25.0-29.9),25.9,1,NG,Nigeria,2024,NG2024DHS,AN_NUTS_W_OVW,114563100,I,433042,1433042,Region,..Anambra,0,,0,1,ANNUTSWOVW,NGDHS2024433042,2024,DHS,230,338,,,2
NGA,Ebonyi,7253342,Women who are overweight according to BMI (25.0-29.9),14.4,1,NG,Nigeria,2024,NG2024DHS,AN_NUTS_W_OVW,114563100,I,433043,1433043,Region,..Ebonyi,0,,0,1,ANNUTSWOVW,NGDHS2024433043,2024,DHS,344,504,,,2
NGA,Enugu,59651,Women who are overweight according to BMI (25.0-29.9),28.6,1,NG,Nigeria,2024,NG2024DHS,AN_NUTS_W_OVW,114563100,I,433044,1433044,Region,..Enugu,0,,0,1,ANNUTSWOVW,NGDHS2024433044,2024,DHS,188,312,,,2
NGA,Imo,6773026,Women who are overweight according to BMI (25.0-29.9),22.5,1,NG,Nigeria,2024,NG2024DHS,AN_NUTS_W_OVW,114563100,I,433045,1433045,Region,..Imo,0,,0,1,ANNUTSWOVW,NGDHS2024433045,2024,DHS,261,377,,,2
NGA,South West,5016968,Women who are overweight according to BMI (25.0-29.9),20.9,1,NG,Nigeria,2024,NG2024DHS,AN_NUTS_W_OVW,114563100,I,433009,1433050,Region,South West,0,,0,1,ANNUTSWOVW,NGDHS2024433009,2024,DHS,1856,1682,,,1
NGA,Ekiti,4757157,Women who are overweight according to BMI (25.0-29.9),19.8,1,NG,Nigeria,2024,NG2024DHS,AN_NUTS_W_OVW,114563100,I,433051,1433051,Region,..Ekiti,0,,0,1,ANNUTSWOVW,NGDHS2024433051,2024,DHS,91,194,,,2
NGA,Lagos,6261003,Women who are overweight according to BMI (25.0-29.9),20.9,1,NG,Nigeria,2024,NG2024DHS,AN_NUTS_W_OVW,114563100,I,433052,1433052,Region,..Lagos,0,,0,1,ANNUTSWOVW,NGDHS2024433052,2024,DHS,533,343,,,2
NGA,Ogun,4223115,Women who are overweight according to BMI (25.0-29.9),25.4,1,NG,Nigeria,2024,NG2024DHS,AN_NUTS_W_OVW,114563100,I,433053,1433053,Region,..Ogun,0,,0,1,ANNUTSWOVW,NGDHS2024433053,2024,DHS,413,325,,,2
NGA,Ondo,5687736,Women who are overweight according to BMI (25.0-29.9),26.4,1,NG,Nigeria,2024,NG2024DHS,AN_NUTS_W_OVW,114563100,I,433054,1433054,Region,..Ondo,0,,0,1,ANNUTSWOVW,NGDHS2024433054,2024,DHS,207,250,,,2
NGA,Osun,565172,Women who are overweight according to BMI (25.0-29.9),18.6,1,NG,Nigeria,2024,NG2024DHS,AN_NUTS_W_OVW,114563100,I,433055,1433055,Region,..Osun,0,,0,1,ANNUTSWOVW,NGDHS2024433055,2024,DHS,211,224,,,2
NGA,Oyo,5484367,Women who are overweight according to BMI (25.0-29.9),15,1,NG,Nigeria,2024,NG2024DHS,AN_NUTS_W_OVW,114563100,I,433056,1433056,Region,..Oyo,0,,0,1,ANNUTSWOVW,NGDHS2024433056,2024,DHS,402,346,,,2
NGA,South South,3816931,Women who are overweight according to BMI (25.0-29.9),24.9,1,NG,Nigeria,2024,NG2024DHS,AN_NUTS_W_OVW,114563100,I,433010,1433060,Region,South South,0,,0,1,ANNUTSWOVW,NGDHS2024433010,2024,DHS,1492,1864,,,1
NGA,Akwa Ibom,5603543,Women who are overweight according to BMI (25.0-29.9),23.7,1,NG,Nigeria,2024,NG2024DHS,AN_NUTS_W_OVW,114563100,I,433061,1433061,Region,..Akwa Ibom,0,,0,1,ANNUTSWOVW,NGDHS2024433061,2024,DHS,210,284,,,2
NGA,Bayelsa,7281792,Women who are overweight according to BMI (25.0-29.9),23,1,NG,Nigeria,2024,NG2024DHS,AN_NUTS_W_OVW,114563100,I,433062,1433062,Region,..Bayelsa,0,,0,1,ANNUTSWOVW,NGDHS2024433062,2024,DHS,100,261,,,2
NGA,Cross River,7717451,Women who are overweight according to BMI (25.0-29.9),23.7,1,NG,Nigeria,2024,NG2024DHS,AN_NUTS_W_OVW,114563100,I,433063,1433063,Region,..Cross River,0,,0,1,ANNUTSWOVW,NGDHS2024433063,2024,DHS,170,282,,,2
NGA,Delta,6779358,Women who are overweight according to BMI (25.0-29.9),24.7,1,NG,Nigeria,2024,NG2024DHS,AN_NUTS_W_OVW,114563100,I,433064,1433064,Region,..Delta,0,,0,1,ANNUTSWOVW,NGDHS2024433064,2024,DHS,308,283,,,2
NGA,Edo,2464496,Women who are overweight according to BMI (25.0-29.9),21.4,1,NG,Nigeria,2024,NG2024DHS,AN_NUTS_W_OVW,114563100,I,433065,1433065,Region,..Edo,0,,0,1,ANNUTSWOVW,NGDHS2024433065,2024,DHS,227,325,,,2
NGA,Rivers,504567,Women who are overweight according to BMI (25.0-29.9),27.9,1,NG,Nigeria,2024,NG2024DHS,AN_NUTS_W_OVW,114563100,I,433066,1433066,Region,..Rivers,0,,0,1,ANNUTSWOVW,NGDHS2024433066,2024,DHS,476,429,,,2
NGA,North Central,6178406,Women who are obese according to BMI (>=30.0),9.7,1,NG,Nigeria,2024,NG2024DHS,AN_NUTS_W_OBS,114563110,I,433005,1433010,Region,North Central,0,,0,1,ANNUTSWOBS,NGDHS2024433005,2024,DHS,2352,2539,,,1
NGA,FCT Abuja,6961111,Women who are obese according to BMI (>=30.0),18.1,1,NG,Nigeria,2024,NG2024DHS,AN_NUTS_W_OBS,114563110,I,433011,1433011,Region,..FCT Abuja,0,,0,1,ANNUTSWOBS,NGDHS2024433011,2024,DHS,281,308,,,2
NGA,Benue,5920459,Women who are obese according to BMI (>=30.0),6.8,1,NG,Nigeria,2024,NG2024DHS,AN_NUTS_W_OBS,114563110,I,433012,1433012,Region,..Benue,0,,0,1,ANNUTSWOBS,NGDHS2024433012,2024,DHS,311,303,,,2
NGA,Kogi,2464308,Women who are obese according to BMI (>=30.0),7.6,1,NG,Nigeria,2024,NG2024DHS,AN_NUTS_W_OBS,114563110,I,433013,1433013,Region,..Kogi,0,,0,1,ANNUTSWOBS,NGDHS2024433013,2024,DHS,209,337,,,2
NGA,Kwara,7337729,Women who are obese according to BMI (>=30.0),12.4,1,NG,Nigeria,2024,NG2024DHS,AN_NUTS_W_OBS,114563110,I,433014,1433014,Region,..Kwara,0,,0,1,ANNUTSWOBS,NGDHS2024433014,2024,DHS,261,331,,,2
NGA,Nasarawa,3845417,Women who are obese according to BMI (>=30.0),11.7,1,NG,Nigeria,2024,NG2024DHS,AN_NUTS_W_OBS,114563110,I,433015,1433015,Region,..Nasarawa,0,,0,1,ANNUTSWOBS,NGDHS2024433015,2024,DHS,340,403,,,2
NGA,Niger,5720366,Women who are obese according to BMI (>=30.0),7.1,1,NG,Nigeria,2024,NG2024DHS,AN_NUTS_W_OBS,114563110,I,433016,1433016,Region,..Niger,0,,0,1,ANNUTSWOBS,NGDHS2024433016,2024,DHS,601,428,,,2
NGA,Plateau,558261,Women who are obese according to BMI (>=30.0),7.4,1,NG,Nigeria,2024,NG2024DHS,AN_NUTS_W_OBS,114563110,I,433017,1433017,Region,..Plateau,0,,0,1,ANNUTSWOBS,NGDHS2024433017,2024,DHS,349,429,,,2
NGA,North East,2442611,Women who are obese according to BMI (>=30.0),3.7,1,NG,Nigeria,2024,NG2024DHS,AN_NUTS_W_OBS,114563110,I,433006,1433020,Region,North East,0,,0,1,ANNUTSWOBS,NGDHS2024433006,2024,DHS,1932,1953,,,1
NGA,Adamawa,4801397,Women who are obese according to BMI (>=30.0),2.6,1,NG,Nigeria,2024,NG2024DHS,AN_NUTS_W_OBS,114563110,I,433021,1433021,Region,..Adamawa,0,,0,1,ANNUTSWOBS,NGDHS2024433021,2024,DHS,324,380,,,2
NGA,Bauchi,2865507,Women who are obese according to BMI (>=30.0),4.5,1,NG,Nigeria,2024,NG2024DHS,AN_NUTS_W_OBS,114563110,I,433022,1433022,Region,..Bauchi,0,,0,1,ANNUTSWOBS,NGDHS2024433022,2024,DHS,545,323,,,2
NGA,Borno,5188801,Women who are obese according to BMI (>=30.0),2.2,1,NG,Nigeria,2024,NG2024DHS,AN_NUTS_W_OBS,114563110,I,433023,1433023,Region,..Borno,0,,0,1,ANNUTSWOBS,NGDHS2024433023,2024,DHS,326,267,,,2
NGA,Gombe,7253333,Women who are obese according to BMI (>=30.0),6,1,NG,Nigeria,2024,NG2024DHS,AN_NUTS_W_OBS,114563110,I,433024,1433024,Region,..Gombe,0,,0,1,ANNUTSWOBS,NGDHS2024433024,2024,DHS,180,340,,,2
NGA,Taraba,66153,Women who are obese according to BMI (>=30.0),6.2,1,NG,Nigeria,2024,NG2024DHS,AN_NUTS_W_OBS,114563110,I,433025,1433025,Region,..Taraba,0,,0,1,ANNUTSWOBS,NGDHS2024433025,2024,DHS,254,306,,,2
NGA,Yobe,6521522,Women who are obese according to BMI (>=30.0),1.9,1,NG,Nigeria,2024,NG2024DHS,AN_NUTS_W_OBS,114563110,I,433026,1433026,Region,..Yobe,0,,0,1,ANNUTSWOBS,NGDHS2024433026,2024,DHS,303,337,,,2
NGA,North West,6578820,Women who are obese according to BMI (>=30.0),3.4,1,NG,Nigeria,2024,NG2024DHS,AN_NUTS_W_OBS,114563110,I,433007,1433030,Region,North West,0,,0,1,ANNUTSWOBS,NGDHS2024433007,2024,DHS,3671,2785,,,1
NGA,Jigawa,5908272,Women who are obese according to BMI (>=30.0),1.1,1,NG,Nigeria,2024,NG2024DHS,AN_NUTS_W_OBS,114563110,I,433031,1433031,Region,..Jigawa,0,,0,1,ANNUTSWOBS,NGDHS2024433031,2024,DHS,345,366,,,2
NGA,Kaduna,4771682,Women who are obese according to BMI (>=30.0),5.4,1,NG,Nigeria,2024,NG2024DHS,AN_NUTS_W_OBS,114563110,I,433032,1433032,Region,..Kaduna,0,,0,1,ANNUTSWOBS,NGDHS2024433032,2024,DHS,709,434,,,2
NGA,Kano,6261765,Women who are obese according to BMI (>=30.0),4.6,1,NG,Nigeria,2024,NG2024DHS,AN_NUTS_W_OBS,114563110,I,433033,1433033,Region,..Kano,0,,0,1,ANNUTSWOBS,NGDHS2024433033,2024,DHS,1149,588,,,2
NGA,Katsina,3824119,Women who are obese according to BMI (>=30.0),0.8,1,NG,Nigeria,2024,NG2024DHS,AN_NUTS_W_OBS,114563110,I,433034,1433034,Region,..Katsina,0,,0,1,ANNUTSWOBS,NGDHS2024433034,2024,DHS,496,340,,,2
NGA,Kebbi,5726848,Women who are obese according to BMI (>=30.0),4.3,1,NG,Nigeria,2024,NG2024DHS,AN_NUTS_W_OBS,114563110,I,433035,1433035,Region,..Kebbi,0,,0,1,ANNUTSWOBS,NGDHS2024433035,2024,DHS,266,393,,,2
NGA,Sokoto,565170,Women who are obese according to BMI (>=30.0),1.1,1,NG,Nigeria,2024,NG2024DHS,AN_NUTS_W_OBS,114563110,I,433036,1433036,Region,..Sokoto,0,,0,1,ANNUTSWOBS,NGDHS2024433036,2024,DHS,370,404,,,2
NGA,Zamfara,5476970,Women who are obese according to BMI (>=30.0),3.1,1,NG,Nigeria,2024,NG2024DHS,AN_NUTS_W_OBS,114563110,I,433037,1433037,Region,..Zamfara,0,,0,1,ANNUTSWOBS,NGDHS2024433037,2024,DHS,336,260,,,2
NGA,South East,7588504,Women who are obese according to BMI (>=30.0),13.8,1,NG,Nigeria,2024,NG2024DHS,AN_NUTS_W_OBS,114563110,I,433008,1433040,Region,South East,0,,0,1,ANNUTSWOBS,NGDHS2024433008,2024,DHS,1154,1788,,,1
NGA,Abia,3702156,Women who are obese according to BMI (>=30.0),8.4,1,NG,Nigeria,2024,NG2024DHS,AN_NUTS_W_OBS,114563110,I,433041,1433041,Region,..Abia,0,,0,1,ANNUTSWOBS,NGDHS2024433041,2024,DHS,131,257,,,2
NGA,Anambra,5163681,Women who are obese according to BMI (>=30.0),19.7,1,NG,Nigeria,2024,NG2024DHS,AN_NUTS_W_OBS,114563110,I,433042,1433042,Region,..Anambra,0,,0,1,ANNUTSWOBS,NGDHS2024433042,2024,DHS,230,338,,,2
NGA,Ebonyi,7253344,Women who are obese according to BMI (>=30.0),3.5,1,NG,Nigeria,2024,NG2024DHS,AN_NUTS_W_OBS,114563110,I,433043,1433043,Region,..Ebonyi,0,,0,1,ANNUTSWOBS,NGDHS2024433043,2024,DHS,344,504,,,2
NGA,Enugu,59692,Women who are obese according to BMI (>=30.0),16.7,1,NG,Nigeria,2024,NG2024DHS,AN_NUTS_W_OBS,114563110,I,433044,1433044,Region,..Enugu,0,,0,1,ANNUTSWOBS,NGDHS2024433044,2024,DHS,188,312,,,2
NGA,Imo,6773027,Women who are obese according to BMI (>=30.0),22.6,1,NG,Nigeria,2024,NG2024DHS,AN_NUTS_W_OBS,114563110,I,433045,1433045,Region,..Imo,0,,0,1,ANNUTSWOBS,NGDHS2024433045,2024,DHS,261,377,,,2
NGA,South West,5016966,Women who are obese according to BMI (>=30.0),15,1,NG,Nigeria,2024,NG2024DHS,AN_NUTS_W_OBS,114563110,I,433009,1433050,Region,South West,0,,0,1,ANNUTSWOBS,NGDHS2024433009,2024,DHS,1856,1682,,,1
NGA,Ekiti,4757184,Women who are obese according to BMI (>=30.0),9.6,1,NG,Nigeria,2024,NG2024DHS,AN_NUTS_W_OBS,114563110,I,433051,1433051,Region,..Ekiti,0,,0,1,ANNUTSWOBS,NGDHS2024433051,2024,DHS,91,194,,,2
NGA,Lagos,6261002,Women who are obese according to BMI (>=30.0),22.2,1,NG,Nigeria,2024,NG2024DHS,AN_NUTS_W_OBS,114563110,I,433052,1433052,Region,..Lagos,0,,0,1,ANNUTSWOBS,NGDHS2024433052,2024,DHS,533,343,,,2
NGA,Ogun,4223124,Women who are obese according to BMI (>=30.0),14.3,1,NG,Nigeria,2024,NG2024DHS,AN_NUTS_W_OBS,114563110,I,433053,1433053,Region,..Ogun,0,,0,1,ANNUTSWOBS,NGDHS2024433053,2024,DHS,413,325,,,2
NGA,Ondo,5687743,Women who are obese according to BMI (>=30.0),14,1,NG,Nigeria,2024,NG2024DHS,AN_NUTS_W_OBS,114563110,I,433054,1433054,Region,..Ondo,0,,0,1,ANNUTSWOBS,NGDHS2024433054,2024,DHS,207,250,,,2
NGA,Osun,565174,Women who are obese according to BMI (>=30.0),8.5,1,NG,Nigeria,2024,NG2024DHS,AN_NUTS_W_OBS,114563110,I,433055,1433055,Region,..Osun,0,,0,1,ANNUTSWOBS,NGDHS2024433055,2024,DHS,211,224,,,2
NGA,Oyo,5484446,Women who are obese according to BMI (>=30.0),11.3,1,NG,Nigeria,2024,NG2024DHS,AN_NUTS_W_OBS,114563110,I,433056,1433056,Region,..Oyo,0,,0,1,ANNUTSWOBS,NGDHS2024433056,2024,DHS,402,346,,,2
NGA,South South,3816930,Women who are obese according to BMI (>=30.0),16.1,1,NG,Nigeria,2024,NG2024DHS,AN_NUTS_W_OBS,114563110,I,433010,1433060,Region,South South,0,,0,1,ANNUTSWOBS,NGDHS2024433010,2024,DHS,1492,1864,,,1
NGA,Akwa Ibom,5603585,Women who are obese according to BMI (>=30.0),11.5,1,NG,Nigeria,2024,NG2024DHS,AN_NUTS_W_OBS,114563110,I,433061,1433061,Region,..Akwa Ibom,0,,0,1,ANNUTSWOBS,NGDHS2024433061,2024,DHS,210,284,,,2
NGA,Bayelsa,7281794,Women who are obese according to BMI (>=30.0),16.5,1,NG,Nigeria,2024,NG2024DHS,AN_NUTS_W_OBS,114563110,I,433062,1433062,Region,..Bayelsa,0,,0,1,ANNUTSWOBS,NGDHS2024433062,2024,DHS,100,261,,,2
NGA,Cross River,7717453,Women who are obese according to BMI (>=30.0),13.6,1,NG,Nigeria,2024,NG2024DHS,AN_NUTS_W_OBS,114563110,I,433063,1433063,Region,..Cross River,0,,0,1,ANNUTSWOBS,NGDHS2024433063,2024,DHS,170,282,,,2
NGA,Delta,6779371,Women who are obese according to BMI (>=30.0),19.4,1,NG,Nigeria,2024,NG2024DHS,AN_NUTS_W_OBS,114563110,I,433064,1433064,Region,..Delta,0,,0,1,ANNUTSWOBS,NGDHS2024433064,2024,DHS,308,283,,,2
NGA,Edo,2464532,Women who are obese according to BMI (>=30.0),17.8,1,NG,Nigeria,2024,NG2024DHS,AN_NUTS_W_OBS,114563110,I,433065,1433065,Region,..Edo,0,,0,1,ANNUTSWOBS,NGDHS2024433065,2024,DHS,227,325,,,2
NGA,Rivers,504573,Women who are obese according to BMI (>=30.0),16,1,NG,Nigeria,2024,NG2024DHS,AN_NUTS_W_OBS,114563110,I,433066,1433066,Region,..Rivers,0,,0,1,ANNUTSWOBS,NGDHS2024433066,2024,DHS,476,429,,,2
NGA,North Central,6209075,Number of women,2352,0,NG,Nigeria,2024,NG2024DHS,AN_NUTS_W_NUM,114563120,D,433005,1433010,Region,North Central,0,,0,1,ANNUTSWNUM,NGDHS2024433005,2024,DHS,,2539,,,1
NGA,FCT Abuja,6962792,Number of women,281,0,NG,Nigeria,2024,NG2024DHS,AN_NUTS_W_NUM,114563120,D,433011,1433011,Region,..FCT Abuja,0,,0,1,ANNUTSWNUM,NGDHS2024433011,2024,DHS,,308,,,2
NGA,Benue,5921222,Number of women,311,0,NG,Nigeria,2024,NG2024DHS,AN_NUTS_W_NUM,114563120,D,433012,1433012,Region,..Benue,0,,0,1,ANNUTSWNUM,NGDHS2024433012,2024,DHS,,303,,,2
NGA,Kogi,2464303,Number of women,209,0,NG,Nigeria,2024,NG2024DHS,AN_NUTS_W_NUM,114563120,D,433013,1433013,Region,..Kogi,0,,0,1,ANNUTSWNUM,NGDHS2024433013,2024,DHS,,337,,,2
NGA,Kwara,7355047,Number of women,261,0,NG,Nigeria,2024,NG2024DHS,AN_NUTS_W_NUM,114563120,D,433014,1433014,Region,..Kwara,0,,0,1,ANNUTSWNUM,NGDHS2024433014,2024,DHS,,331,,,2
NGA,Nasarawa,3845411,Number of women,340,0,NG,Nigeria,2024,NG2024DHS,AN_NUTS_W_NUM,114563120,D,433015,1433015,Region,..Nasarawa,0,,0,1,ANNUTSWNUM,NGDHS2024433015,2024,DHS,,403,,,2
NGA,Niger,5777650,Number of women,601,0,NG,Nigeria,2024,NG2024DHS,AN_NUTS_W_NUM,114563120,D,433016,1433016,Region,..Niger,0,,0,1,ANNUTSWNUM,NGDHS2024433016,2024,DHS,,428,,,2
NGA,Plateau,2456946,Number of women,349,0,NG,Nigeria,2024,NG2024DHS,AN_NUTS_W_NUM,114563120,D,433017,1433017,Region,..Plateau,0,,0,1,ANNUTSWNUM,NGDHS2024433017,2024,DHS,,429,,,2
NGA,North East,2442632,Number of women,1932,0,NG,Nigeria,2024,NG2024DHS,AN_NUTS_W_NUM,114563120,D,433006,1433020,Region,North East,0,,0,1,ANNUTSWNUM,NGDHS2024433006,2024,DHS,,1953,,,1
NGA,Adamawa,4824914,Number of women,324,0,NG,Nigeria,2024,NG2024DHS,AN_NUTS_W_NUM,114563120,D,433021,1433021,Region,..Adamawa,0,,0,1,ANNUTSWNUM,NGDHS2024433021,2024,DHS,,380,,,2
NGA,Bauchi,2456965,Number of women,545,0,NG,Nigeria,2024,NG2024DHS,AN_NUTS_W_NUM,114563120,D,433022,1433022,Region,..Bauchi,0,,0,1,ANNUTSWNUM,NGDHS2024433022,2024,DHS,,323,,,2
NGA,Borno,5190614,Number of women,326,0,NG,Nigeria,2024,NG2024DHS,AN_NUTS_W_NUM,114563120,D,433023,1433023,Region,..Borno,0,,0,1,ANNUTSWNUM,NGDHS2024433023,2024,DHS,,267,,,2
NGA,Gombe,7283788,Number of women,180,0,NG,Nigeria,2024,NG2024DHS,AN_NUTS_W_NUM,114563120,D,433024,1433024,Region,..Gombe,0,,0,1,ANNUTSWNUM,NGDHS2024433024,2024,DHS,,340,,,2
NGA,Taraba,2450170,Number of women,254,0,NG,Nigeria,2024,NG2024DHS,AN_NUTS_W_NUM,114563120,D,433025,1433025,Region,..Taraba,0,,0,1,ANNUTSWNUM,NGDHS2024433025,2024,DHS,,306,,,2
NGA,Yobe,6603394,Number of women,303,0,NG,Nigeria,2024,NG2024DHS,AN_NUTS_W_NUM,114563120,D,433026,1433026,Region,..Yobe,0,,0,1,ANNUTSWNUM,NGDHS2024433026,2024,DHS,,337,,,2
NGA,North West,6617236,Number of women,3671,0,NG,Nigeria,2024,NG2024DHS,AN_NUTS_W_NUM,114563120,D,433007,1433030,Region,North West,0,,0,1,ANNUTSWNUM,NGDHS2024433007,2024,DHS,,2785,,,1
NGA,Jigawa,5908979,Number of women,345,0,NG,Nigeria,2024,NG2024DHS,AN_NUTS_W_NUM,114563120,D,433031,1433031,Region,..Jigawa,0,,0,1,ANNUTSWNUM,NGDHS2024433031,2024,DHS,,366,,,2
NGA,Kaduna,4771678,Number of women,709,0,NG,Nigeria,2024,NG2024DHS,AN_NUTS_W_NUM,114563120,D,433032,1433032,Region,..Kaduna,0,,0,1,ANNUTSWNUM,NGDHS2024433032,2024,DHS,,434,,,2
NGA,Kano,6291858,Number of women,1149,0,NG,Nigeria,2024,NG2024DHS,AN_NUTS_W_NUM,114563120,D,433033,1433033,Region,..Kano,0,,0,1,ANNUTSWNUM,NGDHS2024433033,2024,DHS,,588,,,2
NGA,Katsina,3824066,Number of women,496,0,NG,Nigeria,2024,NG2024DHS,AN_NUTS_W_NUM,114563120,D,433034,1433034,Region,..Katsina,0,,0,1,ANNUTSWNUM,NGDHS2024433034,2024,DHS,,340,,,2
NGA,Kebbi,5799623,Number of women,266,0,NG,Nigeria,2024,NG2024DHS,AN_NUTS_W_NUM,114563120,D,433035,1433035,Region,..Kebbi,0,,0,1,ANNUTSWNUM,NGDHS2024433035,2024,DHS,,393,,,2
NGA,Sokoto,2464315,Number of women,370,0,NG,Nigeria,2024,NG2024DHS,AN_NUTS_W_NUM,114563120,D,433036,1433036,Region,..Sokoto,0,,0,1,ANNUTSWNUM,NGDHS2024433036,2024,DHS,,404,,,2
NGA,Zamfara,5476971,Number of women,336,0,NG,Nigeria,2024,NG2024DHS,AN_NUTS_W_NUM,114563120,D,433037,1433037,Region,..Zamfara,0,,0,1,ANNUTSWNUM,NGDHS2024433037,2024,DHS,,260,,,2
NGA,South East,7587764,Number of women,1154,0,NG,Nigeria,2024,NG2024DHS,AN_NUTS_W_NUM,114563120,D,433008,1433040,Region,South East,0,,0,1,ANNUTSWNUM,NGDHS2024433008,2024,DHS,,1788,,,1
NGA,Abia,3702118,Number of women,131,0,NG,Nigeria,2024,NG2024DHS,AN_NUTS_W_NUM,114563120,D,433041,1433041,Region,..Abia,0,,0,1,ANNUTSWNUM,NGDHS2024433041,2024,DHS,,257,,,2
NGA,Anambra,5190615,Number of women,230,0,NG,Nigeria,2024,NG2024DHS,AN_NUTS_W_NUM,114563120,D,433042,1433042,Region,..Anambra,0,,0,1,ANNUTSWNUM,NGDHS2024433042,2024,DHS,,338,,,2
NGA,Ebonyi,7285694,Number of women,344,0,NG,Nigeria,2024,NG2024DHS,AN_NUTS_W_NUM,114563120,D,433043,1433043,Region,..Ebonyi,0,,0,1,ANNUTSWNUM,NGDHS2024433043,2024,DHS,,504,,,2
NGA,Enugu,2456985,Number of women,188,0,NG,Nigeria,2024,NG2024DHS,AN_NUTS_W_NUM,114563120,D,433044,1433044,Region,..Enugu,0,,0,1,ANNUTSWNUM,NGDHS2024433044,2024,DHS,,312,,,2
NGA,Imo,6802723,Number of women,261,0,NG,Nigeria,2024,NG2024DHS,AN_NUTS_W_NUM,114563120,D,433045,1433045,Region,..Imo,0,,0,1,ANNUTSWNUM,NGDHS2024433045,2024,DHS,,377,,,2
NGA,South West,5122775,Number of women,1856,0,NG,Nigeria,2024,NG2024DHS,AN_NUTS_W_NUM,114563120,D,433009,1433050,Region,South West,0,,0,1,ANNUTSWNUM,NGDHS2024433009,2024,DHS,,1682,,,1
NGA,Ekiti,4757185,Number of women,91,0,NG,Nigeria,2024,NG2024DHS,AN_NUTS_W_NUM,114563120,D,433051,1433051,Region,..Ekiti,0,,0,1,ANNUTSWNUM,NGDHS2024433051,2024,DHS,,194,,,2
NGA,Lagos,6298908,Number of women,533,0,NG,Nigeria,2024,NG2024DHS,AN_NUTS_W_NUM,114563120,D,433052,1433052,Region,..Lagos,0,,0,1,ANNUTSWNUM,NGDHS2024433052,2024,DHS,,343,,,2
NGA,Ogun,4223116,Number of women,413,0,NG,Nigeria,2024,NG2024DHS,AN_NUTS_W_NUM,114563120,D,433053,1433053,Region,..Ogun,0,,0,1,ANNUTSWNUM,NGDHS2024433053,2024,DHS,,325,,,2
NGA,Ondo,5799624,Number of women,207,0,NG,Nigeria,2024,NG2024DHS,AN_NUTS_W_NUM,114563120,D,433054,1433054,Region,..Ondo,0,,0,1,ANNUTSWNUM,NGDHS2024433054,2024,DHS,,250,,,2
NGA,Osun,2464322,Number of women,211,0,NG,Nigeria,2024,NG2024DHS,AN_NUTS_W_NUM,114563120,D,433055,1433055,Region,..Osun,0,,0,1,ANNUTSWNUM,NGDHS2024433055,2024,DHS,,224,,,2
NGA,Oyo,5484447,Number of women,402,0,NG,Nigeria,2024,NG2024DHS,AN_NUTS_W_NUM,114563120,D,433056,1433056,Region,..Oyo,0,,0,1,ANNUTSWNUM,NGDHS2024433056,2024,DHS,,346,,,2
NGA,South South,3825803,Number of women,1492,0,NG,Nigeria,2024,NG2024DHS,AN_NUTS_W_NUM,114563120,D,433010,1433060,Region,South South,0,,0,1,ANNUTSWNUM,NGDHS2024433010,2024,DHS,,1864,,,1
NGA,Akwa Ibom,5622345,Number of women,210,0,NG,Nigeria,2024,NG2024DHS,AN_NUTS_W_NUM,114563120,D,433061,1433061,Region,..Akwa Ibom,0,,0,1,ANNUTSWNUM,NGDHS2024433061,2024,DHS,,284,,,2
NGA,Bayelsa,7300161,Number of women,100,0,NG,Nigeria,2024,NG2024DHS,AN_NUTS_W_NUM,114563120,D,433062,1433062,Region,..Bayelsa,0,,0,1,ANNUTSWNUM,NGDHS2024433062,2024,DHS,,261,,,2
NGA,Cross River,7717718,Number of women,170,0,NG,Nigeria,2024,NG2024DHS,AN_NUTS_W_NUM,114563120,D,433063,1433063,Region,..Cross River,0,,0,1,ANNUTSWNUM,NGDHS2024433063,2024,DHS,,282,,,2
NGA,Delta,6810362,Number of women,308,0,NG,Nigeria,2024,NG2024DHS,AN_NUTS_W_NUM,114563120,D,433064,1433064,Region,..Delta,0,,0,1,ANNUTSWNUM,NGDHS2024433064,2024,DHS,,283,,,2
NGA,Edo,2464517,Number of women,227,0,NG,Nigeria,2024,NG2024DHS,AN_NUTS_W_NUM,114563120,D,433065,1433065,Region,..Edo,0,,0,1,ANNUTSWNUM,NGDHS2024433065,2024,DHS,,325,,,2
NGA,Rivers,2457034,Number of women,476,0,NG,Nigeria,2024,NG2024DHS,AN_NUTS_W_NUM,114563120,D,433066,1433066,Region,..Rivers,0,,0,1,ANNUTSWNUM,NGDHS2024433066,2024,DHS,,429,,,2
NGA,North Central,586769,Number of women (unweighted),2539,0,NG,Nigeria,2024,NG2024DHS,AN_NUTS_W_UNW,114563130,U,433005,1433010,Region,North Central,0,,0,1,ANNUTSWUNW,NGDHS2024433005,2024,DHS,2352,,,,1
NGA,FCT Abuja,2779308,Number of women (unweighted),308,0,NG,Nigeria,2024,NG2024DHS,AN_NUTS_W_UNW,114563130,U,433011,1433011,Region,..FCT Abuja,0,,0,1,ANNUTSWUNW,NGDHS2024433011,2024,DHS,281,,,,2
NGA,Benue,2554948,Number of women (unweighted),303,0,NG,Nigeria,2024,NG2024DHS,AN_NUTS_W_UNW,114563130,U,433012,1433012,Region,..Benue,0,,0,1,ANNUTSWUNW,NGDHS2024433012,2024,DHS,311,,,,2
NGA,Kogi,2464596,Number of women (unweighted),337,0,NG,Nigeria,2024,NG2024DHS,AN_NUTS_W_UNW,114563130,U,433013,1433013,Region,..Kogi,0,,0,1,ANNUTSWUNW,NGDHS2024433013,2024,DHS,209,,,,2
NGA,Kwara,181677,Number of women (unweighted),331,0,NG,Nigeria,2024,NG2024DHS,AN_NUTS_W_UNW,114563130,U,433014,1433014,Region,..Kwara,0,,0,1,ANNUTSWUNW,NGDHS2024433014,2024,DHS,261,,,,2
NGA,Nasarawa,2464584,Number of women (unweighted),403,0,NG,Nigeria,2024,NG2024DHS,AN_NUTS_W_UNW,114563130,U,433015,1433015,Region,..Nasarawa,0,,0,1,ANNUTSWUNW,NGDHS2024433015,2024,DHS,340,,,,2
NGA,Niger,338380,Number of women (unweighted),428,0,NG,Nigeria,2024,NG2024DHS,AN_NUTS_W_UNW,114563130,U,433016,1433016,Region,..Niger,0,,0,1,ANNUTSWUNW,NGDHS2024433016,2024,DHS,601,,,,2
NGA,Plateau,558152,Number of women (unweighted),429,0,NG,Nigeria,2024,NG2024DHS,AN_NUTS_W_UNW,114563130,U,433017,1433017,Region,..Plateau,0,,0,1,ANNUTSWUNW,NGDHS2024433017,2024,DHS,349,,,,2
NGA,North East,2442730,Number of women (unweighted),1953,0,NG,Nigeria,2024,NG2024DHS,AN_NUTS_W_UNW,114563130,U,433006,1433020,Region,North East,0,,0,1,ANNUTSWUNW,NGDHS2024433006,2024,DHS,1932,,,,1
NGA,Adamawa,3201162,Number of women (unweighted),380,0,NG,Nigeria,2024,NG2024DHS,AN_NUTS_W_UNW,114563130,U,433021,1433021,Region,..Adamawa,0,,0,1,ANNUTSWUNW,NGDHS2024433021,2024,DHS,324,,,,2
NGA,Bauchi,2865603,Number of women (unweighted),323,0,NG,Nigeria,2024,NG2024DHS,AN_NUTS_W_UNW,114563130,U,433022,1433022,Region,..Bauchi,0,,0,1,ANNUTSWUNW,NGDHS2024433022,2024,DHS,545,,,,2
NGA,Borno,2826299,Number of women (unweighted),267,0,NG,Nigeria,2024,NG2024DHS,AN_NUTS_W_UNW,114563130,U,433023,1433023,Region,..Borno,0,,0,1,ANNUTSWUNW,NGDHS2024433023,2024,DHS,326,,,,2
NGA,Gombe,4843218,Number of women (unweighted),340,0,NG,Nigeria,2024,NG2024DHS,AN_NUTS_W_UNW,114563130,U,433024,1433024,Region,..Gombe,0,,0,1,ANNUTSWUNW,NGDHS2024433024,2024,DHS,180,,,,2
NGA,Taraba,66182,Number of women (unweighted),306,0,NG,Nigeria,2024,NG2024DHS,AN_NUTS_W_UNW,114563130,U,433025,1433025,Region,..Taraba,0,,0,1,ANNUTSWUNW,NGDHS2024433025,2024,DHS,254,,,,2
NGA,Yobe,673169,Number of women (unweighted),337,0,NG,Nigeria,2024,NG2024DHS,AN_NUTS_W_UNW,114563130,U,433026,1433026,Region,..Yobe,0,,0,1,ANNUTSWUNW,NGDHS2024433026,2024,DHS,303,,,,2
NGA,North West,127611,Number of women (unweighted),2785,0,NG,Nigeria,2024,NG2024DHS,AN_NUTS_W_UNW,114563130,U,433007,1433030,Region,North West,0,,0,1,ANNUTSWUNW,NGDHS2024433007,2024,DHS,3671,,,,1
NGA,Jigawa,2531903,Number of women (unweighted),366,0,NG,Nigeria,2024,NG2024DHS,AN_NUTS_W_UNW,114563130,U,433031,1433031,Region,..Jigawa,0,,0,1,ANNUTSWUNW,NGDHS2024433031,2024,DHS,345,,,,2
NGA,Kaduna,2457096,Number of women (unweighted),434,0,NG,Nigeria,2024,NG2024DHS,AN_NUTS_W_UNW,114563130,U,433032,1433032,Region,..Kaduna,0,,0,1,ANNUTSWUNW,NGDHS2024433032,2024,DHS,709,,,,2
NGA,Kano,39398,Number of women (unweighted),588,0,NG,Nigeria,2024,NG2024DHS,AN_NUTS_W_UNW,114563130,U,433033,1433033,Region,..Kano,0,,0,1,ANNUTSWUNW,NGDHS2024433033,2024,DHS,1149,,,,2
NGA,Katsina,2442768,Number of women (unweighted),340,0,NG,Nigeria,2024,NG2024DHS,AN_NUTS_W_UNW,114563130,U,433034,1433034,Region,..Katsina,0,,0,1,ANNUTSWUNW,NGDHS2024433034,2024,DHS,496,,,,2
NGA,Kebbi,352776,Number of women (unweighted),393,0,NG,Nigeria,2024,NG2024DHS,AN_NUTS_W_UNW,114563130,U,433035,1433035,Region,..Kebbi,0,,0,1,ANNUTSWUNW,NGDHS2024433035,2024,DHS,266,,,,2
NGA,Sokoto,565204,Number of women (unweighted),404,0,NG,Nigeria,2024,NG2024DHS,AN_NUTS_W_UNW,114563130,U,433036,1433036,Region,..Sokoto,0,,0,1,ANNUTSWUNW,NGDHS2024433036,2024,DHS,370,,,,2
NGA,Zamfara,2450375,Number of women (unweighted),260,0,NG,Nigeria,2024,NG2024DHS,AN_NUTS_W_UNW,114563130,U,433037,1433037,Region,..Zamfara,0,,0,1,ANNUTSWUNW,NGDHS2024433037,2024,DHS,336,,,,2
NGA,South East,7611609,Number of women (unweighted),1788,0,NG,Nigeria,2024,NG2024DHS,AN_NUTS_W_UNW,114563130,U,433008,1433040,Region,South East,0,,0,1,ANNUTSWUNW,NGDHS2024433008,2024,DHS,1154,,,,1
NGA,Abia,2464673,Number of women (unweighted),257,0,NG,Nigeria,2024,NG2024DHS,AN_NUTS_W_UNW,114563130,U,433041,1433041,Region,..Abia,0,,0,1,ANNUTSWUNW,NGDHS2024433041,2024,DHS,131,,,,2
NGA,Anambra,3022612,Number of women (unweighted),338,0,NG,Nigeria,2024,NG2024DHS,AN_NUTS_W_UNW,114563130,U,433042,1433042,Region,..Anambra,0,,0,1,ANNUTSWUNW,NGDHS2024433042,2024,DHS,230,,,,2
NGA,Ebonyi,660901,Number of women (unweighted),504,0,NG,Nigeria,2024,NG2024DHS,AN_NUTS_W_UNW,114563130,U,433043,1433043,Region,..Ebonyi,0,,0,1,ANNUTSWUNW,NGDHS2024433043,2024,DHS,344,,,,2
NGA,Enugu,59693,Number of women (unweighted),312,0,NG,Nigeria,2024,NG2024DHS,AN_NUTS_W_UNW,114563130,U,433044,1433044,Region,..Enugu,0,,0,1,ANNUTSWUNW,NGDHS2024433044,2024,DHS,188,,,,2
NGA,Imo,795928,Number of women (unweighted),377,0,NG,Nigeria,2024,NG2024DHS,AN_NUTS_W_UNW,114563130,U,433045,1433045,Region,..Imo,0,,0,1,ANNUTSWUNW,NGDHS2024433045,2024,DHS,261,,,,2
NGA,South West,848010,Number of women (unweighted),1682,0,NG,Nigeria,2024,NG2024DHS,AN_NUTS_W_UNW,114563130,U,433009,1433050,Region,South West,0,,0,1,ANNUTSWUNW,NGDHS2024433009,2024,DHS,1856,,,,1
NGA,Ekiti,2450339,Number of women (unweighted),194,0,NG,Nigeria,2024,NG2024DHS,AN_NUTS_W_UNW,114563130,U,433051,1433051,Region,..Ekiti,0,,0,1,ANNUTSWUNW,NGDHS2024433051,2024,DHS,91,,,,2
NGA,Lagos,54381,Number of women (unweighted),343,0,NG,Nigeria,2024,NG2024DHS,AN_NUTS_W_UNW,114563130,U,433052,1433052,Region,..Lagos,0,,0,1,ANNUTSWUNW,NGDHS2024433052,2024,DHS,533,,,,2
NGA,Ogun,2464719,Number of women (unweighted),325,0,NG,Nigeria,2024,NG2024DHS,AN_NUTS_W_UNW,114563130,U,433053,1433053,Region,..Ogun,0,,0,1,ANNUTSWUNW,NGDHS2024433053,2024,DHS,413,,,,2
NGA,Ondo,763202,Number of women (unweighted),250,0,NG,Nigeria,2024,NG2024DHS,AN_NUTS_W_UNW,114563130,U,433054,1433054,Region,..Ondo,0,,0,1,ANNUTSWUNW,NGDHS2024433054,2024,DHS,207,,,,2
NGA,Osun,565180,Number of women (unweighted),224,0,NG,Nigeria,2024,NG2024DHS,AN_NUTS_W_UNW,114563130,U,433055,1433055,Region,..Osun,0,,0,1,ANNUTSWUNW,NGDHS2024433055,2024,DHS,211,,,,2
NGA,Oyo,2442793,Number of women (unweighted),346,0,NG,Nigeria,2024,NG2024DHS,AN_NUTS_W_UNW,114563130,U,433056,1433056,Region,..Oyo,0,,0,1,ANNUTSWUNW,NGDHS2024433056,2024,DHS,402,,,,2
NGA,South South,2693513,Number of women (unweighted),1864,0,NG,Nigeria,2024,NG2024DHS,AN_NUTS_W_UNW,114563130,U,433010,1433060,Region,South South,0,,0,1,ANNUTSWUNW,NGDHS2024433010,2024,DHS,1492,,,,1
NGA,Akwa Ibom,3030284,Number of women (unweighted),284,0,NG,Nigeria,2024,NG2024DHS,AN_NUTS_W_UNW,114563130,U,433061,1433061,Region,..Akwa Ibom,0,,0,1,ANNUTSWUNW,NGDHS2024433061,2024,DHS,210,,,,2
NGA,Bayelsa,507918,Number of women (unweighted),261,0,NG,Nigeria,2024,NG2024DHS,AN_NUTS_W_UNW,114563130,U,433062,1433062,Region,..Bayelsa,0,,0,1,ANNUTSWUNW,NGDHS2024433062,2024,DHS,100,,,,2
NGA,Cross River,7788445,Number of women (unweighted),282,0,NG,Nigeria,2024,NG2024DHS,AN_NUTS_W_UNW,114563130,U,433063,1433063,Region,..Cross River,0,,0,1,ANNUTSWUNW,NGDHS2024433063,2024,DHS,170,,,,2
NGA,Delta,809911,Number of women (unweighted),283,0,NG,Nigeria,2024,NG2024DHS,AN_NUTS_W_UNW,114563130,U,433064,1433064,Region,..Delta,0,,0,1,ANNUTSWUNW,NGDHS2024433064,2024,DHS,308,,,,2
NGA,Edo,2464675,Number of women (unweighted),325,0,NG,Nigeria,2024,NG2024DHS,AN_NUTS_W_UNW,114563130,U,433065,1433065,Region,..Edo,0,,0,1,ANNUTSWUNW,NGDHS2024433065,2024,DHS,227,,,,2
NGA,Rivers,504584,Number of women (unweighted),429,0,NG,Nigeria,2024,NG2024DHS,AN_NUTS_W_UNW,114563130,U,433066,1433066,Region,..Rivers,0,,0,1,ANNUTSWUNW,NGDHS2024433066,2024,DHS,476,,,,2
