ISO3,Location,DataId,Indicator,Value,Precision,DHS_CountryCode,CountryName,SurveyYear,SurveyId,IndicatorId,IndicatorOrder,IndicatorType,CharacteristicId,CharacteristicOrder,CharacteristicCategory,CharacteristicLabel,ByVariableId,ByVariableLabel,IsTotal,IsPreferred,SDRID,RegionId,SurveyYearLabel,SurveyType,DenominatorWeighted,DenominatorUnweighted,CILow,CIHigh,LevelRank
NGA,Northeast - 1990,1925759,Total fertility rate 15-49,6.5,1,NG,Nigeria,1990,NG1990DHS,FE_FRTR_W_TFR,11763080,I,433001,1433001,Region,Northeast - 1990,0,,0,1,FEFRTRWTFR,NGDHS1990433001,1990,DHS,,,,,1
NGA,Northwest - 1990,1917344,Total fertility rate 15-49,6.6,1,NG,Nigeria,1990,NG1990DHS,FE_FRTR_W_TFR,11763080,I,433002,1433002,Region,Northwest - 1990,0,,0,1,FEFRTRWTFR,NGDHS1990433002,1990,DHS,,,,,1
NGA,Southeast - 1990,1933966,Total fertility rate 15-49,5.6,1,NG,Nigeria,1990,NG1990DHS,FE_FRTR_W_TFR,11763080,I,433003,1433003,Region,Southeast - 1990,0,,0,1,FEFRTRWTFR,NGDHS1990433003,1990,DHS,,,,,1
NGA,Southwest - 1990,1933981,Total fertility rate 15-49,5.5,1,NG,Nigeria,1990,NG1990DHS,FE_FRTR_W_TFR,11763080,I,433004,1433004,Region,Southwest - 1990,0,,0,1,FEFRTRWTFR,NGDHS1990433004,1990,DHS,,,,,1
NGA,Northeast - 1990,4515010,Married women currently using any method of contraception,2,1,NG,Nigeria,1990,NG1990DHS,FP_CUSM_W_ANY,32633010,I,433001,1433001,Region,Northeast - 1990,0,,0,1,FPCUSMWANY,NGDHS1990433001,1990,DHS,1849,1877,,,1
NGA,Northwest - 1990,6624724,Married women currently using any method of contraception,1.2,1,NG,Nigeria,1990,NG1990DHS,FP_CUSM_W_ANY,32633010,I,433002,1433002,Region,Northwest - 1990,0,,0,1,FPCUSMWANY,NGDHS1990433002,1990,DHS,1944,1561,,,1
NGA,Southeast - 1990,1583849,Married women currently using any method of contraception,8.8,1,NG,Nigeria,1990,NG1990DHS,FP_CUSM_W_ANY,32633010,I,433003,1433003,Region,Southeast - 1990,0,,0,1,FPCUSMWANY,NGDHS1990433003,1990,DHS,1801,1506,,,1
NGA,Southwest - 1990,5362107,Married women currently using any method of contraception,15,1,NG,Nigeria,1990,NG1990DHS,FP_CUSM_W_ANY,32633010,I,433004,1433004,Region,Southwest - 1990,0,,0,1,FPCUSMWANY,NGDHS1990433004,1990,DHS,1287,1752,,,1
NGA,Northeast - 1990,4514959,Married women currently using any modern method of contraception,1.3,1,NG,Nigeria,1990,NG1990DHS,FP_CUSM_W_MOD,32633020,I,433001,1433001,Region,Northeast - 1990,0,,0,1,FPCUSMWMOD,NGDHS1990433001,1990,DHS,1849,1877,,,1
NGA,Northwest - 1990,6624725,Married women currently using any modern method of contraception,0.7,1,NG,Nigeria,1990,NG1990DHS,FP_CUSM_W_MOD,32633020,I,433002,1433002,Region,Northwest - 1990,0,,0,1,FPCUSMWMOD,NGDHS1990433002,1990,DHS,1944,1561,,,1
NGA,Southeast - 1990,1583850,Married women currently using any modern method of contraception,3.9,1,NG,Nigeria,1990,NG1990DHS,FP_CUSM_W_MOD,32633020,I,433003,1433003,Region,Southeast - 1990,0,,0,1,FPCUSMWMOD,NGDHS1990433003,1990,DHS,1801,1506,,,1
NGA,Southwest - 1990,5362108,Married women currently using any modern method of contraception,10.5,1,NG,Nigeria,1990,NG1990DHS,FP_CUSM_W_MOD,32633020,I,433004,1433004,Region,Southwest - 1990,0,,0,1,FPCUSMWMOD,NGDHS1990433004,1990,DHS,1287,1752,,,1
NGA,Northeast - 1990,5659619,Unmet need for family planning,24.3,1,NG,Nigeria,1990,NG1990DHS,FP_NADM_W_UNT,32933030,I,433001,1433001,Region,Northeast - 1990,0,,0,1,FPNADMWUNT,NGDHS1990433001,1990,DHS,1849,1877,,,1
NGA,Northwest - 1990,5814953,Unmet need for family planning,15.3,1,NG,Nigeria,1990,NG1990DHS,FP_NADM_W_UNT,32933030,I,433002,1433002,Region,Northwest - 1990,0,,0,1,FPNADMWUNT,NGDHS1990433002,1990,DHS,1944,1561,,,1
NGA,Southeast - 1990,3134417,Unmet need for family planning,25.7,1,NG,Nigeria,1990,NG1990DHS,FP_NADM_W_UNT,32933030,I,433003,1433003,Region,Southeast - 1990,0,,0,1,FPNADMWUNT,NGDHS1990433003,1990,DHS,1801,1506,,,1
NGA,Southwest - 1990,6793473,Unmet need for family planning,21.1,1,NG,Nigeria,1990,NG1990DHS,FP_NADM_W_UNT,32933030,I,433004,1433004,Region,Southwest - 1990,0,,0,1,FPNADMWUNT,NGDHS1990433004,1990,DHS,1287,1752,,,1
NGA,Northeast - 1990,3965589,Demand for family planning satisfied by modern methods,5.1,1,NG,Nigeria,1990,NG1990DHS,FP_NADM_W_PDM,32933150,I,433001,1433001,Region,Northeast - 1990,0,,0,1,FPNADMWPDM,NGDHS1990433001,1990,DHS,486,450,,,1
NGA,Northwest - 1990,7358274,Demand for family planning satisfied by modern methods,4.4,1,NG,Nigeria,1990,NG1990DHS,FP_NADM_W_PDM,32933150,I,433002,1433002,Region,Northwest - 1990,0,,0,1,FPNADMWPDM,NGDHS1990433002,1990,DHS,321,308,,,1
NGA,Southeast - 1990,4445286,Demand for family planning satisfied by modern methods,11.2,1,NG,Nigeria,1990,NG1990DHS,FP_NADM_W_PDM,32933150,I,433003,1433003,Region,Southeast - 1990,0,,0,1,FPNADMWPDM,NGDHS1990433003,1990,DHS,625,530,,,1
NGA,Southwest - 1990,5990241,Demand for family planning satisfied by modern methods,29,1,NG,Nigeria,1990,NG1990DHS,FP_NADM_W_PDM,32933150,I,433004,1433004,Region,Southwest - 1990,0,,0,1,FPNADMWPDM,NGDHS1990433004,1990,DHS,465,709,,,1
NGA,Northeast - 1990,1519774,Median age at first marriage [Women]: 25-49,15.2,1,NG,Nigeria,1990,NG1990DHS,MA_AAFM_W_M2B,41633090,I,433001,1433001,Region,Northeast - 1990,0,,0,1,MAAAFMWM2B,NGDHS1990433001,1990,DHS,,,,,1
NGA,Northwest - 1990,1526450,Median age at first marriage [Women]: 25-49,15.4,1,NG,Nigeria,1990,NG1990DHS,MA_AAFM_W_M2B,41633090,I,433002,1433002,Region,Northwest - 1990,0,,0,1,MAAAFMWM2B,NGDHS1990433002,1990,DHS,,,,,1
NGA,Southeast - 1990,1511151,Median age at first marriage [Women]: 25-49,18.3,1,NG,Nigeria,1990,NG1990DHS,MA_AAFM_W_M2B,41633090,I,433003,1433003,Region,Southeast - 1990,0,,0,1,MAAAFMWM2B,NGDHS1990433003,1990,DHS,,,,,1
NGA,Southwest - 1990,1511156,Median age at first marriage [Women]: 25-49,19.7,1,NG,Nigeria,1990,NG1990DHS,MA_AAFM_W_M2B,41633090,I,433004,1433004,Region,Southwest - 1990,0,,0,1,MAAAFMWM2B,NGDHS1990433004,1990,DHS,,,,,1
NGA,Northeast - 1990,1519834,Median age at first sexual intercourse [Women]: 25-49,15.3,1,NG,Nigeria,1990,NG1990DHS,SX_AAFS_W_M2B,51703090,I,433001,1433001,Region,Northeast - 1990,0,,0,1,SXAAFSWM2B,NGDHS1990433001,1990,DHS,,,,,1
NGA,Northwest - 1990,1526506,Median age at first sexual intercourse [Women]: 25-49,15.3,1,NG,Nigeria,1990,NG1990DHS,SX_AAFS_W_M2B,51703090,I,433002,1433002,Region,Northwest - 1990,0,,0,1,SXAAFSWM2B,NGDHS1990433002,1990,DHS,,,,,1
NGA,Southeast - 1990,1511177,Median age at first sexual intercourse [Women]: 25-49,18.3,1,NG,Nigeria,1990,NG1990DHS,SX_AAFS_W_M2B,51703090,I,433003,1433003,Region,Southeast - 1990,0,,0,1,SXAAFSWM2B,NGDHS1990433003,1990,DHS,,,,,1
NGA,Southwest - 1990,1511206,Median age at first sexual intercourse [Women]: 25-49,19.1,1,NG,Nigeria,1990,NG1990DHS,SX_AAFS_W_M2B,51703090,I,433004,1433004,Region,Southwest - 1990,0,,0,1,SXAAFSWM2B,NGDHS1990433004,1990,DHS,,,,,1
NGA,Northeast - 1990,7651280,Infant mortality rate,88,0,NG,Nigeria,1990,NG1990DHS,CM_ECMR_C_IMR,63206030,I,433001,1433001,Region,Northeast - 1990,14003,Ten years preceding the survey,0,1,CMECMRCIMR,NGDHS1990433001,1990,DHS,,,70,106,1
NGA,Northwest - 1990,1837876,Infant mortality rate,110,0,NG,Nigeria,1990,NG1990DHS,CM_ECMR_C_IMR,63206030,I,433002,1433002,Region,Northwest - 1990,14003,Ten years preceding the survey,0,1,CMECMRCIMR,NGDHS1990433002,1990,DHS,,,92,128,1
NGA,Southeast - 1990,7859287,Infant mortality rate,83,0,NG,Nigeria,1990,NG1990DHS,CM_ECMR_C_IMR,63206030,I,433003,1433003,Region,Southeast - 1990,14003,Ten years preceding the survey,0,1,CMECMRCIMR,NGDHS1990433003,1990,DHS,,,68,98,1
NGA,Southwest - 1990,7576307,Infant mortality rate,85,0,NG,Nigeria,1990,NG1990DHS,CM_ECMR_C_IMR,63206030,I,433004,1433004,Region,Southwest - 1990,14003,Ten years preceding the survey,0,1,CMECMRCIMR,NGDHS1990433004,1990,DHS,,,69,100,1
NGA,Northeast - 1990,1823958,Under-five mortality rate,215,0,NG,Nigeria,1990,NG1990DHS,CM_ECMR_C_U5M,63206050,I,433001,1433001,Region,Northeast - 1990,14003,Ten years preceding the survey,0,1,CMECMRCU5M,NGDHS1990433001,1990,DHS,,,181,249,1
NGA,Northwest - 1990,7687312,Under-five mortality rate,245,0,NG,Nigeria,1990,NG1990DHS,CM_ECMR_C_U5M,63206050,I,433002,1433002,Region,Northwest - 1990,14003,Ten years preceding the survey,0,1,CMECMRCU5M,NGDHS1990433002,1990,DHS,,,176,313,1
NGA,Southeast - 1990,7490217,Under-five mortality rate,144,0,NG,Nigeria,1990,NG1990DHS,CM_ECMR_C_U5M,63206050,I,433003,1433003,Region,Southeast - 1990,14003,Ten years preceding the survey,0,1,CMECMRCU5M,NGDHS1990433003,1990,DHS,,,124,165,1
NGA,Southwest - 1990,7904338,Under-five mortality rate,167,0,NG,Nigeria,1990,NG1990DHS,CM_ECMR_C_U5M,63206050,I,433004,1433004,Region,Southwest - 1990,14003,Ten years preceding the survey,0,1,CMECMRCU5M,NGDHS1990433004,1990,DHS,,,139,196,1
NGA,Northeast - 1990,1340454,Place of delivery: Health facility,10.6,1,NG,Nigeria,1990,NG1990DHS,RH_DELP_C_DHF,83566070,I,433001,1433001,Region,Northeast - 1990,14000,Three years preceding the survey,0,0,RHDELPCDHF,NGDHS1990433001,1990,DHS,1229,1236,,,1
NGA,Northeast - 1990,7822884,Place of delivery: Health facility,10.5,1,NG,Nigeria,1990,NG1990DHS,RH_DELP_C_DHF,83566070,I,433001,1433001,Region,Northeast - 1990,14001,Five years preceding the survey,0,0,RHDELPCDHF,NGDHS1990433001,1990,DHS,1948,1957,,,1
NGA,Northeast - 1990,5316241,Place of delivery: Health facility,11.7,1,NG,Nigeria,1990,NG1990DHS,RH_DELP_C_DHF,83566070,I,433001,1433001,Region,Northeast - 1990,14002,Two years preceding the survey,0,1,RHDELPCDHF,NGDHS1990433001,1990,DHS,804,808,,,1
NGA,Northwest - 1990,5023481,Place of delivery: Health facility,10.5,1,NG,Nigeria,1990,NG1990DHS,RH_DELP_C_DHF,83566070,I,433002,1433002,Region,Northwest - 1990,14000,Three years preceding the survey,0,0,RHDELPCDHF,NGDHS1990433002,1990,DHS,1346,1151,,,1
NGA,Northwest - 1990,4435746,Place of delivery: Health facility,9.8,1,NG,Nigeria,1990,NG1990DHS,RH_DELP_C_DHF,83566070,I,433002,1433002,Region,Northwest - 1990,14001,Five years preceding the survey,0,0,RHDELPCDHF,NGDHS1990433002,1990,DHS,2267,1895,,,1
NGA,Northwest - 1990,7864726,Place of delivery: Health facility,11.5,1,NG,Nigeria,1990,NG1990DHS,RH_DELP_C_DHF,83566070,I,433002,1433002,Region,Northwest - 1990,14002,Two years preceding the survey,0,1,RHDELPCDHF,NGDHS1990433002,1990,DHS,926,784,,,1
NGA,Southeast - 1990,1351601,Place of delivery: Health facility,47.2,1,NG,Nigeria,1990,NG1990DHS,RH_DELP_C_DHF,83566070,I,433003,1433003,Region,Southeast - 1990,14000,Three years preceding the survey,0,0,RHDELPCDHF,NGDHS1990433003,1990,DHS,1411,1157,,,1
NGA,Southeast - 1990,3490689,Place of delivery: Health facility,48.5,1,NG,Nigeria,1990,NG1990DHS,RH_DELP_C_DHF,83566070,I,433003,1433003,Region,Southeast - 1990,14001,Five years preceding the survey,0,0,RHDELPCDHF,NGDHS1990433003,1990,DHS,2453,2004,,,1
NGA,Southeast - 1990,3135178,Place of delivery: Health facility,47,1,NG,Nigeria,1990,NG1990DHS,RH_DELP_C_DHF,83566070,I,433003,1433003,Region,Southeast - 1990,14002,Two years preceding the survey,0,1,RHDELPCDHF,NGDHS1990433003,1990,DHS,945,769,,,1
NGA,Southwest - 1990,5474021,Place of delivery: Health facility,67.4,1,NG,Nigeria,1990,NG1990DHS,RH_DELP_C_DHF,83566070,I,433004,1433004,Region,Southwest - 1990,14000,Three years preceding the survey,0,0,RHDELPCDHF,NGDHS1990433004,1990,DHS,895,1194,,,1
NGA,Southwest - 1990,2853483,Place of delivery: Health facility,67.9,1,NG,Nigeria,1990,NG1990DHS,RH_DELP_C_DHF,83566070,I,433004,1433004,Region,Southwest - 1990,14001,Five years preceding the survey,0,0,RHDELPCDHF,NGDHS1990433004,1990,DHS,1536,2046,,,1
NGA,Southwest - 1990,6498937,Place of delivery: Health facility,67.7,1,NG,Nigeria,1990,NG1990DHS,RH_DELP_C_DHF,83566070,I,433004,1433004,Region,Southwest - 1990,14002,Two years preceding the survey,0,1,RHDELPCDHF,NGDHS1990433004,1990,DHS,620,829,,,1
NGA,Northeast - 1990,4803454,Fully vaccinated (8 basic antigens),15.5,1,NG,Nigeria,1990,NG1990DHS,CH_VACC_C_BAS,93906230,I,433001,1433001,Region,Northeast - 1990,0,,0,1,CHVACCCBAS,NGDHS1990433001,1990,DHS,359,362,,,1
NGA,Northwest - 1990,2090720,Fully vaccinated (8 basic antigens),17.7,1,NG,Nigeria,1990,NG1990DHS,CH_VACC_C_BAS,93906230,I,433002,1433002,Region,Northwest - 1990,0,,0,1,CHVACCCBAS,NGDHS1990433002,1990,DHS,373,302,,,1
NGA,Southeast - 1990,2096706,Fully vaccinated (8 basic antigens),42.4,1,NG,Nigeria,1990,NG1990DHS,CH_VACC_C_BAS,93906230,I,433003,1433003,Region,Southeast - 1990,0,,0,1,CHVACCCBAS,NGDHS1990433003,1990,DHS,408,340,,,1
NGA,Southwest - 1990,6019042,Fully vaccinated (8 basic antigens),43.9,1,NG,Nigeria,1990,NG1990DHS,CH_VACC_C_BAS,93906230,I,433004,1433004,Region,Southwest - 1990,0,,0,1,CHVACCCBAS,NGDHS1990433004,1990,DHS,240,333,,,1
NGA,Northeast - 1990,6510258,Treatment of diarrhea: Either ORS or RHF,23.3,1,NG,Nigeria,1990,NG1990DHS,CH_DIAT_C_ORT,94096040,I,433001,1433001,Region,Northeast - 1990,14000,Three years preceding the survey,0,0,CHDIATCORT,NGDHS1990433001,1990,DHS,314,312,,,1
NGA,Northeast - 1990,7824943,Treatment of diarrhea: Either ORS or RHF,23.8,1,NG,Nigeria,1990,NG1990DHS,CH_DIAT_C_ORT,94096040,I,433001,1433001,Region,Northeast - 1990,14001,Five years preceding the survey,0,1,CHDIATCORT,NGDHS1990433001,1990,DHS,395,395,,,1
NGA,Northwest - 1990,4743543,Treatment of diarrhea: Either ORS or RHF,23.3,1,NG,Nigeria,1990,NG1990DHS,CH_DIAT_C_ORT,94096040,I,433002,1433002,Region,Northwest - 1990,14000,Three years preceding the survey,0,0,CHDIATCORT,NGDHS1990433002,1990,DHS,365,295,,,1
NGA,Northwest - 1990,6037201,Treatment of diarrhea: Either ORS or RHF,21.7,1,NG,Nigeria,1990,NG1990DHS,CH_DIAT_C_ORT,94096040,I,433002,1433002,Region,Northwest - 1990,14001,Five years preceding the survey,0,1,CHDIATCORT,NGDHS1990433002,1990,DHS,481,366,,,1
NGA,Southeast - 1990,4644667,Treatment of diarrhea: Either ORS or RHF,36.3,1,NG,Nigeria,1990,NG1990DHS,CH_DIAT_C_ORT,94096040,I,433003,1433003,Region,Southeast - 1990,14000,Three years preceding the survey,0,0,CHDIATCORT,NGDHS1990433003,1990,DHS,208,171,,,1
NGA,Southeast - 1990,4474064,Treatment of diarrhea: Either ORS or RHF,34.7,1,NG,Nigeria,1990,NG1990DHS,CH_DIAT_C_ORT,94096040,I,433003,1433003,Region,Southeast - 1990,14001,Five years preceding the survey,0,1,CHDIATCORT,NGDHS1990433003,1990,DHS,265,218,,,1
NGA,Southwest - 1990,2096729,Treatment of diarrhea: Either ORS or RHF,37.6,1,NG,Nigeria,1990,NG1990DHS,CH_DIAT_C_ORT,94096040,I,433004,1433004,Region,Southwest - 1990,14000,Three years preceding the survey,0,0,CHDIATCORT,NGDHS1990433004,1990,DHS,94,116,,,1
NGA,Southwest - 1990,4898159,Treatment of diarrhea: Either ORS or RHF,37.8,1,NG,Nigeria,1990,NG1990DHS,CH_DIAT_C_ORT,94096040,I,433004,1433004,Region,Southwest - 1990,14001,Five years preceding the survey,0,1,CHDIATCORT,NGDHS1990433004,1990,DHS,118,140,,,1
NGA,Northeast - 1990,4975281,Children stunted,56.7,1,NG,Nigeria,1990,NG1990DHS,CN_NUTS_C_HA2,104236020,I,433001,1433001,Region,Northeast - 1990,0,,0,1,CNNUTSCHA2,NGDHS1990433001,1990,DHS,1211,1196,,,1
NGA,Northwest - 1990,4057767,Children stunted,55.1,1,NG,Nigeria,1990,NG1990DHS,CN_NUTS_C_HA2,104236020,I,433002,1433002,Region,Northwest - 1990,0,,0,1,CNNUTSCHA2,NGDHS1990433002,1990,DHS,1349,1184,,,1
NGA,Southeast - 1990,5009905,Children stunted,43.1,1,NG,Nigeria,1990,NG1990DHS,CN_NUTS_C_HA2,104236020,I,433003,1433003,Region,Southeast - 1990,0,,0,1,CNNUTSCHA2,NGDHS1990433003,1990,DHS,1893,1570,,,1
NGA,Southwest - 1990,4155202,Children stunted,41.9,1,NG,Nigeria,1990,NG1990DHS,CN_NUTS_C_HA2,104236020,I,433004,1433004,Region,Southwest - 1990,0,,0,1,CNNUTSCHA2,NGDHS1990433004,1990,DHS,1131,1546,,,1
NGA,Northeast - 1990,5198198,Children wasted,13.6,1,NG,Nigeria,1990,NG1990DHS,CN_NUTS_C_WH2,104236050,I,433001,1433001,Region,Northeast - 1990,0,,0,1,CNNUTSCWH2,NGDHS1990433001,1990,DHS,1211,1196,,,1
NGA,Northwest - 1990,5236171,Children wasted,15.2,1,NG,Nigeria,1990,NG1990DHS,CN_NUTS_C_WH2,104236050,I,433002,1433002,Region,Northwest - 1990,0,,0,1,CNNUTSCWH2,NGDHS1990433002,1990,DHS,1349,1184,,,1
NGA,Southeast - 1990,1380346,Children wasted,8,1,NG,Nigeria,1990,NG1990DHS,CN_NUTS_C_WH2,104236050,I,433003,1433003,Region,Southeast - 1990,0,,0,1,CNNUTSCWH2,NGDHS1990433003,1990,DHS,1893,1570,,,1
NGA,Southwest - 1990,7402178,Children wasted,7.2,1,NG,Nigeria,1990,NG1990DHS,CN_NUTS_C_WH2,104236050,I,433004,1433004,Region,Southwest - 1990,0,,0,1,CNNUTSCWH2,NGDHS1990433004,1990,DHS,1131,1546,,,1
NGA,Northeast - 1990,7211801,Children underweight,40.6,1,NG,Nigeria,1990,NG1990DHS,CN_NUTS_C_WA2,104236090,I,433001,1433001,Region,Northeast - 1990,0,,0,1,CNNUTSCWA2,NGDHS1990433001,1990,DHS,1211,1196,,,1
NGA,Northwest - 1990,3283701,Children underweight,40.8,1,NG,Nigeria,1990,NG1990DHS,CN_NUTS_C_WA2,104236090,I,433002,1433002,Region,Northwest - 1990,0,,0,1,CNNUTSCWA2,NGDHS1990433002,1990,DHS,1349,1184,,,1
NGA,Southeast - 1990,1380352,Children underweight,25.3,1,NG,Nigeria,1990,NG1990DHS,CN_NUTS_C_WA2,104236090,I,433003,1433003,Region,Southeast - 1990,0,,0,1,CNNUTSCWA2,NGDHS1990433003,1990,DHS,1893,1570,,,1
NGA,Southwest - 1990,6992808,Children underweight,22.6,1,NG,Nigeria,1990,NG1990DHS,CN_NUTS_C_WA2,104236090,I,433004,1433004,Region,Southwest - 1990,0,,0,1,CNNUTSCWA2,NGDHS1990433004,1990,DHS,1131,1546,,,1
NGA,Northeast - 1990,1390058,Median duration of exclusive breastfeeding,0.4,1,NG,Nigeria,1990,NG1990DHS,CN_BFDR_C_MDE,104336020,I,433001,1433001,Region,Northeast - 1990,0,,0,1,CNBFDRCMDE,NGDHS1990433001,1990,DHS,,,,,1
NGA,Northwest - 1990,1397694,Median duration of exclusive breastfeeding,0.4,1,NG,Nigeria,1990,NG1990DHS,CN_BFDR_C_MDE,104336020,I,433002,1433002,Region,Northwest - 1990,0,,0,1,CNBFDRCMDE,NGDHS1990433002,1990,DHS,,,,,1
NGA,Southeast - 1990,1405847,Median duration of exclusive breastfeeding,0.4,1,NG,Nigeria,1990,NG1990DHS,CN_BFDR_C_MDE,104336020,I,433003,1433003,Region,Southeast - 1990,0,,0,1,CNBFDRCMDE,NGDHS1990433003,1990,DHS,,,,,1
NGA,Southwest - 1990,1405832,Median duration of exclusive breastfeeding,0.4,1,NG,Nigeria,1990,NG1990DHS,CN_BFDR_C_MDE,104336020,I,433004,1433004,Region,Southwest - 1990,0,,0,1,CNBFDRCMDE,NGDHS1990433004,1990,DHS,,,,,1
NGA,Northeast - 1990,7235177,Women with secondary or higher education,4.4,1,NG,Nigeria,1990,NG1990DHS,ED_EDUC_W_SEH,231203100,I,433001,1433001,Region,Northeast - 1990,0,,0,1,EDEDUCWSEH,NGDHS1990433001,1990,DHS,1999,2038,,,1
NGA,Northwest - 1990,474669,Women with secondary or higher education,4.3,1,NG,Nigeria,1990,NG1990DHS,ED_EDUC_W_SEH,231203100,I,433002,1433002,Region,Northwest - 1990,0,,0,1,EDEDUCWSEH,NGDHS1990433002,1990,DHS,2098,1699,,,1
NGA,Southeast - 1990,3572856,Women with secondary or higher education,23.1,1,NG,Nigeria,1990,NG1990DHS,ED_EDUC_W_SEH,231203100,I,433003,1433003,Region,Southeast - 1990,0,,0,1,EDEDUCWSEH,NGDHS1990433003,1990,DHS,2768,2324,,,1
NGA,Southwest - 1990,6245680,Women with secondary or higher education,44.1,1,NG,Nigeria,1990,NG1990DHS,ED_EDUC_W_SEH,231203100,I,433004,1433004,Region,Southwest - 1990,0,,0,1,EDEDUCWSEH,NGDHS1990433004,1990,DHS,1915,2720,,,1
NGA,North Central,1917916,Total fertility rate 15-49,5.7,1,NG,Nigeria,2003,NG2003DHS,FE_FRTR_W_TFR,11763080,I,433005,1433010,Region,North Central,0,,0,1,FEFRTRWTFR,NGDHS2003433005,2003,DHS,,,,,1
NGA,North East,5892451,Total fertility rate 15-49,7,1,NG,Nigeria,2003,NG2003DHS,FE_FRTR_W_TFR,11763080,I,433006,1433020,Region,North East,0,,0,1,FEFRTRWTFR,NGDHS2003433006,2003,DHS,,,,,1
NGA,North West,1941983,Total fertility rate 15-49,6.7,1,NG,Nigeria,2003,NG2003DHS,FE_FRTR_W_TFR,11763080,I,433007,1433030,Region,North West,0,,0,1,FEFRTRWTFR,NGDHS2003433007,2003,DHS,,,,,1
NGA,South East,1941965,Total fertility rate 15-49,4.1,1,NG,Nigeria,2003,NG2003DHS,FE_FRTR_W_TFR,11763080,I,433008,1433040,Region,South East,0,,0,1,FEFRTRWTFR,NGDHS2003433008,2003,DHS,,,,,1
NGA,South West,7544492,Total fertility rate 15-49,4.1,1,NG,Nigeria,2003,NG2003DHS,FE_FRTR_W_TFR,11763080,I,433009,1433050,Region,South West,0,,0,1,FEFRTRWTFR,NGDHS2003433009,2003,DHS,,,,,1
NGA,South South,1926338,Total fertility rate 15-49,4.6,1,NG,Nigeria,2003,NG2003DHS,FE_FRTR_W_TFR,11763080,I,433010,1433060,Region,South South,0,,0,1,FEFRTRWTFR,NGDHS2003433010,2003,DHS,,,,,1
NGA,North Central,4438178,Married women currently using any method of contraception,13.3,1,NG,Nigeria,2003,NG2003DHS,FP_CUSM_W_ANY,32633010,I,433005,1433010,Region,North Central,0,,0,1,FPCUSMWANY,NGDHS2003433005,2003,DHS,754,848,,,1
NGA,North East,5056071,Married women currently using any method of contraception,4.2,1,NG,Nigeria,2003,NG2003DHS,FP_CUSM_W_ANY,32633010,I,433006,1433020,Region,North East,0,,0,1,FPCUSMWANY,NGDHS2003433006,2003,DHS,1122,1133,,,1
NGA,North West,4046596,Married women currently using any method of contraception,4.9,1,NG,Nigeria,2003,NG2003DHS,FP_CUSM_W_ANY,32633010,I,433007,1433030,Region,North West,0,,0,1,FPCUSMWANY,NGDHS2003433007,2003,DHS,1880,1556,,,1
NGA,South East,5377472,Married women currently using any method of contraception,22.5,1,NG,Nigeria,2003,NG2003DHS,FP_CUSM_W_ANY,32633010,I,433008,1433040,Region,South East,0,,0,1,FPCUSMWANY,NGDHS2003433008,2003,DHS,368,509,,,1
NGA,South West,7555617,Married women currently using any method of contraception,32.7,1,NG,Nigeria,2003,NG2003DHS,FP_CUSM_W_ANY,32633010,I,433009,1433050,Region,South West,0,,0,1,FPCUSMWANY,NGDHS2003433009,2003,DHS,548,644,,,1
NGA,South South,4285644,Married women currently using any method of contraception,25.4,1,NG,Nigeria,2003,NG2003DHS,FP_CUSM_W_ANY,32633010,I,433010,1433060,Region,South South,0,,0,1,FPCUSMWANY,NGDHS2003433010,2003,DHS,664,467,,,1
NGA,North Central,4438179,Married women currently using any modern method of contraception,10.3,1,NG,Nigeria,2003,NG2003DHS,FP_CUSM_W_MOD,32633020,I,433005,1433010,Region,North Central,0,,0,1,FPCUSMWMOD,NGDHS2003433005,2003,DHS,754,848,,,1
NGA,North East,5056072,Married women currently using any modern method of contraception,3,1,NG,Nigeria,2003,NG2003DHS,FP_CUSM_W_MOD,32633020,I,433006,1433020,Region,North East,0,,0,1,FPCUSMWMOD,NGDHS2003433006,2003,DHS,1122,1133,,,1
NGA,North West,4046597,Married women currently using any modern method of contraception,3.3,1,NG,Nigeria,2003,NG2003DHS,FP_CUSM_W_MOD,32633020,I,433007,1433030,Region,North West,0,,0,1,FPCUSMWMOD,NGDHS2003433007,2003,DHS,1880,1556,,,1
NGA,South East,5377473,Married women currently using any modern method of contraception,13,1,NG,Nigeria,2003,NG2003DHS,FP_CUSM_W_MOD,32633020,I,433008,1433040,Region,South East,0,,0,1,FPCUSMWMOD,NGDHS2003433008,2003,DHS,368,509,,,1
NGA,South West,7555618,Married women currently using any modern method of contraception,23.1,1,NG,Nigeria,2003,NG2003DHS,FP_CUSM_W_MOD,32633020,I,433009,1433050,Region,South West,0,,0,1,FPCUSMWMOD,NGDHS2003433009,2003,DHS,548,644,,,1
NGA,South South,4285645,Married women currently using any modern method of contraception,13.8,1,NG,Nigeria,2003,NG2003DHS,FP_CUSM_W_MOD,32633020,I,433010,1433060,Region,South South,0,,0,1,FPCUSMWMOD,NGDHS2003433010,2003,DHS,664,467,,,1
NGA,North Central,3947462,Unmet need for family planning,22.3,1,NG,Nigeria,2003,NG2003DHS,FP_NADM_W_UNT,32933030,I,433005,1433010,Region,North Central,0,,0,1,FPNADMWUNT,NGDHS2003433005,2003,DHS,754,848,,,1
NGA,North East,6345602,Unmet need for family planning,18.8,1,NG,Nigeria,2003,NG2003DHS,FP_NADM_W_UNT,32933030,I,433006,1433020,Region,North East,0,,0,1,FPNADMWUNT,NGDHS2003433006,2003,DHS,1122,1133,,,1
NGA,North West,1615749,Unmet need for family planning,11.7,1,NG,Nigeria,2003,NG2003DHS,FP_NADM_W_UNT,32933030,I,433007,1433030,Region,North West,0,,0,1,FPNADMWUNT,NGDHS2003433007,2003,DHS,1880,1556,,,1
NGA,South East,4518515,Unmet need for family planning,18.8,1,NG,Nigeria,2003,NG2003DHS,FP_NADM_W_UNT,32933030,I,433008,1433040,Region,South East,0,,0,1,FPNADMWUNT,NGDHS2003433008,2003,DHS,368,509,,,1
NGA,South West,7554290,Unmet need for family planning,18.3,1,NG,Nigeria,2003,NG2003DHS,FP_NADM_W_UNT,32933030,I,433009,1433050,Region,South West,0,,0,1,FPNADMWUNT,NGDHS2003433009,2003,DHS,548,644,,,1
NGA,South South,5314555,Unmet need for family planning,24.9,1,NG,Nigeria,2003,NG2003DHS,FP_NADM_W_UNT,32933030,I,433010,1433060,Region,South South,0,,0,1,FPNADMWUNT,NGDHS2003433010,2003,DHS,664,467,,,1
NGA,North Central,4245162,Demand for family planning satisfied by modern methods,29,1,NG,Nigeria,2003,NG2003DHS,FP_NADM_W_PDM,32933150,I,433005,1433010,Region,North Central,0,,0,1,FPNADMWPDM,NGDHS2003433005,2003,DHS,268,317,,,1
NGA,North East,6629167,Demand for family planning satisfied by modern methods,13.2,1,NG,Nigeria,2003,NG2003DHS,FP_NADM_W_PDM,32933150,I,433006,1433020,Region,North East,0,,0,1,FPNADMWPDM,NGDHS2003433006,2003,DHS,259,260,,,1
NGA,North West,412022,Demand for family planning satisfied by modern methods,19.9,1,NG,Nigeria,2003,NG2003DHS,FP_NADM_W_PDM,32933150,I,433007,1433030,Region,North West,0,,0,1,FPNADMWPDM,NGDHS2003433007,2003,DHS,312,253,,,1
NGA,South East,1615762,Demand for family planning satisfied by modern methods,31.5,1,NG,Nigeria,2003,NG2003DHS,FP_NADM_W_PDM,32933150,I,433008,1433040,Region,South East,0,,0,1,FPNADMWPDM,NGDHS2003433008,2003,DHS,152,203,,,1
NGA,South West,7555363,Demand for family planning satisfied by modern methods,45.2,1,NG,Nigeria,2003,NG2003DHS,FP_NADM_W_PDM,32933150,I,433009,1433050,Region,South West,0,,0,1,FPNADMWPDM,NGDHS2003433009,2003,DHS,280,312,,,1
NGA,South South,2723856,Demand for family planning satisfied by modern methods,27.4,1,NG,Nigeria,2003,NG2003DHS,FP_NADM_W_PDM,32933150,I,433010,1433060,Region,South South,0,,0,1,FPNADMWPDM,NGDHS2003433010,2003,DHS,334,240,,,1
NGA,North Central,1526973,Median age at first marriage [Women]: 25-49,17.7,1,NG,Nigeria,2003,NG2003DHS,MA_AAFM_W_M2B,41633090,I,433005,1433010,Region,North Central,0,,0,1,MAAAFMWM2B,NGDHS2003433005,2003,DHS,,,,,1
NGA,North East,5887354,Median age at first marriage [Women]: 25-49,15,1,NG,Nigeria,2003,NG2003DHS,MA_AAFM_W_M2B,41633090,I,433006,1433020,Region,North East,0,,0,1,MAAAFMWM2B,NGDHS2003433006,2003,DHS,,,,,1
NGA,North West,1535165,Median age at first marriage [Women]: 25-49,14.6,1,NG,Nigeria,2003,NG2003DHS,MA_AAFM_W_M2B,41633090,I,433007,1433030,Region,North West,0,,0,1,MAAAFMWM2B,NGDHS2003433007,2003,DHS,,,,,1
NGA,South East,1535174,Median age at first marriage [Women]: 25-49,21.8,1,NG,Nigeria,2003,NG2003DHS,MA_AAFM_W_M2B,41633090,I,433008,1433040,Region,South East,0,,0,1,MAAAFMWM2B,NGDHS2003433008,2003,DHS,,,,,1
NGA,South West,7544621,Median age at first marriage [Women]: 25-49,21.3,1,NG,Nigeria,2003,NG2003DHS,MA_AAFM_W_M2B,41633090,I,433009,1433050,Region,South West,0,,0,1,MAAAFMWM2B,NGDHS2003433009,2003,DHS,,,,,1
NGA,South South,1520183,Median age at first marriage [Women]: 25-49,19.2,1,NG,Nigeria,2003,NG2003DHS,MA_AAFM_W_M2B,41633090,I,433010,1433060,Region,South South,0,,0,1,MAAAFMWM2B,NGDHS2003433010,2003,DHS,,,,,1
NGA,North Central,1526998,Median age at first sexual intercourse [Women]: 25-49,17.3,1,NG,Nigeria,2003,NG2003DHS,SX_AAFS_W_M2B,51703090,I,433005,1433010,Region,North Central,0,,0,1,SXAAFSWM2B,NGDHS2003433005,2003,DHS,,,,,1
NGA,North East,5887371,Median age at first sexual intercourse [Women]: 25-49,15,1,NG,Nigeria,2003,NG2003DHS,SX_AAFS_W_M2B,51703090,I,433006,1433020,Region,North East,0,,0,1,SXAAFSWM2B,NGDHS2003433006,2003,DHS,,,,,1
NGA,North West,1535232,Median age at first sexual intercourse [Women]: 25-49,14.7,1,NG,Nigeria,2003,NG2003DHS,SX_AAFS_W_M2B,51703090,I,433007,1433030,Region,North West,0,,0,1,SXAAFSWM2B,NGDHS2003433007,2003,DHS,,,,,1
NGA,South East,1535245,Median age at first sexual intercourse [Women]: 25-49,18.8,1,NG,Nigeria,2003,NG2003DHS,SX_AAFS_W_M2B,51703090,I,433008,1433040,Region,South East,0,,0,1,SXAAFSWM2B,NGDHS2003433008,2003,DHS,,,,,1
NGA,South West,7544630,Median age at first sexual intercourse [Women]: 25-49,19.4,1,NG,Nigeria,2003,NG2003DHS,SX_AAFS_W_M2B,51703090,I,433009,1433050,Region,South West,0,,0,1,SXAAFSWM2B,NGDHS2003433009,2003,DHS,,,,,1
NGA,South South,1520223,Median age at first sexual intercourse [Women]: 25-49,17,1,NG,Nigeria,2003,NG2003DHS,SX_AAFS_W_M2B,51703090,I,433010,1433060,Region,South South,0,,0,1,SXAAFSWM2B,NGDHS2003433010,2003,DHS,,,,,1
NGA,North Central,7771384,Infant mortality rate,103,0,NG,Nigeria,2003,NG2003DHS,CM_ECMR_C_IMR,63206030,I,433005,1433010,Region,North Central,14003,Ten years preceding the survey,0,1,CMECMRCIMR,NGDHS2003433005,2003,DHS,,,82,123,1
NGA,North East,7480647,Infant mortality rate,125,0,NG,Nigeria,2003,NG2003DHS,CM_ECMR_C_IMR,63206030,I,433006,1433020,Region,North East,14003,Ten years preceding the survey,0,1,CMECMRCIMR,NGDHS2003433006,2003,DHS,,,109,142,1
NGA,North West,7932062,Infant mortality rate,114,0,NG,Nigeria,2003,NG2003DHS,CM_ECMR_C_IMR,63206030,I,433007,1433030,Region,North West,14003,Ten years preceding the survey,0,1,CMECMRCIMR,NGDHS2003433007,2003,DHS,,,97,130,1
NGA,South East,7828324,Infant mortality rate,66,0,NG,Nigeria,2003,NG2003DHS,CM_ECMR_C_IMR,63206030,I,433008,1433040,Region,South East,14003,Ten years preceding the survey,0,1,CMECMRCIMR,NGDHS2003433008,2003,DHS,,,22,110,1
NGA,South West,1843772,Infant mortality rate,69,0,NG,Nigeria,2003,NG2003DHS,CM_ECMR_C_IMR,63206030,I,433009,1433050,Region,South West,14003,Ten years preceding the survey,0,1,CMECMRCIMR,NGDHS2003433009,2003,DHS,,,51,87,1
NGA,South South,7647825,Infant mortality rate,120,0,NG,Nigeria,2003,NG2003DHS,CM_ECMR_C_IMR,63206030,I,433010,1433060,Region,South South,14003,Ten years preceding the survey,0,1,CMECMRCIMR,NGDHS2003433010,2003,DHS,,,84,156,1
NGA,North Central,7962622,Under-five mortality rate,165,0,NG,Nigeria,2003,NG2003DHS,CM_ECMR_C_U5M,63206050,I,433005,1433010,Region,North Central,14003,Ten years preceding the survey,0,1,CMECMRCU5M,NGDHS2003433005,2003,DHS,,,138,192,1
NGA,North East,7679412,Under-five mortality rate,260,0,NG,Nigeria,2003,NG2003DHS,CM_ECMR_C_U5M,63206050,I,433006,1433020,Region,North East,14003,Ten years preceding the survey,0,1,CMECMRCU5M,NGDHS2003433006,2003,DHS,,,237,283,1
NGA,North West,1843801,Under-five mortality rate,269,0,NG,Nigeria,2003,NG2003DHS,CM_ECMR_C_U5M,63206050,I,433007,1433030,Region,North West,14003,Ten years preceding the survey,0,1,CMECMRCU5M,NGDHS2003433007,2003,DHS,,,242,297,1
NGA,South East,869044,Under-five mortality rate,103,0,NG,Nigeria,2003,NG2003DHS,CM_ECMR_C_U5M,63206050,I,433008,1433040,Region,South East,14003,Ten years preceding the survey,0,1,CMECMRCU5M,NGDHS2003433008,2003,DHS,,,44,161,1
NGA,South West,7772232,Under-five mortality rate,113,0,NG,Nigeria,2003,NG2003DHS,CM_ECMR_C_U5M,63206050,I,433009,1433050,Region,South West,14003,Ten years preceding the survey,0,1,CMECMRCU5M,NGDHS2003433009,2003,DHS,,,84,141,1
NGA,South South,1824141,Under-five mortality rate,176,0,NG,Nigeria,2003,NG2003DHS,CM_ECMR_C_U5M,63206050,I,433010,1433060,Region,South South,14003,Ten years preceding the survey,0,1,CMECMRCU5M,NGDHS2003433010,2003,DHS,,,142,210,1
NGA,North Central,987767,Place of delivery: Health facility,47.4,1,NG,Nigeria,2003,NG2003DHS,RH_DELP_C_DHF,83566070,I,433005,1433010,Region,North Central,14000,Three years preceding the survey,0,0,RHDELPCDHF,NGDHS2003433005,2003,DHS,553,624,,,1
NGA,North Central,4857680,Place of delivery: Health facility,45.4,1,NG,Nigeria,2003,NG2003DHS,RH_DELP_C_DHF,83566070,I,433005,1433010,Region,North Central,14001,Five years preceding the survey,0,0,RHDELPCDHF,NGDHS2003433005,2003,DHS,897,1015,,,1
NGA,North Central,1346431,Place of delivery: Health facility,47.5,1,NG,Nigeria,2003,NG2003DHS,RH_DELP_C_DHF,83566070,I,433005,1433010,Region,North Central,14002,Two years preceding the survey,0,1,RHDELPCDHF,NGDHS2003433005,2003,DHS,382,424,,,1
NGA,North East,6056361,Place of delivery: Health facility,19.6,1,NG,Nigeria,2003,NG2003DHS,RH_DELP_C_DHF,83566070,I,433006,1433020,Region,North East,14000,Three years preceding the survey,0,0,RHDELPCDHF,NGDHS2003433006,2003,DHS,875,875,,,1
NGA,North East,1340955,Place of delivery: Health facility,17.1,1,NG,Nigeria,2003,NG2003DHS,RH_DELP_C_DHF,83566070,I,433006,1433020,Region,North East,14001,Five years preceding the survey,0,0,RHDELPCDHF,NGDHS2003433006,2003,DHS,1472,1487,,,1
NGA,North East,5228778,Place of delivery: Health facility,18.9,1,NG,Nigeria,2003,NG2003DHS,RH_DELP_C_DHF,83566070,I,433006,1433020,Region,North East,14002,Two years preceding the survey,0,1,RHDELPCDHF,NGDHS2003433006,2003,DHS,574,586,,,1
NGA,North West,3990117,Place of delivery: Health facility,11.5,1,NG,Nigeria,2003,NG2003DHS,RH_DELP_C_DHF,83566070,I,433007,1433030,Region,North West,14000,Three years preceding the survey,0,0,RHDELPCDHF,NGDHS2003433007,2003,DHS,1310,1102,,,1
NGA,North West,6421852,Place of delivery: Health facility,10.4,1,NG,Nigeria,2003,NG2003DHS,RH_DELP_C_DHF,83566070,I,433007,1433030,Region,North West,14001,Five years preceding the survey,0,0,RHDELPCDHF,NGDHS2003433007,2003,DHS,2161,1821,,,1
NGA,North West,2691422,Place of delivery: Health facility,11.2,1,NG,Nigeria,2003,NG2003DHS,RH_DELP_C_DHF,83566070,I,433007,1433030,Region,North West,14002,Two years preceding the survey,0,1,RHDELPCDHF,NGDHS2003433007,2003,DHS,897,765,,,1
NGA,South East,2997625,Place of delivery: Health facility,86.1,1,NG,Nigeria,2003,NG2003DHS,RH_DELP_C_DHF,83566070,I,433008,1433040,Region,South East,14000,Three years preceding the survey,0,0,RHDELPCDHF,NGDHS2003433008,2003,DHS,245,325,,,1
NGA,South East,2834435,Place of delivery: Health facility,84.1,1,NG,Nigeria,2003,NG2003DHS,RH_DELP_C_DHF,83566070,I,433008,1433040,Region,South East,14001,Five years preceding the survey,0,0,RHDELPCDHF,NGDHS2003433008,2003,DHS,371,524,,,1
NGA,South East,4839851,Place of delivery: Health facility,81.3,1,NG,Nigeria,2003,NG2003DHS,RH_DELP_C_DHF,83566070,I,433008,1433040,Region,South East,14002,Two years preceding the survey,0,1,RHDELPCDHF,NGDHS2003433008,2003,DHS,144,218,,,1
NGA,South West,4989252,Place of delivery: Health facility,78.8,1,NG,Nigeria,2003,NG2003DHS,RH_DELP_C_DHF,83566070,I,433009,1433050,Region,South West,14000,Three years preceding the survey,0,0,RHDELPCDHF,NGDHS2003433009,2003,DHS,328,383,,,1
NGA,South West,5949416,Place of delivery: Health facility,77.6,1,NG,Nigeria,2003,NG2003DHS,RH_DELP_C_DHF,83566070,I,433009,1433050,Region,South West,14001,Five years preceding the survey,0,0,RHDELPCDHF,NGDHS2003433009,2003,DHS,529,622,,,1
NGA,South West,4487522,Place of delivery: Health facility,77.2,1,NG,Nigeria,2003,NG2003DHS,RH_DELP_C_DHF,83566070,I,433009,1433050,Region,South West,14002,Two years preceding the survey,0,1,RHDELPCDHF,NGDHS2003433009,2003,DHS,236,281,,,1
NGA,South South,999297,Place of delivery: Health facility,56.2,1,NG,Nigeria,2003,NG2003DHS,RH_DELP_C_DHF,83566070,I,433010,1433060,Region,South South,14000,Three years preceding the survey,0,0,RHDELPCDHF,NGDHS2003433010,2003,DHS,503,356,,,1
NGA,South South,7738114,Place of delivery: Health facility,53.2,1,NG,Nigeria,2003,NG2003DHS,RH_DELP_C_DHF,83566070,I,433010,1433060,Region,South South,14001,Five years preceding the survey,0,0,RHDELPCDHF,NGDHS2003433010,2003,DHS,789,560,,,1
NGA,South South,7268038,Place of delivery: Health facility,56.1,1,NG,Nigeria,2003,NG2003DHS,RH_DELP_C_DHF,83566070,I,433010,1433060,Region,South South,14002,Two years preceding the survey,0,1,RHDELPCDHF,NGDHS2003433010,2003,DHS,331,235,,,1
NGA,North Central,7226203,Fully vaccinated (8 basic antigens),12.4,1,NG,Nigeria,2003,NG2003DHS,CH_VACC_C_BAS,93906230,I,433005,1433010,Region,North Central,0,,0,1,CHVACCCBAS,NGDHS2003433005,2003,DHS,149,181,,,1
NGA,North East,5429060,Fully vaccinated (8 basic antigens),6,1,NG,Nigeria,2003,NG2003DHS,CH_VACC_C_BAS,93906230,I,433006,1433020,Region,North East,0,,0,1,CHVACCCBAS,NGDHS2003433006,2003,DHS,219,236,,,1
NGA,North West,2102123,Fully vaccinated (8 basic antigens),3.7,1,NG,Nigeria,2003,NG2003DHS,CH_VACC_C_BAS,93906230,I,433007,1433030,Region,North West,0,,0,1,CHVACCCBAS,NGDHS2003433007,2003,DHS,356,311,,,1
NGA,South East,6894084,Fully vaccinated (8 basic antigens),44.6,1,NG,Nigeria,2003,NG2003DHS,CH_VACC_C_BAS,93906230,I,433008,1433040,Region,South East,0,,0,1,CHVACCCBAS,NGDHS2003433008,2003,DHS,74,91,,,1
NGA,South West,7553926,Fully vaccinated (8 basic antigens),32.5,1,NG,Nigeria,2003,NG2003DHS,CH_VACC_C_BAS,93906230,I,433009,1433050,Region,South West,0,,0,1,CHVACCCBAS,NGDHS2003433009,2003,DHS,81,104,,,1
NGA,South South,6688660,Fully vaccinated (8 basic antigens),20.8,1,NG,Nigeria,2003,NG2003DHS,CH_VACC_C_BAS,93906230,I,433010,1433060,Region,South South,0,,0,1,CHVACCCBAS,NGDHS2003433010,2003,DHS,120,92,,,1
NGA,North Central,755236,Treatment of diarrhea: Either ORS or RHF,50.9,1,NG,Nigeria,2003,NG2003DHS,CH_DIAT_C_ORT,94096040,I,433005,1433010,Region,North Central,14000,Three years preceding the survey,0,0,CHDIATCORT,NGDHS2003433005,2003,DHS,95,116,,,1
NGA,North Central,2688544,Treatment of diarrhea: Either ORS or RHF,47,1,NG,Nigeria,2003,NG2003DHS,CH_DIAT_C_ORT,94096040,I,433005,1433010,Region,North Central,14001,Five years preceding the survey,0,1,CHDIATCORT,NGDHS2003433005,2003,DHS,116,138,,,1
NGA,North East,4483910,Treatment of diarrhea: Either ORS or RHF,19.2,1,NG,Nigeria,2003,NG2003DHS,CH_DIAT_C_ORT,94096040,I,433006,1433020,Region,North East,14000,Three years preceding the survey,0,0,CHDIATCORT,NGDHS2003433006,2003,DHS,310,305,,,1
NGA,North East,5232583,Treatment of diarrhea: Either ORS or RHF,19.7,1,NG,Nigeria,2003,NG2003DHS,CH_DIAT_C_ORT,94096040,I,433006,1433020,Region,North East,14001,Five years preceding the survey,0,1,CHDIATCORT,NGDHS2003433006,2003,DHS,430,403,,,1
NGA,North West,6421647,Treatment of diarrhea: Either ORS or RHF,33.5,1,NG,Nigeria,2003,NG2003DHS,CH_DIAT_C_ORT,94096040,I,433007,1433030,Region,North West,14000,Three years preceding the survey,0,0,CHDIATCORT,NGDHS2003433007,2003,DHS,268,209,,,1
NGA,North West,2998535,Treatment of diarrhea: Either ORS or RHF,30.5,1,NG,Nigeria,2003,NG2003DHS,CH_DIAT_C_ORT,94096040,I,433007,1433030,Region,North West,14001,Five years preceding the survey,0,1,CHDIATCORT,NGDHS2003433007,2003,DHS,343,265,,,1
NGA,South East,343121,Treatment of diarrhea: Either ORS or RHF,32,1,NG,Nigeria,2003,NG2003DHS,CH_DIAT_C_ORT,94096040,I,433008,1433040,Region,South East,14000,Three years preceding the survey,0,0,CHDIATCORT,NGDHS2003433008,2003,DHS,27,39,,,1
NGA,South East,6448761,Treatment of diarrhea: Either ORS or RHF,33.7,1,NG,Nigeria,2003,NG2003DHS,CH_DIAT_C_ORT,94096040,I,433008,1433040,Region,South East,14001,Five years preceding the survey,0,1,CHDIATCORT,NGDHS2003433008,2003,DHS,30,45,,,1
NGA,South West,2102223,Treatment of diarrhea: Either ORS or RHF,48.9,1,NG,Nigeria,2003,NG2003DHS,CH_DIAT_C_ORT,94096040,I,433009,1433050,Region,South West,14000,Three years preceding the survey,0,0,CHDIATCORT,NGDHS2003433009,2003,DHS,26,33,,,1
NGA,South West,4235762,Treatment of diarrhea: Either ORS or RHF,46.6,1,NG,Nigeria,2003,NG2003DHS,CH_DIAT_C_ORT,94096040,I,433009,1433050,Region,South West,14001,Five years preceding the survey,0,1,CHDIATCORT,NGDHS2003433009,2003,DHS,31,41,,,1
NGA,South South,77863,Treatment of diarrhea: Either ORS or RHF,52.5,1,NG,Nigeria,2003,NG2003DHS,CH_DIAT_C_ORT,94096040,I,433010,1433060,Region,South South,14000,Three years preceding the survey,0,0,CHDIATCORT,NGDHS2003433010,2003,DHS,47,31,,,1
NGA,South South,7714429,Treatment of diarrhea: Either ORS or RHF,49.1,1,NG,Nigeria,2003,NG2003DHS,CH_DIAT_C_ORT,94096040,I,433010,1433060,Region,South South,14001,Five years preceding the survey,0,1,CHDIATCORT,NGDHS2003433010,2003,DHS,55,37,,,1
NGA,North Central,4881250,Children stunted,35.1,1,NG,Nigeria,2003,NG2003DHS,CN_NUTS_C_HA2,104236020,I,433005,1433010,Region,North Central,0,,0,1,CNNUTSCHA2,NGDHS2003433005,2003,DHS,757,850,,,1
NGA,North East,3150992,Children stunted,47.1,1,NG,Nigeria,2003,NG2003DHS,CN_NUTS_C_HA2,104236020,I,433006,1433020,Region,North East,0,,0,1,CNNUTSCHA2,NGDHS2003433006,2003,DHS,1093,1104,,,1
NGA,North West,3495739,Children stunted,59.8,1,NG,Nigeria,2003,NG2003DHS,CN_NUTS_C_HA2,104236020,I,433007,1433030,Region,North West,0,,0,1,CNNUTSCHA2,NGDHS2003433007,2003,DHS,1452,1185,,,1
NGA,South East,4046752,Children stunted,18.9,1,NG,Nigeria,2003,NG2003DHS,CN_NUTS_C_HA2,104236020,I,433008,1433040,Region,South East,0,,0,1,CNNUTSCHA2,NGDHS2003433008,2003,DHS,326,438,,,1
NGA,South West,7555502,Children stunted,28.5,1,NG,Nigeria,2003,NG2003DHS,CN_NUTS_C_HA2,104236020,I,433009,1433050,Region,South West,0,,0,1,CNNUTSCHA2,NGDHS2003433009,2003,DHS,507,565,,,1
NGA,South South,6945168,Children stunted,26.3,1,NG,Nigeria,2003,NG2003DHS,CN_NUTS_C_HA2,104236020,I,433010,1433060,Region,South South,0,,0,1,CNNUTSCHA2,NGDHS2003433010,2003,DHS,635,460,,,1
NGA,North Central,3810267,Children wasted,7.8,1,NG,Nigeria,2003,NG2003DHS,CN_NUTS_C_WH2,104236050,I,433005,1433010,Region,North Central,0,,0,1,CNNUTSCWH2,NGDHS2003433005,2003,DHS,757,850,,,1
NGA,North East,217866,Children wasted,10.7,1,NG,Nigeria,2003,NG2003DHS,CN_NUTS_C_WH2,104236050,I,433006,1433020,Region,North East,0,,0,1,CNNUTSCWH2,NGDHS2003433006,2003,DHS,1093,1104,,,1
NGA,North West,4449344,Children wasted,14.3,1,NG,Nigeria,2003,NG2003DHS,CN_NUTS_C_WH2,104236050,I,433007,1433030,Region,North West,0,,0,1,CNNUTSCWH2,NGDHS2003433007,2003,DHS,1452,1185,,,1
NGA,South East,3511193,Children wasted,3.4,1,NG,Nigeria,2003,NG2003DHS,CN_NUTS_C_WH2,104236050,I,433008,1433040,Region,South East,0,,0,1,CNNUTSCWH2,NGDHS2003433008,2003,DHS,326,438,,,1
NGA,South West,7554415,Children wasted,9.6,1,NG,Nigeria,2003,NG2003DHS,CN_NUTS_C_WH2,104236050,I,433009,1433050,Region,South West,0,,0,1,CNNUTSCWH2,NGDHS2003433009,2003,DHS,507,565,,,1
NGA,South South,6084442,Children wasted,12.5,1,NG,Nigeria,2003,NG2003DHS,CN_NUTS_C_WH2,104236050,I,433010,1433060,Region,South South,0,,0,1,CNNUTSCWH2,NGDHS2003433010,2003,DHS,635,460,,,1
NGA,North Central,6151728,Children underweight,14.2,1,NG,Nigeria,2003,NG2003DHS,CN_NUTS_C_WA2,104236090,I,433005,1433010,Region,North Central,0,,0,1,CNNUTSCWA2,NGDHS2003433005,2003,DHS,757,850,,,1
NGA,North East,6920240,Children underweight,28.3,1,NG,Nigeria,2003,NG2003DHS,CN_NUTS_C_WA2,104236090,I,433006,1433020,Region,North East,0,,0,1,CNNUTSCWA2,NGDHS2003433006,2003,DHS,1093,1104,,,1
NGA,North West,3932051,Children underweight,36.4,1,NG,Nigeria,2003,NG2003DHS,CN_NUTS_C_WA2,104236090,I,433007,1433030,Region,North West,0,,0,1,CNNUTSCWA2,NGDHS2003433007,2003,DHS,1452,1185,,,1
NGA,South East,4790444,Children underweight,6.3,1,NG,Nigeria,2003,NG2003DHS,CN_NUTS_C_WA2,104236090,I,433008,1433040,Region,South East,0,,0,1,CNNUTSCWA2,NGDHS2003433008,2003,DHS,326,438,,,1
NGA,South West,7555846,Children underweight,17.3,1,NG,Nigeria,2003,NG2003DHS,CN_NUTS_C_WA2,104236090,I,433009,1433050,Region,South West,0,,0,1,CNNUTSCWA2,NGDHS2003433009,2003,DHS,507,565,,,1
NGA,South South,6593539,Children underweight,16.3,1,NG,Nigeria,2003,NG2003DHS,CN_NUTS_C_WA2,104236090,I,433010,1433060,Region,South South,0,,0,1,CNNUTSCWA2,NGDHS2003433010,2003,DHS,635,460,,,1
NGA,North Central,1324262,Median duration of exclusive breastfeeding,0.7,1,NG,Nigeria,2003,NG2003DHS,CN_BFDR_C_MDE,104336020,I,433005,1433010,Region,North Central,0,,0,1,CNBFDRCMDE,NGDHS2003433005,2003,DHS,,,,,1
NGA,North East,5887384,Median duration of exclusive breastfeeding,0.4,1,NG,Nigeria,2003,NG2003DHS,CN_BFDR_C_MDE,104336020,I,433006,1433020,Region,North East,0,,0,1,CNBFDRCMDE,NGDHS2003433006,2003,DHS,,,,,1
NGA,North West,1343141,Median duration of exclusive breastfeeding,0.4,1,NG,Nigeria,2003,NG2003DHS,CN_BFDR_C_MDE,104336020,I,433007,1433030,Region,North West,0,,0,1,CNBFDRCMDE,NGDHS2003433007,2003,DHS,,,,,1
NGA,South East,1343140,Median duration of exclusive breastfeeding,0.4,1,NG,Nigeria,2003,NG2003DHS,CN_BFDR_C_MDE,104336020,I,433008,1433040,Region,South East,0,,0,1,CNBFDRCMDE,NGDHS2003433008,2003,DHS,,,,,1
NGA,South West,7544679,Median duration of exclusive breastfeeding,0.7,1,NG,Nigeria,2003,NG2003DHS,CN_BFDR_C_MDE,104336020,I,433009,1433050,Region,South West,0,,0,1,CNBFDRCMDE,NGDHS2003433009,2003,DHS,,,,,1
NGA,South South,1337534,Median duration of exclusive breastfeeding,0.6,1,NG,Nigeria,2003,NG2003DHS,CN_BFDR_C_MDE,104336020,I,433010,1433060,Region,South South,0,,0,1,CNBFDRCMDE,NGDHS2003433010,2003,DHS,,,,,1
NGA,North Central,4109253,Children under 5 who slept under an insecticide-treated net (ITN),2.8,1,NG,Nigeria,2003,NG2003DHS,ML_NETC_C_ITN,124836020,I,433005,1433010,Region,North Central,0,,0,1,MLNETCCITN,NGDHS2003433005,2003,DHS,854,950,,,1
NGA,North East,2807695,Children under 5 who slept under an insecticide-treated net (ITN),0.4,1,NG,Nigeria,2003,NG2003DHS,ML_NETC_C_ITN,124836020,I,433006,1433020,Region,North East,0,,0,1,MLNETCCITN,NGDHS2003433006,2003,DHS,1349,1336,,,1
NGA,North West,5007752,Children under 5 who slept under an insecticide-treated net (ITN),1.7,1,NG,Nigeria,2003,NG2003DHS,ML_NETC_C_ITN,124836020,I,433007,1433030,Region,North West,0,,0,1,MLNETCCITN,NGDHS2003433007,2003,DHS,1965,1581,,,1
NGA,South East,4018008,Children under 5 who slept under an insecticide-treated net (ITN),1.6,1,NG,Nigeria,2003,NG2003DHS,ML_NETC_C_ITN,124836020,I,433008,1433040,Region,South East,0,,0,1,MLNETCCITN,NGDHS2003433008,2003,DHS,365,508,,,1
NGA,South West,7553370,Children under 5 who slept under an insecticide-treated net (ITN),0,1,NG,Nigeria,2003,NG2003DHS,ML_NETC_C_ITN,124836020,I,433009,1433050,Region,South West,0,,0,1,MLNETCCITN,NGDHS2003433009,2003,DHS,554,622,,,1
NGA,South South,4282969,Children under 5 who slept under an insecticide-treated net (ITN),0.5,1,NG,Nigeria,2003,NG2003DHS,ML_NETC_C_ITN,124836020,I,433010,1433060,Region,South South,0,,0,1,MLNETCCITN,NGDHS2003433010,2003,DHS,774,547,,,1
NGA,North Central,3640762,Women receiving an HIV test and receiving test results in the last 12 months,3.2,1,NG,Nigeria,2003,NG2003DHS,HA_CPHT_W_T1R,135563070,I,433005,1433010,Region,North Central,0,,0,1,HACPHTWT1R,NGDHS2003433005,2003,DHS,1121,1256,,,1
NGA,North East,4947718,Women receiving an HIV test and receiving test results in the last 12 months,0.7,1,NG,Nigeria,2003,NG2003DHS,HA_CPHT_W_T1R,135563070,I,433006,1433020,Region,North East,0,,0,1,HACPHTWT1R,NGDHS2003433006,2003,DHS,1368,1413,,,1
NGA,North West,1002486,Women receiving an HIV test and receiving test results in the last 12 months,0.4,1,NG,Nigeria,2003,NG2003DHS,HA_CPHT_W_T1R,135563070,I,433007,1433030,Region,North West,0,,0,1,HACPHTWT1R,NGDHS2003433007,2003,DHS,2095,1791,,,1
NGA,South East,6231405,Women receiving an HIV test and receiving test results in the last 12 months,9.3,1,NG,Nigeria,2003,NG2003DHS,HA_CPHT_W_T1R,135563070,I,433008,1433040,Region,South East,0,,0,1,HACPHTWT1R,NGDHS2003433008,2003,DHS,737,1081,,,1
NGA,South West,7555142,Women receiving an HIV test and receiving test results in the last 12 months,4,1,NG,Nigeria,2003,NG2003DHS,HA_CPHT_W_T1R,135563070,I,433009,1433050,Region,South West,0,,0,1,HACPHTWT1R,NGDHS2003433009,2003,DHS,958,1141,,,1
NGA,South South,5919561,Women receiving an HIV test and receiving test results in the last 12 months,5.3,1,NG,Nigeria,2003,NG2003DHS,HA_CPHT_W_T1R,135563070,I,433010,1433060,Region,South South,0,,0,1,HACPHTWT1R,NGDHS2003433010,2003,DHS,1342,938,,,1
NGA,North Central,6434882,Men receiving an HIV test and receiving test results in the last 12 months,3.9,1,NG,Nigeria,2003,NG2003DHS,HA_CPHT_M_T1R,135564160,I,433005,1433010,Region,North Central,0,,0,1,HACPHTMT1R,NGDHS2003433005,2003,DHS,313,374,,,1
NGA,North East,2728301,Men receiving an HIV test and receiving test results in the last 12 months,2.2,1,NG,Nigeria,2003,NG2003DHS,HA_CPHT_M_T1R,135564160,I,433006,1433020,Region,North East,0,,0,1,HACPHTMT1R,NGDHS2003433006,2003,DHS,377,376,,,1
NGA,North West,3826172,Men receiving an HIV test and receiving test results in the last 12 months,1.5,1,NG,Nigeria,2003,NG2003DHS,HA_CPHT_M_T1R,135564160,I,433007,1433030,Region,North West,0,,0,1,HACPHTMT1R,NGDHS2003433007,2003,DHS,529,477,,,1
NGA,South East,5168624,Men receiving an HIV test and receiving test results in the last 12 months,1,1,NG,Nigeria,2003,NG2003DHS,HA_CPHT_M_T1R,135564160,I,433008,1433040,Region,South East,0,,0,1,HACPHTMT1R,NGDHS2003433008,2003,DHS,192,233,,,1
NGA,South West,7553467,Men receiving an HIV test and receiving test results in the last 12 months,1.5,1,NG,Nigeria,2003,NG2003DHS,HA_CPHT_M_T1R,135564160,I,433009,1433050,Region,South West,0,,0,1,HACPHTMT1R,NGDHS2003433009,2003,DHS,296,350,,,1
NGA,South South,5143779,Men receiving an HIV test and receiving test results in the last 12 months,5.4,1,NG,Nigeria,2003,NG2003DHS,HA_CPHT_M_T1R,135564160,I,433010,1433060,Region,South South,0,,0,1,HACPHTMT1R,NGDHS2003433010,2003,DHS,385,276,,,1
NGA,North Central,5292428,Women circumcised (FGC),9.6,1,NG,Nigeria,2003,NG2003DHS,FG_PFCC_W_WCC,207503010,I,433005,1433010,Region,North Central,0,,0,1,FGPFCCWWCC,NGDHS2003433005,2003,DHS,1121,1256,,,1
NGA,North East,3819692,Women circumcised (FGC),1.3,1,NG,Nigeria,2003,NG2003DHS,FG_PFCC_W_WCC,207503010,I,433006,1433020,Region,North East,0,,0,1,FGPFCCWWCC,NGDHS2003433006,2003,DHS,1368,1413,,,1
NGA,North West,4556407,Women circumcised (FGC),0.4,1,NG,Nigeria,2003,NG2003DHS,FG_PFCC_W_WCC,207503010,I,433007,1433030,Region,North West,0,,0,1,FGPFCCWWCC,NGDHS2003433007,2003,DHS,2095,1791,,,1
NGA,South East,6307040,Women circumcised (FGC),40.8,1,NG,Nigeria,2003,NG2003DHS,FG_PFCC_W_WCC,207503010,I,433008,1433040,Region,South East,0,,0,1,FGPFCCWWCC,NGDHS2003433008,2003,DHS,737,1081,,,1
NGA,South West,7553367,Women circumcised (FGC),56.9,1,NG,Nigeria,2003,NG2003DHS,FG_PFCC_W_WCC,207503010,I,433009,1433050,Region,South West,0,,0,1,FGPFCCWWCC,NGDHS2003433009,2003,DHS,958,1141,,,1
NGA,South South,2730626,Women circumcised (FGC),34.7,1,NG,Nigeria,2003,NG2003DHS,FG_PFCC_W_WCC,207503010,I,433010,1433060,Region,South South,0,,0,1,FGPFCCWWCC,NGDHS2003433010,2003,DHS,1342,938,,,1
NGA,North Central,6181621,Women with secondary or higher education,34.1,1,NG,Nigeria,2003,NG2003DHS,ED_EDUC_W_SEH,231203100,I,433005,1433010,Region,North Central,0,,0,1,EDEDUCWSEH,NGDHS2003433005,2003,DHS,1121,1256,,,1
NGA,North East,6253558,Women with secondary or higher education,15.7,1,NG,Nigeria,2003,NG2003DHS,ED_EDUC_W_SEH,231203100,I,433006,1433020,Region,North East,0,,0,1,EDEDUCWSEH,NGDHS2003433006,2003,DHS,1368,1413,,,1
NGA,North West,6605067,Women with secondary or higher education,13.1,1,NG,Nigeria,2003,NG2003DHS,ED_EDUC_W_SEH,231203100,I,433007,1433030,Region,North West,0,,0,1,EDEDUCWSEH,NGDHS2003433007,2003,DHS,2095,1791,,,1
NGA,South East,3647928,Women with secondary or higher education,67.5,1,NG,Nigeria,2003,NG2003DHS,ED_EDUC_W_SEH,231203100,I,433008,1433040,Region,South East,0,,0,1,EDEDUCWSEH,NGDHS2003433008,2003,DHS,737,1081,,,1
NGA,South West,7556203,Women with secondary or higher education,65.2,1,NG,Nigeria,2003,NG2003DHS,ED_EDUC_W_SEH,231203100,I,433009,1433050,Region,South West,0,,0,1,EDEDUCWSEH,NGDHS2003433009,2003,DHS,958,1141,,,1
NGA,South South,3736226,Women with secondary or higher education,61.7,1,NG,Nigeria,2003,NG2003DHS,ED_EDUC_W_SEH,231203100,I,433010,1433060,Region,South South,0,,0,1,EDEDUCWSEH,NGDHS2003433010,2003,DHS,1342,938,,,1
NGA,North Central,4634068,Women who are literate,43.4,1,NG,Nigeria,2003,NG2003DHS,ED_LITR_W_LIT,231233090,I,433005,1433010,Region,North Central,0,,0,1,EDLITRWLIT,NGDHS2003433005,2003,DHS,1121,1256,,,1
NGA,North East,3621811,Women who are literate,25.6,1,NG,Nigeria,2003,NG2003DHS,ED_LITR_W_LIT,231233090,I,433006,1433020,Region,North East,0,,0,1,EDLITRWLIT,NGDHS2003433006,2003,DHS,1368,1413,,,1
NGA,North West,4149379,Women who are literate,20.9,1,NG,Nigeria,2003,NG2003DHS,ED_LITR_W_LIT,231233090,I,433007,1433030,Region,North West,0,,0,1,EDLITRWLIT,NGDHS2003433007,2003,DHS,2095,1791,,,1
NGA,South East,7271316,Women who are literate,85.6,1,NG,Nigeria,2003,NG2003DHS,ED_LITR_W_LIT,231233090,I,433008,1433040,Region,South East,0,,0,1,EDLITRWLIT,NGDHS2003433008,2003,DHS,737,1081,,,1
NGA,South West,7545389,Women who are literate,79.1,1,NG,Nigeria,2003,NG2003DHS,ED_LITR_W_LIT,231233090,I,433009,1433050,Region,South West,0,,0,1,EDLITRWLIT,NGDHS2003433009,2003,DHS,958,1141,,,1
NGA,South South,6627995,Women who are literate,75,1,NG,Nigeria,2003,NG2003DHS,ED_LITR_W_LIT,231233090,I,433010,1433060,Region,South South,0,,0,1,EDLITRWLIT,NGDHS2003433010,2003,DHS,1342,938,,,1
NGA,North Central,4466766,Households with electricity,47.2,1,NG,Nigeria,2003,NG2003DHS,HC_ELEC_H_ELC,260321010,I,433005,1433010,Region,North Central,0,,0,1,HCELECHELC,NGDHS2003433005,2003,DHS,1040,1158,,,1
NGA,North East,4231394,Households with electricity,30.9,1,NG,Nigeria,2003,NG2003DHS,HC_ELEC_H_ELC,260321010,I,433006,1433020,Region,North East,0,,0,1,HCELECHELC,NGDHS2003433006,2003,DHS,1185,1191,,,1
NGA,North West,6174011,Households with electricity,42,1,NG,Nigeria,2003,NG2003DHS,HC_ELEC_H_ELC,260321010,I,433007,1433030,Region,North West,0,,0,1,HCELECHELC,NGDHS2003433007,2003,DHS,1911,1576,,,1
NGA,South East,72095,Households with electricity,70.2,1,NG,Nigeria,2003,NG2003DHS,HC_ELEC_H_ELC,260321010,I,433008,1433040,Region,South East,0,,0,1,HCELECHELC,NGDHS2003433008,2003,DHS,690,1035,,,1
NGA,South West,7556013,Households with electricity,79.9,1,NG,Nigeria,2003,NG2003DHS,HC_ELEC_H_ELC,260321010,I,433009,1433050,Region,South West,0,,0,1,HCELECHELC,NGDHS2003433009,2003,DHS,1083,1255,,,1
NGA,South South,538916,Households with electricity,57.9,1,NG,Nigeria,2003,NG2003DHS,HC_ELEC_H_ELC,260321010,I,433010,1433060,Region,South South,0,,0,1,HCELECHELC,NGDHS2003433010,2003,DHS,1315,1010,,,1
NGA,North Central,7455840,Total fertility rate 15-49,5.4,1,NG,Nigeria,2008,NG2008DHS,FE_FRTR_W_TFR,11763080,I,433005,1433010,Region,North Central,0,,0,1,FEFRTRWTFR,NGDHS2008433005,2008,DHS,,,,,1
NGA,North East,1926421,Total fertility rate 15-49,7.2,1,NG,Nigeria,2008,NG2008DHS,FE_FRTR_W_TFR,11763080,I,433006,1433020,Region,North East,0,,0,1,FEFRTRWTFR,NGDHS2008433006,2008,DHS,,,,,1
NGA,North West,1918076,Total fertility rate 15-49,7.3,1,NG,Nigeria,2008,NG2008DHS,FE_FRTR_W_TFR,11763080,I,433007,1433030,Region,North West,0,,0,1,FEFRTRWTFR,NGDHS2008433007,2008,DHS,,,,,1
NGA,South East,1926395,Total fertility rate 15-49,4.8,1,NG,Nigeria,2008,NG2008DHS,FE_FRTR_W_TFR,11763080,I,433008,1433040,Region,South East,0,,0,1,FEFRTRWTFR,NGDHS2008433008,2008,DHS,,,,,1
NGA,South West,1918096,Total fertility rate 15-49,4.5,1,NG,Nigeria,2008,NG2008DHS,FE_FRTR_W_TFR,11763080,I,433009,1433050,Region,South West,0,,0,1,FEFRTRWTFR,NGDHS2008433009,2008,DHS,,,,,1
NGA,South South,1918094,Total fertility rate 15-49,4.7,1,NG,Nigeria,2008,NG2008DHS,FE_FRTR_W_TFR,11763080,I,433010,1433060,Region,South South,0,,0,1,FEFRTRWTFR,NGDHS2008433010,2008,DHS,,,,,1
NGA,North Central,7458019,Married women currently using any method of contraception,13,1,NG,Nigeria,2008,NG2008DHS,FP_CUSM_W_ANY,32633010,I,433005,1433010,Region,North Central,0,,0,1,FPCUSMWANY,NGDHS2008433005,2008,DHS,3320,4441,,,1
NGA,North East,215409,Married women currently using any method of contraception,4,1,NG,Nigeria,2008,NG2008DHS,FP_CUSM_W_ANY,32633010,I,433006,1433020,Region,North East,0,,0,1,FPCUSMWANY,NGDHS2008433006,2008,DHS,3585,5147,,,1
NGA,North West,1594064,Married women currently using any method of contraception,2.8,1,NG,Nigeria,2008,NG2008DHS,FP_CUSM_W_ANY,32633010,I,433007,1433030,Region,North West,0,,0,1,FPCUSMWANY,NGDHS2008433007,2008,DHS,7189,6596,,,1
NGA,South East,5199261,Married women currently using any method of contraception,23.4,1,NG,Nigeria,2008,NG2008DHS,FP_CUSM_W_ANY,32633010,I,433008,1433040,Region,South East,0,,0,1,FPCUSMWANY,NGDHS2008433008,2008,DHS,2139,1911,,,1
NGA,South West,7118121,Married women currently using any method of contraception,31.7,1,NG,Nigeria,2008,NG2008DHS,FP_CUSM_W_ANY,32633010,I,433009,1433050,Region,South West,0,,0,1,FPCUSMWANY,NGDHS2008433009,2008,DHS,4366,3198,,,1
NGA,South South,2921670,Married women currently using any method of contraception,26.2,1,NG,Nigeria,2008,NG2008DHS,FP_CUSM_W_ANY,32633010,I,433010,1433060,Region,South South,0,,0,1,FPCUSMWANY,NGDHS2008433010,2008,DHS,2978,2661,,,1
NGA,North Central,7458020,Married women currently using any modern method of contraception,10.5,1,NG,Nigeria,2008,NG2008DHS,FP_CUSM_W_MOD,32633020,I,433005,1433010,Region,North Central,0,,0,1,FPCUSMWMOD,NGDHS2008433005,2008,DHS,3320,4441,,,1
NGA,North East,215412,Married women currently using any modern method of contraception,3.5,1,NG,Nigeria,2008,NG2008DHS,FP_CUSM_W_MOD,32633020,I,433006,1433020,Region,North East,0,,0,1,FPCUSMWMOD,NGDHS2008433006,2008,DHS,3585,5147,,,1
NGA,North West,1594065,Married women currently using any modern method of contraception,2.5,1,NG,Nigeria,2008,NG2008DHS,FP_CUSM_W_MOD,32633020,I,433007,1433030,Region,North West,0,,0,1,FPCUSMWMOD,NGDHS2008433007,2008,DHS,7189,6596,,,1
NGA,South East,5199262,Married women currently using any modern method of contraception,11.8,1,NG,Nigeria,2008,NG2008DHS,FP_CUSM_W_MOD,32633020,I,433008,1433040,Region,South East,0,,0,1,FPCUSMWMOD,NGDHS2008433008,2008,DHS,2139,1911,,,1
NGA,South West,7118127,Married women currently using any modern method of contraception,21,1,NG,Nigeria,2008,NG2008DHS,FP_CUSM_W_MOD,32633020,I,433009,1433050,Region,South West,0,,0,1,FPCUSMWMOD,NGDHS2008433009,2008,DHS,4366,3198,,,1
NGA,South South,2921676,Married women currently using any modern method of contraception,15.5,1,NG,Nigeria,2008,NG2008DHS,FP_CUSM_W_MOD,32633020,I,433010,1433060,Region,South South,0,,0,1,FPCUSMWMOD,NGDHS2008433010,2008,DHS,2978,2661,,,1
NGA,North Central,7457364,Unmet need for family planning,19.2,1,NG,Nigeria,2008,NG2008DHS,FP_NADM_W_UNT,32933030,I,433005,1433010,Region,North Central,0,,0,1,FPNADMWUNT,NGDHS2008433005,2008,DHS,3320,4441,,,1
NGA,North East,7209719,Unmet need for family planning,17.7,1,NG,Nigeria,2008,NG2008DHS,FP_NADM_W_UNT,32933030,I,433006,1433020,Region,North East,0,,0,1,FPNADMWUNT,NGDHS2008433006,2008,DHS,3585,5147,,,1
NGA,North West,4547892,Unmet need for family planning,20.2,1,NG,Nigeria,2008,NG2008DHS,FP_NADM_W_UNT,32933030,I,433007,1433030,Region,North West,0,,0,1,FPNADMWUNT,NGDHS2008433007,2008,DHS,7189,6596,,,1
NGA,South East,3504921,Unmet need for family planning,18.5,1,NG,Nigeria,2008,NG2008DHS,FP_NADM_W_UNT,32933030,I,433008,1433040,Region,South East,0,,0,1,FPNADMWUNT,NGDHS2008433008,2008,DHS,2139,1911,,,1
NGA,South West,4085375,Unmet need for family planning,19.8,1,NG,Nigeria,2008,NG2008DHS,FP_NADM_W_UNT,32933030,I,433009,1433050,Region,South West,0,,0,1,FPNADMWUNT,NGDHS2008433009,2008,DHS,4366,3198,,,1
NGA,South South,4938595,Unmet need for family planning,26.4,1,NG,Nigeria,2008,NG2008DHS,FP_NADM_W_UNT,32933030,I,433010,1433060,Region,South South,0,,0,1,FPNADMWUNT,NGDHS2008433010,2008,DHS,2978,2661,,,1
NGA,North Central,7457897,Demand for family planning satisfied by modern methods,32.7,1,NG,Nigeria,2008,NG2008DHS,FP_NADM_W_PDM,32933150,I,433005,1433010,Region,North Central,0,,0,1,FPNADMWPDM,NGDHS2008433005,2008,DHS,1070,1458,,,1
NGA,North East,3480551,Demand for family planning satisfied by modern methods,16,1,NG,Nigeria,2008,NG2008DHS,FP_NADM_W_PDM,32933150,I,433006,1433020,Region,North East,0,,0,1,FPNADMWPDM,NGDHS2008433006,2008,DHS,779,1128,,,1
NGA,North West,4033357,Demand for family planning satisfied by modern methods,10.7,1,NG,Nigeria,2008,NG2008DHS,FP_NADM_W_PDM,32933150,I,433007,1433030,Region,North West,0,,0,1,FPNADMWPDM,NGDHS2008433007,2008,DHS,1651,1454,,,1
NGA,South East,6032469,Demand for family planning satisfied by modern methods,28.1,1,NG,Nigeria,2008,NG2008DHS,FP_NADM_W_PDM,32933150,I,433008,1433040,Region,South East,0,,0,1,FPNADMWPDM,NGDHS2008433008,2008,DHS,896,769,,,1
NGA,South West,4969274,Demand for family planning satisfied by modern methods,40.8,1,NG,Nigeria,2008,NG2008DHS,FP_NADM_W_PDM,32933150,I,433009,1433050,Region,South West,0,,0,1,FPNADMWPDM,NGDHS2008433009,2008,DHS,2249,1584,,,1
NGA,South South,1594203,Demand for family planning satisfied by modern methods,29.5,1,NG,Nigeria,2008,NG2008DHS,FP_NADM_W_PDM,32933150,I,433010,1433060,Region,South South,0,,0,1,FPNADMWPDM,NGDHS2008433010,2008,DHS,1566,1360,,,1
NGA,North Central,7455977,Median age at first marriage [Women]: 25-49,18.3,1,NG,Nigeria,2008,NG2008DHS,MA_AAFM_W_M2B,41633090,I,433005,1433010,Region,North Central,0,,0,1,MAAAFMWM2B,NGDHS2008433005,2008,DHS,,,,,1
NGA,North East,1459839,Median age at first marriage [Women]: 25-49,15.6,1,NG,Nigeria,2008,NG2008DHS,MA_AAFM_W_M2B,41633090,I,433006,1433020,Region,North East,0,,0,1,MAAAFMWM2B,NGDHS2008433006,2008,DHS,,,,,1
NGA,North West,1467243,Median age at first marriage [Women]: 25-49,15.2,1,NG,Nigeria,2008,NG2008DHS,MA_AAFM_W_M2B,41633090,I,433007,1433030,Region,North West,0,,0,1,MAAAFMWM2B,NGDHS2008433007,2008,DHS,,,,,1
NGA,South East,1459832,Median age at first marriage [Women]: 25-49,22.8,1,NG,Nigeria,2008,NG2008DHS,MA_AAFM_W_M2B,41633090,I,433008,1433040,Region,South East,0,,0,1,MAAAFMWM2B,NGDHS2008433008,2008,DHS,,,,,1
NGA,South West,1467204,Median age at first marriage [Women]: 25-49,21.8,1,NG,Nigeria,2008,NG2008DHS,MA_AAFM_W_M2B,41633090,I,433009,1433050,Region,South West,0,,0,1,MAAAFMWM2B,NGDHS2008433009,2008,DHS,,,,,1
NGA,South South,1467241,Median age at first marriage [Women]: 25-49,20.9,1,NG,Nigeria,2008,NG2008DHS,MA_AAFM_W_M2B,41633090,I,433010,1433060,Region,South South,0,,0,1,MAAAFMWM2B,NGDHS2008433010,2008,DHS,,,,,1
NGA,North Central,7455991,Median age at first sexual intercourse [Women]: 25-49,18.4,1,NG,Nigeria,2008,NG2008DHS,SX_AAFS_W_M2B,51703090,I,433005,1433010,Region,North Central,0,,0,1,SXAAFSWM2B,NGDHS2008433005,2008,DHS,,,,,1
NGA,North East,1459863,Median age at first sexual intercourse [Women]: 25-49,15.6,1,NG,Nigeria,2008,NG2008DHS,SX_AAFS_W_M2B,51703090,I,433006,1433020,Region,North East,0,,0,1,SXAAFSWM2B,NGDHS2008433006,2008,DHS,,,,,1
NGA,North West,1467297,Median age at first sexual intercourse [Women]: 25-49,15.4,1,NG,Nigeria,2008,NG2008DHS,SX_AAFS_W_M2B,51703090,I,433007,1433030,Region,North West,0,,0,1,SXAAFSWM2B,NGDHS2008433007,2008,DHS,,,,,1
NGA,South East,1459877,Median age at first sexual intercourse [Women]: 25-49,20.4,1,NG,Nigeria,2008,NG2008DHS,SX_AAFS_W_M2B,51703090,I,433008,1433040,Region,South East,0,,0,1,SXAAFSWM2B,NGDHS2008433008,2008,DHS,,,,,1
NGA,South West,1467287,Median age at first sexual intercourse [Women]: 25-49,19.6,1,NG,Nigeria,2008,NG2008DHS,SX_AAFS_W_M2B,51703090,I,433009,1433050,Region,South West,0,,0,1,SXAAFSWM2B,NGDHS2008433009,2008,DHS,,,,,1
NGA,South South,1467294,Median age at first sexual intercourse [Women]: 25-49,18.1,1,NG,Nigeria,2008,NG2008DHS,SX_AAFS_W_M2B,51703090,I,433010,1433060,Region,South South,0,,0,1,SXAAFSWM2B,NGDHS2008433010,2008,DHS,,,,,1
NGA,North Central,7724882,Infant mortality rate,77,0,NG,Nigeria,2008,NG2008DHS,CM_ECMR_C_IMR,63206030,I,433005,1433010,Region,North Central,14003,Ten years preceding the survey,0,1,CMECMRCIMR,NGDHS2008433005,2008,DHS,,,70,85,1
NGA,North East,5227553,Infant mortality rate,109,0,NG,Nigeria,2008,NG2008DHS,CM_ECMR_C_IMR,63206030,I,433006,1433020,Region,North East,14003,Ten years preceding the survey,0,1,CMECMRCIMR,NGDHS2008433006,2008,DHS,,,100,119,1
NGA,North West,7900793,Infant mortality rate,91,0,NG,Nigeria,2008,NG2008DHS,CM_ECMR_C_IMR,63206030,I,433007,1433030,Region,North West,14003,Ten years preceding the survey,0,1,CMECMRCIMR,NGDHS2008433007,2008,DHS,,,84,99,1
NGA,South East,7876022,Infant mortality rate,95,0,NG,Nigeria,2008,NG2008DHS,CM_ECMR_C_IMR,63206030,I,433008,1433040,Region,South East,14003,Ten years preceding the survey,0,1,CMECMRCIMR,NGDHS2008433008,2008,DHS,,,85,105,1
NGA,South West,7619431,Infant mortality rate,59,0,NG,Nigeria,2008,NG2008DHS,CM_ECMR_C_IMR,63206030,I,433009,1433050,Region,South West,14003,Ten years preceding the survey,0,1,CMECMRCIMR,NGDHS2008433009,2008,DHS,,,51,67,1
NGA,South South,7864053,Infant mortality rate,84,0,NG,Nigeria,2008,NG2008DHS,CM_ECMR_C_IMR,63206030,I,433010,1433060,Region,South South,14003,Ten years preceding the survey,0,1,CMECMRCIMR,NGDHS2008433010,2008,DHS,,,75,94,1
NGA,North Central,7461451,Under-five mortality rate,135,0,NG,Nigeria,2008,NG2008DHS,CM_ECMR_C_U5M,63206050,I,433005,1433010,Region,North Central,14003,Ten years preceding the survey,0,1,CMECMRCU5M,NGDHS2008433005,2008,DHS,,,122,147,1
NGA,North East,7980719,Under-five mortality rate,222,0,NG,Nigeria,2008,NG2008DHS,CM_ECMR_C_U5M,63206050,I,433006,1433020,Region,North East,14003,Ten years preceding the survey,0,1,CMECMRCU5M,NGDHS2008433006,2008,DHS,,,208,236,1
NGA,North West,1838107,Under-five mortality rate,217,0,NG,Nigeria,2008,NG2008DHS,CM_ECMR_C_U5M,63206050,I,433007,1433030,Region,North West,14003,Ten years preceding the survey,0,1,CMECMRCU5M,NGDHS2008433007,2008,DHS,,,203,232,1
NGA,South East,7710053,Under-five mortality rate,153,0,NG,Nigeria,2008,NG2008DHS,CM_ECMR_C_U5M,63206050,I,433008,1433040,Region,South East,14003,Ten years preceding the survey,0,1,CMECMRCU5M,NGDHS2008433008,2008,DHS,,,140,167,1
NGA,South West,7792888,Under-five mortality rate,89,0,NG,Nigeria,2008,NG2008DHS,CM_ECMR_C_U5M,63206050,I,433009,1433050,Region,South West,14003,Ten years preceding the survey,0,1,CMECMRCU5M,NGDHS2008433009,2008,DHS,,,79,99,1
NGA,South South,7861549,Under-five mortality rate,138,0,NG,Nigeria,2008,NG2008DHS,CM_ECMR_C_U5M,63206050,I,433010,1433060,Region,South South,14003,Ten years preceding the survey,0,1,CMECMRCU5M,NGDHS2008433010,2008,DHS,,,124,151,1
NGA,North Central,2264496,Place of delivery: Health facility,41,1,NG,Nigeria,2008,NG2008DHS,RH_DELP_C_DHF,83566070,I,433005,1433010,Region,North Central,14000,Three years preceding the survey,0,0,RHDELPCDHF,NGDHS2008433005,2008,DHS,2264,2975,,,1
NGA,North Central,6245748,Place of delivery: Health facility,41,1,NG,Nigeria,2008,NG2008DHS,RH_DELP_C_DHF,83566070,I,433005,1433010,Region,North Central,14001,Five years preceding the survey,0,0,RHDELPCDHF,NGDHS2008433005,2008,DHS,3830,5046,,,1
NGA,North Central,5475833,Place of delivery: Health facility,42.2,1,NG,Nigeria,2008,NG2008DHS,RH_DELP_C_DHF,83566070,I,433005,1433010,Region,North Central,14002,Two years preceding the survey,0,1,RHDELPCDHF,NGDHS2008433005,2008,DHS,1549,2034,,,1
NGA,North East,4890842,Place of delivery: Health facility,13.5,1,NG,Nigeria,2008,NG2008DHS,RH_DELP_C_DHF,83566070,I,433006,1433020,Region,North East,14000,Three years preceding the survey,0,0,RHDELPCDHF,NGDHS2008433006,2008,DHS,2722,3921,,,1
NGA,North East,4400539,Place of delivery: Health facility,12.8,1,NG,Nigeria,2008,NG2008DHS,RH_DELP_C_DHF,83566070,I,433006,1433020,Region,North East,14001,Five years preceding the survey,0,0,RHDELPCDHF,NGDHS2008433006,2008,DHS,4575,6559,,,1
NGA,North East,7678806,Place of delivery: Health facility,14,1,NG,Nigeria,2008,NG2008DHS,RH_DELP_C_DHF,83566070,I,433006,1433020,Region,North East,14002,Two years preceding the survey,0,1,RHDELPCDHF,NGDHS2008433006,2008,DHS,1856,2684,,,1
NGA,North West,588948,Place of delivery: Health facility,9,1,NG,Nigeria,2008,NG2008DHS,RH_DELP_C_DHF,83566070,I,433007,1433030,Region,North West,14000,Three years preceding the survey,0,0,RHDELPCDHF,NGDHS2008433007,2008,DHS,5243,4730,,,1
NGA,North West,4879626,Place of delivery: Health facility,8.4,1,NG,Nigeria,2008,NG2008DHS,RH_DELP_C_DHF,83566070,I,433007,1433030,Region,North West,14001,Five years preceding the survey,0,0,RHDELPCDHF,NGDHS2008433007,2008,DHS,8779,7947,,,1
NGA,North West,83968,Place of delivery: Health facility,9.2,1,NG,Nigeria,2008,NG2008DHS,RH_DELP_C_DHF,83566070,I,433007,1433030,Region,North West,14002,Two years preceding the survey,0,1,RHDELPCDHF,NGDHS2008433007,2008,DHS,3567,3215,,,1
NGA,South East,2956006,Place of delivery: Health facility,73.5,1,NG,Nigeria,2008,NG2008DHS,RH_DELP_C_DHF,83566070,I,433008,1433040,Region,South East,14000,Three years preceding the survey,0,0,RHDELPCDHF,NGDHS2008433008,2008,DHS,1681,1507,,,1
NGA,South East,3995481,Place of delivery: Health facility,73.9,1,NG,Nigeria,2008,NG2008DHS,RH_DELP_C_DHF,83566070,I,433008,1433040,Region,South East,14001,Five years preceding the survey,0,0,RHDELPCDHF,NGDHS2008433008,2008,DHS,2730,2450,,,1
NGA,South East,7426562,Place of delivery: Health facility,74.1,1,NG,Nigeria,2008,NG2008DHS,RH_DELP_C_DHF,83566070,I,433008,1433040,Region,South East,14002,Two years preceding the survey,0,1,RHDELPCDHF,NGDHS2008433008,2008,DHS,1145,1023,,,1
NGA,South West,7705495,Place of delivery: Health facility,69.1,1,NG,Nigeria,2008,NG2008DHS,RH_DELP_C_DHF,83566070,I,433009,1433050,Region,South West,14000,Three years preceding the survey,0,0,RHDELPCDHF,NGDHS2008433009,2008,DHS,2749,2031,,,1
NGA,South West,7042240,Place of delivery: Health facility,70,1,NG,Nigeria,2008,NG2008DHS,RH_DELP_C_DHF,83566070,I,433009,1433050,Region,South West,14001,Five years preceding the survey,0,0,RHDELPCDHF,NGDHS2008433009,2008,DHS,4519,3318,,,1
NGA,South West,2269017,Place of delivery: Health facility,69.3,1,NG,Nigeria,2008,NG2008DHS,RH_DELP_C_DHF,83566070,I,433009,1433050,Region,South West,14002,Two years preceding the survey,0,1,RHDELPCDHF,NGDHS2008433009,2008,DHS,1902,1400,,,1
NGA,South South,6409016,Place of delivery: Health facility,48.3,1,NG,Nigeria,2008,NG2008DHS,RH_DELP_C_DHF,83566070,I,433010,1433060,Region,South South,14000,Three years preceding the survey,0,0,RHDELPCDHF,NGDHS2008433010,2008,DHS,2263,2051,,,1
NGA,South South,5603463,Place of delivery: Health facility,48.1,1,NG,Nigeria,2008,NG2008DHS,RH_DELP_C_DHF,83566070,I,433010,1433060,Region,South South,14001,Five years preceding the survey,0,0,RHDELPCDHF,NGDHS2008433010,2008,DHS,3667,3327,,,1
NGA,South South,4912028,Place of delivery: Health facility,46.9,1,NG,Nigeria,2008,NG2008DHS,RH_DELP_C_DHF,83566070,I,433010,1433060,Region,South South,14002,Two years preceding the survey,0,1,RHDELPCDHF,NGDHS2008433010,2008,DHS,1552,1399,,,1
NGA,North Central,7456560,Fully vaccinated (8 basic antigens),25.9,1,NG,Nigeria,2008,NG2008DHS,CH_VACC_C_BAS,93906230,I,433005,1433010,Region,North Central,0,,0,1,CHVACCCBAS,NGDHS2008433005,2008,DHS,640,855,,,1
NGA,North East,3334203,Fully vaccinated (8 basic antigens),7.6,1,NG,Nigeria,2008,NG2008DHS,CH_VACC_C_BAS,93906230,I,433006,1433020,Region,North East,0,,0,1,CHVACCCBAS,NGDHS2008433006,2008,DHS,780,1129,,,1
NGA,North West,3946547,Fully vaccinated (8 basic antigens),6,1,NG,Nigeria,2008,NG2008DHS,CH_VACC_C_BAS,93906230,I,433007,1433030,Region,North West,0,,0,1,CHVACCCBAS,NGDHS2008433007,2008,DHS,1545,1409,,,1
NGA,South East,6538744,Fully vaccinated (8 basic antigens),42.9,1,NG,Nigeria,2008,NG2008DHS,CH_VACC_C_BAS,93906230,I,433008,1433040,Region,South East,0,,0,1,CHVACCCBAS,NGDHS2008433008,2008,DHS,504,442,,,1
NGA,South West,2166501,Fully vaccinated (8 basic antigens),42.8,1,NG,Nigeria,2008,NG2008DHS,CH_VACC_C_BAS,93906230,I,433009,1433050,Region,South West,0,,0,1,CHVACCCBAS,NGDHS2008433009,2008,DHS,814,602,,,1
NGA,South South,6842108,Fully vaccinated (8 basic antigens),36,1,NG,Nigeria,2008,NG2008DHS,CH_VACC_C_BAS,93906230,I,433010,1433060,Region,South South,0,,0,1,CHVACCCBAS,NGDHS2008433010,2008,DHS,663,585,,,1
NGA,North Central,6793910,Treatment of diarrhea: Either ORS or RHF,42.4,1,NG,Nigeria,2008,NG2008DHS,CH_DIAT_C_ORT,94096040,I,433005,1433010,Region,North Central,14000,Three years preceding the survey,0,0,CHDIATCORT,NGDHS2008433005,2008,DHS,150,187,,,1
NGA,North Central,3951442,Treatment of diarrhea: Either ORS or RHF,43.2,1,NG,Nigeria,2008,NG2008DHS,CH_DIAT_C_ORT,94096040,I,433005,1433010,Region,North Central,14001,Five years preceding the survey,0,1,CHDIATCORT,NGDHS2008433005,2008,DHS,193,241,,,1
NGA,North East,2160176,Treatment of diarrhea: Either ORS or RHF,20.4,1,NG,Nigeria,2008,NG2008DHS,CH_DIAT_C_ORT,94096040,I,433006,1433020,Region,North East,14000,Three years preceding the survey,0,0,CHDIATCORT,NGDHS2008433006,2008,DHS,601,804,,,1
NGA,North East,7298213,Treatment of diarrhea: Either ORS or RHF,20.7,1,NG,Nigeria,2008,NG2008DHS,CH_DIAT_C_ORT,94096040,I,433006,1433020,Region,North East,14001,Five years preceding the survey,0,1,CHDIATCORT,NGDHS2008433006,2008,DHS,831,1103,,,1
NGA,North West,446462,Treatment of diarrhea: Either ORS or RHF,30,1,NG,Nigeria,2008,NG2008DHS,CH_DIAT_C_ORT,94096040,I,433007,1433030,Region,North West,14000,Three years preceding the survey,0,0,CHDIATCORT,NGDHS2008433007,2008,DHS,741,632,,,1
NGA,North West,2166634,Treatment of diarrhea: Either ORS or RHF,28.4,1,NG,Nigeria,2008,NG2008DHS,CH_DIAT_C_ORT,94096040,I,433007,1433030,Region,North West,14001,Five years preceding the survey,0,1,CHDIATCORT,NGDHS2008433007,2008,DHS,998,862,,,1
NGA,South East,3937464,Treatment of diarrhea: Either ORS or RHF,56.6,1,NG,Nigeria,2008,NG2008DHS,CH_DIAT_C_ORT,94096040,I,433008,1433040,Region,South East,14000,Three years preceding the survey,0,0,CHDIATCORT,NGDHS2008433008,2008,DHS,92,97,,,1
NGA,South East,132849,Treatment of diarrhea: Either ORS or RHF,51.4,1,NG,Nigeria,2008,NG2008DHS,CH_DIAT_C_ORT,94096040,I,433008,1433040,Region,South East,14001,Five years preceding the survey,0,1,CHDIATCORT,NGDHS2008433008,2008,DHS,120,123,,,1
NGA,South West,7706829,Treatment of diarrhea: Either ORS or RHF,60.1,1,NG,Nigeria,2008,NG2008DHS,CH_DIAT_C_ORT,94096040,I,433009,1433050,Region,South West,14000,Three years preceding the survey,0,0,CHDIATCORT,NGDHS2008433009,2008,DHS,207,159,,,1
NGA,South West,2166568,Treatment of diarrhea: Either ORS or RHF,58,1,NG,Nigeria,2008,NG2008DHS,CH_DIAT_C_ORT,94096040,I,433009,1433050,Region,South West,14001,Five years preceding the survey,0,1,CHDIATCORT,NGDHS2008433009,2008,DHS,261,200,,,1
NGA,South South,7257644,Treatment of diarrhea: Either ORS or RHF,28.8,1,NG,Nigeria,2008,NG2008DHS,CH_DIAT_C_ORT,94096040,I,433010,1433060,Region,South South,14000,Three years preceding the survey,0,0,CHDIATCORT,NGDHS2008433010,2008,DHS,103,93,,,1
NGA,South South,5440078,Treatment of diarrhea: Either ORS or RHF,29.3,1,NG,Nigeria,2008,NG2008DHS,CH_DIAT_C_ORT,94096040,I,433010,1433060,Region,South South,14001,Five years preceding the survey,0,1,CHDIATCORT,NGDHS2008433010,2008,DHS,127,116,,,1
NGA,North Central,7458699,Children stunted,43.8,1,NG,Nigeria,2008,NG2008DHS,CN_NUTS_C_HA2,104236020,I,433005,1433010,Region,North Central,0,,0,1,CNNUTSCHA2,NGDHS2008433005,2008,DHS,2800,3812,,,1
NGA,North East,1337544,Children stunted,48.6,1,NG,Nigeria,2008,NG2008DHS,CN_NUTS_C_HA2,104236020,I,433006,1433020,Region,North East,0,,0,1,CNNUTSCHA2,NGDHS2008433006,2008,DHS,3097,4529,,,1
NGA,North West,6179174,Children stunted,52.6,1,NG,Nigeria,2008,NG2008DHS,CN_NUTS_C_HA2,104236020,I,433007,1433030,Region,North West,0,,0,1,CNNUTSCHA2,NGDHS2008433007,2008,DHS,5488,5032,,,1
NGA,South East,2904123,Children stunted,21.7,1,NG,Nigeria,2008,NG2008DHS,CN_NUTS_C_HA2,104236020,I,433008,1433040,Region,South East,0,,0,1,CNNUTSCHA2,NGDHS2008433008,2008,DHS,1947,1864,,,1
NGA,South West,6236146,Children stunted,31.2,1,NG,Nigeria,2008,NG2008DHS,CN_NUTS_C_HA2,104236020,I,433009,1433050,Region,South West,0,,0,1,CNNUTSCHA2,NGDHS2008433009,2008,DHS,3795,2822,,,1
NGA,South South,5104493,Children stunted,31.1,1,NG,Nigeria,2008,NG2008DHS,CN_NUTS_C_HA2,104236020,I,433010,1433060,Region,South South,0,,0,1,CNNUTSCHA2,NGDHS2008433010,2008,DHS,2769,2574,,,1
NGA,North Central,7457383,Children wasted,9.3,1,NG,Nigeria,2008,NG2008DHS,CN_NUTS_C_WH2,104236050,I,433005,1433010,Region,North Central,0,,0,1,CNNUTSCWH2,NGDHS2008433005,2008,DHS,2800,3812,,,1
NGA,North East,5032978,Children wasted,22.2,1,NG,Nigeria,2008,NG2008DHS,CN_NUTS_C_WH2,104236050,I,433006,1433020,Region,North East,0,,0,1,CNNUTSCWH2,NGDHS2008433006,2008,DHS,3097,4529,,,1
NGA,North West,2946731,Children wasted,19.9,1,NG,Nigeria,2008,NG2008DHS,CN_NUTS_C_WH2,104236050,I,433007,1433030,Region,North West,0,,0,1,CNNUTSCWH2,NGDHS2008433007,2008,DHS,5488,5032,,,1
NGA,South East,6308427,Children wasted,8.6,1,NG,Nigeria,2008,NG2008DHS,CN_NUTS_C_WH2,104236050,I,433008,1433040,Region,South East,0,,0,1,CNNUTSCWH2,NGDHS2008433008,2008,DHS,1947,1864,,,1
NGA,South West,4027893,Children wasted,9.3,1,NG,Nigeria,2008,NG2008DHS,CN_NUTS_C_WH2,104236050,I,433009,1433050,Region,South West,0,,0,1,CNNUTSCWH2,NGDHS2008433009,2008,DHS,3795,2822,,,1
NGA,South South,6122846,Children wasted,7.5,1,NG,Nigeria,2008,NG2008DHS,CN_NUTS_C_WH2,104236050,I,433010,1433060,Region,South South,0,,0,1,CNNUTSCWH2,NGDHS2008433010,2008,DHS,2769,2574,,,1
NGA,North Central,7458352,Children underweight,19.5,1,NG,Nigeria,2008,NG2008DHS,CN_NUTS_C_WA2,104236090,I,433005,1433010,Region,North Central,0,,0,1,CNNUTSCWA2,NGDHS2008433005,2008,DHS,2800,3812,,,1
NGA,North East,5088403,Children underweight,34.5,1,NG,Nigeria,2008,NG2008DHS,CN_NUTS_C_WA2,104236090,I,433006,1433020,Region,North East,0,,0,1,CNNUTSCWA2,NGDHS2008433006,2008,DHS,3097,4529,,,1
NGA,North West,1324285,Children underweight,35.1,1,NG,Nigeria,2008,NG2008DHS,CN_NUTS_C_WA2,104236090,I,433007,1433030,Region,North West,0,,0,1,CNNUTSCWA2,NGDHS2008433007,2008,DHS,5488,5032,,,1
NGA,South East,542343,Children underweight,10,1,NG,Nigeria,2008,NG2008DHS,CN_NUTS_C_WA2,104236090,I,433008,1433040,Region,South East,0,,0,1,CNNUTSCWA2,NGDHS2008433008,2008,DHS,1947,1864,,,1
NGA,South West,1324272,Children underweight,13.3,1,NG,Nigeria,2008,NG2008DHS,CN_NUTS_C_WA2,104236090,I,433009,1433050,Region,South West,0,,0,1,CNNUTSCWA2,NGDHS2008433009,2008,DHS,3795,2822,,,1
NGA,South South,3610694,Children underweight,12.8,1,NG,Nigeria,2008,NG2008DHS,CN_NUTS_C_WA2,104236090,I,433010,1433060,Region,South South,0,,0,1,CNNUTSCWA2,NGDHS2008433010,2008,DHS,2769,2574,,,1
NGA,North Central,7455964,Median duration of exclusive breastfeeding,0.5,1,NG,Nigeria,2008,NG2008DHS,CN_BFDR_C_MDE,104336020,I,433005,1433010,Region,North Central,0,,0,1,CNBFDRCMDE,NGDHS2008433005,2008,DHS,,,,,1
NGA,North East,1337556,Median duration of exclusive breastfeeding,0.4,1,NG,Nigeria,2008,NG2008DHS,CN_BFDR_C_MDE,104336020,I,433006,1433020,Region,North East,0,,0,1,CNBFDRCMDE,NGDHS2008433006,2008,DHS,,,,,1
NGA,North West,1324281,Median duration of exclusive breastfeeding,0.4,1,NG,Nigeria,2008,NG2008DHS,CN_BFDR_C_MDE,104336020,I,433007,1433030,Region,North West,0,,0,1,CNBFDRCMDE,NGDHS2008433007,2008,DHS,,,,,1
NGA,South East,1337564,Median duration of exclusive breastfeeding,0.5,1,NG,Nigeria,2008,NG2008DHS,CN_BFDR_C_MDE,104336020,I,433008,1433040,Region,South East,0,,0,1,CNBFDRCMDE,NGDHS2008433008,2008,DHS,,,,,1
NGA,South West,1324301,Median duration of exclusive breastfeeding,0.6,1,NG,Nigeria,2008,NG2008DHS,CN_BFDR_C_MDE,104336020,I,433009,1433050,Region,South West,0,,0,1,CNBFDRCMDE,NGDHS2008433009,2008,DHS,,,,,1
NGA,South South,1324330,Median duration of exclusive breastfeeding,0.5,1,NG,Nigeria,2008,NG2008DHS,CN_BFDR_C_MDE,104336020,I,433010,1433060,Region,South South,0,,0,1,CNBFDRCMDE,NGDHS2008433010,2008,DHS,,,,,1
NGA,North Central,7456974,Children under 5 who slept under an insecticide-treated net (ITN),3.8,1,NG,Nigeria,2008,NG2008DHS,ML_NETC_C_ITN,124836020,I,433005,1433010,Region,North Central,0,,0,1,MLNETCCITN,NGDHS2008433005,2008,DHS,3607,4885,,,1
NGA,North East,7151387,Children under 5 who slept under an insecticide-treated net (ITN),3.6,1,NG,Nigeria,2008,NG2008DHS,ML_NETC_C_ITN,124836020,I,433006,1433020,Region,North East,0,,0,1,MLNETCCITN,NGDHS2008433006,2008,DHS,4118,6013,,,1
NGA,North West,5353106,Children under 5 who slept under an insecticide-treated net (ITN),4.1,1,NG,Nigeria,2008,NG2008DHS,ML_NETC_C_ITN,124836020,I,433007,1433030,Region,North West,0,,0,1,MLNETCCITN,NGDHS2008433007,2008,DHS,7792,7269,,,1
NGA,South East,2351617,Children under 5 who slept under an insecticide-treated net (ITN),10.5,1,NG,Nigeria,2008,NG2008DHS,ML_NETC_C_ITN,124836020,I,433008,1433040,Region,South East,0,,0,1,MLNETCCITN,NGDHS2008433008,2008,DHS,2490,2352,,,1
NGA,South West,3286040,Children under 5 who slept under an insecticide-treated net (ITN),5,1,NG,Nigeria,2008,NG2008DHS,ML_NETC_C_ITN,124836020,I,433009,1433050,Region,South West,0,,0,1,MLNETCCITN,NGDHS2008433009,2008,DHS,4377,3245,,,1
NGA,South South,3117083,Children under 5 who slept under an insecticide-treated net (ITN),9.4,1,NG,Nigeria,2008,NG2008DHS,ML_NETC_C_ITN,124836020,I,433010,1433060,Region,South South,0,,0,1,MLNETCCITN,NGDHS2008433010,2008,DHS,3399,3201,,,1
NGA,North Central,7457869,Women receiving an HIV test and receiving test results in the last 12 months,5.2,1,NG,Nigeria,2008,NG2008DHS,HA_CPHT_W_T1R,135563070,I,433005,1433010,Region,North Central,0,,0,1,HACPHTWT1R,NGDHS2008433005,2008,DHS,4748,6366,,,1
NGA,North East,4825402,Women receiving an HIV test and receiving test results in the last 12 months,2.1,1,NG,Nigeria,2008,NG2008DHS,HA_CPHT_W_T1R,135563070,I,433006,1433020,Region,North East,0,,0,1,HACPHTWT1R,NGDHS2008433006,2008,DHS,4262,6217,,,1
NGA,North West,3184972,Women receiving an HIV test and receiving test results in the last 12 months,2,1,NG,Nigeria,2008,NG2008DHS,HA_CPHT_W_T1R,135563070,I,433007,1433030,Region,North West,0,,0,1,HACPHTWT1R,NGDHS2008433007,2008,DHS,8022,7297,,,1
NGA,South East,6567019,Women receiving an HIV test and receiving test results in the last 12 months,13.8,1,NG,Nigeria,2008,NG2008DHS,HA_CPHT_W_T1R,135563070,I,433008,1433040,Region,South East,0,,0,1,HACPHTWT1R,NGDHS2008433008,2008,DHS,4091,3667,,,1
NGA,South West,4088586,Women receiving an HIV test and receiving test results in the last 12 months,8.6,1,NG,Nigeria,2008,NG2008DHS,HA_CPHT_W_T1R,135563070,I,433009,1433050,Region,South West,0,,0,1,HACPHTWT1R,NGDHS2008433009,2008,DHS,6789,5025,,,1
NGA,South South,7200312,Women receiving an HIV test and receiving test results in the last 12 months,9.9,1,NG,Nigeria,2008,NG2008DHS,HA_CPHT_W_T1R,135563070,I,433010,1433060,Region,South South,0,,0,1,HACPHTWT1R,NGDHS2008433010,2008,DHS,5473,4813,,,1
NGA,North Central,7458683,Men receiving an HIV test and receiving test results in the last 12 months,7.2,1,NG,Nigeria,2008,NG2008DHS,HA_CPHT_M_T1R,135564160,I,433005,1433010,Region,North Central,0,,0,1,HACPHTMT1R,NGDHS2008433005,2008,DHS,2065,2773,,,1
NGA,North East,4370645,Men receiving an HIV test and receiving test results in the last 12 months,2.2,1,NG,Nigeria,2008,NG2008DHS,HA_CPHT_M_T1R,135564160,I,433006,1433020,Region,North East,0,,0,1,HACPHTMT1R,NGDHS2008433006,2008,DHS,1645,2444,,,1
NGA,North West,7121710,Men receiving an HIV test and receiving test results in the last 12 months,2.5,1,NG,Nigeria,2008,NG2008DHS,HA_CPHT_M_T1R,135564160,I,433007,1433030,Region,North West,0,,0,1,HACPHTMT1R,NGDHS2008433007,2008,DHS,3237,2930,,,1
NGA,South East,5369441,Men receiving an HIV test and receiving test results in the last 12 months,11.2,1,NG,Nigeria,2008,NG2008DHS,HA_CPHT_M_T1R,135564160,I,433008,1433040,Region,South East,0,,0,1,HACPHTMT1R,NGDHS2008433008,2008,DHS,1448,1237,,,1
NGA,South West,3918187,Men receiving an HIV test and receiving test results in the last 12 months,7.4,1,NG,Nigeria,2008,NG2008DHS,HA_CPHT_M_T1R,135564160,I,433009,1433050,Region,South West,0,,0,1,HACPHTMT1R,NGDHS2008433009,2008,DHS,2977,2287,,,1
NGA,South South,6844980,Men receiving an HIV test and receiving test results in the last 12 months,10.5,1,NG,Nigeria,2008,NG2008DHS,HA_CPHT_M_T1R,135564160,I,433010,1433060,Region,South South,0,,0,1,HACPHTMT1R,NGDHS2008433010,2008,DHS,2437,2167,,,1
NGA,North Central,4265330,Physical or sexual violence committed by husband/partner,26,1,NG,Nigeria,2008,NG2008DHS,DV_SPVL_W_POS,197433060,I,433005,1433010,Region,North Central,631001,Ever-married,0,0,DVSPVLWPOS,NGDHS2008433005,2008,DHS,2429,3483,,,1
NGA,North East,6141175,Physical or sexual violence committed by husband/partner,16.6,1,NG,Nigeria,2008,NG2008DHS,DV_SPVL_W_POS,197433060,I,433006,1433020,Region,North East,631001,Ever-married,0,0,DVSPVLWPOS,NGDHS2008433006,2008,DHS,2505,3818,,,1
NGA,North West,5022616,Physical or sexual violence committed by husband/partner,6.9,1,NG,Nigeria,2008,NG2008DHS,DV_SPVL_W_POS,197433060,I,433007,1433030,Region,North West,631001,Ever-married,0,0,DVSPVLWPOS,NGDHS2008433007,2008,DHS,5071,5137,,,1
NGA,South East,3968065,Physical or sexual violence committed by husband/partner,23.9,1,NG,Nigeria,2008,NG2008DHS,DV_SPVL_W_POS,197433060,I,433008,1433040,Region,South East,631001,Ever-married,0,0,DVSPVLWPOS,NGDHS2008433008,2008,DHS,1551,1736,,,1
NGA,South West,2065424,Physical or sexual violence committed by husband/partner,14.4,1,NG,Nigeria,2008,NG2008DHS,DV_SPVL_W_POS,197433060,I,433009,1433050,Region,South West,631001,Ever-married,0,0,DVSPVLWPOS,NGDHS2008433009,2008,DHS,3001,2811,,,1
NGA,South South,2575153,Physical or sexual violence committed by husband/partner,39.4,1,NG,Nigeria,2008,NG2008DHS,DV_SPVL_W_POS,197433060,I,433010,1433060,Region,South South,631001,Ever-married,0,0,DVSPVLWPOS,NGDHS2008433010,2008,DHS,2205,2403,,,1
NGA,North Central,7457905,Women circumcised (FGC),11.4,1,NG,Nigeria,2008,NG2008DHS,FG_PFCC_W_WCC,207503010,I,433005,1433010,Region,North Central,0,,0,1,FGPFCCWWCC,NGDHS2008433005,2008,DHS,4748,6366,,,1
NGA,North East,4456018,Women circumcised (FGC),2.7,1,NG,Nigeria,2008,NG2008DHS,FG_PFCC_W_WCC,207503010,I,433006,1433020,Region,North East,0,,0,1,FGPFCCWWCC,NGDHS2008433006,2008,DHS,4262,6217,,,1
NGA,North West,4777105,Women circumcised (FGC),19.6,1,NG,Nigeria,2008,NG2008DHS,FG_PFCC_W_WCC,207503010,I,433007,1433030,Region,North West,0,,0,1,FGPFCCWWCC,NGDHS2008433007,2008,DHS,8022,7297,,,1
NGA,South East,3220602,Women circumcised (FGC),52.8,1,NG,Nigeria,2008,NG2008DHS,FG_PFCC_W_WCC,207503010,I,433008,1433040,Region,South East,0,,0,1,FGPFCCWWCC,NGDHS2008433008,2008,DHS,4091,3667,,,1
NGA,South West,3859256,Women circumcised (FGC),53.4,1,NG,Nigeria,2008,NG2008DHS,FG_PFCC_W_WCC,207503010,I,433009,1433050,Region,South West,0,,0,1,FGPFCCWWCC,NGDHS2008433009,2008,DHS,6789,5025,,,1
NGA,South South,1004543,Women circumcised (FGC),34.2,1,NG,Nigeria,2008,NG2008DHS,FG_PFCC_W_WCC,207503010,I,433010,1433060,Region,South South,0,,0,1,FGPFCCWWCC,NGDHS2008433010,2008,DHS,5473,4813,,,1
NGA,North Central,7458467,Women with secondary or higher education,39.3,1,NG,Nigeria,2008,NG2008DHS,ED_EDUC_W_SEH,231203100,I,433005,1433010,Region,North Central,0,,0,1,EDEDUCWSEH,NGDHS2008433005,2008,DHS,4748,6366,,,1
NGA,North East,4115431,Women with secondary or higher education,16.5,1,NG,Nigeria,2008,NG2008DHS,ED_EDUC_W_SEH,231203100,I,433006,1433020,Region,North East,0,,0,1,EDEDUCWSEH,NGDHS2008433006,2008,DHS,4262,6217,,,1
NGA,North West,7332674,Women with secondary or higher education,14,1,NG,Nigeria,2008,NG2008DHS,ED_EDUC_W_SEH,231203100,I,433007,1433030,Region,North West,0,,0,1,EDEDUCWSEH,NGDHS2008433007,2008,DHS,8022,7297,,,1
NGA,South East,75733,Women with secondary or higher education,70.3,1,NG,Nigeria,2008,NG2008DHS,ED_EDUC_W_SEH,231203100,I,433008,1433040,Region,South East,0,,0,1,EDEDUCWSEH,NGDHS2008433008,2008,DHS,4091,3667,,,1
NGA,South West,5128944,Women with secondary or higher education,67.1,1,NG,Nigeria,2008,NG2008DHS,ED_EDUC_W_SEH,231203100,I,433009,1433050,Region,South West,0,,0,1,EDEDUCWSEH,NGDHS2008433009,2008,DHS,6789,5025,,,1
NGA,South South,3257794,Women with secondary or higher education,68.6,1,NG,Nigeria,2008,NG2008DHS,ED_EDUC_W_SEH,231203100,I,433010,1433060,Region,South South,0,,0,1,EDEDUCWSEH,NGDHS2008433010,2008,DHS,5473,4813,,,1
NGA,North Central,7456463,Women who are literate,47.6,1,NG,Nigeria,2008,NG2008DHS,ED_LITR_W_LIT,231233090,I,433005,1433010,Region,North Central,0,,0,1,EDLITRWLIT,NGDHS2008433005,2008,DHS,4748,6366,,,1
NGA,North East,5145181,Women who are literate,22.8,1,NG,Nigeria,2008,NG2008DHS,ED_LITR_W_LIT,231233090,I,433006,1433020,Region,North East,0,,0,1,EDLITRWLIT,NGDHS2008433006,2008,DHS,4262,6217,,,1
NGA,North West,5180963,Women who are literate,21.1,1,NG,Nigeria,2008,NG2008DHS,ED_LITR_W_LIT,231233090,I,433007,1433030,Region,North West,0,,0,1,EDLITRWLIT,NGDHS2008433007,2008,DHS,8022,7297,,,1
NGA,South East,6253828,Women who are literate,81.3,1,NG,Nigeria,2008,NG2008DHS,ED_LITR_W_LIT,231233090,I,433008,1433040,Region,South East,0,,0,1,EDLITRWLIT,NGDHS2008433008,2008,DHS,4091,3667,,,1
NGA,South West,2973296,Women who are literate,79.8,1,NG,Nigeria,2008,NG2008DHS,ED_LITR_W_LIT,231233090,I,433009,1433050,Region,South West,0,,0,1,EDLITRWLIT,NGDHS2008433009,2008,DHS,6789,5025,,,1
NGA,South South,6237697,Women who are literate,77.8,1,NG,Nigeria,2008,NG2008DHS,ED_LITR_W_LIT,231233090,I,433010,1433060,Region,South South,0,,0,1,EDLITRWLIT,NGDHS2008433010,2008,DHS,5473,4813,,,1
NGA,North Central,7457830,Households with electricity,36.4,1,NG,Nigeria,2008,NG2008DHS,HC_ELEC_H_ELC,260321010,I,433005,1433010,Region,North Central,0,,0,1,HCELECHELC,NGDHS2008433005,2008,DHS,4568,6260,,,1
NGA,North East,6973824,Households with electricity,24,1,NG,Nigeria,2008,NG2008DHS,HC_ELEC_H_ELC,260321010,I,433006,1433020,Region,North East,0,,0,1,HCELECHELC,NGDHS2008433006,2008,DHS,3730,5458,,,1
NGA,North West,6237571,Households with electricity,36.6,1,NG,Nigeria,2008,NG2008DHS,HC_ELEC_H_ELC,260321010,I,433007,1433030,Region,North West,0,,0,1,HCELECHELC,NGDHS2008433007,2008,DHS,7178,6742,,,1
NGA,South East,200076,Households with electricity,64.2,1,NG,Nigeria,2008,NG2008DHS,HC_ELEC_H_ELC,260321010,I,433008,1433040,Region,South East,0,,0,1,HCELECHELC,NGDHS2008433008,2008,DHS,4527,4131,,,1
NGA,South West,6321222,Households with electricity,70.7,1,NG,Nigeria,2008,NG2008DHS,HC_ELEC_H_ELC,260321010,I,433009,1433050,Region,South West,0,,0,1,HCELECHELC,NGDHS2008433009,2008,DHS,8100,6090,,,1
NGA,South South,3945830,Households with electricity,55.8,1,NG,Nigeria,2008,NG2008DHS,HC_ELEC_H_ELC,260321010,I,433010,1433060,Region,South South,0,,0,1,HCELECHELC,NGDHS2008433010,2008,DHS,5966,5389,,,1
NGA,North Central,1934792,Total fertility rate 15-49,5.9,1,NG,Nigeria,2010,NG2010MIS,FE_FRTR_W_TFR,11763080,I,433005,1433010,Region,North Central,0,,0,1,FEFRTRWTFR,NGMIS2010433005,2010,MIS,,,,,1
NGA,North East,1918277,Total fertility rate 15-49,6.4,1,NG,Nigeria,2010,NG2010MIS,FE_FRTR_W_TFR,11763080,I,433006,1433020,Region,North East,0,,0,1,FEFRTRWTFR,NGMIS2010433006,2010,MIS,,,,,1
NGA,North West,1926549,Total fertility rate 15-49,7.8,1,NG,Nigeria,2010,NG2010MIS,FE_FRTR_W_TFR,11763080,I,433007,1433030,Region,North West,0,,0,1,FEFRTRWTFR,NGMIS2010433007,2010,MIS,,,,,1
NGA,South East,1918283,Total fertility rate 15-49,4.6,1,NG,Nigeria,2010,NG2010MIS,FE_FRTR_W_TFR,11763080,I,433008,1433040,Region,South East,0,,0,1,FEFRTRWTFR,NGMIS2010433008,2010,MIS,,,,,1
NGA,South West,1926552,Total fertility rate 15-49,4.8,1,NG,Nigeria,2010,NG2010MIS,FE_FRTR_W_TFR,11763080,I,433009,1433050,Region,South West,0,,0,1,FEFRTRWTFR,NGMIS2010433009,2010,MIS,,,,,1
NGA,South South,1942187,Total fertility rate 15-49,5.7,1,NG,Nigeria,2010,NG2010MIS,FE_FRTR_W_TFR,11763080,I,433010,1433060,Region,South South,0,,0,1,FEFRTRWTFR,NGMIS2010433010,2010,MIS,,,,,1
NGA,North Central,7691072,Infant mortality rate,100,0,NG,Nigeria,2010,NG2010MIS,CM_ECMR_C_IMR,63206030,I,433005,1433010,Region,North Central,14003,Ten years preceding the survey,0,1,CMECMRCIMR,NGMIS2010433005,2010,MIS,,,78,122,1
NGA,North East,1838209,Infant mortality rate,107,0,NG,Nigeria,2010,NG2010MIS,CM_ECMR_C_IMR,63206030,I,433006,1433020,Region,North East,14003,Ten years preceding the survey,0,1,CMECMRCIMR,NGMIS2010433006,2010,MIS,,,79,134,1
NGA,North West,7783236,Infant mortality rate,95,0,NG,Nigeria,2010,NG2010MIS,CM_ECMR_C_IMR,63206030,I,433007,1433030,Region,North West,14003,Ten years preceding the survey,0,1,CMECMRCIMR,NGMIS2010433007,2010,MIS,,,75,116,1
NGA,South East,7563300,Infant mortality rate,89,0,NG,Nigeria,2010,NG2010MIS,CM_ECMR_C_IMR,63206030,I,433008,1433040,Region,South East,14003,Ten years preceding the survey,0,1,CMECMRCIMR,NGMIS2010433008,2010,MIS,,,71,107,1
NGA,South West,7738587,Infant mortality rate,58,0,NG,Nigeria,2010,NG2010MIS,CM_ECMR_C_IMR,63206030,I,433009,1433050,Region,South West,14003,Ten years preceding the survey,0,1,CMECMRCIMR,NGMIS2010433009,2010,MIS,,,32,84,1
NGA,South South,7452990,Infant mortality rate,57,0,NG,Nigeria,2010,NG2010MIS,CM_ECMR_C_IMR,63206030,I,433010,1433060,Region,South South,14003,Ten years preceding the survey,0,1,CMECMRCIMR,NGMIS2010433010,2010,MIS,,,42,72,1
NGA,North Central,7909321,Under-five mortality rate,131,0,NG,Nigeria,2010,NG2010MIS,CM_ECMR_C_U5M,63206050,I,433005,1433010,Region,North Central,14003,Ten years preceding the survey,0,1,CMECMRCU5M,NGMIS2010433005,2010,MIS,,,107,155,1
NGA,North East,7704834,Under-five mortality rate,195,0,NG,Nigeria,2010,NG2010MIS,CM_ECMR_C_U5M,63206050,I,433006,1433020,Region,North East,14003,Ten years preceding the survey,0,1,CMECMRCU5M,NGMIS2010433006,2010,MIS,,,159,232,1
NGA,North West,1824381,Under-five mortality rate,200,0,NG,Nigeria,2010,NG2010MIS,CM_ECMR_C_U5M,63206050,I,433007,1433030,Region,North West,14003,Ten years preceding the survey,0,1,CMECMRCU5M,NGMIS2010433007,2010,MIS,,,156,244,1
NGA,South East,7837894,Under-five mortality rate,140,0,NG,Nigeria,2010,NG2010MIS,CM_ECMR_C_U5M,63206050,I,433008,1433040,Region,South East,14003,Ten years preceding the survey,0,1,CMECMRCU5M,NGMIS2010433008,2010,MIS,,,118,161,1
NGA,South West,1824406,Under-five mortality rate,95,0,NG,Nigeria,2010,NG2010MIS,CM_ECMR_C_U5M,63206050,I,433009,1433050,Region,South West,14003,Ten years preceding the survey,0,1,CMECMRCU5M,NGMIS2010433009,2010,MIS,,,62,127,1
NGA,South South,7600501,Under-five mortality rate,103,0,NG,Nigeria,2010,NG2010MIS,CM_ECMR_C_U5M,63206050,I,433010,1433060,Region,South South,14003,Ten years preceding the survey,0,1,CMECMRCU5M,NGMIS2010433010,2010,MIS,,,82,124,1
NGA,North Central,4842046,Children under 5 who slept under an insecticide-treated net (ITN),18.9,1,NG,Nigeria,2010,NG2010MIS,ML_NETC_C_ITN,124836020,I,433005,1433010,Region,North Central,0,,0,1,MLNETCCITN,NGMIS2010433005,2010,MIS,977,1001,,,1
NGA,North East,2550510,Children under 5 who slept under an insecticide-treated net (ITN),51.3,1,NG,Nigeria,2010,NG2010MIS,ML_NETC_C_ITN,124836020,I,433006,1433020,Region,North East,0,,0,1,MLNETCCITN,NGMIS2010433006,2010,MIS,968,1118,,,1
NGA,North West,2351869,Children under 5 who slept under an insecticide-treated net (ITN),36.6,1,NG,Nigeria,2010,NG2010MIS,ML_NETC_C_ITN,124836020,I,433007,1433030,Region,North West,0,,0,1,MLNETCCITN,NGMIS2010433007,2010,MIS,2008,1530,,,1
NGA,South East,6234080,Children under 5 who slept under an insecticide-treated net (ITN),16.8,1,NG,Nigeria,2010,NG2010MIS,ML_NETC_C_ITN,124836020,I,433008,1433040,Region,South East,0,,0,1,MLNETCCITN,NGMIS2010433008,2010,MIS,503,779,,,1
NGA,South West,2351895,Children under 5 who slept under an insecticide-treated net (ITN),8.1,1,NG,Nigeria,2010,NG2010MIS,ML_NETC_C_ITN,124836020,I,433009,1433050,Region,South West,0,,0,1,MLNETCCITN,NGMIS2010433009,2010,MIS,883,616,,,1
NGA,South South,5527806,Children under 5 who slept under an insecticide-treated net (ITN),25.8,1,NG,Nigeria,2010,NG2010MIS,ML_NETC_C_ITN,124836020,I,433010,1433060,Region,South South,0,,0,1,MLNETCCITN,NGMIS2010433010,2010,MIS,896,1054,,,1
NGA,North Central,3775212,Women with secondary or higher education,38.1,1,NG,Nigeria,2010,NG2010MIS,ED_EDUC_W_SEH,231203100,I,433005,1433010,Region,North Central,0,,0,1,EDEDUCWSEH,NGMIS2010433005,2010,MIS,1039,1079,,,1
NGA,North East,5126409,Women with secondary or higher education,17.2,1,NG,Nigeria,2010,NG2010MIS,ED_EDUC_W_SEH,231203100,I,433006,1433020,Region,North East,0,,0,1,EDEDUCWSEH,NGMIS2010433006,2010,MIS,951,1087,,,1
NGA,North West,198021,Women with secondary or higher education,12.2,1,NG,Nigeria,2010,NG2010MIS,ED_EDUC_W_SEH,231203100,I,433007,1433030,Region,North West,0,,0,1,EDEDUCWSEH,NGMIS2010433007,2010,MIS,1584,1205,,,1
NGA,South East,1915171,Women with secondary or higher education,74.9,1,NG,Nigeria,2010,NG2010MIS,ED_EDUC_W_SEH,231203100,I,433008,1433040,Region,South East,0,,0,1,EDEDUCWSEH,NGMIS2010433008,2010,MIS,681,1011,,,1
NGA,South West,4397072,Women with secondary or higher education,60,1,NG,Nigeria,2010,NG2010MIS,ED_EDUC_W_SEH,231203100,I,433009,1433050,Region,South West,0,,0,1,EDEDUCWSEH,NGMIS2010433009,2010,MIS,1130,838,,,1
NGA,South South,7246341,Women with secondary or higher education,65.4,1,NG,Nigeria,2010,NG2010MIS,ED_EDUC_W_SEH,231203100,I,433010,1433060,Region,South South,0,,0,1,EDEDUCWSEH,NGMIS2010433010,2010,MIS,959,1124,,,1
NGA,North Central,3090,Women who are literate,48,1,NG,Nigeria,2010,NG2010MIS,ED_LITR_W_LIT,231233090,I,433005,1433010,Region,North Central,0,,0,1,EDLITRWLIT,NGMIS2010433005,2010,MIS,1039,1079,,,1
NGA,North East,7359170,Women who are literate,23.7,1,NG,Nigeria,2010,NG2010MIS,ED_LITR_W_LIT,231233090,I,433006,1433020,Region,North East,0,,0,1,EDLITRWLIT,NGMIS2010433006,2010,MIS,951,1087,,,1
NGA,North West,4146268,Women who are literate,19.3,1,NG,Nigeria,2010,NG2010MIS,ED_LITR_W_LIT,231233090,I,433007,1433030,Region,North West,0,,0,1,EDLITRWLIT,NGMIS2010433007,2010,MIS,1584,1205,,,1
NGA,South East,2946737,Women who are literate,89.1,1,NG,Nigeria,2010,NG2010MIS,ED_LITR_W_LIT,231233090,I,433008,1433040,Region,South East,0,,0,1,EDLITRWLIT,NGMIS2010433008,2010,MIS,681,1011,,,1
NGA,South West,6922359,Women who are literate,70.2,1,NG,Nigeria,2010,NG2010MIS,ED_LITR_W_LIT,231233090,I,433009,1433050,Region,South West,0,,0,1,EDLITRWLIT,NGMIS2010433009,2010,MIS,1130,838,,,1
NGA,South South,1939825,Women who are literate,77.6,1,NG,Nigeria,2010,NG2010MIS,ED_LITR_W_LIT,231233090,I,433010,1433060,Region,South South,0,,0,1,EDLITRWLIT,NGMIS2010433010,2010,MIS,959,1124,,,1
NGA,North Central,6472568,Households with electricity,39.6,1,NG,Nigeria,2010,NG2010MIS,HC_ELEC_H_ELC,260321010,I,433005,1433010,Region,North Central,0,,0,1,HCELECHELC,NGMIS2010433005,2010,MIS,951,997,,,1
NGA,North East,6009734,Households with electricity,21.9,1,NG,Nigeria,2010,NG2010MIS,HC_ELEC_H_ELC,260321010,I,433006,1433020,Region,North East,0,,0,1,HCELECHELC,NGMIS2010433006,2010,MIS,858,969,,,1
NGA,North West,654067,Households with electricity,36.1,1,NG,Nigeria,2010,NG2010MIS,HC_ELEC_H_ELC,260321010,I,433007,1433030,Region,North West,0,,0,1,HCELECHELC,NGMIS2010433007,2010,MIS,1296,1009,,,1
NGA,South East,1192991,Households with electricity,70.3,1,NG,Nigeria,2010,NG2010MIS,HC_ELEC_H_ELC,260321010,I,433008,1433040,Region,South East,0,,0,1,HCELECHELC,NGMIS2010433008,2010,MIS,678,997,,,1
NGA,South West,713077,Households with electricity,63,1,NG,Nigeria,2010,NG2010MIS,HC_ELEC_H_ELC,260321010,I,433009,1433050,Region,South West,0,,0,1,HCELECHELC,NGMIS2010433009,2010,MIS,1253,916,,,1
NGA,South South,1207282,Households with electricity,61.8,1,NG,Nigeria,2010,NG2010MIS,HC_ELEC_H_ELC,260321010,I,433010,1433060,Region,South South,0,,0,1,HCELECHELC,NGMIS2010433010,2010,MIS,859,1007,,,1
NGA,North Central,1926679,Total fertility rate 15-49,5.3,1,NG,Nigeria,2013,NG2013DHS,FE_FRTR_W_TFR,11763080,I,433005,1433010,Region,North Central,0,,0,1,FEFRTRWTFR,NGDHS2013433005,2013,DHS,,,,,1
NGA,FCT Abuja,1934991,Total fertility rate 15-49,4.5,1,NG,Nigeria,2013,NG2013DHS,FE_FRTR_W_TFR,11763080,I,433011,1433011,Region,..FCT Abuja,0,,0,1,FEFRTRWTFR,NGDHS2013433011,2013,DHS,,,,,2
NGA,Benue,1934906,Total fertility rate 15-49,5.2,1,NG,Nigeria,2013,NG2013DHS,FE_FRTR_W_TFR,11763080,I,433012,1433012,Region,..Benue,0,,0,1,FEFRTRWTFR,NGDHS2013433012,2013,DHS,,,,,2
NGA,Kogi,7313639,Total fertility rate 15-49,4.2,1,NG,Nigeria,2013,NG2013DHS,FE_FRTR_W_TFR,11763080,I,433013,1433013,Region,..Kogi,0,,0,1,FEFRTRWTFR,NGDHS2013433013,2013,DHS,,,,,2
NGA,Kwara,1934950,Total fertility rate 15-49,5.1,1,NG,Nigeria,2013,NG2013DHS,FE_FRTR_W_TFR,11763080,I,433014,1433014,Region,..Kwara,0,,0,1,FEFRTRWTFR,NGDHS2013433014,2013,DHS,,,,,2
NGA,Nasarawa,263714,Total fertility rate 15-49,5.4,1,NG,Nigeria,2013,NG2013DHS,FE_FRTR_W_TFR,11763080,I,433015,1433015,Region,..Nasarawa,0,,0,1,FEFRTRWTFR,NGDHS2013433015,2013,DHS,,,,,2
NGA,Niger,1918415,Total fertility rate 15-49,6.1,1,NG,Nigeria,2013,NG2013DHS,FE_FRTR_W_TFR,11763080,I,433016,1433016,Region,..Niger,0,,0,1,FEFRTRWTFR,NGDHS2013433016,2013,DHS,,,,,2
NGA,Plateau,1926667,Total fertility rate 15-49,5.4,1,NG,Nigeria,2013,NG2013DHS,FE_FRTR_W_TFR,11763080,I,433017,1433017,Region,..Plateau,0,,0,1,FEFRTRWTFR,NGDHS2013433017,2013,DHS,,,,,2
NGA,North East,874638,Total fertility rate 15-49,6.3,1,NG,Nigeria,2013,NG2013DHS,FE_FRTR_W_TFR,11763080,I,433006,1433020,Region,North East,0,,0,1,FEFRTRWTFR,NGDHS2013433006,2013,DHS,,,,,1
NGA,Adamawa,1926697,Total fertility rate 15-49,5.8,1,NG,Nigeria,2013,NG2013DHS,FE_FRTR_W_TFR,11763080,I,433021,1433021,Region,..Adamawa,0,,0,1,FEFRTRWTFR,NGDHS2013433021,2013,DHS,,,,,2
NGA,Bauchi,1918352,Total fertility rate 15-49,8.1,1,NG,Nigeria,2013,NG2013DHS,FE_FRTR_W_TFR,11763080,I,433022,1433022,Region,..Bauchi,0,,0,1,FEFRTRWTFR,NGDHS2013433022,2013,DHS,,,,,2
NGA,Borno,1918375,Total fertility rate 15-49,4.7,1,NG,Nigeria,2013,NG2013DHS,FE_FRTR_W_TFR,11763080,I,433023,1433023,Region,..Borno,0,,0,1,FEFRTRWTFR,NGDHS2013433023,2013,DHS,,,,,2
NGA,Gombe,1935036,Total fertility rate 15-49,7,1,NG,Nigeria,2013,NG2013DHS,FE_FRTR_W_TFR,11763080,I,433024,1433024,Region,..Gombe,0,,0,1,FEFRTRWTFR,NGDHS2013433024,2013,DHS,,,,,2
NGA,Taraba,1934963,Total fertility rate 15-49,6,1,NG,Nigeria,2013,NG2013DHS,FE_FRTR_W_TFR,11763080,I,433025,1433025,Region,..Taraba,0,,0,1,FEFRTRWTFR,NGDHS2013433025,2013,DHS,,,,,2
NGA,Yobe,1934981,Total fertility rate 15-49,6.6,1,NG,Nigeria,2013,NG2013DHS,FE_FRTR_W_TFR,11763080,I,433026,1433026,Region,..Yobe,0,,0,1,FEFRTRWTFR,NGDHS2013433026,2013,DHS,,,,,2
NGA,North West,1934922,Total fertility rate 15-49,6.7,1,NG,Nigeria,2013,NG2013DHS,FE_FRTR_W_TFR,11763080,I,433007,1433030,Region,North West,0,,0,1,FEFRTRWTFR,NGDHS2013433007,2013,DHS,,,,,1
NGA,Jigawa,1918463,Total fertility rate 15-49,7.6,1,NG,Nigeria,2013,NG2013DHS,FE_FRTR_W_TFR,11763080,I,433031,1433031,Region,..Jigawa,0,,0,1,FEFRTRWTFR,NGDHS2013433031,2013,DHS,,,,,2
NGA,Kaduna,1935051,Total fertility rate 15-49,4.1,1,NG,Nigeria,2013,NG2013DHS,FE_FRTR_W_TFR,11763080,I,433032,1433032,Region,..Kaduna,0,,0,1,FEFRTRWTFR,NGDHS2013433032,2013,DHS,,,,,2
NGA,Kano,1926713,Total fertility rate 15-49,6.8,1,NG,Nigeria,2013,NG2013DHS,FE_FRTR_W_TFR,11763080,I,433033,1433033,Region,..Kano,0,,0,1,FEFRTRWTFR,NGDHS2013433033,2013,DHS,,,,,2
NGA,Katsina,1918441,Total fertility rate 15-49,7.4,1,NG,Nigeria,2013,NG2013DHS,FE_FRTR_W_TFR,11763080,I,433034,1433034,Region,..Katsina,0,,0,1,FEFRTRWTFR,NGDHS2013433034,2013,DHS,,,,,2
NGA,Kebbi,1935062,Total fertility rate 15-49,6.7,1,NG,Nigeria,2013,NG2013DHS,FE_FRTR_W_TFR,11763080,I,433035,1433035,Region,..Kebbi,0,,0,1,FEFRTRWTFR,NGDHS2013433035,2013,DHS,,,,,2
NGA,Sokoto,7755492,Total fertility rate 15-49,7,1,NG,Nigeria,2013,NG2013DHS,FE_FRTR_W_TFR,11763080,I,433036,1433036,Region,..Sokoto,0,,0,1,FEFRTRWTFR,NGDHS2013433036,2013,DHS,,,,,2
NGA,Zamfara,1942275,Total fertility rate 15-49,8.4,1,NG,Nigeria,2013,NG2013DHS,FE_FRTR_W_TFR,11763080,I,433037,1433037,Region,..Zamfara,0,,0,1,FEFRTRWTFR,NGDHS2013433037,2013,DHS,,,,,2
NGA,South East,1918392,Total fertility rate 15-49,4.7,1,NG,Nigeria,2013,NG2013DHS,FE_FRTR_W_TFR,11763080,I,433008,1433040,Region,South East,0,,0,1,FEFRTRWTFR,NGDHS2013433008,2013,DHS,,,,,1
NGA,Abia,1934967,Total fertility rate 15-49,4.2,1,NG,Nigeria,2013,NG2013DHS,FE_FRTR_W_TFR,11763080,I,433041,1433041,Region,..Abia,0,,0,1,FEFRTRWTFR,NGDHS2013433041,2013,DHS,,,,,2
NGA,Anambra,1926706,Total fertility rate 15-49,4.2,1,NG,Nigeria,2013,NG2013DHS,FE_FRTR_W_TFR,11763080,I,433042,1433042,Region,..Anambra,0,,0,1,FEFRTRWTFR,NGDHS2013433042,2013,DHS,,,,,2
NGA,Ebonyi,1918420,Total fertility rate 15-49,5.3,1,NG,Nigeria,2013,NG2013DHS,FE_FRTR_W_TFR,11763080,I,433043,1433043,Region,..Ebonyi,0,,0,1,FEFRTRWTFR,NGDHS2013433043,2013,DHS,,,,,2
NGA,Enugu,7889331,Total fertility rate 15-49,4.8,1,NG,Nigeria,2013,NG2013DHS,FE_FRTR_W_TFR,11763080,I,433044,1433044,Region,..Enugu,0,,0,1,FEFRTRWTFR,NGDHS2013433044,2013,DHS,,,,,2
NGA,Imo,6711692,Total fertility rate 15-49,4.8,1,NG,Nigeria,2013,NG2013DHS,FE_FRTR_W_TFR,11763080,I,433045,1433045,Region,..Imo,0,,0,1,FEFRTRWTFR,NGDHS2013433045,2013,DHS,,,,,2
NGA,South West,1934890,Total fertility rate 15-49,4.6,1,NG,Nigeria,2013,NG2013DHS,FE_FRTR_W_TFR,11763080,I,433009,1433050,Region,South West,0,,0,1,FEFRTRWTFR,NGDHS2013433009,2013,DHS,,,,,1
NGA,Ekiti,878564,Total fertility rate 15-49,4.3,1,NG,Nigeria,2013,NG2013DHS,FE_FRTR_W_TFR,11763080,I,433051,1433051,Region,..Ekiti,0,,0,1,FEFRTRWTFR,NGDHS2013433051,2013,DHS,,,,,2
NGA,Lagos,1926765,Total fertility rate 15-49,4.1,1,NG,Nigeria,2013,NG2013DHS,FE_FRTR_W_TFR,11763080,I,433052,1433052,Region,..Lagos,0,,0,1,FEFRTRWTFR,NGDHS2013433052,2013,DHS,,,,,2
NGA,Ogun,1942836,Total fertility rate 15-49,5.4,1,NG,Nigeria,2013,NG2013DHS,FE_FRTR_W_TFR,11763080,I,433053,1433053,Region,..Ogun,0,,0,1,FEFRTRWTFR,NGDHS2013433053,2013,DHS,,,,,2
NGA,Ondo,1926751,Total fertility rate 15-49,5.2,1,NG,Nigeria,2013,NG2013DHS,FE_FRTR_W_TFR,11763080,I,433054,1433054,Region,..Ondo,0,,0,1,FEFRTRWTFR,NGDHS2013433054,2013,DHS,,,,,2
NGA,Osun,7759476,Total fertility rate 15-49,4.1,1,NG,Nigeria,2013,NG2013DHS,FE_FRTR_W_TFR,11763080,I,433055,1433055,Region,..Osun,0,,0,1,FEFRTRWTFR,NGDHS2013433055,2013,DHS,,,,,2
NGA,Oyo,1942856,Total fertility rate 15-49,4.5,1,NG,Nigeria,2013,NG2013DHS,FE_FRTR_W_TFR,11763080,I,433056,1433056,Region,..Oyo,0,,0,1,FEFRTRWTFR,NGDHS2013433056,2013,DHS,,,,,2
NGA,South South,1926672,Total fertility rate 15-49,4.3,1,NG,Nigeria,2013,NG2013DHS,FE_FRTR_W_TFR,11763080,I,433010,1433060,Region,South South,0,,0,1,FEFRTRWTFR,NGDHS2013433010,2013,DHS,,,,,1
NGA,Akwa Ibom,1935075,Total fertility rate 15-49,3.9,1,NG,Nigeria,2013,NG2013DHS,FE_FRTR_W_TFR,11763080,I,433061,1433061,Region,..Akwa Ibom,0,,0,1,FEFRTRWTFR,NGDHS2013433061,2013,DHS,,,,,2
NGA,Bayelsa,1935043,Total fertility rate 15-49,4.5,1,NG,Nigeria,2013,NG2013DHS,FE_FRTR_W_TFR,11763080,I,433062,1433062,Region,..Bayelsa,0,,0,1,FEFRTRWTFR,NGDHS2013433062,2013,DHS,,,,,2
NGA,Cross River,1942831,Total fertility rate 15-49,5.4,1,NG,Nigeria,2013,NG2013DHS,FE_FRTR_W_TFR,11763080,I,433063,1433063,Region,..Cross River,0,,0,1,FEFRTRWTFR,NGDHS2013433063,2013,DHS,,,,,2
NGA,Delta,1926756,Total fertility rate 15-49,4.1,1,NG,Nigeria,2013,NG2013DHS,FE_FRTR_W_TFR,11763080,I,433064,1433064,Region,..Delta,0,,0,1,FEFRTRWTFR,NGDHS2013433064,2013,DHS,,,,,2
NGA,Edo,1942860,Total fertility rate 15-49,4.4,1,NG,Nigeria,2013,NG2013DHS,FE_FRTR_W_TFR,11763080,I,433065,1433065,Region,..Edo,0,,0,1,FEFRTRWTFR,NGDHS2013433065,2013,DHS,,,,,2
NGA,Rivers,1942303,Total fertility rate 15-49,3.8,1,NG,Nigeria,2013,NG2013DHS,FE_FRTR_W_TFR,11763080,I,433066,1433066,Region,..Rivers,0,,0,1,FEFRTRWTFR,NGDHS2013433066,2013,DHS,,,,,2
NGA,North Central,6632031,Married women currently using any method of contraception,15.6,1,NG,Nigeria,2013,NG2013DHS,FP_CUSM_W_ANY,32633010,I,433005,1433010,Region,North Central,0,,0,1,FPCUSMWANY,NGDHS2013433005,2013,DHS,3895,4203,,,1
NGA,FCT Abuja,6735391,Married women currently using any method of contraception,25.2,1,NG,Nigeria,2013,NG2013DHS,FP_CUSM_W_ANY,32633010,I,433011,1433011,Region,..FCT Abuja,0,,0,1,FPCUSMWANY,NGDHS2013433011,2013,DHS,200,478,,,2
NGA,Benue,6360363,Married women currently using any method of contraception,16.5,1,NG,Nigeria,2013,NG2013DHS,FP_CUSM_W_ANY,32633010,I,433012,1433012,Region,..Benue,0,,0,1,FPCUSMWANY,NGDHS2013433012,2013,DHS,827,548,,,2
NGA,Kogi,1600200,Married women currently using any method of contraception,10.5,1,NG,Nigeria,2013,NG2013DHS,FP_CUSM_W_ANY,32633010,I,433013,1433013,Region,..Kogi,0,,0,1,FPCUSMWANY,NGDHS2013433013,2013,DHS,433,539,,,2
NGA,Kwara,7138597,Married women currently using any method of contraception,40.2,1,NG,Nigeria,2013,NG2013DHS,FP_CUSM_W_ANY,32633010,I,433014,1433014,Region,..Kwara,0,,0,1,FPCUSMWANY,NGDHS2013433014,2013,DHS,384,635,,,2
NGA,Nasarawa,5136936,Married women currently using any method of contraception,18.1,1,NG,Nigeria,2013,NG2013DHS,FP_CUSM_W_ANY,32633010,I,433015,1433015,Region,..Nasarawa,0,,0,1,FPCUSMWANY,NGDHS2013433015,2013,DHS,420,605,,,2
NGA,Niger,2683860,Married women currently using any method of contraception,6.6,1,NG,Nigeria,2013,NG2013DHS,FP_CUSM_W_ANY,32633010,I,433016,1433016,Region,..Niger,0,,0,1,FPCUSMWANY,NGDHS2013433016,2013,DHS,1190,820,,,2
NGA,Plateau,3418400,Married women currently using any method of contraception,15.2,1,NG,Nigeria,2013,NG2013DHS,FP_CUSM_W_ANY,32633010,I,433017,1433017,Region,..Plateau,0,,0,1,FPCUSMWANY,NGDHS2013433017,2013,DHS,442,578,,,2
NGA,North East,871098,Married women currently using any method of contraception,3.2,1,NG,Nigeria,2013,NG2013DHS,FP_CUSM_W_ANY,32633010,I,433006,1433020,Region,North East,0,,0,1,FPCUSMWANY,NGDHS2013433006,2013,DHS,4679,5309,,,1
NGA,Adamawa,5001917,Married women currently using any method of contraception,4.4,1,NG,Nigeria,2013,NG2013DHS,FP_CUSM_W_ANY,32633010,I,433021,1433021,Region,..Adamawa,0,,0,1,FPCUSMWANY,NGDHS2013433021,2013,DHS,586,804,,,2
NGA,Bauchi,33057,Married women currently using any method of contraception,2.2,1,NG,Nigeria,2013,NG2013DHS,FP_CUSM_W_ANY,32633010,I,433022,1433022,Region,..Bauchi,0,,0,1,FPCUSMWANY,NGDHS2013433022,2013,DHS,1051,1075,,,2
NGA,Borno,245985,Married women currently using any method of contraception,1.8,1,NG,Nigeria,2013,NG2013DHS,FP_CUSM_W_ANY,32633010,I,433023,1433023,Region,..Borno,0,,0,1,FPCUSMWANY,NGDHS2013433023,2013,DHS,1120,597,,,2
NGA,Gombe,7400259,Married women currently using any method of contraception,4,1,NG,Nigeria,2013,NG2013DHS,FP_CUSM_W_ANY,32633010,I,433024,1433024,Region,..Gombe,0,,0,1,FPCUSMWANY,NGDHS2013433024,2013,DHS,467,905,,,2
NGA,Taraba,4153453,Married women currently using any method of contraception,8,1,NG,Nigeria,2013,NG2013DHS,FP_CUSM_W_ANY,32633010,I,433025,1433025,Region,..Taraba,0,,0,1,FPCUSMWANY,NGDHS2013433025,2013,DHS,632,1016,,,2
NGA,Yobe,5935127,Married women currently using any method of contraception,1.1,1,NG,Nigeria,2013,NG2013DHS,FP_CUSM_W_ANY,32633010,I,433026,1433026,Region,..Yobe,0,,0,1,FPCUSMWANY,NGDHS2013433026,2013,DHS,824,912,,,2
NGA,North West,5935115,Married women currently using any method of contraception,4.3,1,NG,Nigeria,2013,NG2013DHS,FP_CUSM_W_ANY,32633010,I,433007,1433030,Region,North West,0,,0,1,FPCUSMWANY,NGDHS2013433007,2013,DHS,10034,8319,,,1
NGA,Jigawa,6353864,Married women currently using any method of contraception,0.9,1,NG,Nigeria,2013,NG2013DHS,FP_CUSM_W_ANY,32633010,I,433031,1433031,Region,..Jigawa,0,,0,1,FPCUSMWANY,NGDHS2013433031,2013,DHS,1256,1125,,,2
NGA,Kaduna,1600240,Married women currently using any method of contraception,20.2,1,NG,Nigeria,2013,NG2013DHS,FP_CUSM_W_ANY,32633010,I,433032,1433032,Region,..Kaduna,0,,0,1,FPCUSMWANY,NGDHS2013433032,2013,DHS,1594,944,,,2
NGA,Kano,5775904,Married women currently using any method of contraception,0.6,1,NG,Nigeria,2013,NG2013DHS,FP_CUSM_W_ANY,32633010,I,433033,1433033,Region,..Kano,0,,0,1,FPCUSMWANY,NGDHS2013433033,2013,DHS,2521,1798,,,2
NGA,Katsina,5126492,Married women currently using any method of contraception,1.3,1,NG,Nigeria,2013,NG2013DHS,FP_CUSM_W_ANY,32633010,I,433034,1433034,Region,..Katsina,0,,0,1,FPCUSMWANY,NGDHS2013433034,2013,DHS,1408,1191,,,2
NGA,Kebbi,2677394,Married women currently using any method of contraception,1.3,1,NG,Nigeria,2013,NG2013DHS,FP_CUSM_W_ANY,32633010,I,433035,1433035,Region,..Kebbi,0,,0,1,FPCUSMWANY,NGDHS2013433035,2013,DHS,1074,1041,,,2
NGA,Sokoto,7756671,Married women currently using any method of contraception,1.1,1,NG,Nigeria,2013,NG2013DHS,FP_CUSM_W_ANY,32633010,I,433036,1433036,Region,..Sokoto,0,,0,1,FPCUSMWANY,NGDHS2013433036,2013,DHS,956,1131,,,2
NGA,Zamfara,2914037,Married women currently using any method of contraception,3,1,NG,Nigeria,2013,NG2013DHS,FP_CUSM_W_ANY,32633010,I,433037,1433037,Region,..Zamfara,0,,0,1,FPCUSMWANY,NGDHS2013433037,2013,DHS,1226,1089,,,2
NGA,South East,7063177,Married women currently using any method of contraception,29.3,1,NG,Nigeria,2013,NG2013DHS,FP_CUSM_W_ANY,32633010,I,433008,1433040,Region,South East,0,,0,1,FPCUSMWANY,NGDHS2013433008,2013,DHS,2333,2351,,,1
NGA,Abia,4817138,Married women currently using any method of contraception,33.4,1,NG,Nigeria,2013,NG2013DHS,FP_CUSM_W_ANY,32633010,I,433041,1433041,Region,..Abia,0,,0,1,FPCUSMWANY,NGDHS2013433041,2013,DHS,292,451,,,2
NGA,Anambra,997334,Married women currently using any method of contraception,35,1,NG,Nigeria,2013,NG2013DHS,FP_CUSM_W_ANY,32633010,I,433042,1433042,Region,..Anambra,0,,0,1,FPCUSMWANY,NGDHS2013433042,2013,DHS,564,488,,,2
NGA,Ebonyi,7393132,Married women currently using any method of contraception,15.7,1,NG,Nigeria,2013,NG2013DHS,FP_CUSM_W_ANY,32633010,I,433043,1433043,Region,..Ebonyi,0,,0,1,FPCUSMWANY,NGDHS2013433043,2013,DHS,564,538,,,2
NGA,Enugu,7891582,Married women currently using any method of contraception,31.4,1,NG,Nigeria,2013,NG2013DHS,FP_CUSM_W_ANY,32633010,I,433044,1433044,Region,..Enugu,0,,0,1,FPCUSMWANY,NGDHS2013433044,2013,DHS,467,486,,,2
NGA,Imo,6151633,Married women currently using any method of contraception,34.1,1,NG,Nigeria,2013,NG2013DHS,FP_CUSM_W_ANY,32633010,I,433045,1433045,Region,..Imo,0,,0,1,FPCUSMWANY,NGDHS2013433045,2013,DHS,446,388,,,2
NGA,South West,3632223,Married women currently using any method of contraception,38,1,NG,Nigeria,2013,NG2013DHS,FP_CUSM_W_ANY,32633010,I,433009,1433050,Region,South West,0,,0,1,FPCUSMWANY,NGDHS2013433009,2013,DHS,4189,3784,,,1
NGA,Ekiti,876932,Married women currently using any method of contraception,34.5,1,NG,Nigeria,2013,NG2013DHS,FP_CUSM_W_ANY,32633010,I,433051,1433051,Region,..Ekiti,0,,0,1,FPCUSMWANY,NGDHS2013433051,2013,DHS,194,518,,,2
NGA,Lagos,5775925,Married women currently using any method of contraception,48.3,1,NG,Nigeria,2013,NG2013DHS,FP_CUSM_W_ANY,32633010,I,433052,1433052,Region,..Lagos,0,,0,1,FPCUSMWANY,NGDHS2013433052,2013,DHS,1236,917,,,2
NGA,Ogun,6984840,Married women currently using any method of contraception,26,1,NG,Nigeria,2013,NG2013DHS,FP_CUSM_W_ANY,32633010,I,433053,1433053,Region,..Ogun,0,,0,1,FPCUSMWANY,NGDHS2013433053,2013,DHS,655,490,,,2
NGA,Ondo,1576406,Married women currently using any method of contraception,31.1,1,NG,Nigeria,2013,NG2013DHS,FP_CUSM_W_ANY,32633010,I,433054,1433054,Region,..Ondo,0,,0,1,FPCUSMWANY,NGDHS2013433054,2013,DHS,510,574,,,2
NGA,Osun,7766005,Married women currently using any method of contraception,38.3,1,NG,Nigeria,2013,NG2013DHS,FP_CUSM_W_ANY,32633010,I,433055,1433055,Region,..Osun,0,,0,1,FPCUSMWANY,NGDHS2013433055,2013,DHS,465,611,,,2
NGA,Oyo,2894851,Married women currently using any method of contraception,37.4,1,NG,Nigeria,2013,NG2013DHS,FP_CUSM_W_ANY,32633010,I,433056,1433056,Region,..Oyo,0,,0,1,FPCUSMWANY,NGDHS2013433056,2013,DHS,1129,674,,,2
NGA,South South,4823645,Married women currently using any method of contraception,28.1,1,NG,Nigeria,2013,NG2013DHS,FP_CUSM_W_ANY,32633010,I,433010,1433060,Region,South South,0,,0,1,FPCUSMWANY,NGDHS2013433010,2013,DHS,2699,3308,,,1
NGA,Akwa Ibom,3176783,Married women currently using any method of contraception,25.5,1,NG,Nigeria,2013,NG2013DHS,FP_CUSM_W_ANY,32633010,I,433061,1433061,Region,..Akwa Ibom,0,,0,1,FPCUSMWANY,NGDHS2013433061,2013,DHS,410,470,,,2
NGA,Bayelsa,3459815,Married women currently using any method of contraception,13.3,1,NG,Nigeria,2013,NG2013DHS,FP_CUSM_W_ANY,32633010,I,433062,1433062,Region,..Bayelsa,0,,0,1,FPCUSMWANY,NGDHS2013433062,2013,DHS,202,679,,,2
NGA,Cross River,4160295,Married women currently using any method of contraception,24,1,NG,Nigeria,2013,NG2013DHS,FP_CUSM_W_ANY,32633010,I,433063,1433063,Region,..Cross River,0,,0,1,FPCUSMWANY,NGDHS2013433063,2013,DHS,437,439,,,2
NGA,Delta,6144782,Married women currently using any method of contraception,28.7,1,NG,Nigeria,2013,NG2013DHS,FP_CUSM_W_ANY,32633010,I,433064,1433064,Region,..Delta,0,,0,1,FPCUSMWANY,NGDHS2013433064,2013,DHS,551,644,,,2
NGA,Edo,5518762,Married women currently using any method of contraception,30.3,1,NG,Nigeria,2013,NG2013DHS,FP_CUSM_W_ANY,32633010,I,433065,1433065,Region,..Edo,0,,0,1,FPCUSMWANY,NGDHS2013433065,2013,DHS,395,574,,,2
NGA,Rivers,4677499,Married women currently using any method of contraception,34.5,1,NG,Nigeria,2013,NG2013DHS,FP_CUSM_W_ANY,32633010,I,433066,1433066,Region,..Rivers,0,,0,1,FPCUSMWANY,NGDHS2013433066,2013,DHS,704,502,,,2
NGA,North Central,6632032,Married women currently using any modern method of contraception,12.4,1,NG,Nigeria,2013,NG2013DHS,FP_CUSM_W_MOD,32633020,I,433005,1433010,Region,North Central,0,,0,1,FPCUSMWMOD,NGDHS2013433005,2013,DHS,3895,4203,,,1
NGA,FCT Abuja,6735392,Married women currently using any modern method of contraception,20.6,1,NG,Nigeria,2013,NG2013DHS,FP_CUSM_W_MOD,32633020,I,433011,1433011,Region,..FCT Abuja,0,,0,1,FPCUSMWMOD,NGDHS2013433011,2013,DHS,200,478,,,2
NGA,Benue,6360364,Married women currently using any modern method of contraception,12.1,1,NG,Nigeria,2013,NG2013DHS,FP_CUSM_W_MOD,32633020,I,433012,1433012,Region,..Benue,0,,0,1,FPCUSMWMOD,NGDHS2013433012,2013,DHS,827,548,,,2
NGA,Kogi,1600201,Married women currently using any modern method of contraception,8.5,1,NG,Nigeria,2013,NG2013DHS,FP_CUSM_W_MOD,32633020,I,433013,1433013,Region,..Kogi,0,,0,1,FPCUSMWMOD,NGDHS2013433013,2013,DHS,433,539,,,2
NGA,Kwara,7138598,Married women currently using any modern method of contraception,27.7,1,NG,Nigeria,2013,NG2013DHS,FP_CUSM_W_MOD,32633020,I,433014,1433014,Region,..Kwara,0,,0,1,FPCUSMWMOD,NGDHS2013433014,2013,DHS,384,635,,,2
NGA,Nasarawa,5136937,Married women currently using any modern method of contraception,16.3,1,NG,Nigeria,2013,NG2013DHS,FP_CUSM_W_MOD,32633020,I,433015,1433015,Region,..Nasarawa,0,,0,1,FPCUSMWMOD,NGDHS2013433015,2013,DHS,420,605,,,2
NGA,Niger,2683861,Married women currently using any modern method of contraception,5.6,1,NG,Nigeria,2013,NG2013DHS,FP_CUSM_W_MOD,32633020,I,433016,1433016,Region,..Niger,0,,0,1,FPCUSMWMOD,NGDHS2013433016,2013,DHS,1190,820,,,2
NGA,Plateau,3418401,Married women currently using any modern method of contraception,14.4,1,NG,Nigeria,2013,NG2013DHS,FP_CUSM_W_MOD,32633020,I,433017,1433017,Region,..Plateau,0,,0,1,FPCUSMWMOD,NGDHS2013433017,2013,DHS,442,578,,,2
NGA,North East,871099,Married women currently using any modern method of contraception,2.7,1,NG,Nigeria,2013,NG2013DHS,FP_CUSM_W_MOD,32633020,I,433006,1433020,Region,North East,0,,0,1,FPCUSMWMOD,NGDHS2013433006,2013,DHS,4679,5309,,,1
NGA,Adamawa,5001918,Married women currently using any modern method of contraception,3.5,1,NG,Nigeria,2013,NG2013DHS,FP_CUSM_W_MOD,32633020,I,433021,1433021,Region,..Adamawa,0,,0,1,FPCUSMWMOD,NGDHS2013433021,2013,DHS,586,804,,,2
NGA,Bauchi,33058,Married women currently using any modern method of contraception,2.1,1,NG,Nigeria,2013,NG2013DHS,FP_CUSM_W_MOD,32633020,I,433022,1433022,Region,..Bauchi,0,,0,1,FPCUSMWMOD,NGDHS2013433022,2013,DHS,1051,1075,,,2
NGA,Borno,245986,Married women currently using any modern method of contraception,1.8,1,NG,Nigeria,2013,NG2013DHS,FP_CUSM_W_MOD,32633020,I,433023,1433023,Region,..Borno,0,,0,1,FPCUSMWMOD,NGDHS2013433023,2013,DHS,1120,597,,,2
NGA,Gombe,7400260,Married women currently using any modern method of contraception,4,1,NG,Nigeria,2013,NG2013DHS,FP_CUSM_W_MOD,32633020,I,433024,1433024,Region,..Gombe,0,,0,1,FPCUSMWMOD,NGDHS2013433024,2013,DHS,467,905,,,2
NGA,Taraba,4153470,Married women currently using any modern method of contraception,6.5,1,NG,Nigeria,2013,NG2013DHS,FP_CUSM_W_MOD,32633020,I,433025,1433025,Region,..Taraba,0,,0,1,FPCUSMWMOD,NGDHS2013433025,2013,DHS,632,1016,,,2
NGA,Yobe,5935128,Married women currently using any modern method of contraception,0.5,1,NG,Nigeria,2013,NG2013DHS,FP_CUSM_W_MOD,32633020,I,433026,1433026,Region,..Yobe,0,,0,1,FPCUSMWMOD,NGDHS2013433026,2013,DHS,824,912,,,2
NGA,North West,5935116,Married women currently using any modern method of contraception,3.6,1,NG,Nigeria,2013,NG2013DHS,FP_CUSM_W_MOD,32633020,I,433007,1433030,Region,North West,0,,0,1,FPCUSMWMOD,NGDHS2013433007,2013,DHS,10034,8319,,,1
NGA,Jigawa,6353865,Married women currently using any modern method of contraception,0.6,1,NG,Nigeria,2013,NG2013DHS,FP_CUSM_W_MOD,32633020,I,433031,1433031,Region,..Jigawa,0,,0,1,FPCUSMWMOD,NGDHS2013433031,2013,DHS,1256,1125,,,2
NGA,Kaduna,1600241,Married women currently using any modern method of contraception,18.5,1,NG,Nigeria,2013,NG2013DHS,FP_CUSM_W_MOD,32633020,I,433032,1433032,Region,..Kaduna,0,,0,1,FPCUSMWMOD,NGDHS2013433032,2013,DHS,1594,944,,,2
NGA,Kano,5775905,Married women currently using any modern method of contraception,0.5,1,NG,Nigeria,2013,NG2013DHS,FP_CUSM_W_MOD,32633020,I,433033,1433033,Region,..Kano,0,,0,1,FPCUSMWMOD,NGDHS2013433033,2013,DHS,2521,1798,,,2
NGA,Katsina,5126493,Married women currently using any modern method of contraception,1.1,1,NG,Nigeria,2013,NG2013DHS,FP_CUSM_W_MOD,32633020,I,433034,1433034,Region,..Katsina,0,,0,1,FPCUSMWMOD,NGDHS2013433034,2013,DHS,1408,1191,,,2
NGA,Kebbi,2677395,Married women currently using any modern method of contraception,1.2,1,NG,Nigeria,2013,NG2013DHS,FP_CUSM_W_MOD,32633020,I,433035,1433035,Region,..Kebbi,0,,0,1,FPCUSMWMOD,NGDHS2013433035,2013,DHS,1074,1041,,,2
NGA,Sokoto,7756672,Married women currently using any modern method of contraception,0.7,1,NG,Nigeria,2013,NG2013DHS,FP_CUSM_W_MOD,32633020,I,433036,1433036,Region,..Sokoto,0,,0,1,FPCUSMWMOD,NGDHS2013433036,2013,DHS,956,1131,,,2
NGA,Zamfara,2914038,Married women currently using any modern method of contraception,1.3,1,NG,Nigeria,2013,NG2013DHS,FP_CUSM_W_MOD,32633020,I,433037,1433037,Region,..Zamfara,0,,0,1,FPCUSMWMOD,NGDHS2013433037,2013,DHS,1226,1089,,,2
NGA,South East,7063178,Married women currently using any modern method of contraception,11,1,NG,Nigeria,2013,NG2013DHS,FP_CUSM_W_MOD,32633020,I,433008,1433040,Region,South East,0,,0,1,FPCUSMWMOD,NGDHS2013433008,2013,DHS,2333,2351,,,1
NGA,Abia,4817139,Married women currently using any modern method of contraception,15.6,1,NG,Nigeria,2013,NG2013DHS,FP_CUSM_W_MOD,32633020,I,433041,1433041,Region,..Abia,0,,0,1,FPCUSMWMOD,NGDHS2013433041,2013,DHS,292,451,,,2
NGA,Anambra,997335,Married women currently using any modern method of contraception,11.7,1,NG,Nigeria,2013,NG2013DHS,FP_CUSM_W_MOD,32633020,I,433042,1433042,Region,..Anambra,0,,0,1,FPCUSMWMOD,NGDHS2013433042,2013,DHS,564,488,,,2
NGA,Ebonyi,7393133,Married women currently using any modern method of contraception,5.6,1,NG,Nigeria,2013,NG2013DHS,FP_CUSM_W_MOD,32633020,I,433043,1433043,Region,..Ebonyi,0,,0,1,FPCUSMWMOD,NGDHS2013433043,2013,DHS,564,538,,,2
NGA,Enugu,7891583,Married women currently using any modern method of contraception,14.3,1,NG,Nigeria,2013,NG2013DHS,FP_CUSM_W_MOD,32633020,I,433044,1433044,Region,..Enugu,0,,0,1,FPCUSMWMOD,NGDHS2013433044,2013,DHS,467,486,,,2
NGA,Imo,6151634,Married women currently using any modern method of contraception,10.7,1,NG,Nigeria,2013,NG2013DHS,FP_CUSM_W_MOD,32633020,I,433045,1433045,Region,..Imo,0,,0,1,FPCUSMWMOD,NGDHS2013433045,2013,DHS,446,388,,,2
NGA,South West,3632224,Married women currently using any modern method of contraception,24.9,1,NG,Nigeria,2013,NG2013DHS,FP_CUSM_W_MOD,32633020,I,433009,1433050,Region,South West,0,,0,1,FPCUSMWMOD,NGDHS2013433009,2013,DHS,4189,3784,,,1
NGA,Ekiti,876933,Married women currently using any modern method of contraception,26.6,1,NG,Nigeria,2013,NG2013DHS,FP_CUSM_W_MOD,32633020,I,433051,1433051,Region,..Ekiti,0,,0,1,FPCUSMWMOD,NGDHS2013433051,2013,DHS,194,518,,,2
NGA,Lagos,5775926,Married women currently using any modern method of contraception,26.4,1,NG,Nigeria,2013,NG2013DHS,FP_CUSM_W_MOD,32633020,I,433052,1433052,Region,..Lagos,0,,0,1,FPCUSMWMOD,NGDHS2013433052,2013,DHS,1236,917,,,2
NGA,Ogun,6984841,Married women currently using any modern method of contraception,21.5,1,NG,Nigeria,2013,NG2013DHS,FP_CUSM_W_MOD,32633020,I,433053,1433053,Region,..Ogun,0,,0,1,FPCUSMWMOD,NGDHS2013433053,2013,DHS,655,490,,,2
NGA,Ondo,1576407,Married women currently using any modern method of contraception,20.4,1,NG,Nigeria,2013,NG2013DHS,FP_CUSM_W_MOD,32633020,I,433054,1433054,Region,..Ondo,0,,0,1,FPCUSMWMOD,NGDHS2013433054,2013,DHS,510,574,,,2
NGA,Osun,7766006,Married women currently using any modern method of contraception,31.6,1,NG,Nigeria,2013,NG2013DHS,FP_CUSM_W_MOD,32633020,I,433055,1433055,Region,..Osun,0,,0,1,FPCUSMWMOD,NGDHS2013433055,2013,DHS,465,611,,,2
NGA,Oyo,2894852,Married women currently using any modern method of contraception,24.4,1,NG,Nigeria,2013,NG2013DHS,FP_CUSM_W_MOD,32633020,I,433056,1433056,Region,..Oyo,0,,0,1,FPCUSMWMOD,NGDHS2013433056,2013,DHS,1129,674,,,2
NGA,South South,4823646,Married women currently using any modern method of contraception,16.4,1,NG,Nigeria,2013,NG2013DHS,FP_CUSM_W_MOD,32633020,I,433010,1433060,Region,South South,0,,0,1,FPCUSMWMOD,NGDHS2013433010,2013,DHS,2699,3308,,,1
NGA,Akwa Ibom,3176784,Married women currently using any modern method of contraception,16.5,1,NG,Nigeria,2013,NG2013DHS,FP_CUSM_W_MOD,32633020,I,433061,1433061,Region,..Akwa Ibom,0,,0,1,FPCUSMWMOD,NGDHS2013433061,2013,DHS,410,470,,,2
NGA,Bayelsa,3459841,Married women currently using any modern method of contraception,10.1,1,NG,Nigeria,2013,NG2013DHS,FP_CUSM_W_MOD,32633020,I,433062,1433062,Region,..Bayelsa,0,,0,1,FPCUSMWMOD,NGDHS2013433062,2013,DHS,202,679,,,2
NGA,Cross River,4160296,Married women currently using any modern method of contraception,14.4,1,NG,Nigeria,2013,NG2013DHS,FP_CUSM_W_MOD,32633020,I,433063,1433063,Region,..Cross River,0,,0,1,FPCUSMWMOD,NGDHS2013433063,2013,DHS,437,439,,,2
NGA,Delta,6144783,Married women currently using any modern method of contraception,16.8,1,NG,Nigeria,2013,NG2013DHS,FP_CUSM_W_MOD,32633020,I,433064,1433064,Region,..Delta,0,,0,1,FPCUSMWMOD,NGDHS2013433064,2013,DHS,551,644,,,2
NGA,Edo,5518763,Married women currently using any modern method of contraception,19.1,1,NG,Nigeria,2013,NG2013DHS,FP_CUSM_W_MOD,32633020,I,433065,1433065,Region,..Edo,0,,0,1,FPCUSMWMOD,NGDHS2013433065,2013,DHS,395,574,,,2
NGA,Rivers,4677500,Married women currently using any modern method of contraception,17.5,1,NG,Nigeria,2013,NG2013DHS,FP_CUSM_W_MOD,32633020,I,433066,1433066,Region,..Rivers,0,,0,1,FPCUSMWMOD,NGDHS2013433066,2013,DHS,704,502,,,2
NGA,North Central,6944452,Unmet need for family planning,23.5,1,NG,Nigeria,2013,NG2013DHS,FP_NADM_W_UNT,32933030,I,433005,1433010,Region,North Central,0,,0,1,FPNADMWUNT,NGDHS2013433005,2013,DHS,3895,4203,,,1
NGA,FCT Abuja,1600468,Unmet need for family planning,19.7,1,NG,Nigeria,2013,NG2013DHS,FP_NADM_W_UNT,32933030,I,433011,1433011,Region,..FCT Abuja,0,,0,1,FPNADMWUNT,NGDHS2013433011,2013,DHS,200,478,,,2
NGA,Benue,4674156,Unmet need for family planning,31.4,1,NG,Nigeria,2013,NG2013DHS,FP_NADM_W_UNT,32933030,I,433012,1433012,Region,..Benue,0,,0,1,FPNADMWUNT,NGDHS2013433012,2013,DHS,827,548,,,2
NGA,Kogi,1600481,Unmet need for family planning,20.9,1,NG,Nigeria,2013,NG2013DHS,FP_NADM_W_UNT,32933030,I,433013,1433013,Region,..Kogi,0,,0,1,FPNADMWUNT,NGDHS2013433013,2013,DHS,433,539,,,2
NGA,Kwara,7398537,Unmet need for family planning,12.2,1,NG,Nigeria,2013,NG2013DHS,FP_NADM_W_UNT,32933030,I,433014,1433014,Region,..Kwara,0,,0,1,FPNADMWUNT,NGDHS2013433014,2013,DHS,384,635,,,2
NGA,Nasarawa,2798457,Unmet need for family planning,20.8,1,NG,Nigeria,2013,NG2013DHS,FP_NADM_W_UNT,32933030,I,433015,1433015,Region,..Nasarawa,0,,0,1,FPNADMWUNT,NGDHS2013433015,2013,DHS,420,605,,,2
NGA,Niger,5928406,Unmet need for family planning,24.3,1,NG,Nigeria,2013,NG2013DHS,FP_NADM_W_UNT,32933030,I,433016,1433016,Region,..Niger,0,,0,1,FPNADMWUNT,NGDHS2013433016,2013,DHS,1190,820,,,2
NGA,Plateau,5373335,Unmet need for family planning,23,1,NG,Nigeria,2013,NG2013DHS,FP_NADM_W_UNT,32933030,I,433017,1433017,Region,..Plateau,0,,0,1,FPNADMWUNT,NGDHS2013433017,2013,DHS,442,578,,,2
NGA,North East,873507,Unmet need for family planning,17.5,1,NG,Nigeria,2013,NG2013DHS,FP_NADM_W_UNT,32933030,I,433006,1433020,Region,North East,0,,0,1,FPNADMWUNT,NGDHS2013433006,2013,DHS,4679,5309,,,1
NGA,Adamawa,7322881,Unmet need for family planning,21.8,1,NG,Nigeria,2013,NG2013DHS,FP_NADM_W_UNT,32933030,I,433021,1433021,Region,..Adamawa,0,,0,1,FPNADMWUNT,NGDHS2013433021,2013,DHS,586,804,,,2
NGA,Bauchi,3976874,Unmet need for family planning,16.4,1,NG,Nigeria,2013,NG2013DHS,FP_NADM_W_UNT,32933030,I,433022,1433022,Region,..Bauchi,0,,0,1,FPNADMWUNT,NGDHS2013433022,2013,DHS,1051,1075,,,2
NGA,Borno,2952828,Unmet need for family planning,17.1,1,NG,Nigeria,2013,NG2013DHS,FP_NADM_W_UNT,32933030,I,433023,1433023,Region,..Borno,0,,0,1,FPNADMWUNT,NGDHS2013433023,2013,DHS,1120,597,,,2
NGA,Gombe,6937419,Unmet need for family planning,19.4,1,NG,Nigeria,2013,NG2013DHS,FP_NADM_W_UNT,32933030,I,433024,1433024,Region,..Gombe,0,,0,1,FPNADMWUNT,NGDHS2013433024,2013,DHS,467,905,,,2
NGA,Taraba,3133930,Unmet need for family planning,19.5,1,NG,Nigeria,2013,NG2013DHS,FP_NADM_W_UNT,32933030,I,433025,1433025,Region,..Taraba,0,,0,1,FPNADMWUNT,NGDHS2013433025,2013,DHS,632,1016,,,2
NGA,Yobe,3487930,Unmet need for family planning,14.1,1,NG,Nigeria,2013,NG2013DHS,FP_NADM_W_UNT,32933030,I,433026,1433026,Region,..Yobe,0,,0,1,FPNADMWUNT,NGDHS2013433026,2013,DHS,824,912,,,2
NGA,North West,3434595,Unmet need for family planning,12,1,NG,Nigeria,2013,NG2013DHS,FP_NADM_W_UNT,32933030,I,433007,1433030,Region,North West,0,,0,1,FPNADMWUNT,NGDHS2013433007,2013,DHS,10034,8319,,,1
NGA,Jigawa,4687546,Unmet need for family planning,16.5,1,NG,Nigeria,2013,NG2013DHS,FP_NADM_W_UNT,32933030,I,433031,1433031,Region,..Jigawa,0,,0,1,FPNADMWUNT,NGDHS2013433031,2013,DHS,1256,1125,,,2
NGA,Kaduna,1600503,Unmet need for family planning,5.8,1,NG,Nigeria,2013,NG2013DHS,FP_NADM_W_UNT,32933030,I,433032,1433032,Region,..Kaduna,0,,0,1,FPNADMWUNT,NGDHS2013433032,2013,DHS,1594,944,,,2
NGA,Kano,6422759,Unmet need for family planning,11.1,1,NG,Nigeria,2013,NG2013DHS,FP_NADM_W_UNT,32933030,I,433033,1433033,Region,..Kano,0,,0,1,FPNADMWUNT,NGDHS2013433033,2013,DHS,2521,1798,,,2
NGA,Katsina,2818749,Unmet need for family planning,14.5,1,NG,Nigeria,2013,NG2013DHS,FP_NADM_W_UNT,32933030,I,433034,1433034,Region,..Katsina,0,,0,1,FPNADMWUNT,NGDHS2013433034,2013,DHS,1408,1191,,,2
NGA,Kebbi,5935658,Unmet need for family planning,18.2,1,NG,Nigeria,2013,NG2013DHS,FP_NADM_W_UNT,32933030,I,433035,1433035,Region,..Kebbi,0,,0,1,FPNADMWUNT,NGDHS2013433035,2013,DHS,1074,1041,,,2
NGA,Sokoto,7755279,Unmet need for family planning,7.5,1,NG,Nigeria,2013,NG2013DHS,FP_NADM_W_UNT,32933030,I,433036,1433036,Region,..Sokoto,0,,0,1,FPNADMWUNT,NGDHS2013433036,2013,DHS,956,1131,,,2
NGA,Zamfara,1599816,Unmet need for family planning,12.8,1,NG,Nigeria,2013,NG2013DHS,FP_NADM_W_UNT,32933030,I,433037,1433037,Region,..Zamfara,0,,0,1,FPNADMWUNT,NGDHS2013433037,2013,DHS,1226,1089,,,2
NGA,South East,1592582,Unmet need for family planning,12.5,1,NG,Nigeria,2013,NG2013DHS,FP_NADM_W_UNT,32933030,I,433008,1433040,Region,South East,0,,0,1,FPNADMWUNT,NGDHS2013433008,2013,DHS,2333,2351,,,1
NGA,Abia,3921852,Unmet need for family planning,11.2,1,NG,Nigeria,2013,NG2013DHS,FP_NADM_W_UNT,32933030,I,433041,1433041,Region,..Abia,0,,0,1,FPNADMWUNT,NGDHS2013433041,2013,DHS,292,451,,,2
NGA,Anambra,2836857,Unmet need for family planning,7.1,1,NG,Nigeria,2013,NG2013DHS,FP_NADM_W_UNT,32933030,I,433042,1433042,Region,..Anambra,0,,0,1,FPNADMWUNT,NGDHS2013433042,2013,DHS,564,488,,,2
NGA,Ebonyi,6931408,Unmet need for family planning,20.5,1,NG,Nigeria,2013,NG2013DHS,FP_NADM_W_UNT,32933030,I,433043,1433043,Region,..Ebonyi,0,,0,1,FPNADMWUNT,NGDHS2013433043,2013,DHS,564,538,,,2
NGA,Enugu,7891051,Unmet need for family planning,11.7,1,NG,Nigeria,2013,NG2013DHS,FP_NADM_W_UNT,32933030,I,433044,1433044,Region,..Enugu,0,,0,1,FPNADMWUNT,NGDHS2013433044,2013,DHS,467,486,,,2
NGA,Imo,3444615,Unmet need for family planning,11.1,1,NG,Nigeria,2013,NG2013DHS,FP_NADM_W_UNT,32933030,I,433045,1433045,Region,..Imo,0,,0,1,FPNADMWUNT,NGDHS2013433045,2013,DHS,446,388,,,2
NGA,South West,5884184,Unmet need for family planning,15.4,1,NG,Nigeria,2013,NG2013DHS,FP_NADM_W_UNT,32933030,I,433009,1433050,Region,South West,0,,0,1,FPNADMWUNT,NGDHS2013433009,2013,DHS,4189,3784,,,1
NGA,Ekiti,877117,Unmet need for family planning,18.7,1,NG,Nigeria,2013,NG2013DHS,FP_NADM_W_UNT,32933030,I,433051,1433051,Region,..Ekiti,0,,0,1,FPNADMWUNT,NGDHS2013433051,2013,DHS,194,518,,,2
NGA,Lagos,6591423,Unmet need for family planning,11.8,1,NG,Nigeria,2013,NG2013DHS,FP_NADM_W_UNT,32933030,I,433052,1433052,Region,..Lagos,0,,0,1,FPNADMWUNT,NGDHS2013433052,2013,DHS,1236,917,,,2
NGA,Ogun,5955657,Unmet need for family planning,23.4,1,NG,Nigeria,2013,NG2013DHS,FP_NADM_W_UNT,32933030,I,433053,1433053,Region,..Ogun,0,,0,1,FPNADMWUNT,NGDHS2013433053,2013,DHS,655,490,,,2
NGA,Ondo,5665778,Unmet need for family planning,16.9,1,NG,Nigeria,2013,NG2013DHS,FP_NADM_W_UNT,32933030,I,433054,1433054,Region,..Ondo,0,,0,1,FPNADMWUNT,NGDHS2013433054,2013,DHS,510,574,,,2
NGA,Osun,7760386,Unmet need for family planning,16.5,1,NG,Nigeria,2013,NG2013DHS,FP_NADM_W_UNT,32933030,I,433055,1433055,Region,..Osun,0,,0,1,FPNADMWUNT,NGDHS2013433055,2013,DHS,465,611,,,2
NGA,Oyo,1592608,Unmet need for family planning,13.2,1,NG,Nigeria,2013,NG2013DHS,FP_NADM_W_UNT,32933030,I,433056,1433056,Region,..Oyo,0,,0,1,FPNADMWUNT,NGDHS2013433056,2013,DHS,1129,674,,,2
NGA,South South,5543006,Unmet need for family planning,22.2,1,NG,Nigeria,2013,NG2013DHS,FP_NADM_W_UNT,32933030,I,433010,1433060,Region,South South,0,,0,1,FPNADMWUNT,NGDHS2013433010,2013,DHS,2699,3308,,,1
NGA,Akwa Ibom,1600561,Unmet need for family planning,29.1,1,NG,Nigeria,2013,NG2013DHS,FP_NADM_W_UNT,32933030,I,433061,1433061,Region,..Akwa Ibom,0,,0,1,FPNADMWUNT,NGDHS2013433061,2013,DHS,410,470,,,2
NGA,Bayelsa,5068004,Unmet need for family planning,28.5,1,NG,Nigeria,2013,NG2013DHS,FP_NADM_W_UNT,32933030,I,433062,1433062,Region,..Bayelsa,0,,0,1,FPNADMWUNT,NGDHS2013433062,2013,DHS,202,679,,,2
NGA,Cross River,3186439,Unmet need for family planning,30.8,1,NG,Nigeria,2013,NG2013DHS,FP_NADM_W_UNT,32933030,I,433063,1433063,Region,..Cross River,0,,0,1,FPNADMWUNT,NGDHS2013433063,2013,DHS,437,439,,,2
NGA,Delta,3450884,Unmet need for family planning,16.1,1,NG,Nigeria,2013,NG2013DHS,FP_NADM_W_UNT,32933030,I,433064,1433064,Region,..Delta,0,,0,1,FPNADMWUNT,NGDHS2013433064,2013,DHS,551,644,,,2
NGA,Edo,4547172,Unmet need for family planning,18.9,1,NG,Nigeria,2013,NG2013DHS,FP_NADM_W_UNT,32933030,I,433065,1433065,Region,..Edo,0,,0,1,FPNADMWUNT,NGDHS2013433065,2013,DHS,395,574,,,2
NGA,Rivers,7225435,Unmet need for family planning,17.6,1,NG,Nigeria,2013,NG2013DHS,FP_NADM_W_UNT,32933030,I,433066,1433066,Region,..Rivers,0,,0,1,FPNADMWUNT,NGDHS2013433066,2013,DHS,704,502,,,2
NGA,North Central,3996439,Demand for family planning satisfied by modern methods,31.7,1,NG,Nigeria,2013,NG2013DHS,FP_NADM_W_PDM,32933150,I,433005,1433010,Region,North Central,0,,0,1,FPNADMWPDM,NGDHS2013433005,2013,DHS,1523,1681,,,1
NGA,FCT Abuja,7219099,Demand for family planning satisfied by modern methods,45.8,1,NG,Nigeria,2013,NG2013DHS,FP_NADM_W_PDM,32933150,I,433011,1433011,Region,..FCT Abuja,0,,0,1,FPNADMWPDM,NGDHS2013433011,2013,DHS,90,213,,,2
NGA,Benue,1600486,Demand for family planning satisfied by modern methods,25.2,1,NG,Nigeria,2013,NG2013DHS,FP_NADM_W_PDM,32933150,I,433012,1433012,Region,..Benue,0,,0,1,FPNADMWPDM,NGDHS2013433012,2013,DHS,396,267,,,2
NGA,Kogi,5222733,Demand for family planning satisfied by modern methods,27.2,1,NG,Nigeria,2013,NG2013DHS,FP_NADM_W_PDM,32933150,I,433013,1433013,Region,..Kogi,0,,0,1,FPNADMWPDM,NGDHS2013433013,2013,DHS,136,168,,,2
NGA,Kwara,2653213,Demand for family planning satisfied by modern methods,52.9,1,NG,Nigeria,2013,NG2013DHS,FP_NADM_W_PDM,32933150,I,433014,1433014,Region,..Kwara,0,,0,1,FPNADMWPDM,NGDHS2013433014,2013,DHS,202,315,,,2
NGA,Nasarawa,4558079,Demand for family planning satisfied by modern methods,41.9,1,NG,Nigeria,2013,NG2013DHS,FP_NADM_W_PDM,32933150,I,433015,1433015,Region,..Nasarawa,0,,0,1,FPNADMWPDM,NGDHS2013433015,2013,DHS,163,251,,,2
NGA,Niger,6620622,Demand for family planning satisfied by modern methods,18.2,1,NG,Nigeria,2013,NG2013DHS,FP_NADM_W_PDM,32933150,I,433016,1433016,Region,..Niger,0,,0,1,FPNADMWPDM,NGDHS2013433016,2013,DHS,368,245,,,2
NGA,Plateau,5948768,Demand for family planning satisfied by modern methods,37.8,1,NG,Nigeria,2013,NG2013DHS,FP_NADM_W_PDM,32933150,I,433017,1433017,Region,..Plateau,0,,0,1,FPNADMWPDM,NGDHS2013433017,2013,DHS,168,222,,,2
NGA,North East,871669,Demand for family planning satisfied by modern methods,13.1,1,NG,Nigeria,2013,NG2013DHS,FP_NADM_W_PDM,32933150,I,433006,1433020,Region,North East,0,,0,1,FPNADMWPDM,NGDHS2013433006,2013,DHS,969,1183,,,1
NGA,Adamawa,2564442,Demand for family planning satisfied by modern methods,13.5,1,NG,Nigeria,2013,NG2013DHS,FP_NADM_W_PDM,32933150,I,433021,1433021,Region,..Adamawa,0,,0,1,FPNADMWPDM,NGDHS2013433021,2013,DHS,153,211,,,2
NGA,Bauchi,1592619,Demand for family planning satisfied by modern methods,11.5,1,NG,Nigeria,2013,NG2013DHS,FP_NADM_W_PDM,32933150,I,433022,1433022,Region,..Bauchi,0,,0,1,FPNADMWPDM,NGDHS2013433022,2013,DHS,195,207,,,2
NGA,Borno,6289584,Demand for family planning satisfied by modern methods,9.4,1,NG,Nigeria,2013,NG2013DHS,FP_NADM_W_PDM,32933150,I,433023,1433023,Region,..Borno,0,,0,1,FPNADMWPDM,NGDHS2013433023,2013,DHS,211,115,,,2
NGA,Gombe,4009564,Demand for family planning satisfied by modern methods,16.9,1,NG,Nigeria,2013,NG2013DHS,FP_NADM_W_PDM,32933150,I,433024,1433024,Region,..Gombe,0,,0,1,FPNADMWPDM,NGDHS2013433024,2013,DHS,109,211,,,2
NGA,Taraba,5702221,Demand for family planning satisfied by modern methods,23.4,1,NG,Nigeria,2013,NG2013DHS,FP_NADM_W_PDM,32933150,I,433025,1433025,Region,..Taraba,0,,0,1,FPNADMWPDM,NGDHS2013433025,2013,DHS,174,277,,,2
NGA,Yobe,2717387,Demand for family planning satisfied by modern methods,3.6,1,NG,Nigeria,2013,NG2013DHS,FP_NADM_W_PDM,32933150,I,433026,1433026,Region,..Yobe,0,,0,1,FPNADMWPDM,NGDHS2013433026,2013,DHS,126,162,,,2
NGA,North West,2717327,Demand for family planning satisfied by modern methods,22.4,1,NG,Nigeria,2013,NG2013DHS,FP_NADM_W_PDM,32933150,I,433007,1433030,Region,North West,0,,0,1,FPNADMWPDM,NGDHS2013433007,2013,DHS,1634,1305,,,1
NGA,Jigawa,1592617,Demand for family planning satisfied by modern methods,3.2,1,NG,Nigeria,2013,NG2013DHS,FP_NADM_W_PDM,32933150,I,433031,1433031,Region,..Jigawa,0,,0,1,FPNADMWPDM,NGDHS2013433031,2013,DHS,220,195,,,2
NGA,Kaduna,5273246,Demand for family planning satisfied by modern methods,71.3,1,NG,Nigeria,2013,NG2013DHS,FP_NADM_W_PDM,32933150,I,433032,1433032,Region,..Kaduna,0,,0,1,FPNADMWPDM,NGDHS2013433032,2013,DHS,413,227,,,2
NGA,Kano,2647112,Demand for family planning satisfied by modern methods,4.4,1,NG,Nigeria,2013,NG2013DHS,FP_NADM_W_PDM,32933150,I,433033,1433033,Region,..Kano,0,,0,1,FPNADMWPDM,NGDHS2013433033,2013,DHS,294,220,,,2
NGA,Katsina,4551530,Demand for family planning satisfied by modern methods,7.2,1,NG,Nigeria,2013,NG2013DHS,FP_NADM_W_PDM,32933150,I,433034,1433034,Region,..Katsina,0,,0,1,FPNADMWPDM,NGDHS2013433034,2013,DHS,222,188,,,2
NGA,Kebbi,6766405,Demand for family planning satisfied by modern methods,6.2,1,NG,Nigeria,2013,NG2013DHS,FP_NADM_W_PDM,32933150,I,433035,1433035,Region,..Kebbi,0,,0,1,FPNADMWPDM,NGDHS2013433035,2013,DHS,209,196,,,2
NGA,Sokoto,7754861,Demand for family planning satisfied by modern methods,8.4,1,NG,Nigeria,2013,NG2013DHS,FP_NADM_W_PDM,32933150,I,433036,1433036,Region,..Sokoto,0,,0,1,FPNADMWPDM,NGDHS2013433036,2013,DHS,82,99,,,2
NGA,Zamfara,5771740,Demand for family planning satisfied by modern methods,8.1,1,NG,Nigeria,2013,NG2013DHS,FP_NADM_W_PDM,32933150,I,433037,1433037,Region,..Zamfara,0,,0,1,FPNADMWPDM,NGDHS2013433037,2013,DHS,194,180,,,2
NGA,South East,4664999,Demand for family planning satisfied by modern methods,26.4,1,NG,Nigeria,2013,NG2013DHS,FP_NADM_W_PDM,32933150,I,433008,1433040,Region,South East,0,,0,1,FPNADMWPDM,NGDHS2013433008,2013,DHS,975,990,,,1
NGA,Abia,4787443,Demand for family planning satisfied by modern methods,35,1,NG,Nigeria,2013,NG2013DHS,FP_NADM_W_PDM,32933150,I,433041,1433041,Region,..Abia,0,,0,1,FPNADMWPDM,NGDHS2013433041,2013,DHS,130,200,,,2
NGA,Anambra,6283224,Demand for family planning satisfied by modern methods,27.9,1,NG,Nigeria,2013,NG2013DHS,FP_NADM_W_PDM,32933150,I,433042,1433042,Region,..Anambra,0,,0,1,FPNADMWPDM,NGDHS2013433042,2013,DHS,237,209,,,2
NGA,Ebonyi,1592607,Demand for family planning satisfied by modern methods,15.4,1,NG,Nigeria,2013,NG2013DHS,FP_NADM_W_PDM,32933150,I,433043,1433043,Region,..Ebonyi,0,,0,1,FPNADMWPDM,NGDHS2013433043,2013,DHS,204,194,,,2
NGA,Enugu,7890172,Demand for family planning satisfied by modern methods,33.2,1,NG,Nigeria,2013,NG2013DHS,FP_NADM_W_PDM,32933150,I,433044,1433044,Region,..Enugu,0,,0,1,FPNADMWPDM,NGDHS2013433044,2013,DHS,201,213,,,2
NGA,Imo,2709867,Demand for family planning satisfied by modern methods,23.6,1,NG,Nigeria,2013,NG2013DHS,FP_NADM_W_PDM,32933150,I,433045,1433045,Region,..Imo,0,,0,1,FPNADMWPDM,NGDHS2013433045,2013,DHS,201,174,,,2
NGA,South West,3437586,Demand for family planning satisfied by modern methods,46.6,1,NG,Nigeria,2013,NG2013DHS,FP_NADM_W_PDM,32933150,I,433009,1433050,Region,South West,0,,0,1,FPNADMWPDM,NGDHS2013433009,2013,DHS,2241,2006,,,1
NGA,Ekiti,876445,Demand for family planning satisfied by modern methods,50.1,1,NG,Nigeria,2013,NG2013DHS,FP_NADM_W_PDM,32933150,I,433051,1433051,Region,..Ekiti,0,,0,1,FPNADMWPDM,NGDHS2013433051,2013,DHS,103,274,,,2
NGA,Lagos,1607801,Demand for family planning satisfied by modern methods,43.9,1,NG,Nigeria,2013,NG2013DHS,FP_NADM_W_PDM,32933150,I,433052,1433052,Region,..Lagos,0,,0,1,FPNADMWPDM,NGDHS2013433052,2013,DHS,742,558,,,2
NGA,Ogun,4551589,Demand for family planning satisfied by modern methods,43.5,1,NG,Nigeria,2013,NG2013DHS,FP_NADM_W_PDM,32933150,I,433053,1433053,Region,..Ogun,0,,0,1,FPNADMWPDM,NGDHS2013433053,2013,DHS,323,238,,,2
NGA,Ondo,6773467,Demand for family planning satisfied by modern methods,42.5,1,NG,Nigeria,2013,NG2013DHS,FP_NADM_W_PDM,32933150,I,433054,1433054,Region,..Ondo,0,,0,1,FPNADMWPDM,NGDHS2013433054,2013,DHS,245,274,,,2
NGA,Osun,7766428,Demand for family planning satisfied by modern methods,57.6,1,NG,Nigeria,2013,NG2013DHS,FP_NADM_W_PDM,32933150,I,433055,1433055,Region,..Osun,0,,0,1,FPNADMWPDM,NGDHS2013433055,2013,DHS,255,327,,,2
NGA,Oyo,7173922,Demand for family planning satisfied by modern methods,48.2,1,NG,Nigeria,2013,NG2013DHS,FP_NADM_W_PDM,32933150,I,433056,1433056,Region,..Oyo,0,,0,1,FPNADMWPDM,NGDHS2013433056,2013,DHS,571,335,,,2
NGA,South South,4540163,Demand for family planning satisfied by modern methods,32.6,1,NG,Nigeria,2013,NG2013DHS,FP_NADM_W_PDM,32933150,I,433010,1433060,Region,South South,0,,0,1,FPNADMWPDM,NGDHS2013433010,2013,DHS,1355,1596,,,1
NGA,Akwa Ibom,6304902,Demand for family planning satisfied by modern methods,30.2,1,NG,Nigeria,2013,NG2013DHS,FP_NADM_W_PDM,32933150,I,433061,1433061,Region,..Akwa Ibom,0,,0,1,FPNADMWPDM,NGDHS2013433061,2013,DHS,224,255,,,2
NGA,Bayelsa,5616227,Demand for family planning satisfied by modern methods,24.3,1,NG,Nigeria,2013,NG2013DHS,FP_NADM_W_PDM,32933150,I,433062,1433062,Region,..Bayelsa,0,,0,1,FPNADMWPDM,NGDHS2013433062,2013,DHS,85,275,,,2
NGA,Cross River,5413026,Demand for family planning satisfied by modern methods,26.2,1,NG,Nigeria,2013,NG2013DHS,FP_NADM_W_PDM,32933150,I,433063,1433063,Region,..Cross River,0,,0,1,FPNADMWPDM,NGDHS2013433063,2013,DHS,240,244,,,2
NGA,Delta,2754664,Demand for family planning satisfied by modern methods,37.5,1,NG,Nigeria,2013,NG2013DHS,FP_NADM_W_PDM,32933150,I,433064,1433064,Region,..Delta,0,,0,1,FPNADMWPDM,NGDHS2013433064,2013,DHS,247,292,,,2
NGA,Edo,6873237,Demand for family planning satisfied by modern methods,38.9,1,NG,Nigeria,2013,NG2013DHS,FP_NADM_W_PDM,32933150,I,433065,1433065,Region,..Edo,0,,0,1,FPNADMWPDM,NGDHS2013433065,2013,DHS,194,277,,,2
NGA,Rivers,3457286,Demand for family planning satisfied by modern methods,33.5,1,NG,Nigeria,2013,NG2013DHS,FP_NADM_W_PDM,32933150,I,433066,1433066,Region,..Rivers,0,,0,1,FPNADMWPDM,NGDHS2013433066,2013,DHS,367,253,,,2
NGA,North Central,1484505,Median age at first marriage [Women]: 25-49,18.9,1,NG,Nigeria,2013,NG2013DHS,MA_AAFM_W_M2B,41633090,I,433005,1433010,Region,North Central,0,,0,1,MAAAFMWM2B,NGDHS2013433005,2013,DHS,,,,,1
NGA,FCT Abuja,1476759,Median age at first marriage [Women]: 25-49,22.7,1,NG,Nigeria,2013,NG2013DHS,MA_AAFM_W_M2B,41633090,I,433011,1433011,Region,..FCT Abuja,0,,0,1,MAAAFMWM2B,NGDHS2013433011,2013,DHS,,,,,2
NGA,Benue,1476742,Median age at first marriage [Women]: 25-49,17.6,1,NG,Nigeria,2013,NG2013DHS,MA_AAFM_W_M2B,41633090,I,433012,1433012,Region,..Benue,0,,0,1,MAAAFMWM2B,NGDHS2013433012,2013,DHS,,,,,2
NGA,Kogi,7313327,Median age at first marriage [Women]: 25-49,19.8,1,NG,Nigeria,2013,NG2013DHS,MA_AAFM_W_M2B,41633090,I,433013,1433013,Region,..Kogi,0,,0,1,MAAAFMWM2B,NGDHS2013433013,2013,DHS,,,,,2
NGA,Kwara,1476756,Median age at first marriage [Women]: 25-49,20.9,1,NG,Nigeria,2013,NG2013DHS,MA_AAFM_W_M2B,41633090,I,433014,1433014,Region,..Kwara,0,,0,1,MAAAFMWM2B,NGDHS2013433014,2013,DHS,,,,,2
NGA,Nasarawa,290713,Median age at first marriage [Women]: 25-49,19.4,1,NG,Nigeria,2013,NG2013DHS,MA_AAFM_W_M2B,41633090,I,433015,1433015,Region,..Nasarawa,0,,0,1,MAAAFMWM2B,NGDHS2013433015,2013,DHS,,,,,2
NGA,Niger,1467788,Median age at first marriage [Women]: 25-49,17.7,1,NG,Nigeria,2013,NG2013DHS,MA_AAFM_W_M2B,41633090,I,433016,1433016,Region,..Niger,0,,0,1,MAAAFMWM2B,NGDHS2013433016,2013,DHS,,,,,2
NGA,Plateau,1484557,Median age at first marriage [Women]: 25-49,20.4,1,NG,Nigeria,2013,NG2013DHS,MA_AAFM_W_M2B,41633090,I,433017,1433017,Region,..Plateau,0,,0,1,MAAAFMWM2B,NGDHS2013433017,2013,DHS,,,,,2
NGA,North East,874562,Median age at first marriage [Women]: 25-49,16.3,1,NG,Nigeria,2013,NG2013DHS,MA_AAFM_W_M2B,41633090,I,433006,1433020,Region,North East,0,,0,1,MAAAFMWM2B,NGDHS2013433006,2013,DHS,,,,,1
NGA,Adamawa,1484600,Median age at first marriage [Women]: 25-49,17.1,1,NG,Nigeria,2013,NG2013DHS,MA_AAFM_W_M2B,41633090,I,433021,1433021,Region,..Adamawa,0,,0,1,MAAAFMWM2B,NGDHS2013433021,2013,DHS,,,,,2
NGA,Bauchi,1467807,Median age at first marriage [Women]: 25-49,15,1,NG,Nigeria,2013,NG2013DHS,MA_AAFM_W_M2B,41633090,I,433022,1433022,Region,..Bauchi,0,,0,1,MAAAFMWM2B,NGDHS2013433022,2013,DHS,,,,,2
NGA,Borno,1467847,Median age at first marriage [Women]: 25-49,17.4,1,NG,Nigeria,2013,NG2013DHS,MA_AAFM_W_M2B,41633090,I,433023,1433023,Region,..Borno,0,,0,1,MAAAFMWM2B,NGDHS2013433023,2013,DHS,,,,,2
NGA,Gombe,1476805,Median age at first marriage [Women]: 25-49,15.8,1,NG,Nigeria,2013,NG2013DHS,MA_AAFM_W_M2B,41633090,I,433024,1433024,Region,..Gombe,0,,0,1,MAAAFMWM2B,NGDHS2013433024,2013,DHS,,,,,2
NGA,Taraba,1476782,Median age at first marriage [Women]: 25-49,17.1,1,NG,Nigeria,2013,NG2013DHS,MA_AAFM_W_M2B,41633090,I,433025,1433025,Region,..Taraba,0,,0,1,MAAAFMWM2B,NGDHS2013433025,2013,DHS,,,,,2
NGA,Yobe,1476792,Median age at first marriage [Women]: 25-49,16.1,1,NG,Nigeria,2013,NG2013DHS,MA_AAFM_W_M2B,41633090,I,433026,1433026,Region,..Yobe,0,,0,1,MAAAFMWM2B,NGDHS2013433026,2013,DHS,,,,,2
NGA,North West,1476766,Median age at first marriage [Women]: 25-49,15.3,1,NG,Nigeria,2013,NG2013DHS,MA_AAFM_W_M2B,41633090,I,433007,1433030,Region,North West,0,,0,1,MAAAFMWM2B,NGDHS2013433007,2013,DHS,,,,,1
NGA,Jigawa,1467841,Median age at first marriage [Women]: 25-49,15.1,1,NG,Nigeria,2013,NG2013DHS,MA_AAFM_W_M2B,41633090,I,433031,1433031,Region,..Jigawa,0,,0,1,MAAAFMWM2B,NGDHS2013433031,2013,DHS,,,,,2
NGA,Kaduna,1476797,Median age at first marriage [Women]: 25-49,17.3,1,NG,Nigeria,2013,NG2013DHS,MA_AAFM_W_M2B,41633090,I,433032,1433032,Region,..Kaduna,0,,0,1,MAAAFMWM2B,NGDHS2013433032,2013,DHS,,,,,2
NGA,Kano,1484560,Median age at first marriage [Women]: 25-49,15.4,1,NG,Nigeria,2013,NG2013DHS,MA_AAFM_W_M2B,41633090,I,433033,1433033,Region,..Kano,0,,0,1,MAAAFMWM2B,NGDHS2013433033,2013,DHS,,,,,2
NGA,Katsina,1467853,Median age at first marriage [Women]: 25-49,14.9,1,NG,Nigeria,2013,NG2013DHS,MA_AAFM_W_M2B,41633090,I,433034,1433034,Region,..Katsina,0,,0,1,MAAAFMWM2B,NGDHS2013433034,2013,DHS,,,,,2
NGA,Kebbi,1476832,Median age at first marriage [Women]: 25-49,15.5,1,NG,Nigeria,2013,NG2013DHS,MA_AAFM_W_M2B,41633090,I,433035,1433035,Region,..Kebbi,0,,0,1,MAAAFMWM2B,NGDHS2013433035,2013,DHS,,,,,2
NGA,Sokoto,7757832,Median age at first marriage [Women]: 25-49,14.7,1,NG,Nigeria,2013,NG2013DHS,MA_AAFM_W_M2B,41633090,I,433036,1433036,Region,..Sokoto,0,,0,1,MAAAFMWM2B,NGDHS2013433036,2013,DHS,,,,,2
NGA,Zamfara,1492447,Median age at first marriage [Women]: 25-49,14.4,1,NG,Nigeria,2013,NG2013DHS,MA_AAFM_W_M2B,41633090,I,433037,1433037,Region,..Zamfara,0,,0,1,MAAAFMWM2B,NGDHS2013433037,2013,DHS,,,,,2
NGA,South East,1467766,Median age at first marriage [Women]: 25-49,22.7,1,NG,Nigeria,2013,NG2013DHS,MA_AAFM_W_M2B,41633090,I,433008,1433040,Region,South East,0,,0,1,MAAAFMWM2B,NGDHS2013433008,2013,DHS,,,,,1
NGA,Abia,1476787,Median age at first marriage [Women]: 25-49,24.3,1,NG,Nigeria,2013,NG2013DHS,MA_AAFM_W_M2B,41633090,I,433041,1433041,Region,..Abia,0,,0,1,MAAAFMWM2B,NGDHS2013433041,2013,DHS,,,,,2
NGA,Anambra,1484576,Median age at first marriage [Women]: 25-49,23.8,1,NG,Nigeria,2013,NG2013DHS,MA_AAFM_W_M2B,41633090,I,433042,1433042,Region,..Anambra,0,,0,1,MAAAFMWM2B,NGDHS2013433042,2013,DHS,,,,,2
NGA,Ebonyi,1467870,Median age at first marriage [Women]: 25-49,20.7,1,NG,Nigeria,2013,NG2013DHS,MA_AAFM_W_M2B,41633090,I,433043,1433043,Region,..Ebonyi,0,,0,1,MAAAFMWM2B,NGDHS2013433043,2013,DHS,,,,,2
NGA,Enugu,7889749,Median age at first marriage [Women]: 25-49,22.1,1,NG,Nigeria,2013,NG2013DHS,MA_AAFM_W_M2B,41633090,I,433044,1433044,Region,..Enugu,0,,0,1,MAAAFMWM2B,NGDHS2013433044,2013,DHS,,,,,2
NGA,Imo,6711539,Median age at first marriage [Women]: 25-49,23.7,1,NG,Nigeria,2013,NG2013DHS,MA_AAFM_W_M2B,41633090,I,433045,1433045,Region,..Imo,0,,0,1,MAAAFMWM2B,NGDHS2013433045,2013,DHS,,,,,2
NGA,South West,1476750,Median age at first marriage [Women]: 25-49,21.8,1,NG,Nigeria,2013,NG2013DHS,MA_AAFM_W_M2B,41633090,I,433009,1433050,Region,South West,0,,0,1,MAAAFMWM2B,NGDHS2013433009,2013,DHS,,,,,1
NGA,Ekiti,876289,Median age at first marriage [Women]: 25-49,22.2,1,NG,Nigeria,2013,NG2013DHS,MA_AAFM_W_M2B,41633090,I,433051,1433051,Region,..Ekiti,0,,0,1,MAAAFMWM2B,NGDHS2013433051,2013,DHS,,,,,2
NGA,Lagos,1484586,Median age at first marriage [Women]: 25-49,23.8,1,NG,Nigeria,2013,NG2013DHS,MA_AAFM_W_M2B,41633090,I,433052,1433052,Region,..Lagos,0,,0,1,MAAAFMWM2B,NGDHS2013433052,2013,DHS,,,,,2
NGA,Ogun,1467856,Median age at first marriage [Women]: 25-49,20.5,1,NG,Nigeria,2013,NG2013DHS,MA_AAFM_W_M2B,41633090,I,433053,1433053,Region,..Ogun,0,,0,1,MAAAFMWM2B,NGDHS2013433053,2013,DHS,,,,,2
NGA,Ondo,1484570,Median age at first marriage [Women]: 25-49,21,1,NG,Nigeria,2013,NG2013DHS,MA_AAFM_W_M2B,41633090,I,433054,1433054,Region,..Ondo,0,,0,1,MAAAFMWM2B,NGDHS2013433054,2013,DHS,,,,,2
NGA,Osun,7766437,Median age at first marriage [Women]: 25-49,22.4,1,NG,Nigeria,2013,NG2013DHS,MA_AAFM_W_M2B,41633090,I,433055,1433055,Region,..Osun,0,,0,1,MAAAFMWM2B,NGDHS2013433055,2013,DHS,,,,,2
NGA,Oyo,1467872,Median age at first marriage [Women]: 25-49,20.3,1,NG,Nigeria,2013,NG2013DHS,MA_AAFM_W_M2B,41633090,I,433056,1433056,Region,..Oyo,0,,0,1,MAAAFMWM2B,NGDHS2013433056,2013,DHS,,,,,2
NGA,South South,1484547,Median age at first marriage [Women]: 25-49,21.5,1,NG,Nigeria,2013,NG2013DHS,MA_AAFM_W_M2B,41633090,I,433010,1433060,Region,South South,0,,0,1,MAAAFMWM2B,NGDHS2013433010,2013,DHS,,,,,1
NGA,Akwa Ibom,1476799,Median age at first marriage [Women]: 25-49,21,1,NG,Nigeria,2013,NG2013DHS,MA_AAFM_W_M2B,41633090,I,433061,1433061,Region,..Akwa Ibom,0,,0,1,MAAAFMWM2B,NGDHS2013433061,2013,DHS,,,,,2
NGA,Bayelsa,1476824,Median age at first marriage [Women]: 25-49,18.1,1,NG,Nigeria,2013,NG2013DHS,MA_AAFM_W_M2B,41633090,I,433062,1433062,Region,..Bayelsa,0,,0,1,MAAAFMWM2B,NGDHS2013433062,2013,DHS,,,,,2
NGA,Cross River,1467851,Median age at first marriage [Women]: 25-49,21.2,1,NG,Nigeria,2013,NG2013DHS,MA_AAFM_W_M2B,41633090,I,433063,1433063,Region,..Cross River,0,,0,1,MAAAFMWM2B,NGDHS2013433063,2013,DHS,,,,,2
NGA,Delta,1484607,Median age at first marriage [Women]: 25-49,21,1,NG,Nigeria,2013,NG2013DHS,MA_AAFM_W_M2B,41633090,I,433064,1433064,Region,..Delta,0,,0,1,MAAAFMWM2B,NGDHS2013433064,2013,DHS,,,,,2
NGA,Edo,1467886,Median age at first marriage [Women]: 25-49,21.3,1,NG,Nigeria,2013,NG2013DHS,MA_AAFM_W_M2B,41633090,I,433065,1433065,Region,..Edo,0,,0,1,MAAAFMWM2B,NGDHS2013433065,2013,DHS,,,,,2
NGA,Rivers,1492458,Median age at first marriage [Women]: 25-49,23.7,1,NG,Nigeria,2013,NG2013DHS,MA_AAFM_W_M2B,41633090,I,433066,1433066,Region,..Rivers,0,,0,1,MAAAFMWM2B,NGDHS2013433066,2013,DHS,,,,,2
NGA,North Central,1484762,Median age at first sexual intercourse [Women]: 25-49,18.7,1,NG,Nigeria,2013,NG2013DHS,SX_AAFS_W_M2B,51703090,I,433005,1433010,Region,North Central,0,,0,1,SXAAFSWM2B,NGDHS2013433005,2013,DHS,,,,,1
NGA,FCT Abuja,1477057,Median age at first sexual intercourse [Women]: 25-49,19.9,1,NG,Nigeria,2013,NG2013DHS,SX_AAFS_W_M2B,51703090,I,433011,1433011,Region,..FCT Abuja,0,,0,1,SXAAFSWM2B,NGDHS2013433011,2013,DHS,,,,,2
NGA,Benue,1477039,Median age at first sexual intercourse [Women]: 25-49,16.8,1,NG,Nigeria,2013,NG2013DHS,SX_AAFS_W_M2B,51703090,I,433012,1433012,Region,..Benue,0,,0,1,SXAAFSWM2B,NGDHS2013433012,2013,DHS,,,,,2
NGA,Kogi,7313332,Median age at first sexual intercourse [Women]: 25-49,20.1,1,NG,Nigeria,2013,NG2013DHS,SX_AAFS_W_M2B,51703090,I,433013,1433013,Region,..Kogi,0,,0,1,SXAAFSWM2B,NGDHS2013433013,2013,DHS,,,,,2
NGA,Kwara,1477004,Median age at first sexual intercourse [Women]: 25-49,19.7,1,NG,Nigeria,2013,NG2013DHS,SX_AAFS_W_M2B,51703090,I,433014,1433014,Region,..Kwara,0,,0,1,SXAAFSWM2B,NGDHS2013433014,2013,DHS,,,,,2
NGA,Nasarawa,290748,Median age at first sexual intercourse [Women]: 25-49,19,1,NG,Nigeria,2013,NG2013DHS,SX_AAFS_W_M2B,51703090,I,433015,1433015,Region,..Nasarawa,0,,0,1,SXAAFSWM2B,NGDHS2013433015,2013,DHS,,,,,2
NGA,Niger,1468033,Median age at first sexual intercourse [Women]: 25-49,18.4,1,NG,Nigeria,2013,NG2013DHS,SX_AAFS_W_M2B,51703090,I,433016,1433016,Region,..Niger,0,,0,1,SXAAFSWM2B,NGDHS2013433016,2013,DHS,,,,,2
NGA,Plateau,1484783,Median age at first sexual intercourse [Women]: 25-49,20.1,1,NG,Nigeria,2013,NG2013DHS,SX_AAFS_W_M2B,51703090,I,433017,1433017,Region,..Plateau,0,,0,1,SXAAFSWM2B,NGDHS2013433017,2013,DHS,,,,,2
NGA,North East,874568,Median age at first sexual intercourse [Women]: 25-49,16.2,1,NG,Nigeria,2013,NG2013DHS,SX_AAFS_W_M2B,51703090,I,433006,1433020,Region,North East,0,,0,1,SXAAFSWM2B,NGDHS2013433006,2013,DHS,,,,,1
NGA,Adamawa,1484765,Median age at first sexual intercourse [Women]: 25-49,16.6,1,NG,Nigeria,2013,NG2013DHS,SX_AAFS_W_M2B,51703090,I,433021,1433021,Region,..Adamawa,0,,0,1,SXAAFSWM2B,NGDHS2013433021,2013,DHS,,,,,2
NGA,Bauchi,1468047,Median age at first sexual intercourse [Women]: 25-49,15.1,1,NG,Nigeria,2013,NG2013DHS,SX_AAFS_W_M2B,51703090,I,433022,1433022,Region,..Bauchi,0,,0,1,SXAAFSWM2B,NGDHS2013433022,2013,DHS,,,,,2
NGA,Borno,1468012,Median age at first sexual intercourse [Women]: 25-49,17.7,1,NG,Nigeria,2013,NG2013DHS,SX_AAFS_W_M2B,51703090,I,433023,1433023,Region,..Borno,0,,0,1,SXAAFSWM2B,NGDHS2013433023,2013,DHS,,,,,2
NGA,Gombe,1477155,Median age at first sexual intercourse [Women]: 25-49,15.9,1,NG,Nigeria,2013,NG2013DHS,SX_AAFS_W_M2B,51703090,I,433024,1433024,Region,..Gombe,0,,0,1,SXAAFSWM2B,NGDHS2013433024,2013,DHS,,,,,2
NGA,Taraba,1477100,Median age at first sexual intercourse [Women]: 25-49,16.4,1,NG,Nigeria,2013,NG2013DHS,SX_AAFS_W_M2B,51703090,I,433025,1433025,Region,..Taraba,0,,0,1,SXAAFSWM2B,NGDHS2013433025,2013,DHS,,,,,2
NGA,Yobe,1477078,Median age at first sexual intercourse [Women]: 25-49,16.2,1,NG,Nigeria,2013,NG2013DHS,SX_AAFS_W_M2B,51703090,I,433026,1433026,Region,..Yobe,0,,0,1,SXAAFSWM2B,NGDHS2013433026,2013,DHS,,,,,2
NGA,North West,1477013,Median age at first sexual intercourse [Women]: 25-49,15.4,1,NG,Nigeria,2013,NG2013DHS,SX_AAFS_W_M2B,51703090,I,433007,1433030,Region,North West,0,,0,1,SXAAFSWM2B,NGDHS2013433007,2013,DHS,,,,,1
NGA,Jigawa,1468125,Median age at first sexual intercourse [Women]: 25-49,15.2,1,NG,Nigeria,2013,NG2013DHS,SX_AAFS_W_M2B,51703090,I,433031,1433031,Region,..Jigawa,0,,0,1,SXAAFSWM2B,NGDHS2013433031,2013,DHS,,,,,2
NGA,Kaduna,1477016,Median age at first sexual intercourse [Women]: 25-49,16.8,1,NG,Nigeria,2013,NG2013DHS,SX_AAFS_W_M2B,51703090,I,433032,1433032,Region,..Kaduna,0,,0,1,SXAAFSWM2B,NGDHS2013433032,2013,DHS,,,,,2
NGA,Kano,1484871,Median age at first sexual intercourse [Women]: 25-49,15.5,1,NG,Nigeria,2013,NG2013DHS,SX_AAFS_W_M2B,51703090,I,433033,1433033,Region,..Kano,0,,0,1,SXAAFSWM2B,NGDHS2013433033,2013,DHS,,,,,2
NGA,Katsina,1468110,Median age at first sexual intercourse [Women]: 25-49,15,1,NG,Nigeria,2013,NG2013DHS,SX_AAFS_W_M2B,51703090,I,433034,1433034,Region,..Katsina,0,,0,1,SXAAFSWM2B,NGDHS2013433034,2013,DHS,,,,,2
NGA,Kebbi,1477053,Median age at first sexual intercourse [Women]: 25-49,15.7,1,NG,Nigeria,2013,NG2013DHS,SX_AAFS_W_M2B,51703090,I,433035,1433035,Region,..Kebbi,0,,0,1,SXAAFSWM2B,NGDHS2013433035,2013,DHS,,,,,2
NGA,Sokoto,7757619,Median age at first sexual intercourse [Women]: 25-49,14.8,1,NG,Nigeria,2013,NG2013DHS,SX_AAFS_W_M2B,51703090,I,433036,1433036,Region,..Sokoto,0,,0,1,SXAAFSWM2B,NGDHS2013433036,2013,DHS,,,,,2
NGA,Zamfara,1492529,Median age at first sexual intercourse [Women]: 25-49,14.4,1,NG,Nigeria,2013,NG2013DHS,SX_AAFS_W_M2B,51703090,I,433037,1433037,Region,..Zamfara,0,,0,1,SXAAFSWM2B,NGDHS2013433037,2013,DHS,,,,,2
NGA,South East,1468038,Median age at first sexual intercourse [Women]: 25-49,20.2,1,NG,Nigeria,2013,NG2013DHS,SX_AAFS_W_M2B,51703090,I,433008,1433040,Region,South East,0,,0,1,SXAAFSWM2B,NGDHS2013433008,2013,DHS,,,,,1
NGA,Abia,1477102,Median age at first sexual intercourse [Women]: 25-49,20.9,1,NG,Nigeria,2013,NG2013DHS,SX_AAFS_W_M2B,51703090,I,433041,1433041,Region,..Abia,0,,0,1,SXAAFSWM2B,NGDHS2013433041,2013,DHS,,,,,2
NGA,Anambra,1484818,Median age at first sexual intercourse [Women]: 25-49,20.5,1,NG,Nigeria,2013,NG2013DHS,SX_AAFS_W_M2B,51703090,I,433042,1433042,Region,..Anambra,0,,0,1,SXAAFSWM2B,NGDHS2013433042,2013,DHS,,,,,2
NGA,Ebonyi,1468078,Median age at first sexual intercourse [Women]: 25-49,18.8,1,NG,Nigeria,2013,NG2013DHS,SX_AAFS_W_M2B,51703090,I,433043,1433043,Region,..Ebonyi,0,,0,1,SXAAFSWM2B,NGDHS2013433043,2013,DHS,,,,,2
NGA,Enugu,7889985,Median age at first sexual intercourse [Women]: 25-49,20.6,1,NG,Nigeria,2013,NG2013DHS,SX_AAFS_W_M2B,51703090,I,433044,1433044,Region,..Enugu,0,,0,1,SXAAFSWM2B,NGDHS2013433044,2013,DHS,,,,,2
NGA,Imo,6711544,Median age at first sexual intercourse [Women]: 25-49,20.3,1,NG,Nigeria,2013,NG2013DHS,SX_AAFS_W_M2B,51703090,I,433045,1433045,Region,..Imo,0,,0,1,SXAAFSWM2B,NGDHS2013433045,2013,DHS,,,,,2
NGA,South West,1477041,Median age at first sexual intercourse [Women]: 25-49,19.7,1,NG,Nigeria,2013,NG2013DHS,SX_AAFS_W_M2B,51703090,I,433009,1433050,Region,South West,0,,0,1,SXAAFSWM2B,NGDHS2013433009,2013,DHS,,,,,1
NGA,Ekiti,876298,Median age at first sexual intercourse [Women]: 25-49,19.6,1,NG,Nigeria,2013,NG2013DHS,SX_AAFS_W_M2B,51703090,I,433051,1433051,Region,..Ekiti,0,,0,1,SXAAFSWM2B,NGDHS2013433051,2013,DHS,,,,,2
NGA,Lagos,1484882,Median age at first sexual intercourse [Women]: 25-49,20.4,1,NG,Nigeria,2013,NG2013DHS,SX_AAFS_W_M2B,51703090,I,433052,1433052,Region,..Lagos,0,,0,1,SXAAFSWM2B,NGDHS2013433052,2013,DHS,,,,,2
NGA,Ogun,1468199,Median age at first sexual intercourse [Women]: 25-49,19.1,1,NG,Nigeria,2013,NG2013DHS,SX_AAFS_W_M2B,51703090,I,433053,1433053,Region,..Ogun,0,,0,1,SXAAFSWM2B,NGDHS2013433053,2013,DHS,,,,,2
NGA,Ondo,1484822,Median age at first sexual intercourse [Women]: 25-49,19.1,1,NG,Nigeria,2013,NG2013DHS,SX_AAFS_W_M2B,51703090,I,433054,1433054,Region,..Ondo,0,,0,1,SXAAFSWM2B,NGDHS2013433054,2013,DHS,,,,,2
NGA,Osun,7766463,Median age at first sexual intercourse [Women]: 25-49,20.3,1,NG,Nigeria,2013,NG2013DHS,SX_AAFS_W_M2B,51703090,I,433055,1433055,Region,..Osun,0,,0,1,SXAAFSWM2B,NGDHS2013433055,2013,DHS,,,,,2
NGA,Oyo,1468069,Median age at first sexual intercourse [Women]: 25-49,18.8,1,NG,Nigeria,2013,NG2013DHS,SX_AAFS_W_M2B,51703090,I,433056,1433056,Region,..Oyo,0,,0,1,SXAAFSWM2B,NGDHS2013433056,2013,DHS,,,,,2
NGA,South South,1484798,Median age at first sexual intercourse [Women]: 25-49,18.6,1,NG,Nigeria,2013,NG2013DHS,SX_AAFS_W_M2B,51703090,I,433010,1433060,Region,South South,0,,0,1,SXAAFSWM2B,NGDHS2013433010,2013,DHS,,,,,1
NGA,Akwa Ibom,1477081,Median age at first sexual intercourse [Women]: 25-49,18.2,1,NG,Nigeria,2013,NG2013DHS,SX_AAFS_W_M2B,51703090,I,433061,1433061,Region,..Akwa Ibom,0,,0,1,SXAAFSWM2B,NGDHS2013433061,2013,DHS,,,,,2
NGA,Bayelsa,1477096,Median age at first sexual intercourse [Women]: 25-49,16.1,1,NG,Nigeria,2013,NG2013DHS,SX_AAFS_W_M2B,51703090,I,433062,1433062,Region,..Bayelsa,0,,0,1,SXAAFSWM2B,NGDHS2013433062,2013,DHS,,,,,2
NGA,Cross River,1468129,Median age at first sexual intercourse [Women]: 25-49,18.8,1,NG,Nigeria,2013,NG2013DHS,SX_AAFS_W_M2B,51703090,I,433063,1433063,Region,..Cross River,0,,0,1,SXAAFSWM2B,NGDHS2013433063,2013,DHS,,,,,2
NGA,Delta,1484815,Median age at first sexual intercourse [Women]: 25-49,18.5,1,NG,Nigeria,2013,NG2013DHS,SX_AAFS_W_M2B,51703090,I,433064,1433064,Region,..Delta,0,,0,1,SXAAFSWM2B,NGDHS2013433064,2013,DHS,,,,,2
NGA,Edo,1468090,Median age at first sexual intercourse [Women]: 25-49,19.5,1,NG,Nigeria,2013,NG2013DHS,SX_AAFS_W_M2B,51703090,I,433065,1433065,Region,..Edo,0,,0,1,SXAAFSWM2B,NGDHS2013433065,2013,DHS,,,,,2
NGA,Rivers,1492555,Median age at first sexual intercourse [Women]: 25-49,18.8,1,NG,Nigeria,2013,NG2013DHS,SX_AAFS_W_M2B,51703090,I,433066,1433066,Region,..Rivers,0,,0,1,SXAAFSWM2B,NGDHS2013433066,2013,DHS,,,,,2
NGA,North Central,7846825,Infant mortality rate,66,0,NG,Nigeria,2013,NG2013DHS,CM_ECMR_C_IMR,63206030,I,433005,1433010,Region,North Central,14003,Ten years preceding the survey,0,1,CMECMRCIMR,NGDHS2013433005,2013,DHS,,,58,75,1
NGA,FCT Abuja,3920864,Infant mortality rate,51,0,NG,Nigeria,2013,NG2013DHS,CM_ECMR_C_IMR,63206030,I,433011,1433011,Region,..FCT Abuja,14003,Ten years preceding the survey,0,1,CMECMRCIMR,NGDHS2013433011,2013,DHS,,,34,68,2
NGA,Benue,7749281,Infant mortality rate,89,0,NG,Nigeria,2013,NG2013DHS,CM_ECMR_C_IMR,63206030,I,433012,1433012,Region,..Benue,14003,Ten years preceding the survey,0,1,CMECMRCIMR,NGDHS2013433012,2013,DHS,,,68,111,2
NGA,Kogi,7459416,Infant mortality rate,40,0,NG,Nigeria,2013,NG2013DHS,CM_ECMR_C_IMR,63206030,I,433013,1433013,Region,..Kogi,14003,Ten years preceding the survey,0,1,CMECMRCIMR,NGDHS2013433013,2013,DHS,,,21,58,2
NGA,Kwara,7521254,Infant mortality rate,42,0,NG,Nigeria,2013,NG2013DHS,CM_ECMR_C_IMR,63206030,I,433014,1433014,Region,..Kwara,14003,Ten years preceding the survey,0,1,CMECMRCIMR,NGDHS2013433014,2013,DHS,,,32,53,2
NGA,Nasarawa,7776244,Infant mortality rate,73,0,NG,Nigeria,2013,NG2013DHS,CM_ECMR_C_IMR,63206030,I,433015,1433015,Region,..Nasarawa,14003,Ten years preceding the survey,0,1,CMECMRCIMR,NGDHS2013433015,2013,DHS,,,60,87,2
NGA,Niger,7475497,Infant mortality rate,56,0,NG,Nigeria,2013,NG2013DHS,CM_ECMR_C_IMR,63206030,I,433016,1433016,Region,..Niger,14003,Ten years preceding the survey,0,1,CMECMRCIMR,NGDHS2013433016,2013,DHS,,,38,73,2
NGA,Plateau,7892180,Infant mortality rate,90,0,NG,Nigeria,2013,NG2013DHS,CM_ECMR_C_IMR,63206030,I,433017,1433017,Region,..Plateau,14003,Ten years preceding the survey,0,1,CMECMRCIMR,NGDHS2013433017,2013,DHS,,,69,111,2
NGA,North East,1838424,Infant mortality rate,77,0,NG,Nigeria,2013,NG2013DHS,CM_ECMR_C_IMR,63206030,I,433006,1433020,Region,North East,14003,Ten years preceding the survey,0,1,CMECMRCIMR,NGDHS2013433006,2013,DHS,,,69,85,1
NGA,Adamawa,1824474,Infant mortality rate,103,0,NG,Nigeria,2013,NG2013DHS,CM_ECMR_C_IMR,63206030,I,433021,1433021,Region,..Adamawa,14003,Ten years preceding the survey,0,1,CMECMRCIMR,NGDHS2013433021,2013,DHS,,,81,124,2
NGA,Bauchi,7687244,Infant mortality rate,96,0,NG,Nigeria,2013,NG2013DHS,CM_ECMR_C_IMR,63206030,I,433022,1433022,Region,..Bauchi,14003,Ten years preceding the survey,0,1,CMECMRCIMR,NGDHS2013433022,2013,DHS,,,81,112,2
NGA,Borno,1838468,Infant mortality rate,39,0,NG,Nigeria,2013,NG2013DHS,CM_ECMR_C_IMR,63206030,I,433023,1433023,Region,..Borno,14003,Ten years preceding the survey,0,1,CMECMRCIMR,NGDHS2013433023,2013,DHS,,,23,54,2
NGA,Gombe,7878889,Infant mortality rate,80,0,NG,Nigeria,2013,NG2013DHS,CM_ECMR_C_IMR,63206030,I,433024,1433024,Region,..Gombe,14003,Ten years preceding the survey,0,1,CMECMRCIMR,NGDHS2013433024,2013,DHS,,,67,94,2
NGA,Taraba,1831809,Infant mortality rate,84,0,NG,Nigeria,2013,NG2013DHS,CM_ECMR_C_IMR,63206030,I,433025,1433025,Region,..Taraba,14003,Ten years preceding the survey,0,1,CMECMRCIMR,NGDHS2013433025,2013,DHS,,,72,97,2
NGA,Yobe,1831911,Infant mortality rate,69,0,NG,Nigeria,2013,NG2013DHS,CM_ECMR_C_IMR,63206030,I,433026,1433026,Region,..Yobe,14003,Ten years preceding the survey,0,1,CMECMRCIMR,NGDHS2013433026,2013,DHS,,,54,83,2
NGA,North West,1831654,Infant mortality rate,89,0,NG,Nigeria,2013,NG2013DHS,CM_ECMR_C_IMR,63206030,I,433007,1433030,Region,North West,14003,Ten years preceding the survey,0,1,CMECMRCIMR,NGDHS2013433007,2013,DHS,,,81,98,1
NGA,Jigawa,7757890,Infant mortality rate,98,0,NG,Nigeria,2013,NG2013DHS,CM_ECMR_C_IMR,63206030,I,433031,1433031,Region,..Jigawa,14003,Ten years preceding the survey,0,1,CMECMRCIMR,NGDHS2013433031,2013,DHS,,,80,116,2
NGA,Kaduna,1832039,Infant mortality rate,35,0,NG,Nigeria,2013,NG2013DHS,CM_ECMR_C_IMR,63206030,I,433032,1433032,Region,..Kaduna,14003,Ten years preceding the survey,0,1,CMECMRCIMR,NGDHS2013433032,2013,DHS,,,23,47,2
NGA,Kano,7537188,Infant mortality rate,78,0,NG,Nigeria,2013,NG2013DHS,CM_ECMR_C_IMR,63206030,I,433033,1433033,Region,..Kano,14003,Ten years preceding the survey,0,1,CMECMRCIMR,NGDHS2013433033,2013,DHS,,,65,92,2
NGA,Katsina,7771335,Infant mortality rate,83,0,NG,Nigeria,2013,NG2013DHS,CM_ECMR_C_IMR,63206030,I,433034,1433034,Region,..Katsina,14003,Ten years preceding the survey,0,1,CMECMRCIMR,NGDHS2013433034,2013,DHS,,,66,99,2
NGA,Kebbi,7909424,Infant mortality rate,102,0,NG,Nigeria,2013,NG2013DHS,CM_ECMR_C_IMR,63206030,I,433035,1433035,Region,..Kebbi,14003,Ten years preceding the survey,0,1,CMECMRCIMR,NGDHS2013433035,2013,DHS,,,78,127,2
NGA,Sokoto,7964802,Infant mortality rate,102,0,NG,Nigeria,2013,NG2013DHS,CM_ECMR_C_IMR,63206030,I,433036,1433036,Region,..Sokoto,14003,Ten years preceding the survey,0,1,CMECMRCIMR,NGDHS2013433036,2013,DHS,,,75,129,2
NGA,Zamfara,1844007,Infant mortality rate,142,0,NG,Nigeria,2013,NG2013DHS,CM_ECMR_C_IMR,63206030,I,433037,1433037,Region,..Zamfara,14003,Ten years preceding the survey,0,1,CMECMRCIMR,NGDHS2013433037,2013,DHS,,,125,160,2
NGA,South East,7685559,Infant mortality rate,82,0,NG,Nigeria,2013,NG2013DHS,CM_ECMR_C_IMR,63206030,I,433008,1433040,Region,South East,14003,Ten years preceding the survey,0,1,CMECMRCIMR,NGDHS2013433008,2013,DHS,,,71,93,1
NGA,Abia,7691601,Infant mortality rate,79,0,NG,Nigeria,2013,NG2013DHS,CM_ECMR_C_IMR,63206030,I,433041,1433041,Region,..Abia,14003,Ten years preceding the survey,0,1,CMECMRCIMR,NGDHS2013433041,2013,DHS,,,52,106,2
NGA,Anambra,1824634,Infant mortality rate,61,0,NG,Nigeria,2013,NG2013DHS,CM_ECMR_C_IMR,63206030,I,433042,1433042,Region,..Anambra,14003,Ten years preceding the survey,0,1,CMECMRCIMR,NGDHS2013433042,2013,DHS,,,33,89,2
NGA,Ebonyi,7897765,Infant mortality rate,113,0,NG,Nigeria,2013,NG2013DHS,CM_ECMR_C_IMR,63206030,I,433043,1433043,Region,..Ebonyi,14003,Ten years preceding the survey,0,1,CMECMRCIMR,NGDHS2013433043,2013,DHS,,,94,132,2
NGA,Enugu,1824708,Infant mortality rate,73,0,NG,Nigeria,2013,NG2013DHS,CM_ECMR_C_IMR,63206030,I,433044,1433044,Region,..Enugu,14003,Ten years preceding the survey,0,1,CMECMRCIMR,NGDHS2013433044,2013,DHS,,,56,89,2
NGA,Imo,7530788,Infant mortality rate,72,0,NG,Nigeria,2013,NG2013DHS,CM_ECMR_C_IMR,63206030,I,433045,1433045,Region,..Imo,14003,Ten years preceding the survey,0,1,CMECMRCIMR,NGDHS2013433045,2013,DHS,,,50,93,2
NGA,South West,7491380,Infant mortality rate,61,0,NG,Nigeria,2013,NG2013DHS,CM_ECMR_C_IMR,63206030,I,433009,1433050,Region,South West,14003,Ten years preceding the survey,0,1,CMECMRCIMR,NGDHS2013433009,2013,DHS,,,51,70,1
NGA,Ekiti,1844221,Infant mortality rate,69,0,NG,Nigeria,2013,NG2013DHS,CM_ECMR_C_IMR,63206030,I,433051,1433051,Region,..Ekiti,14003,Ten years preceding the survey,0,1,CMECMRCIMR,NGDHS2013433051,2013,DHS,,,45,92,2
NGA,Lagos,7501492,Infant mortality rate,75,0,NG,Nigeria,2013,NG2013DHS,CM_ECMR_C_IMR,63206030,I,433052,1433052,Region,..Lagos,14003,Ten years preceding the survey,0,1,CMECMRCIMR,NGDHS2013433052,2013,DHS,,,51,99,2
NGA,Ogun,7797808,Infant mortality rate,63,0,NG,Nigeria,2013,NG2013DHS,CM_ECMR_C_IMR,63206030,I,433053,1433053,Region,..Ogun,14003,Ten years preceding the survey,0,1,CMECMRCIMR,NGDHS2013433053,2013,DHS,,,41,85,2
NGA,Ondo,7916830,Infant mortality rate,76,0,NG,Nigeria,2013,NG2013DHS,CM_ECMR_C_IMR,63206030,I,433054,1433054,Region,..Ondo,14003,Ten years preceding the survey,0,1,CMECMRCIMR,NGDHS2013433054,2013,DHS,,,62,90,2
NGA,Osun,7964803,Infant mortality rate,41,0,NG,Nigeria,2013,NG2013DHS,CM_ECMR_C_IMR,63206030,I,433055,1433055,Region,..Osun,14003,Ten years preceding the survey,0,1,CMECMRCIMR,NGDHS2013433055,2013,DHS,,,24,58,2
NGA,Oyo,7860522,Infant mortality rate,42,0,NG,Nigeria,2013,NG2013DHS,CM_ECMR_C_IMR,63206030,I,433056,1433056,Region,..Oyo,14003,Ten years preceding the survey,0,1,CMECMRCIMR,NGDHS2013433056,2013,DHS,,,26,59,2
NGA,South South,7978016,Infant mortality rate,58,0,NG,Nigeria,2013,NG2013DHS,CM_ECMR_C_IMR,63206030,I,433010,1433060,Region,South South,14003,Ten years preceding the survey,0,1,CMECMRCIMR,NGDHS2013433010,2013,DHS,,,49,66,1
NGA,Akwa Ibom,1832051,Infant mortality rate,54,0,NG,Nigeria,2013,NG2013DHS,CM_ECMR_C_IMR,63206030,I,433061,1433061,Region,..Akwa Ibom,14003,Ten years preceding the survey,0,1,CMECMRCIMR,NGDHS2013433061,2013,DHS,,,35,73,2
NGA,Bayelsa,7904474,Infant mortality rate,58,0,NG,Nigeria,2013,NG2013DHS,CM_ECMR_C_IMR,63206030,I,433062,1433062,Region,..Bayelsa,14003,Ten years preceding the survey,0,1,CMECMRCIMR,NGDHS2013433062,2013,DHS,,,39,76,2
NGA,Cross River,1838594,Infant mortality rate,66,0,NG,Nigeria,2013,NG2013DHS,CM_ECMR_C_IMR,63206030,I,433063,1433063,Region,..Cross River,14003,Ten years preceding the survey,0,1,CMECMRCIMR,NGDHS2013433063,2013,DHS,,,48,84,2
NGA,Delta,7537596,Infant mortality rate,59,0,NG,Nigeria,2013,NG2013DHS,CM_ECMR_C_IMR,63206030,I,433064,1433064,Region,..Delta,14003,Ten years preceding the survey,0,1,CMECMRCIMR,NGDHS2013433064,2013,DHS,,,30,88,2
NGA,Edo,7657294,Infant mortality rate,45,0,NG,Nigeria,2013,NG2013DHS,CM_ECMR_C_IMR,63206030,I,433065,1433065,Region,..Edo,14003,Ten years preceding the survey,0,1,CMECMRCIMR,NGDHS2013433065,2013,DHS,,,32,57,2
NGA,Rivers,7478907,Infant mortality rate,60,0,NG,Nigeria,2013,NG2013DHS,CM_ECMR_C_IMR,63206030,I,433066,1433066,Region,..Rivers,14003,Ten years preceding the survey,0,1,CMECMRCIMR,NGDHS2013433066,2013,DHS,,,41,79,2
NGA,North Central,1824424,Under-five mortality rate,100,0,NG,Nigeria,2013,NG2013DHS,CM_ECMR_C_U5M,63206050,I,433005,1433010,Region,North Central,14003,Ten years preceding the survey,0,1,CMECMRCU5M,NGDHS2013433005,2013,DHS,,,89,112,1
NGA,FCT Abuja,7885563,Under-five mortality rate,76,0,NG,Nigeria,2013,NG2013DHS,CM_ECMR_C_U5M,63206050,I,433011,1433011,Region,..FCT Abuja,14003,Ten years preceding the survey,0,1,CMECMRCU5M,NGDHS2013433011,2013,DHS,,,50,101,2
NGA,Benue,1832074,Under-five mortality rate,127,0,NG,Nigeria,2013,NG2013DHS,CM_ECMR_C_U5M,63206050,I,433012,1433012,Region,..Benue,14003,Ten years preceding the survey,0,1,CMECMRCU5M,NGDHS2013433012,2013,DHS,,,105,149,2
NGA,Kogi,7749549,Under-five mortality rate,72,0,NG,Nigeria,2013,NG2013DHS,CM_ECMR_C_U5M,63206050,I,433013,1433013,Region,..Kogi,14003,Ten years preceding the survey,0,1,CMECMRCU5M,NGDHS2013433013,2013,DHS,,,45,99,2
NGA,Kwara,1831836,Under-five mortality rate,63,0,NG,Nigeria,2013,NG2013DHS,CM_ECMR_C_U5M,63206050,I,433014,1433014,Region,..Kwara,14003,Ten years preceding the survey,0,1,CMECMRCU5M,NGDHS2013433014,2013,DHS,,,45,81,2
NGA,Nasarawa,7517931,Under-five mortality rate,119,0,NG,Nigeria,2013,NG2013DHS,CM_ECMR_C_U5M,63206050,I,433015,1433015,Region,..Nasarawa,14003,Ten years preceding the survey,0,1,CMECMRCU5M,NGDHS2013433015,2013,DHS,,,97,142,2
NGA,Niger,7797807,Under-five mortality rate,86,0,NG,Nigeria,2013,NG2013DHS,CM_ECMR_C_U5M,63206050,I,433016,1433016,Region,..Niger,14003,Ten years preceding the survey,0,1,CMECMRCU5M,NGDHS2013433016,2013,DHS,,,63,110,2
NGA,Plateau,7916829,Under-five mortality rate,130,0,NG,Nigeria,2013,NG2013DHS,CM_ECMR_C_U5M,63206050,I,433017,1433017,Region,..Plateau,14003,Ten years preceding the survey,0,1,CMECMRCU5M,NGDHS2013433017,2013,DHS,,,99,161,2
NGA,North East,7864093,Under-five mortality rate,160,0,NG,Nigeria,2013,NG2013DHS,CM_ECMR_C_U5M,63206050,I,433006,1433020,Region,North East,14003,Ten years preceding the survey,0,1,CMECMRCU5M,NGDHS2013433006,2013,DHS,,,143,178,1
NGA,Adamawa,7955170,Under-five mortality rate,174,0,NG,Nigeria,2013,NG2013DHS,CM_ECMR_C_U5M,63206050,I,433021,1433021,Region,..Adamawa,14003,Ten years preceding the survey,0,1,CMECMRCU5M,NGDHS2013433021,2013,DHS,,,140,208,2
NGA,Bauchi,7507519,Under-five mortality rate,228,0,NG,Nigeria,2013,NG2013DHS,CM_ECMR_C_U5M,63206050,I,433022,1433022,Region,..Bauchi,14003,Ten years preceding the survey,0,1,CMECMRCU5M,NGDHS2013433022,2013,DHS,,,190,265,2
NGA,Borno,7924352,Under-five mortality rate,79,0,NG,Nigeria,2013,NG2013DHS,CM_ECMR_C_U5M,63206050,I,433023,1433023,Region,..Borno,14003,Ten years preceding the survey,0,1,CMECMRCU5M,NGDHS2013433023,2013,DHS,,,45,112,2
NGA,Gombe,4070633,Under-five mortality rate,186,0,NG,Nigeria,2013,NG2013DHS,CM_ECMR_C_U5M,63206050,I,433024,1433024,Region,..Gombe,14003,Ten years preceding the survey,0,1,CMECMRCU5M,NGDHS2013433024,2013,DHS,,,165,206,2
NGA,Taraba,7880918,Under-five mortality rate,152,0,NG,Nigeria,2013,NG2013DHS,CM_ECMR_C_U5M,63206050,I,433025,1433025,Region,..Taraba,14003,Ten years preceding the survey,0,1,CMECMRCU5M,NGDHS2013433025,2013,DHS,,,128,176,2
NGA,Yobe,1831842,Under-five mortality rate,143,0,NG,Nigeria,2013,NG2013DHS,CM_ECMR_C_U5M,63206050,I,433026,1433026,Region,..Yobe,14003,Ten years preceding the survey,0,1,CMECMRCU5M,NGDHS2013433026,2013,DHS,,,123,163,2
NGA,North West,1831624,Under-five mortality rate,185,0,NG,Nigeria,2013,NG2013DHS,CM_ECMR_C_U5M,63206050,I,433007,1433030,Region,North West,14003,Ten years preceding the survey,0,1,CMECMRCU5M,NGDHS2013433007,2013,DHS,,,171,200,1
NGA,Jigawa,1838453,Under-five mortality rate,218,0,NG,Nigeria,2013,NG2013DHS,CM_ECMR_C_U5M,63206050,I,433031,1433031,Region,..Jigawa,14003,Ten years preceding the survey,0,1,CMECMRCU5M,NGDHS2013433031,2013,DHS,,,190,246,2
NGA,Kaduna,7777543,Under-five mortality rate,73,0,NG,Nigeria,2013,NG2013DHS,CM_ECMR_C_U5M,63206050,I,433032,1433032,Region,..Kaduna,14003,Ten years preceding the survey,0,1,CMECMRCU5M,NGDHS2013433032,2013,DHS,,,48,98,2
NGA,Kano,1824884,Under-five mortality rate,158,0,NG,Nigeria,2013,NG2013DHS,CM_ECMR_C_U5M,63206050,I,433033,1433033,Region,..Kano,14003,Ten years preceding the survey,0,1,CMECMRCU5M,NGDHS2013433033,2013,DHS,,,131,185,2
NGA,Katsina,7507525,Under-five mortality rate,220,0,NG,Nigeria,2013,NG2013DHS,CM_ECMR_C_U5M,63206050,I,433034,1433034,Region,..Katsina,14003,Ten years preceding the survey,0,1,CMECMRCU5M,NGDHS2013433034,2013,DHS,,,186,254,2
NGA,Kebbi,7719109,Under-five mortality rate,194,0,NG,Nigeria,2013,NG2013DHS,CM_ECMR_C_U5M,63206050,I,433035,1433035,Region,..Kebbi,14003,Ten years preceding the survey,0,1,CMECMRCU5M,NGDHS2013433035,2013,DHS,,,153,235,2
NGA,Sokoto,1838374,Under-five mortality rate,210,0,NG,Nigeria,2013,NG2013DHS,CM_ECMR_C_U5M,63206050,I,433036,1433036,Region,..Sokoto,14003,Ten years preceding the survey,0,1,CMECMRCU5M,NGDHS2013433036,2013,DHS,,,169,250,2
NGA,Zamfara,7981199,Under-five mortality rate,256,0,NG,Nigeria,2013,NG2013DHS,CM_ECMR_C_U5M,63206050,I,433037,1433037,Region,..Zamfara,14003,Ten years preceding the survey,0,1,CMECMRCU5M,NGDHS2013433037,2013,DHS,,,233,279,2
NGA,South East,1838666,Under-five mortality rate,131,0,NG,Nigeria,2013,NG2013DHS,CM_ECMR_C_U5M,63206050,I,433008,1433040,Region,South East,14003,Ten years preceding the survey,0,1,CMECMRCU5M,NGDHS2013433008,2013,DHS,,,114,149,1
NGA,Abia,7492857,Under-five mortality rate,132,0,NG,Nigeria,2013,NG2013DHS,CM_ECMR_C_U5M,63206050,I,433041,1433041,Region,..Abia,14003,Ten years preceding the survey,0,1,CMECMRCU5M,NGDHS2013433041,2013,DHS,,,98,166,2
NGA,Anambra,7916059,Under-five mortality rate,87,0,NG,Nigeria,2013,NG2013DHS,CM_ECMR_C_U5M,63206050,I,433042,1433042,Region,..Anambra,14003,Ten years preceding the survey,0,1,CMECMRCU5M,NGDHS2013433042,2013,DHS,,,46,128,2
NGA,Ebonyi,1838504,Under-five mortality rate,179,0,NG,Nigeria,2013,NG2013DHS,CM_ECMR_C_U5M,63206050,I,433043,1433043,Region,..Ebonyi,14003,Ten years preceding the survey,0,1,CMECMRCU5M,NGDHS2013433043,2013,DHS,,,146,212,2
NGA,Enugu,7975989,Under-five mortality rate,111,0,NG,Nigeria,2013,NG2013DHS,CM_ECMR_C_U5M,63206050,I,433044,1433044,Region,..Enugu,14003,Ten years preceding the survey,0,1,CMECMRCU5M,NGDHS2013433044,2013,DHS,,,92,130,2
NGA,Imo,1838679,Under-five mortality rate,133,0,NG,Nigeria,2013,NG2013DHS,CM_ECMR_C_U5M,63206050,I,433045,1433045,Region,..Imo,14003,Ten years preceding the survey,0,1,CMECMRCU5M,NGDHS2013433045,2013,DHS,,,100,167,2
NGA,South West,7672921,Under-five mortality rate,90,0,NG,Nigeria,2013,NG2013DHS,CM_ECMR_C_U5M,63206050,I,433009,1433050,Region,South West,14003,Ten years preceding the survey,0,1,CMECMRCU5M,NGDHS2013433009,2013,DHS,,,78,102,1
NGA,Ekiti,7791213,Under-five mortality rate,105,0,NG,Nigeria,2013,NG2013DHS,CM_ECMR_C_U5M,63206050,I,433051,1433051,Region,..Ekiti,14003,Ten years preceding the survey,0,1,CMECMRCU5M,NGDHS2013433051,2013,DHS,,,77,134,2
NGA,Lagos,1824682,Under-five mortality rate,96,0,NG,Nigeria,2013,NG2013DHS,CM_ECMR_C_U5M,63206050,I,433052,1433052,Region,..Lagos,14003,Ten years preceding the survey,0,1,CMECMRCU5M,NGDHS2013433052,2013,DHS,,,67,124,2
NGA,Ogun,7508593,Under-five mortality rate,93,0,NG,Nigeria,2013,NG2013DHS,CM_ECMR_C_U5M,63206050,I,433053,1433053,Region,..Ogun,14003,Ten years preceding the survey,0,1,CMECMRCU5M,NGDHS2013433053,2013,DHS,,,67,119,2
NGA,Ondo,7711316,Under-five mortality rate,119,0,NG,Nigeria,2013,NG2013DHS,CM_ECMR_C_U5M,63206050,I,433054,1433054,Region,..Ondo,14003,Ten years preceding the survey,0,1,CMECMRCU5M,NGDHS2013433054,2013,DHS,,,99,140,2
NGA,Osun,1838498,Under-five mortality rate,61,0,NG,Nigeria,2013,NG2013DHS,CM_ECMR_C_U5M,63206050,I,433055,1433055,Region,..Osun,14003,Ten years preceding the survey,0,1,CMECMRCU5M,NGDHS2013433055,2013,DHS,,,44,77,2
NGA,Oyo,7707327,Under-five mortality rate,76,0,NG,Nigeria,2013,NG2013DHS,CM_ECMR_C_U5M,63206050,I,433056,1433056,Region,..Oyo,14003,Ten years preceding the survey,0,1,CMECMRCU5M,NGDHS2013433056,2013,DHS,,,54,98,2
NGA,South South,1824427,Under-five mortality rate,91,0,NG,Nigeria,2013,NG2013DHS,CM_ECMR_C_U5M,63206050,I,433010,1433060,Region,South South,14003,Ten years preceding the survey,0,1,CMECMRCU5M,NGDHS2013433010,2013,DHS,,,80,102,1
NGA,Akwa Ibom,7942729,Under-five mortality rate,79,0,NG,Nigeria,2013,NG2013DHS,CM_ECMR_C_U5M,63206050,I,433061,1433061,Region,..Akwa Ibom,14003,Ten years preceding the survey,0,1,CMECMRCU5M,NGDHS2013433061,2013,DHS,,,56,102,2
NGA,Bayelsa,5507141,Under-five mortality rate,91,0,NG,Nigeria,2013,NG2013DHS,CM_ECMR_C_U5M,63206050,I,433062,1433062,Region,..Bayelsa,14003,Ten years preceding the survey,0,1,CMECMRCU5M,NGDHS2013433062,2013,DHS,,,71,112,2
NGA,Cross River,7962897,Under-five mortality rate,104,0,NG,Nigeria,2013,NG2013DHS,CM_ECMR_C_U5M,63206050,I,433063,1433063,Region,..Cross River,14003,Ten years preceding the survey,0,1,CMECMRCU5M,NGDHS2013433063,2013,DHS,,,88,120,2
NGA,Delta,1824862,Under-five mortality rate,93,0,NG,Nigeria,2013,NG2013DHS,CM_ECMR_C_U5M,63206050,I,433064,1433064,Region,..Delta,14003,Ten years preceding the survey,0,1,CMECMRCU5M,NGDHS2013433064,2013,DHS,,,54,132,2
NGA,Edo,7508253,Under-five mortality rate,71,0,NG,Nigeria,2013,NG2013DHS,CM_ECMR_C_U5M,63206050,I,433065,1433065,Region,..Edo,14003,Ten years preceding the survey,0,1,CMECMRCU5M,NGDHS2013433065,2013,DHS,,,53,89,2
NGA,Rivers,7959602,Under-five mortality rate,98,0,NG,Nigeria,2013,NG2013DHS,CM_ECMR_C_U5M,63206050,I,433066,1433066,Region,..Rivers,14003,Ten years preceding the survey,0,1,CMECMRCU5M,NGDHS2013433066,2013,DHS,,,73,122,2
NGA,North Central,5997518,Place of delivery: Health facility,47.2,1,NG,Nigeria,2013,NG2013DHS,RH_DELP_C_DHF,83566070,I,433005,1433010,Region,North Central,14000,Three years preceding the survey,0,0,RHDELPCDHF,NGDHS2013433005,2013,DHS,2626,2788,,,1
NGA,North Central,972245,Place of delivery: Health facility,45.7,1,NG,Nigeria,2013,NG2013DHS,RH_DELP_C_DHF,83566070,I,433005,1433010,Region,North Central,14001,Five years preceding the survey,0,0,RHDELPCDHF,NGDHS2013433005,2013,DHS,4340,4614,,,1
NGA,North Central,158933,Place of delivery: Health facility,47.9,1,NG,Nigeria,2013,NG2013DHS,RH_DELP_C_DHF,83566070,I,433005,1433010,Region,North Central,14002,Two years preceding the survey,0,1,RHDELPCDHF,NGDHS2013433005,2013,DHS,1753,1865,,,1
NGA,FCT Abuja,4477555,Place of delivery: Health facility,71.1,1,NG,Nigeria,2013,NG2013DHS,RH_DELP_C_DHF,83566070,I,433011,1433011,Region,..FCT Abuja,14000,Three years preceding the survey,0,0,RHDELPCDHF,NGDHS2013433011,2013,DHS,127,301,,,2
NGA,FCT Abuja,3293379,Place of delivery: Health facility,69.1,1,NG,Nigeria,2013,NG2013DHS,RH_DELP_C_DHF,83566070,I,433011,1433011,Region,..FCT Abuja,14001,Five years preceding the survey,0,0,RHDELPCDHF,NGDHS2013433011,2013,DHS,209,501,,,2
NGA,FCT Abuja,2281920,Place of delivery: Health facility,67.4,1,NG,Nigeria,2013,NG2013DHS,RH_DELP_C_DHF,83566070,I,433011,1433011,Region,..FCT Abuja,14002,Two years preceding the survey,0,1,RHDELPCDHF,NGDHS2013433011,2013,DHS,79,191,,,2
NGA,Benue,7253021,Place of delivery: Health facility,50.6,1,NG,Nigeria,2013,NG2013DHS,RH_DELP_C_DHF,83566070,I,433012,1433012,Region,..Benue,14000,Three years preceding the survey,0,0,RHDELPCDHF,NGDHS2013433012,2013,DHS,585,394,,,2
NGA,Benue,4362107,Place of delivery: Health facility,50.9,1,NG,Nigeria,2013,NG2013DHS,RH_DELP_C_DHF,83566070,I,433012,1433012,Region,..Benue,14001,Five years preceding the survey,0,0,RHDELPCDHF,NGDHS2013433012,2013,DHS,967,660,,,2
NGA,Benue,4787399,Place of delivery: Health facility,51.5,1,NG,Nigeria,2013,NG2013DHS,RH_DELP_C_DHF,83566070,I,433012,1433012,Region,..Benue,14002,Two years preceding the survey,0,1,RHDELPCDHF,NGDHS2013433012,2013,DHS,386,265,,,2
NGA,Kogi,5301951,Place of delivery: Health facility,80.2,1,NG,Nigeria,2013,NG2013DHS,RH_DELP_C_DHF,83566070,I,433013,1433013,Region,..Kogi,14000,Three years preceding the survey,0,0,RHDELPCDHF,NGDHS2013433013,2013,DHS,239,291,,,2
NGA,Kogi,6443072,Place of delivery: Health facility,78.9,1,NG,Nigeria,2013,NG2013DHS,RH_DELP_C_DHF,83566070,I,433013,1433013,Region,..Kogi,14001,Five years preceding the survey,0,0,RHDELPCDHF,NGDHS2013433013,2013,DHS,401,489,,,2
NGA,Kogi,3106800,Place of delivery: Health facility,79.7,1,NG,Nigeria,2013,NG2013DHS,RH_DELP_C_DHF,83566070,I,433013,1433013,Region,..Kogi,14002,Two years preceding the survey,0,1,RHDELPCDHF,NGDHS2013433013,2013,DHS,172,205,,,2
NGA,Kwara,2281749,Place of delivery: Health facility,78,1,NG,Nigeria,2013,NG2013DHS,RH_DELP_C_DHF,83566070,I,433014,1433014,Region,..Kwara,14000,Three years preceding the survey,0,0,RHDELPCDHF,NGDHS2013433014,2013,DHS,248,415,,,2
NGA,Kwara,5796424,Place of delivery: Health facility,76.7,1,NG,Nigeria,2013,NG2013DHS,RH_DELP_C_DHF,83566070,I,433014,1433014,Region,..Kwara,14001,Five years preceding the survey,0,0,RHDELPCDHF,NGDHS2013433014,2013,DHS,405,683,,,2
NGA,Kwara,3460360,Place of delivery: Health facility,75.3,1,NG,Nigeria,2013,NG2013DHS,RH_DELP_C_DHF,83566070,I,433014,1433014,Region,..Kwara,14002,Two years preceding the survey,0,1,RHDELPCDHF,NGDHS2013433014,2013,DHS,163,278,,,2
NGA,Nasarawa,91134,Place of delivery: Health facility,43,1,NG,Nigeria,2013,NG2013DHS,RH_DELP_C_DHF,83566070,I,433015,1433015,Region,..Nasarawa,14000,Three years preceding the survey,0,0,RHDELPCDHF,NGDHS2013433015,2013,DHS,286,407,,,2
NGA,Nasarawa,3802079,Place of delivery: Health facility,40.1,1,NG,Nigeria,2013,NG2013DHS,RH_DELP_C_DHF,83566070,I,433015,1433015,Region,..Nasarawa,14001,Five years preceding the survey,0,0,RHDELPCDHF,NGDHS2013433015,2013,DHS,460,655,,,2
NGA,Nasarawa,4560418,Place of delivery: Health facility,44.9,1,NG,Nigeria,2013,NG2013DHS,RH_DELP_C_DHF,83566070,I,433015,1433015,Region,..Nasarawa,14002,Two years preceding the survey,0,1,RHDELPCDHF,NGDHS2013433015,2013,DHS,202,290,,,2
NGA,Niger,2893998,Place of delivery: Health facility,28,1,NG,Nigeria,2013,NG2013DHS,RH_DELP_C_DHF,83566070,I,433016,1433016,Region,..Niger,14000,Three years preceding the survey,0,0,RHDELPCDHF,NGDHS2013433016,2013,DHS,821,563,,,2
NGA,Niger,225103,Place of delivery: Health facility,25.3,1,NG,Nigeria,2013,NG2013DHS,RH_DELP_C_DHF,83566070,I,433016,1433016,Region,..Niger,14001,Five years preceding the survey,0,0,RHDELPCDHF,NGDHS2013433016,2013,DHS,1394,956,,,2
NGA,Niger,5763531,Place of delivery: Health facility,29.6,1,NG,Nigeria,2013,NG2013DHS,RH_DELP_C_DHF,83566070,I,433016,1433016,Region,..Niger,14002,Two years preceding the survey,0,1,RHDELPCDHF,NGDHS2013433016,2013,DHS,538,357,,,2
NGA,Plateau,6567097,Place of delivery: Health facility,35.9,1,NG,Nigeria,2013,NG2013DHS,RH_DELP_C_DHF,83566070,I,433017,1433017,Region,..Plateau,14000,Three years preceding the survey,0,0,RHDELPCDHF,NGDHS2013433017,2013,DHS,320,417,,,2
NGA,Plateau,3995443,Place of delivery: Health facility,35.8,1,NG,Nigeria,2013,NG2013DHS,RH_DELP_C_DHF,83566070,I,433017,1433017,Region,..Plateau,14001,Five years preceding the survey,0,0,RHDELPCDHF,NGDHS2013433017,2013,DHS,505,670,,,2
NGA,Plateau,5288070,Place of delivery: Health facility,36.3,1,NG,Nigeria,2013,NG2013DHS,RH_DELP_C_DHF,83566070,I,433017,1433017,Region,..Plateau,14002,Two years preceding the survey,0,1,RHDELPCDHF,NGDHS2013433017,2013,DHS,213,279,,,2
NGA,North East,444856,Place of delivery: Health facility,21.7,1,NG,Nigeria,2013,NG2013DHS,RH_DELP_C_DHF,83566070,I,433006,1433020,Region,North East,14000,Three years preceding the survey,0,0,RHDELPCDHF,NGDHS2013433006,2013,DHS,3285,3846,,,1
NGA,North East,3473954,Place of delivery: Health facility,19.5,1,NG,Nigeria,2013,NG2013DHS,RH_DELP_C_DHF,83566070,I,433006,1433020,Region,North East,14001,Five years preceding the survey,0,0,RHDELPCDHF,NGDHS2013433006,2013,DHS,5578,6517,,,1
NGA,North East,3833831,Place of delivery: Health facility,21.9,1,NG,Nigeria,2013,NG2013DHS,RH_DELP_C_DHF,83566070,I,433006,1433020,Region,North East,14002,Two years preceding the survey,0,1,RHDELPCDHF,NGDHS2013433006,2013,DHS,2232,2617,,,1
NGA,Adamawa,3848167,Place of delivery: Health facility,34.8,1,NG,Nigeria,2013,NG2013DHS,RH_DELP_C_DHF,83566070,I,433021,1433021,Region,..Adamawa,14000,Three years preceding the survey,0,0,RHDELPCDHF,NGDHS2013433021,2013,DHS,443,606,,,2
NGA,Adamawa,513184,Place of delivery: Health facility,33.4,1,NG,Nigeria,2013,NG2013DHS,RH_DELP_C_DHF,83566070,I,433021,1433021,Region,..Adamawa,14001,Five years preceding the survey,0,0,RHDELPCDHF,NGDHS2013433021,2013,DHS,732,1001,,,2
NGA,Adamawa,6569351,Place of delivery: Health facility,34.8,1,NG,Nigeria,2013,NG2013DHS,RH_DELP_C_DHF,83566070,I,433021,1433021,Region,..Adamawa,14002,Two years preceding the survey,0,1,RHDELPCDHF,NGDHS2013433021,2013,DHS,302,415,,,2
NGA,Bauchi,2551888,Place of delivery: Health facility,19.3,1,NG,Nigeria,2013,NG2013DHS,RH_DELP_C_DHF,83566070,I,433022,1433022,Region,..Bauchi,14000,Three years preceding the survey,0,0,RHDELPCDHF,NGDHS2013433022,2013,DHS,859,862,,,2
NGA,Bauchi,3700297,Place of delivery: Health facility,16.9,1,NG,Nigeria,2013,NG2013DHS,RH_DELP_C_DHF,83566070,I,433022,1433022,Region,..Bauchi,14001,Five years preceding the survey,0,0,RHDELPCDHF,NGDHS2013433022,2013,DHS,1431,1439,,,2
NGA,Bauchi,4322670,Place of delivery: Health facility,20.6,1,NG,Nigeria,2013,NG2013DHS,RH_DELP_C_DHF,83566070,I,433022,1433022,Region,..Bauchi,14002,Two years preceding the survey,0,1,RHDELPCDHF,NGDHS2013433022,2013,DHS,594,597,,,2
NGA,Borno,4710965,Place of delivery: Health facility,18.5,1,NG,Nigeria,2013,NG2013DHS,RH_DELP_C_DHF,83566070,I,433023,1433023,Region,..Borno,14000,Three years preceding the survey,0,0,RHDELPCDHF,NGDHS2013433023,2013,DHS,625,329,,,2
NGA,Borno,4776083,Place of delivery: Health facility,17,1,NG,Nigeria,2013,NG2013DHS,RH_DELP_C_DHF,83566070,I,433023,1433023,Region,..Borno,14001,Five years preceding the survey,0,0,RHDELPCDHF,NGDHS2013433023,2013,DHS,1118,600,,,2
NGA,Borno,7176806,Place of delivery: Health facility,17.9,1,NG,Nigeria,2013,NG2013DHS,RH_DELP_C_DHF,83566070,I,433023,1433023,Region,..Borno,14002,Two years preceding the survey,0,1,RHDELPCDHF,NGDHS2013433023,2013,DHS,429,228,,,2
NGA,Gombe,6440976,Place of delivery: Health facility,30.9,1,NG,Nigeria,2013,NG2013DHS,RH_DELP_C_DHF,83566070,I,433024,1433024,Region,..Gombe,14000,Three years preceding the survey,0,0,RHDELPCDHF,NGDHS2013433024,2013,DHS,356,680,,,2
NGA,Gombe,979250,Place of delivery: Health facility,27.6,1,NG,Nigeria,2013,NG2013DHS,RH_DELP_C_DHF,83566070,I,433024,1433024,Region,..Gombe,14001,Five years preceding the survey,0,0,RHDELPCDHF,NGDHS2013433024,2013,DHS,595,1155,,,2
NGA,Gombe,4986279,Place of delivery: Health facility,31.1,1,NG,Nigeria,2013,NG2013DHS,RH_DELP_C_DHF,83566070,I,433024,1433024,Region,..Gombe,14002,Two years preceding the survey,0,1,RHDELPCDHF,NGDHS2013433024,2013,DHS,236,456,,,2
NGA,Taraba,458532,Place of delivery: Health facility,26.4,1,NG,Nigeria,2013,NG2013DHS,RH_DELP_C_DHF,83566070,I,433025,1433025,Region,..Taraba,14000,Three years preceding the survey,0,0,RHDELPCDHF,NGDHS2013433025,2013,DHS,460,745,,,2
NGA,Taraba,3460408,Place of delivery: Health facility,23.4,1,NG,Nigeria,2013,NG2013DHS,RH_DELP_C_DHF,83566070,I,433025,1433025,Region,..Taraba,14001,Five years preceding the survey,0,0,RHDELPCDHF,NGDHS2013433025,2013,DHS,764,1246,,,2
NGA,Taraba,3841043,Place of delivery: Health facility,25.4,1,NG,Nigeria,2013,NG2013DHS,RH_DELP_C_DHF,83566070,I,433025,1433025,Region,..Taraba,14002,Two years preceding the survey,0,1,RHDELPCDHF,NGDHS2013433025,2013,DHS,314,511,,,2
NGA,Yobe,2281743,Place of delivery: Health facility,8.4,1,NG,Nigeria,2013,NG2013DHS,RH_DELP_C_DHF,83566070,I,433026,1433026,Region,..Yobe,14000,Three years preceding the survey,0,0,RHDELPCDHF,NGDHS2013433026,2013,DHS,542,624,,,2
NGA,Yobe,2281784,Place of delivery: Health facility,7.6,1,NG,Nigeria,2013,NG2013DHS,RH_DELP_C_DHF,83566070,I,433026,1433026,Region,..Yobe,14001,Five years preceding the survey,0,0,RHDELPCDHF,NGDHS2013433026,2013,DHS,938,1076,,,2
NGA,Yobe,6853730,Place of delivery: Health facility,8.8,1,NG,Nigeria,2013,NG2013DHS,RH_DELP_C_DHF,83566070,I,433026,1433026,Region,..Yobe,14002,Two years preceding the survey,0,1,RHDELPCDHF,NGDHS2013433026,2013,DHS,356,410,,,2
NGA,North West,2281679,Place of delivery: Health facility,12.2,1,NG,Nigeria,2013,NG2013DHS,RH_DELP_C_DHF,83566070,I,433007,1433030,Region,North West,14000,Three years preceding the survey,0,0,RHDELPCDHF,NGDHS2013433007,2013,DHS,6901,5828,,,1
NGA,North West,2281727,Place of delivery: Health facility,11.5,1,NG,Nigeria,2013,NG2013DHS,RH_DELP_C_DHF,83566070,I,433007,1433030,Region,North West,14001,Five years preceding the survey,0,0,RHDELPCDHF,NGDHS2013433007,2013,DHS,11775,9906,,,1
NGA,North West,6853723,Place of delivery: Health facility,12.3,1,NG,Nigeria,2013,NG2013DHS,RH_DELP_C_DHF,83566070,I,433007,1433030,Region,North West,14002,Two years preceding the survey,0,1,RHDELPCDHF,NGDHS2013433007,2013,DHS,4698,3989,,,1
NGA,Jigawa,7303142,Place of delivery: Health facility,9.1,1,NG,Nigeria,2013,NG2013DHS,RH_DELP_C_DHF,83566070,I,433031,1433031,Region,..Jigawa,14000,Three years preceding the survey,0,0,RHDELPCDHF,NGDHS2013433031,2013,DHS,940,845,,,2
NGA,Jigawa,4355015,Place of delivery: Health facility,6.7,1,NG,Nigeria,2013,NG2013DHS,RH_DELP_C_DHF,83566070,I,433031,1433031,Region,..Jigawa,14001,Five years preceding the survey,0,0,RHDELPCDHF,NGDHS2013433031,2013,DHS,1594,1436,,,2
NGA,Jigawa,5412162,Place of delivery: Health facility,10.1,1,NG,Nigeria,2013,NG2013DHS,RH_DELP_C_DHF,83566070,I,433031,1433031,Region,..Jigawa,14002,Two years preceding the survey,0,1,RHDELPCDHF,NGDHS2013433031,2013,DHS,633,569,,,2
NGA,Kaduna,5301910,Place of delivery: Health facility,33.7,1,NG,Nigeria,2013,NG2013DHS,RH_DELP_C_DHF,83566070,I,433032,1433032,Region,..Kaduna,14000,Three years preceding the survey,0,0,RHDELPCDHF,NGDHS2013433032,2013,DHS,810,503,,,2
NGA,Kaduna,6672974,Place of delivery: Health facility,32.4,1,NG,Nigeria,2013,NG2013DHS,RH_DELP_C_DHF,83566070,I,433032,1433032,Region,..Kaduna,14001,Five years preceding the survey,0,0,RHDELPCDHF,NGDHS2013433032,2013,DHS,1439,877,,,2
NGA,Kaduna,3632647,Place of delivery: Health facility,33.6,1,NG,Nigeria,2013,NG2013DHS,RH_DELP_C_DHF,83566070,I,433032,1433032,Region,..Kaduna,14002,Two years preceding the survey,0,1,RHDELPCDHF,NGDHS2013433032,2013,DHS,503,322,,,2
NGA,Kano,3705525,Place of delivery: Health facility,13,1,NG,Nigeria,2013,NG2013DHS,RH_DELP_C_DHF,83566070,I,433033,1433033,Region,..Kano,14000,Three years preceding the survey,0,0,RHDELPCDHF,NGDHS2013433033,2013,DHS,1758,1253,,,2
NGA,Kano,4257075,Place of delivery: Health facility,12.9,1,NG,Nigeria,2013,NG2013DHS,RH_DELP_C_DHF,83566070,I,433033,1433033,Region,..Kano,14001,Five years preceding the survey,0,0,RHDELPCDHF,NGDHS2013433033,2013,DHS,3024,2158,,,2
NGA,Kano,3565265,Place of delivery: Health facility,13.6,1,NG,Nigeria,2013,NG2013DHS,RH_DELP_C_DHF,83566070,I,433033,1433033,Region,..Kano,14002,Two years preceding the survey,0,1,RHDELPCDHF,NGDHS2013433033,2013,DHS,1230,881,,,2
NGA,Katsina,4936247,Place of delivery: Health facility,9.7,1,NG,Nigeria,2013,NG2013DHS,RH_DELP_C_DHF,83566070,I,433034,1433034,Region,..Katsina,14000,Three years preceding the survey,0,0,RHDELPCDHF,NGDHS2013433034,2013,DHS,1035,883,,,2
NGA,Katsina,3807775,Place of delivery: Health facility,9,1,NG,Nigeria,2013,NG2013DHS,RH_DELP_C_DHF,83566070,I,433034,1433034,Region,..Katsina,14001,Five years preceding the survey,0,0,RHDELPCDHF,NGDHS2013433034,2013,DHS,1703,1457,,,2
NGA,Katsina,4574828,Place of delivery: Health facility,9.4,1,NG,Nigeria,2013,NG2013DHS,RH_DELP_C_DHF,83566070,I,433034,1433034,Region,..Katsina,14002,Two years preceding the survey,0,1,RHDELPCDHF,NGDHS2013433034,2013,DHS,707,601,,,2
NGA,Kebbi,2940044,Place of delivery: Health facility,9,1,NG,Nigeria,2013,NG2013DHS,RH_DELP_C_DHF,83566070,I,433035,1433035,Region,..Kebbi,14000,Three years preceding the survey,0,0,RHDELPCDHF,NGDHS2013433035,2013,DHS,720,691,,,2
NGA,Kebbi,232350,Place of delivery: Health facility,8.5,1,NG,Nigeria,2013,NG2013DHS,RH_DELP_C_DHF,83566070,I,433035,1433035,Region,..Kebbi,14001,Five years preceding the survey,0,0,RHDELPCDHF,NGDHS2013433035,2013,DHS,1247,1195,,,2
NGA,Kebbi,5756487,Place of delivery: Health facility,9.3,1,NG,Nigeria,2013,NG2013DHS,RH_DELP_C_DHF,83566070,I,433035,1433035,Region,..Kebbi,14002,Two years preceding the survey,0,1,RHDELPCDHF,NGDHS2013433035,2013,DHS,490,481,,,2
NGA,Sokoto,6574197,Place of delivery: Health facility,5.3,1,NG,Nigeria,2013,NG2013DHS,RH_DELP_C_DHF,83566070,I,433036,1433036,Region,..Sokoto,14000,Three years preceding the survey,0,0,RHDELPCDHF,NGDHS2013433036,2013,DHS,693,832,,,2
NGA,Sokoto,4001685,Place of delivery: Health facility,4.7,1,NG,Nigeria,2013,NG2013DHS,RH_DELP_C_DHF,83566070,I,433036,1433036,Region,..Sokoto,14001,Five years preceding the survey,0,0,RHDELPCDHF,NGDHS2013433036,2013,DHS,1151,1361,,,2
NGA,Sokoto,7037411,Place of delivery: Health facility,5.7,1,NG,Nigeria,2013,NG2013DHS,RH_DELP_C_DHF,83566070,I,433036,1433036,Region,..Sokoto,14002,Two years preceding the survey,0,1,RHDELPCDHF,NGDHS2013433036,2013,DHS,466,554,,,2
NGA,Zamfara,3045274,Place of delivery: Health facility,5.4,1,NG,Nigeria,2013,NG2013DHS,RH_DELP_C_DHF,83566070,I,433037,1433037,Region,..Zamfara,14000,Three years preceding the survey,0,0,RHDELPCDHF,NGDHS2013433037,2013,DHS,945,821,,,2
NGA,Zamfara,6838359,Place of delivery: Health facility,5,1,NG,Nigeria,2013,NG2013DHS,RH_DELP_C_DHF,83566070,I,433037,1433037,Region,..Zamfara,14001,Five years preceding the survey,0,0,RHDELPCDHF,NGDHS2013433037,2013,DHS,1618,1422,,,2
NGA,Zamfara,2280700,Place of delivery: Health facility,5.5,1,NG,Nigeria,2013,NG2013DHS,RH_DELP_C_DHF,83566070,I,433037,1433037,Region,..Zamfara,14002,Two years preceding the survey,0,1,RHDELPCDHF,NGDHS2013433037,2013,DHS,669,581,,,2
NGA,South East,5238401,Place of delivery: Health facility,78.7,1,NG,Nigeria,2013,NG2013DHS,RH_DELP_C_DHF,83566070,I,433008,1433040,Region,South East,14000,Three years preceding the survey,0,0,RHDELPCDHF,NGDHS2013433008,2013,DHS,1766,1761,,,1
NGA,South East,7144104,Place of delivery: Health facility,78.1,1,NG,Nigeria,2013,NG2013DHS,RH_DELP_C_DHF,83566070,I,433008,1433040,Region,South East,14001,Five years preceding the survey,0,0,RHDELPCDHF,NGDHS2013433008,2013,DHS,2840,2816,,,1
NGA,South East,4774222,Place of delivery: Health facility,80.1,1,NG,Nigeria,2013,NG2013DHS,RH_DELP_C_DHF,83566070,I,433008,1433040,Region,South East,14002,Two years preceding the survey,0,1,RHDELPCDHF,NGDHS2013433008,2013,DHS,1221,1221,,,1
NGA,Abia,2534319,Place of delivery: Health facility,71.7,1,NG,Nigeria,2013,NG2013DHS,RH_DELP_C_DHF,83566070,I,433041,1433041,Region,..Abia,14000,Three years preceding the survey,0,0,RHDELPCDHF,NGDHS2013433041,2013,DHS,198,313,,,2
NGA,Abia,3633764,Place of delivery: Health facility,72.8,1,NG,Nigeria,2013,NG2013DHS,RH_DELP_C_DHF,83566070,I,433041,1433041,Region,..Abia,14001,Five years preceding the survey,0,0,RHDELPCDHF,NGDHS2013433041,2013,DHS,326,508,,,2
NGA,Abia,4357758,Place of delivery: Health facility,71.6,1,NG,Nigeria,2013,NG2013DHS,RH_DELP_C_DHF,83566070,I,433041,1433041,Region,..Abia,14002,Two years preceding the survey,0,1,RHDELPCDHF,NGDHS2013433041,2013,DHS,142,222,,,2
NGA,Anambra,2982322,Place of delivery: Health facility,88.4,1,NG,Nigeria,2013,NG2013DHS,RH_DELP_C_DHF,83566070,I,433042,1433042,Region,..Anambra,14000,Three years preceding the survey,0,0,RHDELPCDHF,NGDHS2013433042,2013,DHS,384,327,,,2
NGA,Anambra,4801558,Place of delivery: Health facility,84.6,1,NG,Nigeria,2013,NG2013DHS,RH_DELP_C_DHF,83566070,I,433042,1433042,Region,..Anambra,14001,Five years preceding the survey,0,0,RHDELPCDHF,NGDHS2013433042,2013,DHS,657,537,,,2
NGA,Anambra,7182790,Place of delivery: Health facility,90.6,1,NG,Nigeria,2013,NG2013DHS,RH_DELP_C_DHF,83566070,I,433042,1433042,Region,..Anambra,14002,Two years preceding the survey,0,1,RHDELPCDHF,NGDHS2013433042,2013,DHS,265,223,,,2
NGA,Ebonyi,6460400,Place of delivery: Health facility,60.8,1,NG,Nigeria,2013,NG2013DHS,RH_DELP_C_DHF,83566070,I,433043,1433043,Region,..Ebonyi,14000,Three years preceding the survey,0,0,RHDELPCDHF,NGDHS2013433043,2013,DHS,470,446,,,2
NGA,Ebonyi,985570,Place of delivery: Health facility,59.6,1,NG,Nigeria,2013,NG2013DHS,RH_DELP_C_DHF,83566070,I,433043,1433043,Region,..Ebonyi,14001,Five years preceding the survey,0,0,RHDELPCDHF,NGDHS2013433043,2013,DHS,748,720,,,2
NGA,Ebonyi,4994198,Place of delivery: Health facility,63.3,1,NG,Nigeria,2013,NG2013DHS,RH_DELP_C_DHF,83566070,I,433043,1433043,Region,..Ebonyi,14002,Two years preceding the survey,0,1,RHDELPCDHF,NGDHS2013433043,2013,DHS,330,315,,,2
NGA,Enugu,451652,Place of delivery: Health facility,85.2,1,NG,Nigeria,2013,NG2013DHS,RH_DELP_C_DHF,83566070,I,433044,1433044,Region,..Enugu,14000,Three years preceding the survey,0,0,RHDELPCDHF,NGDHS2013433044,2013,DHS,364,368,,,2
NGA,Enugu,3453713,Place of delivery: Health facility,85.5,1,NG,Nigeria,2013,NG2013DHS,RH_DELP_C_DHF,83566070,I,433044,1433044,Region,..Enugu,14001,Five years preceding the survey,0,0,RHDELPCDHF,NGDHS2013433044,2013,DHS,558,574,,,2
NGA,Enugu,2276016,Place of delivery: Health facility,87,1,NG,Nigeria,2013,NG2013DHS,RH_DELP_C_DHF,83566070,I,433044,1433044,Region,..Enugu,14002,Two years preceding the survey,0,1,RHDELPCDHF,NGDHS2013433044,2013,DHS,245,249,,,2
NGA,Imo,3828273,Place of delivery: Health facility,89,1,NG,Nigeria,2013,NG2013DHS,RH_DELP_C_DHF,83566070,I,433045,1433045,Region,..Imo,14000,Three years preceding the survey,0,0,RHDELPCDHF,NGDHS2013433045,2013,DHS,351,307,,,2
NGA,Imo,2270396,Place of delivery: Health facility,90.9,1,NG,Nigeria,2013,NG2013DHS,RH_DELP_C_DHF,83566070,I,433045,1433045,Region,..Imo,14001,Five years preceding the survey,0,0,RHDELPCDHF,NGDHS2013433045,2013,DHS,552,477,,,2
NGA,Imo,6846309,Place of delivery: Health facility,89.9,1,NG,Nigeria,2013,NG2013DHS,RH_DELP_C_DHF,83566070,I,433045,1433045,Region,..Imo,14002,Two years preceding the survey,0,1,RHDELPCDHF,NGDHS2013433045,2013,DHS,238,212,,,2
NGA,South West,3106792,Place of delivery: Health facility,75.2,1,NG,Nigeria,2013,NG2013DHS,RH_DELP_C_DHF,83566070,I,433009,1433050,Region,South West,14000,Three years preceding the survey,0,0,RHDELPCDHF,NGDHS2013433009,2013,DHS,2642,2357,,,1
NGA,South West,5730068,Place of delivery: Health facility,75,1,NG,Nigeria,2013,NG2013DHS,RH_DELP_C_DHF,83566070,I,433009,1433050,Region,South West,14001,Five years preceding the survey,0,0,RHDELPCDHF,NGDHS2013433009,2013,DHS,4360,3882,,,1
NGA,South West,5990402,Place of delivery: Health facility,74.7,1,NG,Nigeria,2013,NG2013DHS,RH_DELP_C_DHF,83566070,I,433009,1433050,Region,South West,14002,Two years preceding the survey,0,1,RHDELPCDHF,NGDHS2013433009,2013,DHS,1822,1619,,,1
NGA,Ekiti,5271207,Place of delivery: Health facility,86,1,NG,Nigeria,2013,NG2013DHS,RH_DELP_C_DHF,83566070,I,433051,1433051,Region,..Ekiti,14000,Three years preceding the survey,0,0,RHDELPCDHF,NGDHS2013433051,2013,DHS,118,316,,,2
NGA,Ekiti,6695261,Place of delivery: Health facility,86.3,1,NG,Nigeria,2013,NG2013DHS,RH_DELP_C_DHF,83566070,I,433051,1433051,Region,..Ekiti,14001,Five years preceding the survey,0,0,RHDELPCDHF,NGDHS2013433051,2013,DHS,200,530,,,2
NGA,Ekiti,7581323,Place of delivery: Health facility,85.5,1,NG,Nigeria,2013,NG2013DHS,RH_DELP_C_DHF,83566070,I,433051,1433051,Region,..Ekiti,14002,Two years preceding the survey,0,1,RHDELPCDHF,NGDHS2013433051,2013,DHS,83,221,,,2
NGA,Lagos,7935349,Place of delivery: Health facility,76,1,NG,Nigeria,2013,NG2013DHS,RH_DELP_C_DHF,83566070,I,433052,1433052,Region,..Lagos,14000,Three years preceding the survey,0,0,RHDELPCDHF,NGDHS2013433052,2013,DHS,801,592,,,2
NGA,Lagos,4257121,Place of delivery: Health facility,77.2,1,NG,Nigeria,2013,NG2013DHS,RH_DELP_C_DHF,83566070,I,433052,1433052,Region,..Lagos,14001,Five years preceding the survey,0,0,RHDELPCDHF,NGDHS2013433052,2013,DHS,1303,949,,,2
NGA,Lagos,7406199,Place of delivery: Health facility,77.2,1,NG,Nigeria,2013,NG2013DHS,RH_DELP_C_DHF,83566070,I,433052,1433052,Region,..Lagos,14002,Two years preceding the survey,0,1,RHDELPCDHF,NGDHS2013433052,2013,DHS,549,407,,,2
NGA,Ogun,4936403,Place of delivery: Health facility,77.2,1,NG,Nigeria,2013,NG2013DHS,RH_DELP_C_DHF,83566070,I,433053,1433053,Region,..Ogun,14000,Three years preceding the survey,0,0,RHDELPCDHF,NGDHS2013433053,2013,DHS,444,328,,,2
NGA,Ogun,5049102,Place of delivery: Health facility,74.7,1,NG,Nigeria,2013,NG2013DHS,RH_DELP_C_DHF,83566070,I,433053,1433053,Region,..Ogun,14001,Five years preceding the survey,0,0,RHDELPCDHF,NGDHS2013433053,2013,DHS,736,536,,,2
NGA,Ogun,4578251,Place of delivery: Health facility,76.7,1,NG,Nigeria,2013,NG2013DHS,RH_DELP_C_DHF,83566070,I,433053,1433053,Region,..Ogun,14002,Two years preceding the survey,0,1,RHDELPCDHF,NGDHS2013433053,2013,DHS,306,227,,,2
NGA,Ondo,972244,Place of delivery: Health facility,56,1,NG,Nigeria,2013,NG2013DHS,RH_DELP_C_DHF,83566070,I,433054,1433054,Region,..Ondo,14000,Three years preceding the survey,0,0,RHDELPCDHF,NGDHS2013433054,2013,DHS,347,389,,,2
NGA,Ondo,131008,Place of delivery: Health facility,56.2,1,NG,Nigeria,2013,NG2013DHS,RH_DELP_C_DHF,83566070,I,433054,1433054,Region,..Ondo,14001,Five years preceding the survey,0,0,RHDELPCDHF,NGDHS2013433054,2013,DHS,568,648,,,2
NGA,Ondo,6224268,Place of delivery: Health facility,55.9,1,NG,Nigeria,2013,NG2013DHS,RH_DELP_C_DHF,83566070,I,433054,1433054,Region,..Ondo,14002,Two years preceding the survey,0,1,RHDELPCDHF,NGDHS2013433054,2013,DHS,238,262,,,2
NGA,Osun,6598491,Place of delivery: Health facility,87.1,1,NG,Nigeria,2013,NG2013DHS,RH_DELP_C_DHF,83566070,I,433055,1433055,Region,..Osun,14000,Three years preceding the survey,0,0,RHDELPCDHF,NGDHS2013433055,2013,DHS,270,333,,,2
NGA,Osun,4001679,Place of delivery: Health facility,89.1,1,NG,Nigeria,2013,NG2013DHS,RH_DELP_C_DHF,83566070,I,433055,1433055,Region,..Osun,14001,Five years preceding the survey,0,0,RHDELPCDHF,NGDHS2013433055,2013,DHS,445,558,,,2
NGA,Osun,7037419,Place of delivery: Health facility,86.9,1,NG,Nigeria,2013,NG2013DHS,RH_DELP_C_DHF,83566070,I,433055,1433055,Region,..Osun,14002,Two years preceding the survey,0,1,RHDELPCDHF,NGDHS2013433055,2013,DHS,196,235,,,2
NGA,Oyo,2270323,Place of delivery: Health facility,76.2,1,NG,Nigeria,2013,NG2013DHS,RH_DELP_C_DHF,83566070,I,433056,1433056,Region,..Oyo,14000,Three years preceding the survey,0,0,RHDELPCDHF,NGDHS2013433056,2013,DHS,661,399,,,2
NGA,Oyo,6816700,Place of delivery: Health facility,74.7,1,NG,Nigeria,2013,NG2013DHS,RH_DELP_C_DHF,83566070,I,433056,1433056,Region,..Oyo,14001,Five years preceding the survey,0,0,RHDELPCDHF,NGDHS2013433056,2013,DHS,1108,661,,,2
NGA,Oyo,2270451,Place of delivery: Health facility,73,1,NG,Nigeria,2013,NG2013DHS,RH_DELP_C_DHF,83566070,I,433056,1433056,Region,..Oyo,14002,Two years preceding the survey,0,1,RHDELPCDHF,NGDHS2013433056,2013,DHS,451,267,,,2
NGA,South South,6774465,Place of delivery: Health facility,50.5,1,NG,Nigeria,2013,NG2013DHS,RH_DELP_C_DHF,83566070,I,433010,1433060,Region,South South,14000,Three years preceding the survey,0,0,RHDELPCDHF,NGDHS2013433010,2013,DHS,1843,2289,,,1
NGA,South South,2275877,Place of delivery: Health facility,50.1,1,NG,Nigeria,2013,NG2013DHS,RH_DELP_C_DHF,83566070,I,433010,1433060,Region,South South,14001,Five years preceding the survey,0,0,RHDELPCDHF,NGDHS2013433010,2013,DHS,2935,3747,,,1
NGA,South South,513148,Place of delivery: Health facility,51.3,1,NG,Nigeria,2013,NG2013DHS,RH_DELP_C_DHF,83566070,I,433010,1433060,Region,South South,14002,Two years preceding the survey,0,1,RHDELPCDHF,NGDHS2013433010,2013,DHS,1256,1597,,,1
NGA,Akwa Ibom,2968379,Place of delivery: Health facility,43.5,1,NG,Nigeria,2013,NG2013DHS,RH_DELP_C_DHF,83566070,I,433061,1433061,Region,..Akwa Ibom,14000,Three years preceding the survey,0,0,RHDELPCDHF,NGDHS2013433061,2013,DHS,298,360,,,2
NGA,Akwa Ibom,5248442,Place of delivery: Health facility,43.2,1,NG,Nigeria,2013,NG2013DHS,RH_DELP_C_DHF,83566070,I,433061,1433061,Region,..Akwa Ibom,14001,Five years preceding the survey,0,0,RHDELPCDHF,NGDHS2013433061,2013,DHS,473,576,,,2
NGA,Akwa Ibom,7191683,Place of delivery: Health facility,46.4,1,NG,Nigeria,2013,NG2013DHS,RH_DELP_C_DHF,83566070,I,433061,1433061,Region,..Akwa Ibom,14002,Two years preceding the survey,0,1,RHDELPCDHF,NGDHS2013433061,2013,DHS,209,254,,,2
NGA,Bayelsa,6675394,Place of delivery: Health facility,27,1,NG,Nigeria,2013,NG2013DHS,RH_DELP_C_DHF,83566070,I,433062,1433062,Region,..Bayelsa,14000,Three years preceding the survey,0,0,RHDELPCDHF,NGDHS2013433062,2013,DHS,138,476,,,2
NGA,Bayelsa,206959,Place of delivery: Health facility,28.4,1,NG,Nigeria,2013,NG2013DHS,RH_DELP_C_DHF,83566070,I,433062,1433062,Region,..Bayelsa,14001,Five years preceding the survey,0,0,RHDELPCDHF,NGDHS2013433062,2013,DHS,233,821,,,2
NGA,Bayelsa,4986285,Place of delivery: Health facility,25.9,1,NG,Nigeria,2013,NG2013DHS,RH_DELP_C_DHF,83566070,I,433062,1433062,Region,..Bayelsa,14002,Two years preceding the survey,0,1,RHDELPCDHF,NGDHS2013433062,2013,DHS,101,349,,,2
NGA,Cross River,844058,Place of delivery: Health facility,39,1,NG,Nigeria,2013,NG2013DHS,RH_DELP_C_DHF,83566070,I,433063,1433063,Region,..Cross River,14000,Three years preceding the survey,0,0,RHDELPCDHF,NGDHS2013433063,2013,DHS,335,323,,,2
NGA,Cross River,3447577,Place of delivery: Health facility,40.4,1,NG,Nigeria,2013,NG2013DHS,RH_DELP_C_DHF,83566070,I,433063,1433063,Region,..Cross River,14001,Five years preceding the survey,0,0,RHDELPCDHF,NGDHS2013433063,2013,DHS,532,526,,,2
NGA,Cross River,2633259,Place of delivery: Health facility,41.2,1,NG,Nigeria,2013,NG2013DHS,RH_DELP_C_DHF,83566070,I,433063,1433063,Region,..Cross River,14002,Two years preceding the survey,0,1,RHDELPCDHF,NGDHS2013433063,2013,DHS,227,227,,,2
NGA,Delta,3820698,Place of delivery: Health facility,59.1,1,NG,Nigeria,2013,NG2013DHS,RH_DELP_C_DHF,83566070,I,433064,1433064,Region,..Delta,14000,Three years preceding the survey,0,0,RHDELPCDHF,NGDHS2013433064,2013,DHS,332,410,,,2
NGA,Delta,2275933,Place of delivery: Health facility,57.6,1,NG,Nigeria,2013,NG2013DHS,RH_DELP_C_DHF,83566070,I,433064,1433064,Region,..Delta,14001,Five years preceding the survey,0,0,RHDELPCDHF,NGDHS2013433064,2013,DHS,561,692,,,2
NGA,Delta,2558059,Place of delivery: Health facility,58.6,1,NG,Nigeria,2013,NG2013DHS,RH_DELP_C_DHF,83566070,I,433064,1433064,Region,..Delta,14002,Two years preceding the survey,0,1,RHDELPCDHF,NGDHS2013433064,2013,DHS,232,284,,,2
NGA,Edo,5408322,Place of delivery: Health facility,74.4,1,NG,Nigeria,2013,NG2013DHS,RH_DELP_C_DHF,83566070,I,433065,1433065,Region,..Edo,14000,Three years preceding the survey,0,0,RHDELPCDHF,NGDHS2013433065,2013,DHS,259,379,,,2
NGA,Edo,5763473,Place of delivery: Health facility,74.7,1,NG,Nigeria,2013,NG2013DHS,RH_DELP_C_DHF,83566070,I,433065,1433065,Region,..Edo,14001,Five years preceding the survey,0,0,RHDELPCDHF,NGDHS2013433065,2013,DHS,405,595,,,2
NGA,Edo,6786108,Place of delivery: Health facility,75,1,NG,Nigeria,2013,NG2013DHS,RH_DELP_C_DHF,83566070,I,433065,1433065,Region,..Edo,14002,Two years preceding the survey,0,1,RHDELPCDHF,NGDHS2013433065,2013,DHS,180,263,,,2
NGA,Rivers,7921938,Place of delivery: Health facility,50.7,1,NG,Nigeria,2013,NG2013DHS,RH_DELP_C_DHF,83566070,I,433066,1433066,Region,..Rivers,14000,Three years preceding the survey,0,0,RHDELPCDHF,NGDHS2013433066,2013,DHS,481,341,,,2
NGA,Rivers,7084258,Place of delivery: Health facility,49,1,NG,Nigeria,2013,NG2013DHS,RH_DELP_C_DHF,83566070,I,433066,1433066,Region,..Rivers,14001,Five years preceding the survey,0,0,RHDELPCDHF,NGDHS2013433066,2013,DHS,730,537,,,2
NGA,Rivers,6250374,Place of delivery: Health facility,51.2,1,NG,Nigeria,2013,NG2013DHS,RH_DELP_C_DHF,83566070,I,433066,1433066,Region,..Rivers,14002,Two years preceding the survey,0,1,RHDELPCDHF,NGDHS2013433066,2013,DHS,308,220,,,2
NGA,North Central,4114584,Fully vaccinated (8 basic antigens),26.9,1,NG,Nigeria,2013,NG2013DHS,CH_VACC_C_BAS,93906230,I,433005,1433010,Region,North Central,0,,0,1,CHVACCCBAS,NGDHS2013433005,2013,DHS,812,864,,,1
NGA,FCT Abuja,5757464,Fully vaccinated (8 basic antigens),60.9,1,NG,Nigeria,2013,NG2013DHS,CH_VACC_C_BAS,93906230,I,433011,1433011,Region,..FCT Abuja,0,,0,1,CHVACCCBAS,NGDHS2013433011,2013,DHS,38,97,,,2
NGA,Benue,7077299,Fully vaccinated (8 basic antigens),20,1,NG,Nigeria,2013,NG2013DHS,CH_VACC_C_BAS,93906230,I,433012,1433012,Region,..Benue,0,,0,1,CHVACCCBAS,NGDHS2013433012,2013,DHS,187,124,,,2
NGA,Kogi,2172261,Fully vaccinated (8 basic antigens),35.6,1,NG,Nigeria,2013,NG2013DHS,CH_VACC_C_BAS,93906230,I,433013,1433013,Region,..Kogi,0,,0,1,CHVACCCBAS,NGDHS2013433013,2013,DHS,83,98,,,2
NGA,Kwara,3230657,Fully vaccinated (8 basic antigens),42.9,1,NG,Nigeria,2013,NG2013DHS,CH_VACC_C_BAS,93906230,I,433014,1433014,Region,..Kwara,0,,0,1,CHVACCCBAS,NGDHS2013433014,2013,DHS,69,123,,,2
NGA,Nasarawa,3047843,Fully vaccinated (8 basic antigens),20.1,1,NG,Nigeria,2013,NG2013DHS,CH_VACC_C_BAS,93906230,I,433015,1433015,Region,..Nasarawa,0,,0,1,CHVACCCBAS,NGDHS2013433015,2013,DHS,90,134,,,2
NGA,Niger,6352228,Fully vaccinated (8 basic antigens),23,1,NG,Nigeria,2013,NG2013DHS,CH_VACC_C_BAS,93906230,I,433016,1433016,Region,..Niger,0,,0,1,CHVACCCBAS,NGDHS2013433016,2013,DHS,253,168,,,2
NGA,Plateau,425295,Fully vaccinated (8 basic antigens),23.6,1,NG,Nigeria,2013,NG2013DHS,CH_VACC_C_BAS,93906230,I,433017,1433017,Region,..Plateau,0,,0,1,CHVACCCBAS,NGDHS2013433017,2013,DHS,91,120,,,2
NGA,North East,873023,Fully vaccinated (8 basic antigens),14.2,1,NG,Nigeria,2013,NG2013DHS,CH_VACC_C_BAS,93906230,I,433006,1433020,Region,North East,0,,0,1,CHVACCCBAS,NGDHS2013433006,2013,DHS,1023,1184,,,1
NGA,Adamawa,6568318,Fully vaccinated (8 basic antigens),40.4,1,NG,Nigeria,2013,NG2013DHS,CH_VACC_C_BAS,93906230,I,433021,1433021,Region,..Adamawa,0,,0,1,CHVACCCBAS,NGDHS2013433021,2013,DHS,133,180,,,2
NGA,Bauchi,4135421,Fully vaccinated (8 basic antigens),6.1,1,NG,Nigeria,2013,NG2013DHS,CH_VACC_C_BAS,93906230,I,433022,1433022,Region,..Bauchi,0,,0,1,CHVACCCBAS,NGDHS2013433022,2013,DHS,265,270,,,2
NGA,Borno,6405395,Fully vaccinated (8 basic antigens),9.7,1,NG,Nigeria,2013,NG2013DHS,CH_VACC_C_BAS,93906230,I,433023,1433023,Region,..Borno,0,,0,1,CHVACCCBAS,NGDHS2013433023,2013,DHS,226,121,,,2
NGA,Gombe,4097172,Fully vaccinated (8 basic antigens),22.4,1,NG,Nigeria,2013,NG2013DHS,CH_VACC_C_BAS,93906230,I,433024,1433024,Region,..Gombe,0,,0,1,CHVACCCBAS,NGDHS2013433024,2013,DHS,98,194,,,2
NGA,Taraba,4589558,Fully vaccinated (8 basic antigens),14.4,1,NG,Nigeria,2013,NG2013DHS,CH_VACC_C_BAS,93906230,I,433025,1433025,Region,..Taraba,0,,0,1,CHVACCCBAS,NGDHS2013433025,2013,DHS,143,228,,,2
NGA,Yobe,5247762,Fully vaccinated (8 basic antigens),6.9,1,NG,Nigeria,2013,NG2013DHS,CH_VACC_C_BAS,93906230,I,433026,1433026,Region,..Yobe,0,,0,1,CHVACCCBAS,NGDHS2013433026,2013,DHS,158,191,,,2
NGA,North West,5220076,Fully vaccinated (8 basic antigens),9.6,1,NG,Nigeria,2013,NG2013DHS,CH_VACC_C_BAS,93906230,I,433007,1433030,Region,North West,0,,0,1,CHVACCCBAS,NGDHS2013433007,2013,DHS,2100,1780,,,1
NGA,Jigawa,7062539,Fully vaccinated (8 basic antigens),3.6,1,NG,Nigeria,2013,NG2013DHS,CH_VACC_C_BAS,93906230,I,433031,1433031,Region,..Jigawa,0,,0,1,CHVACCCBAS,NGDHS2013433031,2013,DHS,314,284,,,2
NGA,Kaduna,2172287,Fully vaccinated (8 basic antigens),35.3,1,NG,Nigeria,2013,NG2013DHS,CH_VACC_C_BAS,93906230,I,433032,1433032,Region,..Kaduna,0,,0,1,CHVACCCBAS,NGDHS2013433032,2013,DHS,219,138,,,2
NGA,Kano,4825539,Fully vaccinated (8 basic antigens),13.2,1,NG,Nigeria,2013,NG2013DHS,CH_VACC_C_BAS,93906230,I,433033,1433033,Region,..Kano,0,,0,1,CHVACCCBAS,NGDHS2013433033,2013,DHS,530,367,,,2
NGA,Katsina,7042,Fully vaccinated (8 basic antigens),8.7,1,NG,Nigeria,2013,NG2013DHS,CH_VACC_C_BAS,93906230,I,433034,1433034,Region,..Katsina,0,,0,1,CHVACCCBAS,NGDHS2013433034,2013,DHS,326,276,,,2
NGA,Kebbi,6358631,Fully vaccinated (8 basic antigens),2.8,1,NG,Nigeria,2013,NG2013DHS,CH_VACC_C_BAS,93906230,I,433035,1433035,Region,..Kebbi,0,,0,1,CHVACCCBAS,NGDHS2013433035,2013,DHS,220,203,,,2
NGA,Sokoto,7757233,Fully vaccinated (8 basic antigens),1.4,1,NG,Nigeria,2013,NG2013DHS,CH_VACC_C_BAS,93906230,I,433036,1433036,Region,..Sokoto,0,,0,1,CHVACCCBAS,NGDHS2013433036,2013,DHS,204,252,,,2
NGA,Zamfara,2933850,Fully vaccinated (8 basic antigens),2.1,1,NG,Nigeria,2013,NG2013DHS,CH_VACC_C_BAS,93906230,I,433037,1433037,Region,..Zamfara,0,,0,1,CHVACCCBAS,NGDHS2013433037,2013,DHS,289,260,,,2
NGA,South East,222723,Fully vaccinated (8 basic antigens),51.7,1,NG,Nigeria,2013,NG2013DHS,CH_VACC_C_BAS,93906230,I,433008,1433040,Region,South East,0,,0,1,CHVACCCBAS,NGDHS2013433008,2013,DHS,550,557,,,1
NGA,Abia,2172298,Fully vaccinated (8 basic antigens),49.8,1,NG,Nigeria,2013,NG2013DHS,CH_VACC_C_BAS,93906230,I,433041,1433041,Region,..Abia,0,,0,1,CHVACCCBAS,NGDHS2013433041,2013,DHS,64,104,,,2
NGA,Anambra,6059525,Fully vaccinated (8 basic antigens),51.6,1,NG,Nigeria,2013,NG2013DHS,CH_VACC_C_BAS,93906230,I,433042,1433042,Region,..Anambra,0,,0,1,CHVACCCBAS,NGDHS2013433042,2013,DHS,128,113,,,2
NGA,Ebonyi,4109476,Fully vaccinated (8 basic antigens),51.1,1,NG,Nigeria,2013,NG2013DHS,CH_VACC_C_BAS,93906230,I,433043,1433043,Region,..Ebonyi,0,,0,1,CHVACCCBAS,NGDHS2013433043,2013,DHS,137,133,,,2
NGA,Enugu,7891678,Fully vaccinated (8 basic antigens),45,1,NG,Nigeria,2013,NG2013DHS,CH_VACC_C_BAS,93906230,I,433044,1433044,Region,..Enugu,0,,0,1,CHVACCCBAS,NGDHS2013433044,2013,DHS,122,122,,,2
NGA,Imo,4689643,Fully vaccinated (8 basic antigens),62.4,1,NG,Nigeria,2013,NG2013DHS,CH_VACC_C_BAS,93906230,I,433045,1433045,Region,..Imo,0,,0,1,CHVACCCBAS,NGDHS2013433045,2013,DHS,98,85,,,2
NGA,South West,3545272,Fully vaccinated (8 basic antigens),40.9,1,NG,Nigeria,2013,NG2013DHS,CH_VACC_C_BAS,93906230,I,433009,1433050,Region,South West,0,,0,1,CHVACCCBAS,NGDHS2013433009,2013,DHS,823,714,,,1
NGA,Ekiti,876992,Fully vaccinated (8 basic antigens),49.4,1,NG,Nigeria,2013,NG2013DHS,CH_VACC_C_BAS,93906230,I,433051,1433051,Region,..Ekiti,0,,0,1,CHVACCCBAS,NGDHS2013433051,2013,DHS,33,90,,,2
NGA,Lagos,4825534,Fully vaccinated (8 basic antigens),53.9,1,NG,Nigeria,2013,NG2013DHS,CH_VACC_C_BAS,93906230,I,433052,1433052,Region,..Lagos,0,,0,1,CHVACCCBAS,NGDHS2013433052,2013,DHS,252,183,,,2
NGA,Ogun,6992,Fully vaccinated (8 basic antigens),24.4,1,NG,Nigeria,2013,NG2013DHS,CH_VACC_C_BAS,93906230,I,433053,1433053,Region,..Ogun,0,,0,1,CHVACCCBAS,NGDHS2013433053,2013,DHS,149,108,,,2
NGA,Ondo,7352460,Fully vaccinated (8 basic antigens),47.2,1,NG,Nigeria,2013,NG2013DHS,CH_VACC_C_BAS,93906230,I,433054,1433054,Region,..Ondo,0,,0,1,CHVACCCBAS,NGDHS2013433054,2013,DHS,90,101,,,2
NGA,Osun,7766520,Fully vaccinated (8 basic antigens),55.3,1,NG,Nigeria,2013,NG2013DHS,CH_VACC_C_BAS,93906230,I,433055,1433055,Region,..Osun,0,,0,1,CHVACCCBAS,NGDHS2013433055,2013,DHS,98,112,,,2
NGA,Oyo,2920206,Fully vaccinated (8 basic antigens),25.8,1,NG,Nigeria,2013,NG2013DHS,CH_VACC_C_BAS,93906230,I,433056,1433056,Region,..Oyo,0,,0,1,CHVACCCBAS,NGDHS2013433056,2013,DHS,201,120,,,2
NGA,South South,2160539,Fully vaccinated (8 basic antigens),52,1,NG,Nigeria,2013,NG2013DHS,CH_VACC_C_BAS,93906230,I,433010,1433060,Region,South South,0,,0,1,CHVACCCBAS,NGDHS2013433010,2013,DHS,591,735,,,1
NGA,Akwa Ibom,5881140,Fully vaccinated (8 basic antigens),48,1,NG,Nigeria,2013,NG2013DHS,CH_VACC_C_BAS,93906230,I,433061,1433061,Region,..Akwa Ibom,0,,0,1,CHVACCCBAS,NGDHS2013433061,2013,DHS,102,121,,,2
NGA,Bayelsa,3982364,Fully vaccinated (8 basic antigens),51.5,1,NG,Nigeria,2013,NG2013DHS,CH_VACC_C_BAS,93906230,I,433062,1433062,Region,..Bayelsa,0,,0,1,CHVACCCBAS,NGDHS2013433062,2013,DHS,49,160,,,2
NGA,Cross River,4494700,Fully vaccinated (8 basic antigens),52.5,1,NG,Nigeria,2013,NG2013DHS,CH_VACC_C_BAS,93906230,I,433063,1433063,Region,..Cross River,0,,0,1,CHVACCCBAS,NGDHS2013433063,2013,DHS,98,102,,,2
NGA,Delta,4682055,Fully vaccinated (8 basic antigens),50.7,1,NG,Nigeria,2013,NG2013DHS,CH_VACC_C_BAS,93906230,I,433064,1433064,Region,..Delta,0,,0,1,CHVACCCBAS,NGDHS2013433064,2013,DHS,106,126,,,2
NGA,Edo,984538,Fully vaccinated (8 basic antigens),52.2,1,NG,Nigeria,2013,NG2013DHS,CH_VACC_C_BAS,93906230,I,433065,1433065,Region,..Edo,0,,0,1,CHVACCCBAS,NGDHS2013433065,2013,DHS,89,124,,,2
NGA,Rivers,3457279,Fully vaccinated (8 basic antigens),55.5,1,NG,Nigeria,2013,NG2013DHS,CH_VACC_C_BAS,93906230,I,433066,1433066,Region,..Rivers,0,,0,1,CHVACCCBAS,NGDHS2013433066,2013,DHS,148,102,,,2
NGA,North Central,2160806,Treatment of diarrhea: Either ORS or RHF,43.2,1,NG,Nigeria,2013,NG2013DHS,CH_DIAT_C_ORT,94096040,I,433005,1433010,Region,North Central,14000,Three years preceding the survey,0,0,CHDIATCORT,NGDHS2013433005,2013,DHS,250,249,,,1
NGA,North Central,79841,Treatment of diarrhea: Either ORS or RHF,46.8,1,NG,Nigeria,2013,NG2013DHS,CH_DIAT_C_ORT,94096040,I,433005,1433010,Region,North Central,14001,Five years preceding the survey,0,1,CHDIATCORT,NGDHS2013433005,2013,DHS,295,294,,,1
NGA,FCT Abuja,4155410,Treatment of diarrhea: Either ORS or RHF,75,1,NG,Nigeria,2013,NG2013DHS,CH_DIAT_C_ORT,94096040,I,433011,1433011,Region,..FCT Abuja,14001,Five years preceding the survey,0,1,CHDIATCORT,NGDHS2013433011,2013,DHS,11,27,,,2
NGA,Benue,6530092,Treatment of diarrhea: Either ORS or RHF,21.6,1,NG,Nigeria,2013,NG2013DHS,CH_DIAT_C_ORT,94096040,I,433012,1433012,Region,..Benue,14000,Three years preceding the survey,0,0,CHDIATCORT,NGDHS2013433012,2013,DHS,73,52,,,2
NGA,Benue,2566547,Treatment of diarrhea: Either ORS or RHF,23.7,1,NG,Nigeria,2013,NG2013DHS,CH_DIAT_C_ORT,94096040,I,433012,1433012,Region,..Benue,14001,Five years preceding the survey,0,1,CHDIATCORT,NGDHS2013433012,2013,DHS,83,59,,,2
NGA,Kwara,5557708,Treatment of diarrhea: Either ORS or RHF,38.4,1,NG,Nigeria,2013,NG2013DHS,CH_DIAT_C_ORT,94096040,I,433014,1433014,Region,..Kwara,14000,Three years preceding the survey,0,0,CHDIATCORT,NGDHS2013433014,2013,DHS,15,26,,,2
NGA,Kwara,7347136,Treatment of diarrhea: Either ORS or RHF,45.8,1,NG,Nigeria,2013,NG2013DHS,CH_DIAT_C_ORT,94096040,I,433014,1433014,Region,..Kwara,14001,Five years preceding the survey,0,1,CHDIATCORT,NGDHS2013433014,2013,DHS,20,35,,,2
NGA,Nasarawa,2172642,Treatment of diarrhea: Either ORS or RHF,39.4,1,NG,Nigeria,2013,NG2013DHS,CH_DIAT_C_ORT,94096040,I,433015,1433015,Region,..Nasarawa,14000,Three years preceding the survey,0,0,CHDIATCORT,NGDHS2013433015,2013,DHS,32,45,,,2
NGA,Nasarawa,837984,Treatment of diarrhea: Either ORS or RHF,43.3,1,NG,Nigeria,2013,NG2013DHS,CH_DIAT_C_ORT,94096040,I,433015,1433015,Region,..Nasarawa,14001,Five years preceding the survey,0,1,CHDIATCORT,NGDHS2013433015,2013,DHS,35,49,,,2
NGA,Niger,5022060,Treatment of diarrhea: Either ORS or RHF,58.2,1,NG,Nigeria,2013,NG2013DHS,CH_DIAT_C_ORT,94096040,I,433016,1433016,Region,..Niger,14000,Three years preceding the survey,0,0,CHDIATCORT,NGDHS2013433016,2013,DHS,87,61,,,2
NGA,Niger,3897313,Treatment of diarrhea: Either ORS or RHF,63.5,1,NG,Nigeria,2013,NG2013DHS,CH_DIAT_C_ORT,94096040,I,433016,1433016,Region,..Niger,14001,Five years preceding the survey,0,1,CHDIATCORT,NGDHS2013433016,2013,DHS,107,75,,,2
NGA,Plateau,2160869,Treatment of diarrhea: Either ORS or RHF,46.1,1,NG,Nigeria,2013,NG2013DHS,CH_DIAT_C_ORT,94096040,I,433017,1433017,Region,..Plateau,14000,Three years preceding the survey,0,0,CHDIATCORT,NGDHS2013433017,2013,DHS,24,34,,,2
NGA,Plateau,5144946,Treatment of diarrhea: Either ORS or RHF,42.4,1,NG,Nigeria,2013,NG2013DHS,CH_DIAT_C_ORT,94096040,I,433017,1433017,Region,..Plateau,14001,Five years preceding the survey,0,1,CHDIATCORT,NGDHS2013433017,2013,DHS,26,37,,,2
NGA,North East,7226438,Treatment of diarrhea: Either ORS or RHF,31.2,1,NG,Nigeria,2013,NG2013DHS,CH_DIAT_C_ORT,94096040,I,433006,1433020,Region,North East,14000,Three years preceding the survey,0,0,CHDIATCORT,NGDHS2013433006,2013,DHS,809,951,,,1
NGA,North East,223013,Treatment of diarrhea: Either ORS or RHF,30.6,1,NG,Nigeria,2013,NG2013DHS,CH_DIAT_C_ORT,94096040,I,433006,1433020,Region,North East,14001,Five years preceding the survey,0,1,CHDIATCORT,NGDHS2013433006,2013,DHS,1061,1264,,,1
NGA,Adamawa,5000418,Treatment of diarrhea: Either ORS or RHF,42.8,1,NG,Nigeria,2013,NG2013DHS,CH_DIAT_C_ORT,94096040,I,433021,1433021,Region,..Adamawa,14000,Three years preceding the survey,0,0,CHDIATCORT,NGDHS2013433021,2013,DHS,86,116,,,2
NGA,Adamawa,7267488,Treatment of diarrhea: Either ORS or RHF,42.1,1,NG,Nigeria,2013,NG2013DHS,CH_DIAT_C_ORT,94096040,I,433021,1433021,Region,..Adamawa,14001,Five years preceding the survey,0,1,CHDIATCORT,NGDHS2013433021,2013,DHS,110,148,,,2
NGA,Bauchi,4244433,Treatment of diarrhea: Either ORS or RHF,36,1,NG,Nigeria,2013,NG2013DHS,CH_DIAT_C_ORT,94096040,I,433022,1433022,Region,..Bauchi,14000,Three years preceding the survey,0,0,CHDIATCORT,NGDHS2013433022,2013,DHS,236,232,,,2
NGA,Bauchi,5519700,Treatment of diarrhea: Either ORS or RHF,35.5,1,NG,Nigeria,2013,NG2013DHS,CH_DIAT_C_ORT,94096040,I,433022,1433022,Region,..Bauchi,14001,Five years preceding the survey,0,1,CHDIATCORT,NGDHS2013433022,2013,DHS,319,323,,,2
NGA,Borno,5107925,Treatment of diarrhea: Either ORS or RHF,45,1,NG,Nigeria,2013,NG2013DHS,CH_DIAT_C_ORT,94096040,I,433023,1433023,Region,..Borno,14000,Three years preceding the survey,0,0,CHDIATCORT,NGDHS2013433023,2013,DHS,99,49,,,2
NGA,Borno,3641946,Treatment of diarrhea: Either ORS or RHF,49.3,1,NG,Nigeria,2013,NG2013DHS,CH_DIAT_C_ORT,94096040,I,433023,1433023,Region,..Borno,14001,Five years preceding the survey,0,1,CHDIATCORT,NGDHS2013433023,2013,DHS,115,55,,,2
NGA,Gombe,2172634,Treatment of diarrhea: Either ORS or RHF,30.7,1,NG,Nigeria,2013,NG2013DHS,CH_DIAT_C_ORT,94096040,I,433024,1433024,Region,..Gombe,14000,Three years preceding the survey,0,0,CHDIATCORT,NGDHS2013433024,2013,DHS,72,154,,,2
NGA,Gombe,93068,Treatment of diarrhea: Either ORS or RHF,30.2,1,NG,Nigeria,2013,NG2013DHS,CH_DIAT_C_ORT,94096040,I,433024,1433024,Region,..Gombe,14001,Five years preceding the survey,0,1,CHDIATCORT,NGDHS2013433024,2013,DHS,88,191,,,2
NGA,Taraba,7219799,Treatment of diarrhea: Either ORS or RHF,19.3,1,NG,Nigeria,2013,NG2013DHS,CH_DIAT_C_ORT,94096040,I,433025,1433025,Region,..Taraba,14000,Three years preceding the survey,0,0,CHDIATCORT,NGDHS2013433025,2013,DHS,106,165,,,2
NGA,Taraba,209160,Treatment of diarrhea: Either ORS or RHF,17.3,1,NG,Nigeria,2013,NG2013DHS,CH_DIAT_C_ORT,94096040,I,433025,1433025,Region,..Taraba,14001,Five years preceding the survey,0,1,CHDIATCORT,NGDHS2013433025,2013,DHS,136,216,,,2
NGA,Yobe,3263259,Treatment of diarrhea: Either ORS or RHF,20.9,1,NG,Nigeria,2013,NG2013DHS,CH_DIAT_C_ORT,94096040,I,433026,1433026,Region,..Yobe,14000,Three years preceding the survey,0,0,CHDIATCORT,NGDHS2013433026,2013,DHS,210,235,,,2
NGA,Yobe,6214655,Treatment of diarrhea: Either ORS or RHF,20.1,1,NG,Nigeria,2013,NG2013DHS,CH_DIAT_C_ORT,94096040,I,433026,1433026,Region,..Yobe,14001,Five years preceding the survey,0,1,CHDIATCORT,NGDHS2013433026,2013,DHS,293,331,,,2
NGA,North West,4101199,Treatment of diarrhea: Either ORS or RHF,37.5,1,NG,Nigeria,2013,NG2013DHS,CH_DIAT_C_ORT,94096040,I,433007,1433030,Region,North West,14000,Three years preceding the survey,0,0,CHDIATCORT,NGDHS2013433007,2013,DHS,715,591,,,1
NGA,North West,6219591,Treatment of diarrhea: Either ORS or RHF,37.4,1,NG,Nigeria,2013,NG2013DHS,CH_DIAT_C_ORT,94096040,I,433007,1433030,Region,North West,14001,Five years preceding the survey,0,1,CHDIATCORT,NGDHS2013433007,2013,DHS,961,802,,,1
NGA,Jigawa,6547716,Treatment of diarrhea: Either ORS or RHF,56.2,1,NG,Nigeria,2013,NG2013DHS,CH_DIAT_C_ORT,94096040,I,433031,1433031,Region,..Jigawa,14000,Three years preceding the survey,0,0,CHDIATCORT,NGDHS2013433031,2013,DHS,144,129,,,2
NGA,Jigawa,2554019,Treatment of diarrhea: Either ORS or RHF,58.8,1,NG,Nigeria,2013,NG2013DHS,CH_DIAT_C_ORT,94096040,I,433031,1433031,Region,..Jigawa,14001,Five years preceding the survey,0,1,CHDIATCORT,NGDHS2013433031,2013,DHS,204,185,,,2
NGA,Kaduna,5757422,Treatment of diarrhea: Either ORS or RHF,38.2,1,NG,Nigeria,2013,NG2013DHS,CH_DIAT_C_ORT,94096040,I,433032,1433032,Region,..Kaduna,14000,Three years preceding the survey,0,0,CHDIATCORT,NGDHS2013433032,2013,DHS,146,83,,,2
NGA,Kaduna,4699521,Treatment of diarrhea: Either ORS or RHF,37.4,1,NG,Nigeria,2013,NG2013DHS,CH_DIAT_C_ORT,94096040,I,433032,1433032,Region,..Kaduna,14001,Five years preceding the survey,0,1,CHDIATCORT,NGDHS2013433032,2013,DHS,185,103,,,2
NGA,Kano,5542764,Treatment of diarrhea: Either ORS or RHF,46.4,1,NG,Nigeria,2013,NG2013DHS,CH_DIAT_C_ORT,94096040,I,433033,1433033,Region,..Kano,14000,Three years preceding the survey,0,0,CHDIATCORT,NGDHS2013433033,2013,DHS,130,98,,,2
NGA,Kano,6369078,Treatment of diarrhea: Either ORS or RHF,42.6,1,NG,Nigeria,2013,NG2013DHS,CH_DIAT_C_ORT,94096040,I,433033,1433033,Region,..Kano,14001,Five years preceding the survey,0,1,CHDIATCORT,NGDHS2013433033,2013,DHS,176,133,,,2
NGA,Katsina,2167371,Treatment of diarrhea: Either ORS or RHF,46,1,NG,Nigeria,2013,NG2013DHS,CH_DIAT_C_ORT,94096040,I,433034,1433034,Region,..Katsina,14000,Three years preceding the survey,0,0,CHDIATCORT,NGDHS2013433034,2013,DHS,82,75,,,2
NGA,Katsina,446403,Treatment of diarrhea: Either ORS or RHF,45.6,1,NG,Nigeria,2013,NG2013DHS,CH_DIAT_C_ORT,94096040,I,433034,1433034,Region,..Katsina,14001,Five years preceding the survey,0,1,CHDIATCORT,NGDHS2013433034,2013,DHS,120,107,,,2
NGA,Kebbi,4955444,Treatment of diarrhea: Either ORS or RHF,15.4,1,NG,Nigeria,2013,NG2013DHS,CH_DIAT_C_ORT,94096040,I,433035,1433035,Region,..Kebbi,14000,Three years preceding the survey,0,0,CHDIATCORT,NGDHS2013433035,2013,DHS,114,109,,,2
NGA,Kebbi,3889738,Treatment of diarrhea: Either ORS or RHF,13.2,1,NG,Nigeria,2013,NG2013DHS,CH_DIAT_C_ORT,94096040,I,433035,1433035,Region,..Kebbi,14001,Five years preceding the survey,0,1,CHDIATCORT,NGDHS2013433035,2013,DHS,149,147,,,2
NGA,Sokoto,2167391,Treatment of diarrhea: Either ORS or RHF,8.4,1,NG,Nigeria,2013,NG2013DHS,CH_DIAT_C_ORT,94096040,I,433036,1433036,Region,..Sokoto,14000,Three years preceding the survey,0,0,CHDIATCORT,NGDHS2013433036,2013,DHS,33,45,,,2
NGA,Sokoto,5151659,Treatment of diarrhea: Either ORS or RHF,11.7,1,NG,Nigeria,2013,NG2013DHS,CH_DIAT_C_ORT,94096040,I,433036,1433036,Region,..Sokoto,14001,Five years preceding the survey,0,1,CHDIATCORT,NGDHS2013433036,2013,DHS,46,59,,,2
NGA,Zamfara,6232588,Treatment of diarrhea: Either ORS or RHF,19.5,1,NG,Nigeria,2013,NG2013DHS,CH_DIAT_C_ORT,94096040,I,433037,1433037,Region,..Zamfara,14000,Three years preceding the survey,0,0,CHDIATCORT,NGDHS2013433037,2013,DHS,65,52,,,2
NGA,Zamfara,3127396,Treatment of diarrhea: Either ORS or RHF,19.1,1,NG,Nigeria,2013,NG2013DHS,CH_DIAT_C_ORT,94096040,I,433037,1433037,Region,..Zamfara,14001,Five years preceding the survey,0,1,CHDIATCORT,NGDHS2013433037,2013,DHS,82,68,,,2
NGA,South East,2167294,Treatment of diarrhea: Either ORS or RHF,43.7,1,NG,Nigeria,2013,NG2013DHS,CH_DIAT_C_ORT,94096040,I,433008,1433040,Region,South East,14000,Three years preceding the survey,0,0,CHDIATCORT,NGDHS2013433008,2013,DHS,217,199,,,1
NGA,South East,5412832,Treatment of diarrhea: Either ORS or RHF,44.9,1,NG,Nigeria,2013,NG2013DHS,CH_DIAT_C_ORT,94096040,I,433008,1433040,Region,South East,14001,Five years preceding the survey,0,1,CHDIATCORT,NGDHS2013433008,2013,DHS,266,242,,,1
NGA,Anambra,3623066,Treatment of diarrhea: Either ORS or RHF,23.6,1,NG,Nigeria,2013,NG2013DHS,CH_DIAT_C_ORT,94096040,I,433042,1433042,Region,..Anambra,14001,Five years preceding the survey,0,1,CHDIATCORT,NGDHS2013433042,2013,DHS,34,31,,,2
NGA,Ebonyi,2951400,Treatment of diarrhea: Either ORS or RHF,49,1,NG,Nigeria,2013,NG2013DHS,CH_DIAT_C_ORT,94096040,I,433043,1433043,Region,..Ebonyi,14000,Three years preceding the survey,0,0,CHDIATCORT,NGDHS2013433043,2013,DHS,73,71,,,2
NGA,Ebonyi,6874479,Treatment of diarrhea: Either ORS or RHF,45.9,1,NG,Nigeria,2013,NG2013DHS,CH_DIAT_C_ORT,94096040,I,433043,1433043,Region,..Ebonyi,14001,Five years preceding the survey,0,1,CHDIATCORT,NGDHS2013433043,2013,DHS,87,85,,,2
NGA,Enugu,7212688,Treatment of diarrhea: Either ORS or RHF,46.6,1,NG,Nigeria,2013,NG2013DHS,CH_DIAT_C_ORT,94096040,I,433044,1433044,Region,..Enugu,14000,Three years preceding the survey,0,0,CHDIATCORT,NGDHS2013433044,2013,DHS,68,58,,,2
NGA,Enugu,215956,Treatment of diarrhea: Either ORS or RHF,51.3,1,NG,Nigeria,2013,NG2013DHS,CH_DIAT_C_ORT,94096040,I,433044,1433044,Region,..Enugu,14001,Five years preceding the survey,0,1,CHDIATCORT,NGDHS2013433044,2013,DHS,76,66,,,2
NGA,Imo,3255267,Treatment of diarrhea: Either ORS or RHF,43.3,1,NG,Nigeria,2013,NG2013DHS,CH_DIAT_C_ORT,94096040,I,433045,1433045,Region,..Imo,14000,Three years preceding the survey,0,0,CHDIATCORT,NGDHS2013433045,2013,DHS,48,39,,,2
NGA,Imo,6574026,Treatment of diarrhea: Either ORS or RHF,45.4,1,NG,Nigeria,2013,NG2013DHS,CH_DIAT_C_ORT,94096040,I,433045,1433045,Region,..Imo,14001,Five years preceding the survey,0,1,CHDIATCORT,NGDHS2013433045,2013,DHS,61,48,,,2
NGA,South West,6882595,Treatment of diarrhea: Either ORS or RHF,53,1,NG,Nigeria,2013,NG2013DHS,CH_DIAT_C_ORT,94096040,I,433009,1433050,Region,South West,14000,Three years preceding the survey,0,0,CHDIATCORT,NGDHS2013433009,2013,DHS,211,185,,,1
NGA,South West,5911348,Treatment of diarrhea: Either ORS or RHF,51.5,1,NG,Nigeria,2013,NG2013DHS,CH_DIAT_C_ORT,94096040,I,433009,1433050,Region,South West,14001,Five years preceding the survey,0,1,CHDIATCORT,NGDHS2013433009,2013,DHS,259,229,,,1
NGA,Ekiti,4686351,Treatment of diarrhea: Either ORS or RHF,52.6,1,NG,Nigeria,2013,NG2013DHS,CH_DIAT_C_ORT,94096040,I,433051,1433051,Region,..Ekiti,14001,Five years preceding the survey,0,1,CHDIATCORT,NGDHS2013433051,2013,DHS,12,33,,,2
NGA,Lagos,7919791,Treatment of diarrhea: Either ORS or RHF,55.5,1,NG,Nigeria,2013,NG2013DHS,CH_DIAT_C_ORT,94096040,I,433052,1433052,Region,..Lagos,14000,Three years preceding the survey,0,0,CHDIATCORT,NGDHS2013433052,2013,DHS,69,50,,,2
NGA,Lagos,6345022,Treatment of diarrhea: Either ORS or RHF,56,1,NG,Nigeria,2013,NG2013DHS,CH_DIAT_C_ORT,94096040,I,433052,1433052,Region,..Lagos,14001,Five years preceding the survey,0,1,CHDIATCORT,NGDHS2013433052,2013,DHS,92,65,,,2
NGA,Ondo,79829,Treatment of diarrhea: Either ORS or RHF,46.2,1,NG,Nigeria,2013,NG2013DHS,CH_DIAT_C_ORT,94096040,I,433054,1433054,Region,..Ondo,14000,Three years preceding the survey,0,0,CHDIATCORT,NGDHS2013433054,2013,DHS,24,28,,,2
NGA,Ondo,2160892,Treatment of diarrhea: Either ORS or RHF,49.9,1,NG,Nigeria,2013,NG2013DHS,CH_DIAT_C_ORT,94096040,I,433054,1433054,Region,..Ondo,14001,Five years preceding the survey,0,1,CHDIATCORT,NGDHS2013433054,2013,DHS,29,34,,,2
NGA,Oyo,6207541,Treatment of diarrhea: Either ORS or RHF,54.5,1,NG,Nigeria,2013,NG2013DHS,CH_DIAT_C_ORT,94096040,I,433056,1433056,Region,..Oyo,14000,Three years preceding the survey,0,0,CHDIATCORT,NGDHS2013433056,2013,DHS,82,53,,,2
NGA,Oyo,3114929,Treatment of diarrhea: Either ORS or RHF,47.9,1,NG,Nigeria,2013,NG2013DHS,CH_DIAT_C_ORT,94096040,I,433056,1433056,Region,..Oyo,14001,Five years preceding the survey,0,1,CHDIATCORT,NGDHS2013433056,2013,DHS,96,62,,,2
NGA,South South,3625235,Treatment of diarrhea: Either ORS or RHF,44.7,1,NG,Nigeria,2013,NG2013DHS,CH_DIAT_C_ORT,94096040,I,433010,1433060,Region,South South,14000,Three years preceding the survey,0,0,CHDIATCORT,NGDHS2013433010,2013,DHS,98,106,,,1
NGA,South South,5453043,Treatment of diarrhea: Either ORS or RHF,45,1,NG,Nigeria,2013,NG2013DHS,CH_DIAT_C_ORT,94096040,I,433010,1433060,Region,South South,14001,Five years preceding the survey,0,1,CHDIATCORT,NGDHS2013433010,2013,DHS,124,137,,,1
NGA,Akwa Ibom,3689803,Treatment of diarrhea: Either ORS or RHF,27.4,1,NG,Nigeria,2013,NG2013DHS,CH_DIAT_C_ORT,94096040,I,433061,1433061,Region,..Akwa Ibom,14001,Five years preceding the survey,0,1,CHDIATCORT,NGDHS2013433061,2013,DHS,24,34,,,2
NGA,Cross River,5901072,Treatment of diarrhea: Either ORS or RHF,39.2,1,NG,Nigeria,2013,NG2013DHS,CH_DIAT_C_ORT,94096040,I,433063,1433063,Region,..Cross River,14000,Three years preceding the survey,0,0,CHDIATCORT,NGDHS2013433063,2013,DHS,32,33,,,2
NGA,Cross River,987085,Treatment of diarrhea: Either ORS or RHF,46,1,NG,Nigeria,2013,NG2013DHS,CH_DIAT_C_ORT,94096040,I,433063,1433063,Region,..Cross River,14001,Five years preceding the survey,0,1,CHDIATCORT,NGDHS2013433063,2013,DHS,40,41,,,2
NGA,Rivers,7158496,Treatment of diarrhea: Either ORS or RHF,61.3,1,NG,Nigeria,2013,NG2013DHS,CH_DIAT_C_ORT,94096040,I,433066,1433066,Region,..Rivers,14001,Five years preceding the survey,0,1,CHDIATCORT,NGDHS2013433066,2013,DHS,34,28,,,2
NGA,North Central,6746427,Children stunted,29.3,1,NG,Nigeria,2013,NG2013DHS,CN_NUTS_C_HA2,104236020,I,433005,1433010,Region,North Central,0,,0,1,CNNUTSCHA2,NGDHS2013433005,2013,DHS,3764,4116,,,1
NGA,FCT Abuja,982036,Children stunted,20.6,1,NG,Nigeria,2013,NG2013DHS,CN_NUTS_C_HA2,104236020,I,433011,1433011,Region,..FCT Abuja,0,,0,1,CNNUTSCHA2,NGDHS2013433011,2013,DHS,184,456,,,2
NGA,Benue,6385974,Children stunted,22.6,1,NG,Nigeria,2013,NG2013DHS,CN_NUTS_C_HA2,104236020,I,433012,1433012,Region,..Benue,0,,0,1,CNNUTSCHA2,NGDHS2013433012,2013,DHS,838,580,,,2
NGA,Kogi,1331311,Children stunted,23.1,1,NG,Nigeria,2013,NG2013DHS,CN_NUTS_C_HA2,104236020,I,433013,1433013,Region,..Kogi,0,,0,1,CNNUTSCHA2,NGDHS2013433013,2013,DHS,362,441,,,2
NGA,Kwara,5360858,Children stunted,27.1,1,NG,Nigeria,2013,NG2013DHS,CN_NUTS_C_HA2,104236020,I,433014,1433014,Region,..Kwara,0,,0,1,CNNUTSCHA2,NGDHS2013433014,2013,DHS,383,644,,,2
NGA,Nasarawa,3747347,Children stunted,34.5,1,NG,Nigeria,2013,NG2013DHS,CN_NUTS_C_HA2,104236020,I,433015,1433015,Region,..Nasarawa,0,,0,1,CNNUTSCHA2,NGDHS2013433015,2013,DHS,398,579,,,2
NGA,Niger,3166087,Children stunted,34.2,1,NG,Nigeria,2013,NG2013DHS,CN_NUTS_C_HA2,104236020,I,433016,1433016,Region,..Niger,0,,0,1,CNNUTSCHA2,NGDHS2013433016,2013,DHS,1183,821,,,2
NGA,Plateau,3480803,Children stunted,35.8,1,NG,Nigeria,2013,NG2013DHS,CN_NUTS_C_HA2,104236020,I,433017,1433017,Region,..Plateau,0,,0,1,CNNUTSCHA2,NGDHS2013433017,2013,DHS,416,595,,,2
NGA,North East,873894,Children stunted,42.3,1,NG,Nigeria,2013,NG2013DHS,CN_NUTS_C_HA2,104236020,I,433006,1433020,Region,North East,0,,0,1,CNNUTSCHA2,NGDHS2013433006,2013,DHS,4286,5213,,,1
NGA,Adamawa,541850,Children stunted,34.3,1,NG,Nigeria,2013,NG2013DHS,CN_NUTS_C_HA2,104236020,I,433021,1433021,Region,..Adamawa,0,,0,1,CNNUTSCHA2,NGDHS2013433021,2013,DHS,645,882,,,2
NGA,Bauchi,1324349,Children stunted,50.8,1,NG,Nigeria,2013,NG2013DHS,CN_NUTS_C_HA2,104236020,I,433022,1433022,Region,..Bauchi,0,,0,1,CNNUTSCHA2,NGDHS2013433022,2013,DHS,1024,1083,,,2
NGA,Borno,6727506,Children stunted,26.8,1,NG,Nigeria,2013,NG2013DHS,CN_NUTS_C_HA2,104236020,I,433023,1433023,Region,..Borno,0,,0,1,CNNUTSCHA2,NGDHS2013433023,2013,DHS,760,416,,,2
NGA,Gombe,6415122,Children stunted,47.5,1,NG,Nigeria,2013,NG2013DHS,CN_NUTS_C_HA2,104236020,I,433024,1433024,Region,..Gombe,0,,0,1,CNNUTSCHA2,NGDHS2013433024,2013,DHS,473,938,,,2
NGA,Taraba,1331358,Children stunted,43.4,1,NG,Nigeria,2013,NG2013DHS,CN_NUTS_C_HA2,104236020,I,433025,1433025,Region,..Taraba,0,,0,1,CNNUTSCHA2,NGDHS2013433025,2013,DHS,675,1090,,,2
NGA,Yobe,7134062,Children stunted,49.3,1,NG,Nigeria,2013,NG2013DHS,CN_NUTS_C_HA2,104236020,I,433026,1433026,Region,..Yobe,0,,0,1,CNNUTSCHA2,NGDHS2013433026,2013,DHS,709,804,,,2
NGA,North West,7134612,Children stunted,54.8,1,NG,Nigeria,2013,NG2013DHS,CN_NUTS_C_HA2,104236020,I,433007,1433030,Region,North West,0,,0,1,CNNUTSCHA2,NGDHS2013433007,2013,DHS,9049,7530,,,1
NGA,Jigawa,6403240,Children stunted,59,1,NG,Nigeria,2013,NG2013DHS,CN_NUTS_C_HA2,104236020,I,433031,1433031,Region,..Jigawa,0,,0,1,CNNUTSCHA2,NGDHS2013433031,2013,DHS,1147,1042,,,2
NGA,Kaduna,4011528,Children stunted,56.6,1,NG,Nigeria,2013,NG2013DHS,CN_NUTS_C_HA2,104236020,I,433032,1433032,Region,..Kaduna,0,,0,1,CNNUTSCHA2,NGDHS2013433032,2013,DHS,1054,622,,,2
NGA,Kano,5398587,Children stunted,48.3,1,NG,Nigeria,2013,NG2013DHS,CN_NUTS_C_HA2,104236020,I,433033,1433033,Region,..Kano,0,,0,1,CNNUTSCHA2,NGDHS2013433033,2013,DHS,2372,1647,,,2
NGA,Katsina,3755445,Children stunted,58.5,1,NG,Nigeria,2013,NG2013DHS,CN_NUTS_C_HA2,104236020,I,433034,1433034,Region,..Katsina,0,,0,1,CNNUTSCHA2,NGDHS2013433034,2013,DHS,1358,1159,,,2
NGA,Kebbi,3159022,Children stunted,60.6,1,NG,Nigeria,2013,NG2013DHS,CN_NUTS_C_HA2,104236020,I,433035,1433035,Region,..Kebbi,0,,0,1,CNNUTSCHA2,NGDHS2013433035,2013,DHS,889,844,,,2
NGA,Sokoto,7756796,Children stunted,51.6,1,NG,Nigeria,2013,NG2013DHS,CN_NUTS_C_HA2,104236020,I,433036,1433036,Region,..Sokoto,0,,0,1,CNNUTSCHA2,NGDHS2013433036,2013,DHS,929,1087,,,2
NGA,Zamfara,4468854,Children stunted,55.9,1,NG,Nigeria,2013,NG2013DHS,CN_NUTS_C_HA2,104236020,I,433037,1433037,Region,..Zamfara,0,,0,1,CNNUTSCHA2,NGDHS2013433037,2013,DHS,1301,1129,,,2
NGA,South East,2863436,Children stunted,16,1,NG,Nigeria,2013,NG2013DHS,CN_NUTS_C_HA2,104236020,I,433008,1433040,Region,South East,0,,0,1,CNNUTSCHA2,NGDHS2013433008,2013,DHS,2455,2513,,,1
NGA,Abia,2681705,Children stunted,17.3,1,NG,Nigeria,2013,NG2013DHS,CN_NUTS_C_HA2,104236020,I,433041,1433041,Region,..Abia,0,,0,1,CNNUTSCHA2,NGDHS2013433041,2013,DHS,299,464,,,2
NGA,Anambra,3069509,Children stunted,18.4,1,NG,Nigeria,2013,NG2013DHS,CN_NUTS_C_HA2,104236020,I,433042,1433042,Region,..Anambra,0,,0,1,CNNUTSCHA2,NGDHS2013433042,2013,DHS,498,420,,,2
NGA,Ebonyi,6408097,Children stunted,16.2,1,NG,Nigeria,2013,NG2013DHS,CN_NUTS_C_HA2,104236020,I,433043,1433043,Region,..Ebonyi,0,,0,1,CNNUTSCHA2,NGDHS2013433043,2013,DHS,671,645,,,2
NGA,Enugu,7890546,Children stunted,11.7,1,NG,Nigeria,2013,NG2013DHS,CN_NUTS_C_HA2,104236020,I,433044,1433044,Region,..Enugu,0,,0,1,CNNUTSCHA2,NGDHS2013433044,2013,DHS,495,547,,,2
NGA,Imo,5620899,Children stunted,16.9,1,NG,Nigeria,2013,NG2013DHS,CN_NUTS_C_HA2,104236020,I,433045,1433045,Region,..Imo,0,,0,1,CNNUTSCHA2,NGDHS2013433045,2013,DHS,493,437,,,2
NGA,South West,4815297,Children stunted,22.2,1,NG,Nigeria,2013,NG2013DHS,CN_NUTS_C_HA2,104236020,I,433009,1433050,Region,South West,0,,0,1,CNNUTSCHA2,NGDHS2013433009,2013,DHS,4016,3575,,,1
NGA,Ekiti,878077,Children stunted,19.2,1,NG,Nigeria,2013,NG2013DHS,CN_NUTS_C_HA2,104236020,I,433051,1433051,Region,..Ekiti,0,,0,1,CNNUTSCHA2,NGDHS2013433051,2013,DHS,188,493,,,2
NGA,Lagos,7029515,Children stunted,17,1,NG,Nigeria,2013,NG2013DHS,CN_NUTS_C_HA2,104236020,I,433052,1433052,Region,..Lagos,0,,0,1,CNNUTSCHA2,NGDHS2013433052,2013,DHS,1141,846,,,2
NGA,Ogun,1324390,Children stunted,23.8,1,NG,Nigeria,2013,NG2013DHS,CN_NUTS_C_HA2,104236020,I,433053,1433053,Region,..Ogun,0,,0,1,CNNUTSCHA2,NGDHS2013433053,2013,DHS,677,494,,,2
NGA,Ondo,999514,Children stunted,24,1,NG,Nigeria,2013,NG2013DHS,CN_NUTS_C_HA2,104236020,I,433054,1433054,Region,..Ondo,0,,0,1,CNNUTSCHA2,NGDHS2013433054,2013,DHS,523,594,,,2
NGA,Osun,7766133,Children stunted,20.5,1,NG,Nigeria,2013,NG2013DHS,CN_NUTS_C_HA2,104236020,I,433055,1433055,Region,..Osun,0,,0,1,CNNUTSCHA2,NGDHS2013433055,2013,DHS,429,523,,,2
NGA,Oyo,1324378,Children stunted,27.2,1,NG,Nigeria,2013,NG2013DHS,CN_NUTS_C_HA2,104236020,I,433056,1433056,Region,..Oyo,0,,0,1,CNNUTSCHA2,NGDHS2013433056,2013,DHS,1059,625,,,2
NGA,South South,3306056,Children stunted,18.3,1,NG,Nigeria,2013,NG2013DHS,CN_NUTS_C_HA2,104236020,I,433010,1433060,Region,South South,0,,0,1,CNNUTSCHA2,NGDHS2013433010,2013,DHS,2619,3359,,,1
NGA,Akwa Ibom,4559682,Children stunted,22.4,1,NG,Nigeria,2013,NG2013DHS,CN_NUTS_C_HA2,104236020,I,433061,1433061,Region,..Akwa Ibom,0,,0,1,CNNUTSCHA2,NGDHS2013433061,2013,DHS,424,533,,,2
NGA,Bayelsa,6441825,Children stunted,20.5,1,NG,Nigeria,2013,NG2013DHS,CN_NUTS_C_HA2,104236020,I,433062,1433062,Region,..Bayelsa,0,,0,1,CNNUTSCHA2,NGDHS2013433062,2013,DHS,217,733,,,2
NGA,Cross River,4274605,Children stunted,21.7,1,NG,Nigeria,2013,NG2013DHS,CN_NUTS_C_HA2,104236020,I,433063,1433063,Region,..Cross River,0,,0,1,CNNUTSCHA2,NGDHS2013433063,2013,DHS,514,515,,,2
NGA,Delta,5600258,Children stunted,14.9,1,NG,Nigeria,2013,NG2013DHS,CN_NUTS_C_HA2,104236020,I,433064,1433064,Region,..Delta,0,,0,1,CNNUTSCHA2,NGDHS2013433064,2013,DHS,493,594,,,2
NGA,Edo,5185912,Children stunted,15.8,1,NG,Nigeria,2013,NG2013DHS,CN_NUTS_C_HA2,104236020,I,433065,1433065,Region,..Edo,0,,0,1,CNNUTSCHA2,NGDHS2013433065,2013,DHS,349,519,,,2
NGA,Rivers,467140,Children stunted,16.1,1,NG,Nigeria,2013,NG2013DHS,CN_NUTS_C_HA2,104236020,I,433066,1433066,Region,..Rivers,0,,0,1,CNNUTSCHA2,NGDHS2013433066,2013,DHS,622,465,,,2
NGA,North Central,4681650,Children wasted,11.7,1,NG,Nigeria,2013,NG2013DHS,CN_NUTS_C_WH2,104236050,I,433005,1433010,Region,North Central,0,,0,1,CNNUTSCWH2,NGDHS2013433005,2013,DHS,3764,4116,,,1
NGA,FCT Abuja,3408065,Children wasted,13.8,1,NG,Nigeria,2013,NG2013DHS,CN_NUTS_C_WH2,104236050,I,433011,1433011,Region,..FCT Abuja,0,,0,1,CNNUTSCWH2,NGDHS2013433011,2013,DHS,184,456,,,2
NGA,Benue,4241792,Children wasted,7.8,1,NG,Nigeria,2013,NG2013DHS,CN_NUTS_C_WH2,104236050,I,433012,1433012,Region,..Benue,0,,0,1,CNNUTSCWH2,NGDHS2013433012,2013,DHS,838,580,,,2
NGA,Kogi,7253480,Children wasted,9.5,1,NG,Nigeria,2013,NG2013DHS,CN_NUTS_C_WH2,104236050,I,433013,1433013,Region,..Kogi,0,,0,1,CNNUTSCWH2,NGDHS2013433013,2013,DHS,362,441,,,2
NGA,Kwara,1331321,Children wasted,6.5,1,NG,Nigeria,2013,NG2013DHS,CN_NUTS_C_WH2,104236050,I,433014,1433014,Region,..Kwara,0,,0,1,CNNUTSCWH2,NGDHS2013433014,2013,DHS,383,644,,,2
NGA,Nasarawa,5274154,Children wasted,9.8,1,NG,Nigeria,2013,NG2013DHS,CN_NUTS_C_WH2,104236050,I,433015,1433015,Region,..Nasarawa,0,,0,1,CNNUTSCWH2,NGDHS2013433015,2013,DHS,398,579,,,2
NGA,Niger,1324340,Children wasted,17.7,1,NG,Nigeria,2013,NG2013DHS,CN_NUTS_C_WH2,104236050,I,433016,1433016,Region,..Niger,0,,0,1,CNNUTSCWH2,NGDHS2013433016,2013,DHS,1183,821,,,2
NGA,Plateau,159380,Children wasted,10.5,1,NG,Nigeria,2013,NG2013DHS,CN_NUTS_C_WH2,104236050,I,433017,1433017,Region,..Plateau,0,,0,1,CNNUTSCWH2,NGDHS2013433017,2013,DHS,416,595,,,2
NGA,North East,874325,Children wasted,19.5,1,NG,Nigeria,2013,NG2013DHS,CN_NUTS_C_WH2,104236050,I,433006,1433020,Region,North East,0,,0,1,CNNUTSCWH2,NGDHS2013433006,2013,DHS,4286,5213,,,1
NGA,Adamawa,2839430,Children wasted,14.5,1,NG,Nigeria,2013,NG2013DHS,CN_NUTS_C_WH2,104236050,I,433021,1433021,Region,..Adamawa,0,,0,1,CNNUTSCWH2,NGDHS2013433021,2013,DHS,645,882,,,2
NGA,Bauchi,4990947,Children wasted,23.3,1,NG,Nigeria,2013,NG2013DHS,CN_NUTS_C_WH2,104236050,I,433022,1433022,Region,..Bauchi,0,,0,1,CNNUTSCWH2,NGDHS2013433022,2013,DHS,1024,1083,,,2
NGA,Borno,2601779,Children wasted,28.2,1,NG,Nigeria,2013,NG2013DHS,CN_NUTS_C_WH2,104236050,I,433023,1433023,Region,..Borno,0,,0,1,CNNUTSCWH2,NGDHS2013433023,2013,DHS,760,416,,,2
NGA,Gombe,4675442,Children wasted,14.2,1,NG,Nigeria,2013,NG2013DHS,CN_NUTS_C_WH2,104236050,I,433024,1433024,Region,..Gombe,0,,0,1,CNNUTSCWH2,NGDHS2013433024,2013,DHS,473,938,,,2
NGA,Taraba,6217164,Children wasted,7.9,1,NG,Nigeria,2013,NG2013DHS,CN_NUTS_C_WH2,104236050,I,433025,1433025,Region,..Taraba,0,,0,1,CNNUTSCWH2,NGDHS2013433025,2013,DHS,675,1090,,,2
NGA,Yobe,5647533,Children wasted,23.6,1,NG,Nigeria,2013,NG2013DHS,CN_NUTS_C_WH2,104236050,I,433026,1433026,Region,..Yobe,0,,0,1,CNNUTSCWH2,NGDHS2013433026,2013,DHS,709,804,,,2
NGA,North West,1331296,Children wasted,27.1,1,NG,Nigeria,2013,NG2013DHS,CN_NUTS_C_WH2,104236050,I,433007,1433030,Region,North West,0,,0,1,CNNUTSCWH2,NGDHS2013433007,2013,DHS,9049,7530,,,1
NGA,Jigawa,4245211,Children wasted,17,1,NG,Nigeria,2013,NG2013DHS,CN_NUTS_C_WH2,104236050,I,433031,1433031,Region,..Jigawa,0,,0,1,CNNUTSCWH2,NGDHS2013433031,2013,DHS,1147,1042,,,2
NGA,Kaduna,7251931,Children wasted,41.7,1,NG,Nigeria,2013,NG2013DHS,CN_NUTS_C_WH2,104236050,I,433032,1433032,Region,..Kaduna,0,,0,1,CNNUTSCWH2,NGDHS2013433032,2013,DHS,1054,622,,,2
NGA,Kano,1337641,Children wasted,39.7,1,NG,Nigeria,2013,NG2013DHS,CN_NUTS_C_WH2,104236050,I,433033,1433033,Region,..Kano,0,,0,1,CNNUTSCWH2,NGDHS2013433033,2013,DHS,2372,1647,,,2
NGA,Katsina,5552320,Children wasted,24.3,1,NG,Nigeria,2013,NG2013DHS,CN_NUTS_C_WH2,104236050,I,433034,1433034,Region,..Katsina,0,,0,1,CNNUTSCWH2,NGDHS2013433034,2013,DHS,1358,1159,,,2
NGA,Kebbi,1331345,Children wasted,18.1,1,NG,Nigeria,2013,NG2013DHS,CN_NUTS_C_WH2,104236050,I,433035,1433035,Region,..Kebbi,0,,0,1,CNNUTSCWH2,NGDHS2013433035,2013,DHS,889,844,,,2
NGA,Sokoto,7756223,Children wasted,19.3,1,NG,Nigeria,2013,NG2013DHS,CN_NUTS_C_WH2,104236050,I,433036,1433036,Region,..Sokoto,0,,0,1,CNNUTSCWH2,NGDHS2013433036,2013,DHS,929,1087,,,2
NGA,Zamfara,6770517,Children wasted,16.2,1,NG,Nigeria,2013,NG2013DHS,CN_NUTS_C_WH2,104236050,I,433037,1433037,Region,..Zamfara,0,,0,1,CNNUTSCWH2,NGDHS2013433037,2013,DHS,1301,1129,,,2
NGA,South East,5686402,Children wasted,11.9,1,NG,Nigeria,2013,NG2013DHS,CN_NUTS_C_WH2,104236050,I,433008,1433040,Region,South East,0,,0,1,CNNUTSCWH2,NGDHS2013433008,2013,DHS,2455,2513,,,1
NGA,Abia,4983381,Children wasted,11,1,NG,Nigeria,2013,NG2013DHS,CN_NUTS_C_WH2,104236050,I,433041,1433041,Region,..Abia,0,,0,1,CNNUTSCWH2,NGDHS2013433041,2013,DHS,299,464,,,2
NGA,Anambra,4173883,Children wasted,17.3,1,NG,Nigeria,2013,NG2013DHS,CN_NUTS_C_WH2,104236050,I,433042,1433042,Region,..Anambra,0,,0,1,CNNUTSCWH2,NGDHS2013433042,2013,DHS,498,420,,,2
NGA,Ebonyi,4580129,Children wasted,10.5,1,NG,Nigeria,2013,NG2013DHS,CN_NUTS_C_WH2,104236050,I,433043,1433043,Region,..Ebonyi,0,,0,1,CNNUTSCWH2,NGDHS2013433043,2013,DHS,671,645,,,2
NGA,Enugu,7888943,Children wasted,8.9,1,NG,Nigeria,2013,NG2013DHS,CN_NUTS_C_WH2,104236050,I,433044,1433044,Region,..Enugu,0,,0,1,CNNUTSCWH2,NGDHS2013433044,2013,DHS,495,547,,,2
NGA,Imo,5654894,Children wasted,11.8,1,NG,Nigeria,2013,NG2013DHS,CN_NUTS_C_WH2,104236050,I,433045,1433045,Region,..Imo,0,,0,1,CNNUTSCWH2,NGDHS2013433045,2013,DHS,493,437,,,2
NGA,South West,1331303,Children wasted,10,1,NG,Nigeria,2013,NG2013DHS,CN_NUTS_C_WH2,104236050,I,433009,1433050,Region,South West,0,,0,1,CNNUTSCWH2,NGDHS2013433009,2013,DHS,4016,3575,,,1
NGA,Ekiti,876244,Children wasted,8.3,1,NG,Nigeria,2013,NG2013DHS,CN_NUTS_C_WH2,104236050,I,433051,1433051,Region,..Ekiti,0,,0,1,CNNUTSCWH2,NGDHS2013433051,2013,DHS,188,493,,,2
NGA,Lagos,1337682,Children wasted,11.3,1,NG,Nigeria,2013,NG2013DHS,CN_NUTS_C_WH2,104236050,I,433052,1433052,Region,..Lagos,0,,0,1,CNNUTSCWH2,NGDHS2013433052,2013,DHS,1141,846,,,2
NGA,Ogun,5525415,Children wasted,10,1,NG,Nigeria,2013,NG2013DHS,CN_NUTS_C_WH2,104236050,I,433053,1433053,Region,..Ogun,0,,0,1,CNNUTSCWH2,NGDHS2013433053,2013,DHS,677,494,,,2
NGA,Ondo,1337675,Children wasted,6.6,1,NG,Nigeria,2013,NG2013DHS,CN_NUTS_C_WH2,104236050,I,433054,1433054,Region,..Ondo,0,,0,1,CNNUTSCWH2,NGDHS2013433054,2013,DHS,523,594,,,2
NGA,Osun,7760107,Children wasted,11.1,1,NG,Nigeria,2013,NG2013DHS,CN_NUTS_C_WH2,104236050,I,433055,1433055,Region,..Osun,0,,0,1,CNNUTSCWH2,NGDHS2013433055,2013,DHS,429,523,,,2
NGA,Oyo,6733436,Children wasted,10.1,1,NG,Nigeria,2013,NG2013DHS,CN_NUTS_C_WH2,104236050,I,433056,1433056,Region,..Oyo,0,,0,1,CNNUTSCWH2,NGDHS2013433056,2013,DHS,1059,625,,,2
NGA,South South,6888884,Children wasted,11.1,1,NG,Nigeria,2013,NG2013DHS,CN_NUTS_C_WH2,104236050,I,433010,1433060,Region,South South,0,,0,1,CNNUTSCWH2,NGDHS2013433010,2013,DHS,2619,3359,,,1
NGA,Akwa Ibom,4180758,Children wasted,10.5,1,NG,Nigeria,2013,NG2013DHS,CN_NUTS_C_WH2,104236050,I,433061,1433061,Region,..Akwa Ibom,0,,0,1,CNNUTSCWH2,NGDHS2013433061,2013,DHS,424,533,,,2
NGA,Bayelsa,4586814,Children wasted,5.2,1,NG,Nigeria,2013,NG2013DHS,CN_NUTS_C_WH2,104236050,I,433062,1433062,Region,..Bayelsa,0,,0,1,CNNUTSCWH2,NGDHS2013433062,2013,DHS,217,733,,,2
NGA,Cross River,6682098,Children wasted,9.8,1,NG,Nigeria,2013,NG2013DHS,CN_NUTS_C_WH2,104236050,I,433063,1433063,Region,..Cross River,0,,0,1,CNNUTSCWH2,NGDHS2013433063,2013,DHS,514,515,,,2
NGA,Delta,5661836,Children wasted,17,1,NG,Nigeria,2013,NG2013DHS,CN_NUTS_C_WH2,104236050,I,433064,1433064,Region,..Delta,0,,0,1,CNNUTSCWH2,NGDHS2013433064,2013,DHS,493,594,,,2
NGA,Edo,5710501,Children wasted,10.5,1,NG,Nigeria,2013,NG2013DHS,CN_NUTS_C_WH2,104236050,I,433065,1433065,Region,..Edo,0,,0,1,CNNUTSCWH2,NGDHS2013433065,2013,DHS,349,519,,,2
NGA,Rivers,1343214,Children wasted,10.5,1,NG,Nigeria,2013,NG2013DHS,CN_NUTS_C_WH2,104236050,I,433066,1433066,Region,..Rivers,0,,0,1,CNNUTSCWH2,NGDHS2013433066,2013,DHS,622,465,,,2
NGA,North Central,4806191,Children underweight,18.5,1,NG,Nigeria,2013,NG2013DHS,CN_NUTS_C_WA2,104236090,I,433005,1433010,Region,North Central,0,,0,1,CNNUTSCWA2,NGDHS2013433005,2013,DHS,3764,4116,,,1
NGA,FCT Abuja,3686424,Children underweight,12.6,1,NG,Nigeria,2013,NG2013DHS,CN_NUTS_C_WA2,104236090,I,433011,1433011,Region,..FCT Abuja,0,,0,1,CNNUTSCWA2,NGDHS2013433011,2013,DHS,184,456,,,2
NGA,Benue,4672925,Children underweight,11.3,1,NG,Nigeria,2013,NG2013DHS,CN_NUTS_C_WA2,104236090,I,433012,1433012,Region,..Benue,0,,0,1,CNNUTSCWA2,NGDHS2013433012,2013,DHS,838,580,,,2
NGA,Kogi,3486699,Children underweight,14.6,1,NG,Nigeria,2013,NG2013DHS,CN_NUTS_C_WA2,104236090,I,433013,1433013,Region,..Kogi,0,,0,1,CNNUTSCWA2,NGDHS2013433013,2013,DHS,362,441,,,2
NGA,Kwara,4561582,Children underweight,13.8,1,NG,Nigeria,2013,NG2013DHS,CN_NUTS_C_WA2,104236090,I,433014,1433014,Region,..Kwara,0,,0,1,CNNUTSCWA2,NGDHS2013433014,2013,DHS,383,644,,,2
NGA,Nasarawa,5883314,Children underweight,20.9,1,NG,Nigeria,2013,NG2013DHS,CN_NUTS_C_WA2,104236090,I,433015,1433015,Region,..Nasarawa,0,,0,1,CNNUTSCWA2,NGDHS2013433015,2013,DHS,398,579,,,2
NGA,Niger,1324346,Children underweight,26,1,NG,Nigeria,2013,NG2013DHS,CN_NUTS_C_WA2,104236090,I,433016,1433016,Region,..Niger,0,,0,1,CNNUTSCWA2,NGDHS2013433016,2013,DHS,1183,821,,,2
NGA,Plateau,5344851,Children underweight,19.9,1,NG,Nigeria,2013,NG2013DHS,CN_NUTS_C_WA2,104236090,I,433017,1433017,Region,..Plateau,0,,0,1,CNNUTSCWA2,NGDHS2013433017,2013,DHS,416,595,,,2
NGA,North East,873805,Children underweight,30.8,1,NG,Nigeria,2013,NG2013DHS,CN_NUTS_C_WA2,104236090,I,433006,1433020,Region,North East,0,,0,1,CNNUTSCWA2,NGDHS2013433006,2013,DHS,4286,5213,,,1
NGA,Adamawa,1337646,Children underweight,23.1,1,NG,Nigeria,2013,NG2013DHS,CN_NUTS_C_WA2,104236090,I,433021,1433021,Region,..Adamawa,0,,0,1,CNNUTSCWA2,NGDHS2013433021,2013,DHS,645,882,,,2
NGA,Bauchi,7173925,Children underweight,40.6,1,NG,Nigeria,2013,NG2013DHS,CN_NUTS_C_WA2,104236090,I,433022,1433022,Region,..Bauchi,0,,0,1,CNNUTSCWA2,NGDHS2013433022,2013,DHS,1024,1083,,,2
NGA,Borno,2977640,Children underweight,23.3,1,NG,Nigeria,2013,NG2013DHS,CN_NUTS_C_WA2,104236090,I,433023,1433023,Region,..Borno,0,,0,1,CNNUTSCWA2,NGDHS2013433023,2013,DHS,760,416,,,2
NGA,Gombe,122107,Children underweight,32,1,NG,Nigeria,2013,NG2013DHS,CN_NUTS_C_WA2,104236090,I,433024,1433024,Region,..Gombe,0,,0,1,CNNUTSCWA2,NGDHS2013433024,2013,DHS,473,938,,,2
NGA,Taraba,2593970,Children underweight,24.5,1,NG,Nigeria,2013,NG2013DHS,CN_NUTS_C_WA2,104236090,I,433025,1433025,Region,..Taraba,0,,0,1,CNNUTSCWA2,NGDHS2013433025,2013,DHS,675,1090,,,2
NGA,Yobe,4700184,Children underweight,36.6,1,NG,Nigeria,2013,NG2013DHS,CN_NUTS_C_WA2,104236090,I,433026,1433026,Region,..Yobe,0,,0,1,CNNUTSCWA2,NGDHS2013433026,2013,DHS,709,804,,,2
NGA,North West,1331299,Children underweight,47.4,1,NG,Nigeria,2013,NG2013DHS,CN_NUTS_C_WA2,104236090,I,433007,1433030,Region,North West,0,,0,1,CNNUTSCWA2,NGDHS2013433007,2013,DHS,9049,7530,,,1
NGA,Jigawa,4664997,Children underweight,44.1,1,NG,Nigeria,2013,NG2013DHS,CN_NUTS_C_WA2,104236090,I,433031,1433031,Region,..Jigawa,0,,0,1,CNNUTSCWA2,NGDHS2013433031,2013,DHS,1147,1042,,,2
NGA,Kaduna,3461479,Children underweight,57.6,1,NG,Nigeria,2013,NG2013DHS,CN_NUTS_C_WA2,104236090,I,433032,1433032,Region,..Kaduna,0,,0,1,CNNUTSCWA2,NGDHS2013433032,2013,DHS,1054,622,,,2
NGA,Kano,4537122,Children underweight,58,1,NG,Nigeria,2013,NG2013DHS,CN_NUTS_C_WA2,104236090,I,433033,1433033,Region,..Kano,0,,0,1,CNNUTSCWA2,NGDHS2013433033,2013,DHS,2372,1647,,,2
NGA,Katsina,5897286,Children underweight,46,1,NG,Nigeria,2013,NG2013DHS,CN_NUTS_C_WA2,104236090,I,433034,1433034,Region,..Katsina,0,,0,1,CNNUTSCWA2,NGDHS2013433034,2013,DHS,1358,1159,,,2
NGA,Kebbi,1331339,Children underweight,39,1,NG,Nigeria,2013,NG2013DHS,CN_NUTS_C_WA2,104236090,I,433035,1433035,Region,..Kebbi,0,,0,1,CNNUTSCWA2,NGDHS2013433035,2013,DHS,889,844,,,2
NGA,Sokoto,7757425,Children underweight,37.7,1,NG,Nigeria,2013,NG2013DHS,CN_NUTS_C_WA2,104236090,I,433036,1433036,Region,..Sokoto,0,,0,1,CNNUTSCWA2,NGDHS2013433036,2013,DHS,929,1087,,,2
NGA,Zamfara,2695134,Children underweight,37,1,NG,Nigeria,2013,NG2013DHS,CN_NUTS_C_WA2,104236090,I,433037,1433037,Region,..Zamfara,0,,0,1,CNNUTSCWA2,NGDHS2013433037,2013,DHS,1301,1129,,,2
NGA,South East,6571868,Children underweight,11.4,1,NG,Nigeria,2013,NG2013DHS,CN_NUTS_C_WA2,104236090,I,433008,1433040,Region,South East,0,,0,1,CNNUTSCWA2,NGDHS2013433008,2013,DHS,2455,2513,,,1
NGA,Abia,5757976,Children underweight,11.6,1,NG,Nigeria,2013,NG2013DHS,CN_NUTS_C_WA2,104236090,I,433041,1433041,Region,..Abia,0,,0,1,CNNUTSCWA2,NGDHS2013433041,2013,DHS,299,464,,,2
NGA,Anambra,2753210,Children underweight,14.1,1,NG,Nigeria,2013,NG2013DHS,CN_NUTS_C_WA2,104236090,I,433042,1433042,Region,..Anambra,0,,0,1,CNNUTSCWA2,NGDHS2013433042,2013,DHS,498,420,,,2
NGA,Ebonyi,114128,Children underweight,12.4,1,NG,Nigeria,2013,NG2013DHS,CN_NUTS_C_WA2,104236090,I,433043,1433043,Region,..Ebonyi,0,,0,1,CNNUTSCWA2,NGDHS2013433043,2013,DHS,671,645,,,2
NGA,Enugu,7890732,Children underweight,7.1,1,NG,Nigeria,2013,NG2013DHS,CN_NUTS_C_WA2,104236090,I,433044,1433044,Region,..Enugu,0,,0,1,CNNUTSCWA2,NGDHS2013433044,2013,DHS,495,547,,,2
NGA,Imo,6733130,Children underweight,11.6,1,NG,Nigeria,2013,NG2013DHS,CN_NUTS_C_WA2,104236090,I,433045,1433045,Region,..Imo,0,,0,1,CNNUTSCWA2,NGDHS2013433045,2013,DHS,493,437,,,2
NGA,South West,1331306,Children underweight,14.9,1,NG,Nigeria,2013,NG2013DHS,CN_NUTS_C_WA2,104236090,I,433009,1433050,Region,South West,0,,0,1,CNNUTSCWA2,NGDHS2013433009,2013,DHS,4016,3575,,,1
NGA,Ekiti,877667,Children underweight,10.4,1,NG,Nigeria,2013,NG2013DHS,CN_NUTS_C_WA2,104236090,I,433051,1433051,Region,..Ekiti,0,,0,1,CNNUTSCWA2,NGDHS2013433051,2013,DHS,188,493,,,2
NGA,Lagos,4481145,Children underweight,12.9,1,NG,Nigeria,2013,NG2013DHS,CN_NUTS_C_WA2,104236090,I,433052,1433052,Region,..Lagos,0,,0,1,CNNUTSCWA2,NGDHS2013433052,2013,DHS,1141,846,,,2
NGA,Ogun,6211755,Children underweight,18.3,1,NG,Nigeria,2013,NG2013DHS,CN_NUTS_C_WA2,104236090,I,433053,1433053,Region,..Ogun,0,,0,1,CNNUTSCWA2,NGDHS2013433053,2013,DHS,677,494,,,2
NGA,Ondo,1337700,Children underweight,13.4,1,NG,Nigeria,2013,NG2013DHS,CN_NUTS_C_WA2,104236090,I,433054,1433054,Region,..Ondo,0,,0,1,CNNUTSCWA2,NGDHS2013433054,2013,DHS,523,594,,,2
NGA,Osun,7760530,Children underweight,11.5,1,NG,Nigeria,2013,NG2013DHS,CN_NUTS_C_WA2,104236090,I,433055,1433055,Region,..Osun,0,,0,1,CNNUTSCWA2,NGDHS2013433055,2013,DHS,429,523,,,2
NGA,Oyo,1324372,Children underweight,17.7,1,NG,Nigeria,2013,NG2013DHS,CN_NUTS_C_WA2,104236090,I,433056,1433056,Region,..Oyo,0,,0,1,CNNUTSCWA2,NGDHS2013433056,2013,DHS,1059,625,,,2
NGA,South South,5511113,Children underweight,12.8,1,NG,Nigeria,2013,NG2013DHS,CN_NUTS_C_WA2,104236090,I,433010,1433060,Region,South South,0,,0,1,CNNUTSCWA2,NGDHS2013433010,2013,DHS,2619,3359,,,1
NGA,Akwa Ibom,4982971,Children underweight,15.1,1,NG,Nigeria,2013,NG2013DHS,CN_NUTS_C_WA2,104236090,I,433061,1433061,Region,..Akwa Ibom,0,,0,1,CNNUTSCWA2,NGDHS2013433061,2013,DHS,424,533,,,2
NGA,Bayelsa,460371,Children underweight,10,1,NG,Nigeria,2013,NG2013DHS,CN_NUTS_C_WA2,104236090,I,433062,1433062,Region,..Bayelsa,0,,0,1,CNNUTSCWA2,NGDHS2013433062,2013,DHS,217,733,,,2
NGA,Cross River,2579792,Children underweight,14.8,1,NG,Nigeria,2013,NG2013DHS,CN_NUTS_C_WA2,104236090,I,433063,1433063,Region,..Cross River,0,,0,1,CNNUTSCWA2,NGDHS2013433063,2013,DHS,514,515,,,2
NGA,Delta,6746758,Children underweight,15.4,1,NG,Nigeria,2013,NG2013DHS,CN_NUTS_C_WA2,104236090,I,433064,1433064,Region,..Delta,0,,0,1,CNNUTSCWA2,NGDHS2013433064,2013,DHS,493,594,,,2
NGA,Edo,6288678,Children underweight,7.6,1,NG,Nigeria,2013,NG2013DHS,CN_NUTS_C_WA2,104236090,I,433065,1433065,Region,..Edo,0,,0,1,CNNUTSCWA2,NGDHS2013433065,2013,DHS,349,519,,,2
NGA,Rivers,1343230,Children underweight,11.4,1,NG,Nigeria,2013,NG2013DHS,CN_NUTS_C_WA2,104236090,I,433066,1433066,Region,..Rivers,0,,0,1,CNNUTSCWA2,NGDHS2013433066,2013,DHS,622,465,,,2
NGA,North Central,1337690,Median duration of exclusive breastfeeding,0.5,1,NG,Nigeria,2013,NG2013DHS,CN_BFDR_C_MDE,104336020,I,433005,1433010,Region,North Central,0,,0,1,CNBFDRCMDE,NGDHS2013433005,2013,DHS,,,,,1
NGA,FCT Abuja,1331390,Median duration of exclusive breastfeeding,1.4,1,NG,Nigeria,2013,NG2013DHS,CN_BFDR_C_MDE,104336020,I,433011,1433011,Region,..FCT Abuja,0,,0,1,CNBFDRCMDE,NGDHS2013433011,2013,DHS,,,,,2
NGA,Benue,1331414,Median duration of exclusive breastfeeding,0.6,1,NG,Nigeria,2013,NG2013DHS,CN_BFDR_C_MDE,104336020,I,433012,1433012,Region,..Benue,0,,0,1,CNBFDRCMDE,NGDHS2013433012,2013,DHS,,,,,2
NGA,Kogi,7313279,Median duration of exclusive breastfeeding,0.4,1,NG,Nigeria,2013,NG2013DHS,CN_BFDR_C_MDE,104336020,I,433013,1433013,Region,..Kogi,0,,0,1,CNBFDRCMDE,NGDHS2013433013,2013,DHS,,,,,2
NGA,Kwara,1331384,Median duration of exclusive breastfeeding,1.1,1,NG,Nigeria,2013,NG2013DHS,CN_BFDR_C_MDE,104336020,I,433014,1433014,Region,..Kwara,0,,0,1,CNBFDRCMDE,NGDHS2013433014,2013,DHS,,,,,2
NGA,Nasarawa,292046,Median duration of exclusive breastfeeding,1.6,1,NG,Nigeria,2013,NG2013DHS,CN_BFDR_C_MDE,104336020,I,433015,1433015,Region,..Nasarawa,0,,0,1,CNBFDRCMDE,NGDHS2013433015,2013,DHS,,,,,2
NGA,Niger,1324438,Median duration of exclusive breastfeeding,0.4,1,NG,Nigeria,2013,NG2013DHS,CN_BFDR_C_MDE,104336020,I,433016,1433016,Region,..Niger,0,,0,1,CNBFDRCMDE,NGDHS2013433016,2013,DHS,,,,,2
NGA,Plateau,1337712,Median duration of exclusive breastfeeding,0.7,1,NG,Nigeria,2013,NG2013DHS,CN_BFDR_C_MDE,104336020,I,433017,1433017,Region,..Plateau,0,,0,1,CNBFDRCMDE,NGDHS2013433017,2013,DHS,,,,,2
NGA,North East,874537,Median duration of exclusive breastfeeding,0.5,1,NG,Nigeria,2013,NG2013DHS,CN_BFDR_C_MDE,104336020,I,433006,1433020,Region,North East,0,,0,1,CNBFDRCMDE,NGDHS2013433006,2013,DHS,,,,,1
NGA,Adamawa,1337714,Median duration of exclusive breastfeeding,0.6,1,NG,Nigeria,2013,NG2013DHS,CN_BFDR_C_MDE,104336020,I,433021,1433021,Region,..Adamawa,0,,0,1,CNBFDRCMDE,NGDHS2013433021,2013,DHS,,,,,2
NGA,Bauchi,1324419,Median duration of exclusive breastfeeding,0.4,1,NG,Nigeria,2013,NG2013DHS,CN_BFDR_C_MDE,104336020,I,433022,1433022,Region,..Bauchi,0,,0,1,CNBFDRCMDE,NGDHS2013433022,2013,DHS,,,,,2
NGA,Borno,1324385,Median duration of exclusive breastfeeding,0.9,1,NG,Nigeria,2013,NG2013DHS,CN_BFDR_C_MDE,104336020,I,433023,1433023,Region,..Borno,0,,0,1,CNBFDRCMDE,NGDHS2013433023,2013,DHS,,,,,2
NGA,Gombe,1331429,Median duration of exclusive breastfeeding,0.5,1,NG,Nigeria,2013,NG2013DHS,CN_BFDR_C_MDE,104336020,I,433024,1433024,Region,..Gombe,0,,0,1,CNBFDRCMDE,NGDHS2013433024,2013,DHS,,,,,2
NGA,Taraba,1331419,Median duration of exclusive breastfeeding,0.6,1,NG,Nigeria,2013,NG2013DHS,CN_BFDR_C_MDE,104336020,I,433025,1433025,Region,..Taraba,0,,0,1,CNBFDRCMDE,NGDHS2013433025,2013,DHS,,,,,2
NGA,Yobe,1331399,Median duration of exclusive breastfeeding,0.4,1,NG,Nigeria,2013,NG2013DHS,CN_BFDR_C_MDE,104336020,I,433026,1433026,Region,..Yobe,0,,0,1,CNBFDRCMDE,NGDHS2013433026,2013,DHS,,,,,2
NGA,North West,1331393,Median duration of exclusive breastfeeding,0.4,1,NG,Nigeria,2013,NG2013DHS,CN_BFDR_C_MDE,104336020,I,433007,1433030,Region,North West,0,,0,1,CNBFDRCMDE,NGDHS2013433007,2013,DHS,,,,,1
NGA,Jigawa,1324410,Median duration of exclusive breastfeeding,0.4,1,NG,Nigeria,2013,NG2013DHS,CN_BFDR_C_MDE,104336020,I,433031,1433031,Region,..Jigawa,0,,0,1,CNBFDRCMDE,NGDHS2013433031,2013,DHS,,,,,2
NGA,Kaduna,1331395,Median duration of exclusive breastfeeding,0.6,1,NG,Nigeria,2013,NG2013DHS,CN_BFDR_C_MDE,104336020,I,433032,1433032,Region,..Kaduna,0,,0,1,CNBFDRCMDE,NGDHS2013433032,2013,DHS,,,,,2
NGA,Kano,1337734,Median duration of exclusive breastfeeding,0.4,1,NG,Nigeria,2013,NG2013DHS,CN_BFDR_C_MDE,104336020,I,433033,1433033,Region,..Kano,0,,0,1,CNBFDRCMDE,NGDHS2013433033,2013,DHS,,,,,2
NGA,Katsina,1324433,Median duration of exclusive breastfeeding,0.4,1,NG,Nigeria,2013,NG2013DHS,CN_BFDR_C_MDE,104336020,I,433034,1433034,Region,..Katsina,0,,0,1,CNBFDRCMDE,NGDHS2013433034,2013,DHS,,,,,2
NGA,Kebbi,1331451,Median duration of exclusive breastfeeding,0.4,1,NG,Nigeria,2013,NG2013DHS,CN_BFDR_C_MDE,104336020,I,433035,1433035,Region,..Kebbi,0,,0,1,CNBFDRCMDE,NGDHS2013433035,2013,DHS,,,,,2
NGA,Sokoto,7757666,Median duration of exclusive breastfeeding,0.4,1,NG,Nigeria,2013,NG2013DHS,CN_BFDR_C_MDE,104336020,I,433036,1433036,Region,..Sokoto,0,,0,1,CNBFDRCMDE,NGDHS2013433036,2013,DHS,,,,,2
NGA,Zamfara,1343224,Median duration of exclusive breastfeeding,0.4,1,NG,Nigeria,2013,NG2013DHS,CN_BFDR_C_MDE,104336020,I,433037,1433037,Region,..Zamfara,0,,0,1,CNBFDRCMDE,NGDHS2013433037,2013,DHS,,,,,2
NGA,South East,1324406,Median duration of exclusive breastfeeding,0.6,1,NG,Nigeria,2013,NG2013DHS,CN_BFDR_C_MDE,104336020,I,433008,1433040,Region,South East,0,,0,1,CNBFDRCMDE,NGDHS2013433008,2013,DHS,,,,,1
NGA,Abia,1331422,Median duration of exclusive breastfeeding,0.4,1,NG,Nigeria,2013,NG2013DHS,CN_BFDR_C_MDE,104336020,I,433041,1433041,Region,..Abia,0,,0,1,CNBFDRCMDE,NGDHS2013433041,2013,DHS,,,,,2
NGA,Anambra,1337686,Median duration of exclusive breastfeeding,1.7,1,NG,Nigeria,2013,NG2013DHS,CN_BFDR_C_MDE,104336020,I,433042,1433042,Region,..Anambra,0,,0,1,CNBFDRCMDE,NGDHS2013433042,2013,DHS,,,,,2
NGA,Ebonyi,1324402,Median duration of exclusive breastfeeding,0.5,1,NG,Nigeria,2013,NG2013DHS,CN_BFDR_C_MDE,104336020,I,433043,1433043,Region,..Ebonyi,0,,0,1,CNBFDRCMDE,NGDHS2013433043,2013,DHS,,,,,2
NGA,Enugu,7889736,Median duration of exclusive breastfeeding,0.4,1,NG,Nigeria,2013,NG2013DHS,CN_BFDR_C_MDE,104336020,I,433044,1433044,Region,..Enugu,0,,0,1,CNBFDRCMDE,NGDHS2013433044,2013,DHS,,,,,2
NGA,Imo,6711391,Median duration of exclusive breastfeeding,0.6,1,NG,Nigeria,2013,NG2013DHS,CN_BFDR_C_MDE,104336020,I,433045,1433045,Region,..Imo,0,,0,1,CNBFDRCMDE,NGDHS2013433045,2013,DHS,,,,,2
NGA,South West,1331417,Median duration of exclusive breastfeeding,0.9,1,NG,Nigeria,2013,NG2013DHS,CN_BFDR_C_MDE,104336020,I,433009,1433050,Region,South West,0,,0,1,CNBFDRCMDE,NGDHS2013433009,2013,DHS,,,,,1
NGA,Ekiti,876261,Median duration of exclusive breastfeeding,2.5,1,NG,Nigeria,2013,NG2013DHS,CN_BFDR_C_MDE,104336020,I,433051,1433051,Region,..Ekiti,0,,0,1,CNBFDRCMDE,NGDHS2013433051,2013,DHS,,,,,2
NGA,Lagos,1337732,Median duration of exclusive breastfeeding,0.7,1,NG,Nigeria,2013,NG2013DHS,CN_BFDR_C_MDE,104336020,I,433052,1433052,Region,..Lagos,0,,0,1,CNBFDRCMDE,NGDHS2013433052,2013,DHS,,,,,2
NGA,Ogun,1324435,Median duration of exclusive breastfeeding,1.3,1,NG,Nigeria,2013,NG2013DHS,CN_BFDR_C_MDE,104336020,I,433053,1433053,Region,..Ogun,0,,0,1,CNBFDRCMDE,NGDHS2013433053,2013,DHS,,,,,2
NGA,Ondo,1337705,Median duration of exclusive breastfeeding,1.3,1,NG,Nigeria,2013,NG2013DHS,CN_BFDR_C_MDE,104336020,I,433054,1433054,Region,..Ondo,0,,0,1,CNBFDRCMDE,NGDHS2013433054,2013,DHS,,,,,2
NGA,Osun,7766476,Median duration of exclusive breastfeeding,3.4,1,NG,Nigeria,2013,NG2013DHS,CN_BFDR_C_MDE,104336020,I,433055,1433055,Region,..Osun,0,,0,1,CNBFDRCMDE,NGDHS2013433055,2013,DHS,,,,,2
NGA,Oyo,1324422,Median duration of exclusive breastfeeding,0.6,1,NG,Nigeria,2013,NG2013DHS,CN_BFDR_C_MDE,104336020,I,433056,1433056,Region,..Oyo,0,,0,1,CNBFDRCMDE,NGDHS2013433056,2013,DHS,,,,,2
NGA,South South,1337684,Median duration of exclusive breastfeeding,0.6,1,NG,Nigeria,2013,NG2013DHS,CN_BFDR_C_MDE,104336020,I,433010,1433060,Region,South South,0,,0,1,CNBFDRCMDE,NGDHS2013433010,2013,DHS,,,,,1
NGA,Akwa Ibom,1331403,Median duration of exclusive breastfeeding,0.5,1,NG,Nigeria,2013,NG2013DHS,CN_BFDR_C_MDE,104336020,I,433061,1433061,Region,..Akwa Ibom,0,,0,1,CNBFDRCMDE,NGDHS2013433061,2013,DHS,,,,,2
NGA,Bayelsa,1331386,Median duration of exclusive breastfeeding,0.5,1,NG,Nigeria,2013,NG2013DHS,CN_BFDR_C_MDE,104336020,I,433062,1433062,Region,..Bayelsa,0,,0,1,CNBFDRCMDE,NGDHS2013433062,2013,DHS,,,,,2
NGA,Cross River,1324415,Median duration of exclusive breastfeeding,0.6,1,NG,Nigeria,2013,NG2013DHS,CN_BFDR_C_MDE,104336020,I,433063,1433063,Region,..Cross River,0,,0,1,CNBFDRCMDE,NGDHS2013433063,2013,DHS,,,,,2
NGA,Delta,1337698,Median duration of exclusive breastfeeding,0.5,1,NG,Nigeria,2013,NG2013DHS,CN_BFDR_C_MDE,104336020,I,433064,1433064,Region,..Delta,0,,0,1,CNBFDRCMDE,NGDHS2013433064,2013,DHS,,,,,2
NGA,Edo,1324424,Median duration of exclusive breastfeeding,2.4,1,NG,Nigeria,2013,NG2013DHS,CN_BFDR_C_MDE,104336020,I,433065,1433065,Region,..Edo,0,,0,1,CNBFDRCMDE,NGDHS2013433065,2013,DHS,,,,,2
NGA,Rivers,1343240,Median duration of exclusive breastfeeding,1.4,1,NG,Nigeria,2013,NG2013DHS,CN_BFDR_C_MDE,104336020,I,433066,1433066,Region,..Rivers,0,,0,1,CNBFDRCMDE,NGDHS2013433066,2013,DHS,,,,,2
NGA,North Central,5056784,Children under 5 who slept under an insecticide-treated net (ITN),16.9,1,NG,Nigeria,2013,NG2013DHS,ML_NETC_C_ITN,124836020,I,433005,1433010,Region,North Central,0,,0,1,MLNETCCITN,NGDHS2013433005,2013,DHS,4177,4541,,,1
NGA,FCT Abuja,318067,Children under 5 who slept under an insecticide-treated net (ITN),20.7,1,NG,Nigeria,2013,NG2013DHS,ML_NETC_C_ITN,124836020,I,433011,1433011,Region,..FCT Abuja,0,,0,1,MLNETCCITN,NGDHS2013433011,2013,DHS,202,499,,,2
NGA,Benue,2651994,Children under 5 who slept under an insecticide-treated net (ITN),29.4,1,NG,Nigeria,2013,NG2013DHS,ML_NETC_C_ITN,124836020,I,433012,1433012,Region,..Benue,0,,0,1,MLNETCCITN,NGDHS2013433012,2013,DHS,897,618,,,2
NGA,Kogi,5220304,Children under 5 who slept under an insecticide-treated net (ITN),9.9,1,NG,Nigeria,2013,NG2013DHS,ML_NETC_C_ITN,124836020,I,433013,1433013,Region,..Kogi,0,,0,1,MLNETCCITN,NGDHS2013433013,2013,DHS,400,485,,,2
NGA,Kwara,3106956,Children under 5 who slept under an insecticide-treated net (ITN),17.9,1,NG,Nigeria,2013,NG2013DHS,ML_NETC_C_ITN,124836020,I,433014,1433014,Region,..Kwara,0,,0,1,MLNETCCITN,NGDHS2013433014,2013,DHS,403,673,,,2
NGA,Nasarawa,3462005,Children under 5 who slept under an insecticide-treated net (ITN),14.5,1,NG,Nigeria,2013,NG2013DHS,ML_NETC_C_ITN,124836020,I,433015,1433015,Region,..Nasarawa,0,,0,1,MLNETCCITN,NGDHS2013433015,2013,DHS,446,648,,,2
NGA,Niger,2339562,Children under 5 who slept under an insecticide-treated net (ITN),10.3,1,NG,Nigeria,2013,NG2013DHS,ML_NETC_C_ITN,124836020,I,433016,1433016,Region,..Niger,0,,0,1,MLNETCCITN,NGDHS2013433016,2013,DHS,1342,926,,,2
NGA,Plateau,5659228,Children under 5 who slept under an insecticide-treated net (ITN),18,1,NG,Nigeria,2013,NG2013DHS,ML_NETC_C_ITN,124836020,I,433017,1433017,Region,..Plateau,0,,0,1,MLNETCCITN,NGDHS2013433017,2013,DHS,487,692,,,2
NGA,North East,871499,Children under 5 who slept under an insecticide-treated net (ITN),12.1,1,NG,Nigeria,2013,NG2013DHS,ML_NETC_C_ITN,124836020,I,433006,1433020,Region,North East,0,,0,1,MLNETCCITN,NGDHS2013433006,2013,DHS,5237,6161,,,1
NGA,Adamawa,3038890,Children under 5 who slept under an insecticide-treated net (ITN),12.6,1,NG,Nigeria,2013,NG2013DHS,ML_NETC_C_ITN,124836020,I,433021,1433021,Region,..Adamawa,0,,0,1,MLNETCCITN,NGDHS2013433021,2013,DHS,701,954,,,2
NGA,Bauchi,6432005,Children under 5 who slept under an insecticide-treated net (ITN),6.8,1,NG,Nigeria,2013,NG2013DHS,ML_NETC_C_ITN,124836020,I,433022,1433022,Region,..Bauchi,0,,0,1,MLNETCCITN,NGDHS2013433022,2013,DHS,1259,1338,,,2
NGA,Borno,307045,Children under 5 who slept under an insecticide-treated net (ITN),10.7,1,NG,Nigeria,2013,NG2013DHS,ML_NETC_C_ITN,124836020,I,433023,1433023,Region,..Borno,0,,0,1,MLNETCCITN,NGDHS2013433023,2013,DHS,1110,592,,,2
NGA,Gombe,5043235,Children under 5 who slept under an insecticide-treated net (ITN),11.7,1,NG,Nigeria,2013,NG2013DHS,ML_NETC_C_ITN,124836020,I,433024,1433024,Region,..Gombe,0,,0,1,MLNETCCITN,NGDHS2013433024,2013,DHS,559,1100,,,2
NGA,Taraba,5246049,Children under 5 who slept under an insecticide-treated net (ITN),14.5,1,NG,Nigeria,2013,NG2013DHS,ML_NETC_C_ITN,124836020,I,433025,1433025,Region,..Taraba,0,,0,1,MLNETCCITN,NGDHS2013433025,2013,DHS,712,1146,,,2
NGA,Yobe,2346311,Children under 5 who slept under an insecticide-treated net (ITN),19.1,1,NG,Nigeria,2013,NG2013DHS,ML_NETC_C_ITN,124836020,I,433026,1433026,Region,..Yobe,0,,0,1,MLNETCCITN,NGDHS2013433026,2013,DHS,896,1031,,,2
NGA,North West,2346284,Children under 5 who slept under an insecticide-treated net (ITN),14.8,1,NG,Nigeria,2013,NG2013DHS,ML_NETC_C_ITN,124836020,I,433007,1433030,Region,North West,0,,0,1,MLNETCCITN,NGDHS2013433007,2013,DHS,10994,9108,,,1
NGA,Jigawa,2339587,Children under 5 who slept under an insecticide-treated net (ITN),24.4,1,NG,Nigeria,2013,NG2013DHS,ML_NETC_C_ITN,124836020,I,433031,1433031,Region,..Jigawa,0,,0,1,MLNETCCITN,NGDHS2013433031,2013,DHS,1430,1296,,,2
NGA,Kaduna,5220307,Children under 5 who slept under an insecticide-treated net (ITN),5,1,NG,Nigeria,2013,NG2013DHS,ML_NETC_C_ITN,124836020,I,433032,1433032,Region,..Kaduna,0,,0,1,MLNETCCITN,NGDHS2013433032,2013,DHS,1441,848,,,2
NGA,Kano,3098767,Children under 5 who slept under an insecticide-treated net (ITN),7.3,1,NG,Nigeria,2013,NG2013DHS,ML_NETC_C_ITN,124836020,I,433033,1433033,Region,..Kano,0,,0,1,MLNETCCITN,NGDHS2013433033,2013,DHS,2860,2011,,,2
NGA,Katsina,3553165,Children under 5 who slept under an insecticide-treated net (ITN),28.9,1,NG,Nigeria,2013,NG2013DHS,ML_NETC_C_ITN,124836020,I,433034,1433034,Region,..Katsina,0,,0,1,MLNETCCITN,NGDHS2013433034,2013,DHS,1617,1380,,,2
NGA,Kebbi,2346323,Children under 5 who slept under an insecticide-treated net (ITN),23.5,1,NG,Nigeria,2013,NG2013DHS,ML_NETC_C_ITN,124836020,I,433035,1433035,Region,..Kebbi,0,,0,1,MLNETCCITN,NGDHS2013433035,2013,DHS,1173,1106,,,2
NGA,Sokoto,7754916,Children under 5 who slept under an insecticide-treated net (ITN),12.3,1,NG,Nigeria,2013,NG2013DHS,ML_NETC_C_ITN,124836020,I,433036,1433036,Region,..Sokoto,0,,0,1,MLNETCCITN,NGDHS2013433036,2013,DHS,1061,1243,,,2
NGA,Zamfara,7084419,Children under 5 who slept under an insecticide-treated net (ITN),9.1,1,NG,Nigeria,2013,NG2013DHS,ML_NETC_C_ITN,124836020,I,433037,1433037,Region,..Zamfara,0,,0,1,MLNETCCITN,NGDHS2013433037,2013,DHS,1413,1224,,,2
NGA,South East,7414784,Children under 5 who slept under an insecticide-treated net (ITN),24.2,1,NG,Nigeria,2013,NG2013DHS,ML_NETC_C_ITN,124836020,I,433008,1433040,Region,South East,0,,0,1,MLNETCCITN,NGDHS2013433008,2013,DHS,2739,2760,,,1
NGA,Abia,6417857,Children under 5 who slept under an insecticide-treated net (ITN),23.5,1,NG,Nigeria,2013,NG2013DHS,ML_NETC_C_ITN,124836020,I,433041,1433041,Region,..Abia,0,,0,1,MLNETCCITN,NGDHS2013433041,2013,DHS,315,491,,,2
NGA,Anambra,4144755,Children under 5 who slept under an insecticide-treated net (ITN),14.1,1,NG,Nigeria,2013,NG2013DHS,ML_NETC_C_ITN,124836020,I,433042,1433042,Region,..Anambra,0,,0,1,MLNETCCITN,NGDHS2013433042,2013,DHS,630,511,,,2
NGA,Ebonyi,5073985,Children under 5 who slept under an insecticide-treated net (ITN),30.7,1,NG,Nigeria,2013,NG2013DHS,ML_NETC_C_ITN,124836020,I,433043,1433043,Region,..Ebonyi,0,,0,1,MLNETCCITN,NGDHS2013433043,2013,DHS,727,700,,,2
NGA,Enugu,7890051,Children under 5 who slept under an insecticide-treated net (ITN),21.2,1,NG,Nigeria,2013,NG2013DHS,ML_NETC_C_ITN,124836020,I,433044,1433044,Region,..Enugu,0,,0,1,MLNETCCITN,NGDHS2013433044,2013,DHS,540,590,,,2
NGA,Imo,2339591,Children under 5 who slept under an insecticide-treated net (ITN),30.7,1,NG,Nigeria,2013,NG2013DHS,ML_NETC_C_ITN,124836020,I,433045,1433045,Region,..Imo,0,,0,1,MLNETCCITN,NGDHS2013433045,2013,DHS,527,468,,,2
NGA,South West,3129588,Children under 5 who slept under an insecticide-treated net (ITN),19.6,1,NG,Nigeria,2013,NG2013DHS,ML_NETC_C_ITN,124836020,I,433009,1433050,Region,South West,0,,0,1,MLNETCCITN,NGDHS2013433009,2013,DHS,4264,3799,,,1
NGA,Ekiti,876556,Children under 5 who slept under an insecticide-treated net (ITN),20.8,1,NG,Nigeria,2013,NG2013DHS,ML_NETC_C_ITN,124836020,I,433051,1433051,Region,..Ekiti,0,,0,1,MLNETCCITN,NGDHS2013433051,2013,DHS,199,523,,,2
NGA,Lagos,3098783,Children under 5 who slept under an insecticide-treated net (ITN),19.4,1,NG,Nigeria,2013,NG2013DHS,ML_NETC_C_ITN,124836020,I,433052,1433052,Region,..Lagos,0,,0,1,MLNETCCITN,NGDHS2013433052,2013,DHS,1254,934,,,2
NGA,Ogun,3498360,Children under 5 who slept under an insecticide-treated net (ITN),20,1,NG,Nigeria,2013,NG2013DHS,ML_NETC_C_ITN,124836020,I,433053,1433053,Region,..Ogun,0,,0,1,MLNETCCITN,NGDHS2013433053,2013,DHS,711,518,,,2
NGA,Ondo,2352190,Children under 5 who slept under an insecticide-treated net (ITN),25.2,1,NG,Nigeria,2013,NG2013DHS,ML_NETC_C_ITN,124836020,I,433054,1433054,Region,..Ondo,0,,0,1,MLNETCCITN,NGDHS2013433054,2013,DHS,544,618,,,2
NGA,Osun,7760242,Children under 5 who slept under an insecticide-treated net (ITN),7.8,1,NG,Nigeria,2013,NG2013DHS,ML_NETC_C_ITN,124836020,I,433055,1433055,Region,..Osun,0,,0,1,MLNETCCITN,NGDHS2013433055,2013,DHS,456,556,,,2
NGA,Oyo,7062786,Children under 5 who slept under an insecticide-treated net (ITN),21.6,1,NG,Nigeria,2013,NG2013DHS,ML_NETC_C_ITN,124836020,I,433056,1433056,Region,..Oyo,0,,0,1,MLNETCCITN,NGDHS2013433056,2013,DHS,1100,650,,,2
NGA,South South,6054314,Children under 5 who slept under an insecticide-treated net (ITN),19,1,NG,Nigeria,2013,NG2013DHS,ML_NETC_C_ITN,124836020,I,433010,1433060,Region,South South,0,,0,1,MLNETCCITN,NGDHS2013433010,2013,DHS,2915,3713,,,1
NGA,Akwa Ibom,4151806,Children under 5 who slept under an insecticide-treated net (ITN),14.9,1,NG,Nigeria,2013,NG2013DHS,ML_NETC_C_ITN,124836020,I,433061,1433061,Region,..Akwa Ibom,0,,0,1,MLNETCCITN,NGDHS2013433061,2013,DHS,478,589,,,2
NGA,Bayelsa,3802686,Children under 5 who slept under an insecticide-treated net (ITN),24.2,1,NG,Nigeria,2013,NG2013DHS,ML_NETC_C_ITN,124836020,I,433062,1433062,Region,..Bayelsa,0,,0,1,MLNETCCITN,NGDHS2013433062,2013,DHS,235,790,,,2
NGA,Cross River,5104273,Children under 5 who slept under an insecticide-treated net (ITN),29.2,1,NG,Nigeria,2013,NG2013DHS,ML_NETC_C_ITN,124836020,I,433063,1433063,Region,..Cross River,0,,0,1,MLNETCCITN,NGDHS2013433063,2013,DHS,534,539,,,2
NGA,Delta,2352205,Children under 5 who slept under an insecticide-treated net (ITN),9.7,1,NG,Nigeria,2013,NG2013DHS,ML_NETC_C_ITN,124836020,I,433064,1433064,Region,..Delta,0,,0,1,MLNETCCITN,NGDHS2013433064,2013,DHS,553,669,,,2
NGA,Edo,674163,Children under 5 who slept under an insecticide-treated net (ITN),22.9,1,NG,Nigeria,2013,NG2013DHS,ML_NETC_C_ITN,124836020,I,433065,1433065,Region,..Edo,0,,0,1,MLNETCCITN,NGDHS2013433065,2013,DHS,407,597,,,2
NGA,Rivers,2358852,Children under 5 who slept under an insecticide-treated net (ITN),17.5,1,NG,Nigeria,2013,NG2013DHS,ML_NETC_C_ITN,124836020,I,433066,1433066,Region,..Rivers,0,,0,1,MLNETCCITN,NGDHS2013433066,2013,DHS,709,529,,,2
NGA,North Central,77473,Women receiving an HIV test and receiving test results in the last 12 months,13,1,NG,Nigeria,2013,NG2013DHS,HA_CPHT_W_T1R,135563070,I,433005,1433010,Region,North Central,0,,0,1,HACPHTWT1R,NGDHS2013433005,2013,DHS,5572,6251,,,1
NGA,FCT Abuja,3921491,Women receiving an HIV test and receiving test results in the last 12 months,23.8,1,NG,Nigeria,2013,NG2013DHS,HA_CPHT_W_T1R,135563070,I,433011,1433011,Region,..FCT Abuja,0,,0,1,HACPHTWT1R,NGDHS2013433011,2013,DHS,315,761,,,2
NGA,Benue,750165,Women receiving an HIV test and receiving test results in the last 12 months,19.5,1,NG,Nigeria,2013,NG2013DHS,HA_CPHT_W_T1R,135563070,I,433012,1433012,Region,..Benue,0,,0,1,HACPHTWT1R,NGDHS2013433012,2013,DHS,1240,870,,,2
NGA,Kogi,4447149,Women receiving an HIV test and receiving test results in the last 12 months,14.3,1,NG,Nigeria,2013,NG2013DHS,HA_CPHT_W_T1R,135563070,I,433013,1433013,Region,..Kogi,0,,0,1,HACPHTWT1R,NGDHS2013433013,2013,DHS,704,859,,,2
NGA,Kwara,6768957,Women receiving an HIV test and receiving test results in the last 12 months,5.9,1,NG,Nigeria,2013,NG2013DHS,HA_CPHT_W_T1R,135563070,I,433014,1433014,Region,..Kwara,0,,0,1,HACPHTWT1R,NGDHS2013433014,2013,DHS,596,966,,,2
NGA,Nasarawa,291773,Women receiving an HIV test and receiving test results in the last 12 months,14.5,1,NG,Nigeria,2013,NG2013DHS,HA_CPHT_W_T1R,135563070,I,433015,1433015,Region,..Nasarawa,0,,0,1,HACPHTWT1R,NGDHS2013433015,2013,DHS,594,874,,,2
NGA,Niger,1681218,Women receiving an HIV test and receiving test results in the last 12 months,6.5,1,NG,Nigeria,2013,NG2013DHS,HA_CPHT_W_T1R,135563070,I,433016,1433016,Region,..Niger,0,,0,1,HACPHTWT1R,NGDHS2013433016,2013,DHS,1462,1046,,,2
NGA,Plateau,5570772,Women receiving an HIV test and receiving test results in the last 12 months,13.4,1,NG,Nigeria,2013,NG2013DHS,HA_CPHT_W_T1R,135563070,I,433017,1433017,Region,..Plateau,0,,0,1,HACPHTWT1R,NGDHS2013433017,2013,DHS,662,875,,,2
NGA,North East,872877,Women receiving an HIV test and receiving test results in the last 12 months,8.1,1,NG,Nigeria,2013,NG2013DHS,HA_CPHT_W_T1R,135563070,I,433006,1433020,Region,North East,0,,0,1,HACPHTWT1R,NGDHS2013433006,2013,DHS,5766,6630,,,1
NGA,Adamawa,5594757,Women receiving an HIV test and receiving test results in the last 12 months,14.3,1,NG,Nigeria,2013,NG2013DHS,HA_CPHT_W_T1R,135563070,I,433021,1433021,Region,..Adamawa,0,,0,1,HACPHTWT1R,NGDHS2013433021,2013,DHS,828,1122,,,2
NGA,Bauchi,5324577,Women receiving an HIV test and receiving test results in the last 12 months,4.2,1,NG,Nigeria,2013,NG2013DHS,HA_CPHT_W_T1R,135563070,I,433022,1433022,Region,..Bauchi,0,,0,1,HACPHTWT1R,NGDHS2013433022,2013,DHS,1161,1196,,,2
NGA,Borno,1681239,Women receiving an HIV test and receiving test results in the last 12 months,3.7,1,NG,Nigeria,2013,NG2013DHS,HA_CPHT_W_T1R,135563070,I,433023,1433023,Region,..Borno,0,,0,1,HACPHTWT1R,NGDHS2013433023,2013,DHS,1412,782,,,2
NGA,Gombe,259356,Women receiving an HIV test and receiving test results in the last 12 months,12.9,1,NG,Nigeria,2013,NG2013DHS,HA_CPHT_W_T1R,135563070,I,433024,1433024,Region,..Gombe,0,,0,1,HACPHTWT1R,NGDHS2013433024,2013,DHS,550,1076,,,2
NGA,Taraba,4038198,Women receiving an HIV test and receiving test results in the last 12 months,16.6,1,NG,Nigeria,2013,NG2013DHS,HA_CPHT_W_T1R,135563070,I,433025,1433025,Region,..Taraba,0,,0,1,HACPHTWT1R,NGDHS2013433025,2013,DHS,844,1374,,,2
NGA,Yobe,6300528,Women receiving an HIV test and receiving test results in the last 12 months,3.6,1,NG,Nigeria,2013,NG2013DHS,HA_CPHT_W_T1R,135563070,I,433026,1433026,Region,..Yobe,0,,0,1,HACPHTWT1R,NGDHS2013433026,2013,DHS,971,1080,,,2
NGA,North West,6300503,Women receiving an HIV test and receiving test results in the last 12 months,3.9,1,NG,Nigeria,2013,NG2013DHS,HA_CPHT_W_T1R,135563070,I,433007,1433030,Region,North West,0,,0,1,HACPHTWT1R,NGDHS2013433007,2013,DHS,11877,9673,,,1
NGA,Jigawa,4777643,Women receiving an HIV test and receiving test results in the last 12 months,2.5,1,NG,Nigeria,2013,NG2013DHS,HA_CPHT_W_T1R,135563070,I,433031,1433031,Region,..Jigawa,0,,0,1,HACPHTWT1R,NGDHS2013433031,2013,DHS,1353,1211,,,2
NGA,Kaduna,4477443,Women receiving an HIV test and receiving test results in the last 12 months,9.2,1,NG,Nigeria,2013,NG2013DHS,HA_CPHT_W_T1R,135563070,I,433032,1433032,Region,..Kaduna,0,,0,1,HACPHTWT1R,NGDHS2013433032,2013,DHS,2136,1243,,,2
NGA,Kano,6776324,Women receiving an HIV test and receiving test results in the last 12 months,5.3,1,NG,Nigeria,2013,NG2013DHS,HA_CPHT_W_T1R,135563070,I,433033,1433033,Region,..Kano,0,,0,1,HACPHTWT1R,NGDHS2013433033,2013,DHS,3189,2228,,,2
NGA,Katsina,277060,Women receiving an HIV test and receiving test results in the last 12 months,1.2,1,NG,Nigeria,2013,NG2013DHS,HA_CPHT_W_T1R,135563070,I,433034,1433034,Region,..Katsina,0,,0,1,HACPHTWT1R,NGDHS2013433034,2013,DHS,1525,1304,,,2
NGA,Kebbi,1673683,Women receiving an HIV test and receiving test results in the last 12 months,0.9,1,NG,Nigeria,2013,NG2013DHS,HA_CPHT_W_T1R,135563070,I,433035,1433035,Region,..Kebbi,0,,0,1,HACPHTWT1R,NGDHS2013433035,2013,DHS,1244,1184,,,2
NGA,Sokoto,7754956,Women receiving an HIV test and receiving test results in the last 12 months,1.1,1,NG,Nigeria,2013,NG2013DHS,HA_CPHT_W_T1R,135563070,I,433036,1433036,Region,..Sokoto,0,,0,1,HACPHTWT1R,NGDHS2013433036,2013,DHS,1098,1314,,,2
NGA,Zamfara,2760163,Women receiving an HIV test and receiving test results in the last 12 months,1.1,1,NG,Nigeria,2013,NG2013DHS,HA_CPHT_W_T1R,135563070,I,433037,1433037,Region,..Zamfara,0,,0,1,HACPHTWT1R,NGDHS2013433037,2013,DHS,1332,1189,,,2
NGA,South East,3920317,Women receiving an HIV test and receiving test results in the last 12 months,15.4,1,NG,Nigeria,2013,NG2013DHS,HA_CPHT_W_T1R,135563070,I,433008,1433040,Region,South East,0,,0,1,HACPHTWT1R,NGDHS2013433008,2013,DHS,4476,4462,,,1
NGA,Abia,5335328,Women receiving an HIV test and receiving test results in the last 12 months,18.8,1,NG,Nigeria,2013,NG2013DHS,HA_CPHT_W_T1R,135563070,I,433041,1433041,Region,..Abia,0,,0,1,HACPHTWT1R,NGDHS2013433041,2013,DHS,518,805,,,2
NGA,Anambra,1665929,Women receiving an HIV test and receiving test results in the last 12 months,6.7,1,NG,Nigeria,2013,NG2013DHS,HA_CPHT_W_T1R,135563070,I,433042,1433042,Region,..Anambra,0,,0,1,HACPHTWT1R,NGDHS2013433042,2013,DHS,1052,903,,,2
NGA,Ebonyi,5050188,Women receiving an HIV test and receiving test results in the last 12 months,15.4,1,NG,Nigeria,2013,NG2013DHS,HA_CPHT_W_T1R,135563070,I,433043,1433043,Region,..Ebonyi,0,,0,1,HACPHTWT1R,NGDHS2013433043,2013,DHS,1122,1075,,,2
NGA,Enugu,7890747,Women receiving an HIV test and receiving test results in the last 12 months,17.4,1,NG,Nigeria,2013,NG2013DHS,HA_CPHT_W_T1R,135563070,I,433044,1433044,Region,..Enugu,0,,0,1,HACPHTWT1R,NGDHS2013433044,2013,DHS,951,965,,,2
NGA,Imo,6294477,Women receiving an HIV test and receiving test results in the last 12 months,22.1,1,NG,Nigeria,2013,NG2013DHS,HA_CPHT_W_T1R,135563070,I,433045,1433045,Region,..Imo,0,,0,1,HACPHTWT1R,NGDHS2013433045,2013,DHS,833,714,,,2
NGA,South West,7285442,Women receiving an HIV test and receiving test results in the last 12 months,12.1,1,NG,Nigeria,2013,NG2013DHS,HA_CPHT_W_T1R,135563070,I,433009,1433050,Region,South West,0,,0,1,HACPHTWT1R,NGDHS2013433009,2013,DHS,6314,5874,,,1
NGA,Ekiti,875675,Women receiving an HIV test and receiving test results in the last 12 months,7.6,1,NG,Nigeria,2013,NG2013DHS,HA_CPHT_W_T1R,135563070,I,433051,1433051,Region,..Ekiti,0,,0,1,HACPHTWT1R,NGDHS2013433051,2013,DHS,326,863,,,2
NGA,Lagos,6594447,Women receiving an HIV test and receiving test results in the last 12 months,16.9,1,NG,Nigeria,2013,NG2013DHS,HA_CPHT_W_T1R,135563070,I,433052,1433052,Region,..Lagos,0,,0,1,HACPHTWT1R,NGDHS2013433052,2013,DHS,1964,1482,,,2
NGA,Ogun,361314,Women receiving an HIV test and receiving test results in the last 12 months,8,1,NG,Nigeria,2013,NG2013DHS,HA_CPHT_W_T1R,135563070,I,433053,1433053,Region,..Ogun,0,,0,1,HACPHTWT1R,NGDHS2013433053,2013,DHS,883,672,,,2
NGA,Ondo,1665923,Women receiving an HIV test and receiving test results in the last 12 months,14.9,1,NG,Nigeria,2013,NG2013DHS,HA_CPHT_W_T1R,135563070,I,433054,1433054,Region,..Ondo,0,,0,1,HACPHTWT1R,NGDHS2013433054,2013,DHS,808,916,,,2
NGA,Osun,7760183,Women receiving an HIV test and receiving test results in the last 12 months,8.2,1,NG,Nigeria,2013,NG2013DHS,HA_CPHT_W_T1R,135563070,I,433055,1433055,Region,..Osun,0,,0,1,HACPHTWT1R,NGDHS2013433055,2013,DHS,765,1026,,,2
NGA,Oyo,2760746,Women receiving an HIV test and receiving test results in the last 12 months,9.9,1,NG,Nigeria,2013,NG2013DHS,HA_CPHT_W_T1R,135563070,I,433056,1433056,Region,..Oyo,0,,0,1,HACPHTWT1R,NGDHS2013433056,2013,DHS,1568,915,,,2
NGA,South South,5055975,Women receiving an HIV test and receiving test results in the last 12 months,17,1,NG,Nigeria,2013,NG2013DHS,HA_CPHT_W_T1R,135563070,I,433010,1433060,Region,South South,0,,0,1,HACPHTWT1R,NGDHS2013433010,2013,DHS,4942,6058,,,1
NGA,Akwa Ibom,1673690,Women receiving an HIV test and receiving test results in the last 12 months,17.2,1,NG,Nigeria,2013,NG2013DHS,HA_CPHT_W_T1R,135563070,I,433061,1433061,Region,..Akwa Ibom,0,,0,1,HACPHTWT1R,NGDHS2013433061,2013,DHS,864,979,,,2
NGA,Bayelsa,5043053,Women receiving an HIV test and receiving test results in the last 12 months,6.9,1,NG,Nigeria,2013,NG2013DHS,HA_CPHT_W_T1R,135563070,I,433062,1433062,Region,..Bayelsa,0,,0,1,HACPHTWT1R,NGDHS2013433062,2013,DHS,364,1224,,,2
NGA,Cross River,2920006,Women receiving an HIV test and receiving test results in the last 12 months,32.6,1,NG,Nigeria,2013,NG2013DHS,HA_CPHT_W_T1R,135563070,I,433063,1433063,Region,..Cross River,0,,0,1,HACPHTWT1R,NGDHS2013433063,2013,DHS,703,727,,,2
NGA,Delta,7297630,Women receiving an HIV test and receiving test results in the last 12 months,10.8,1,NG,Nigeria,2013,NG2013DHS,HA_CPHT_W_T1R,135563070,I,433064,1433064,Region,..Delta,0,,0,1,HACPHTWT1R,NGDHS2013433064,2013,DHS,993,1130,,,2
NGA,Edo,4004179,Women receiving an HIV test and receiving test results in the last 12 months,11.5,1,NG,Nigeria,2013,NG2013DHS,HA_CPHT_W_T1R,135563070,I,433065,1433065,Region,..Edo,0,,0,1,HACPHTWT1R,NGDHS2013433065,2013,DHS,742,1079,,,2
NGA,Rivers,6163650,Women receiving an HIV test and receiving test results in the last 12 months,19,1,NG,Nigeria,2013,NG2013DHS,HA_CPHT_W_T1R,135563070,I,433066,1433066,Region,..Rivers,0,,0,1,HACPHTWT1R,NGDHS2013433066,2013,DHS,1276,919,,,2
NGA,North Central,1666009,Men receiving an HIV test and receiving test results in the last 12 months,16.3,1,NG,Nigeria,2013,NG2013DHS,HA_CPHT_M_T1R,135564160,I,433005,1433010,Region,North Central,0,,0,1,HACPHTMT1R,NGDHS2013433005,2013,DHS,2685,3018,,,1
NGA,FCT Abuja,5856663,Men receiving an HIV test and receiving test results in the last 12 months,24.5,1,NG,Nigeria,2013,NG2013DHS,HA_CPHT_M_T1R,135564160,I,433011,1433011,Region,..FCT Abuja,0,,0,1,HACPHTMT1R,NGDHS2013433011,2013,DHS,175,428,,,2
NGA,Benue,5589987,Men receiving an HIV test and receiving test results in the last 12 months,23.7,1,NG,Nigeria,2013,NG2013DHS,HA_CPHT_M_T1R,135564160,I,433012,1433012,Region,..Benue,0,,0,1,HACPHTMT1R,NGDHS2013433012,2013,DHS,616,409,,,2
NGA,Kogi,3603638,Men receiving an HIV test and receiving test results in the last 12 months,11.2,1,NG,Nigeria,2013,NG2013DHS,HA_CPHT_M_T1R,135564160,I,433013,1433013,Region,..Kogi,0,,0,1,HACPHTMT1R,NGDHS2013433013,2013,DHS,333,425,,,2
NGA,Kwara,5137325,Men receiving an HIV test and receiving test results in the last 12 months,11.8,1,NG,Nigeria,2013,NG2013DHS,HA_CPHT_M_T1R,135564160,I,433014,1433014,Region,..Kwara,0,,0,1,HACPHTMT1R,NGDHS2013433014,2013,DHS,274,450,,,2
NGA,Nasarawa,3432024,Men receiving an HIV test and receiving test results in the last 12 months,14.8,1,NG,Nigeria,2013,NG2013DHS,HA_CPHT_M_T1R,135564160,I,433015,1433015,Region,..Nasarawa,0,,0,1,HACPHTMT1R,NGDHS2013433015,2013,DHS,282,401,,,2
NGA,Niger,6288961,Men receiving an HIV test and receiving test results in the last 12 months,8.9,1,NG,Nigeria,2013,NG2013DHS,HA_CPHT_M_T1R,135564160,I,433016,1433016,Region,..Niger,0,,0,1,HACPHTMT1R,NGDHS2013433016,2013,DHS,701,512,,,2
NGA,Plateau,1665963,Men receiving an HIV test and receiving test results in the last 12 months,25,1,NG,Nigeria,2013,NG2013DHS,HA_CPHT_M_T1R,135564160,I,433017,1433017,Region,..Plateau,0,,0,1,HACPHTMT1R,NGDHS2013433017,2013,DHS,302,393,,,2
NGA,North East,873464,Men receiving an HIV test and receiving test results in the last 12 months,9.6,1,NG,Nigeria,2013,NG2013DHS,HA_CPHT_M_T1R,135564160,I,433006,1433020,Region,North East,0,,0,1,HACPHTMT1R,NGDHS2013433006,2013,DHS,2515,2843,,,1
NGA,Adamawa,250318,Men receiving an HIV test and receiving test results in the last 12 months,15.2,1,NG,Nigeria,2013,NG2013DHS,HA_CPHT_M_T1R,135564160,I,433021,1433021,Region,..Adamawa,0,,0,1,HACPHTMT1R,NGDHS2013433021,2013,DHS,358,493,,,2
NGA,Bauchi,6294081,Men receiving an HIV test and receiving test results in the last 12 months,6.1,1,NG,Nigeria,2013,NG2013DHS,HA_CPHT_M_T1R,135564160,I,433022,1433022,Region,..Bauchi,0,,0,1,HACPHTMT1R,NGDHS2013433022,2013,DHS,512,492,,,2
NGA,Borno,3555297,Men receiving an HIV test and receiving test results in the last 12 months,6.9,1,NG,Nigeria,2013,NG2013DHS,HA_CPHT_M_T1R,135564160,I,433023,1433023,Region,..Borno,0,,0,1,HACPHTMT1R,NGDHS2013433023,2013,DHS,676,376,,,2
NGA,Gombe,1673699,Men receiving an HIV test and receiving test results in the last 12 months,11.4,1,NG,Nigeria,2013,NG2013DHS,HA_CPHT_M_T1R,135564160,I,433024,1433024,Region,..Gombe,0,,0,1,HACPHTMT1R,NGDHS2013433024,2013,DHS,255,490,,,2
NGA,Taraba,120336,Men receiving an HIV test and receiving test results in the last 12 months,22.6,1,NG,Nigeria,2013,NG2013DHS,HA_CPHT_M_T1R,135564160,I,433025,1433025,Region,..Taraba,0,,0,1,HACPHTMT1R,NGDHS2013433025,2013,DHS,325,541,,,2
NGA,Yobe,5500302,Men receiving an HIV test and receiving test results in the last 12 months,2,1,NG,Nigeria,2013,NG2013DHS,HA_CPHT_M_T1R,135564160,I,433026,1433026,Region,..Yobe,0,,0,1,HACPHTMT1R,NGDHS2013433026,2013,DHS,390,451,,,2
NGA,North West,5763211,Men receiving an HIV test and receiving test results in the last 12 months,1.7,1,NG,Nigeria,2013,NG2013DHS,HA_CPHT_M_T1R,135564160,I,433007,1433030,Region,North West,0,,0,1,HACPHTMT1R,NGDHS2013433007,2013,DHS,5185,4131,,,1
NGA,Jigawa,1681282,Men receiving an HIV test and receiving test results in the last 12 months,3.6,1,NG,Nigeria,2013,NG2013DHS,HA_CPHT_M_T1R,135564160,I,433031,1433031,Region,..Jigawa,0,,0,1,HACPHTMT1R,NGDHS2013433031,2013,DHS,510,462,,,2
NGA,Kaduna,3601212,Men receiving an HIV test and receiving test results in the last 12 months,2.4,1,NG,Nigeria,2013,NG2013DHS,HA_CPHT_M_T1R,135564160,I,433032,1433032,Region,..Kaduna,0,,0,1,HACPHTMT1R,NGDHS2013433032,2013,DHS,1033,602,,,2
NGA,Kano,5143772,Men receiving an HIV test and receiving test results in the last 12 months,0,1,NG,Nigeria,2013,NG2013DHS,HA_CPHT_M_T1R,135564160,I,433033,1433033,Region,..Kano,0,,0,1,HACPHTMT1R,NGDHS2013433033,2013,DHS,1592,1108,,,2
NGA,Katsina,4084563,Men receiving an HIV test and receiving test results in the last 12 months,4.8,1,NG,Nigeria,2013,NG2013DHS,HA_CPHT_M_T1R,135564160,I,433034,1433034,Region,..Katsina,0,,0,1,HACPHTMT1R,NGDHS2013433034,2013,DHS,596,512,,,2
NGA,Kebbi,7340604,Men receiving an HIV test and receiving test results in the last 12 months,1.5,1,NG,Nigeria,2013,NG2013DHS,HA_CPHT_M_T1R,135564160,I,433035,1433035,Region,..Kebbi,0,,0,1,HACPHTMT1R,NGDHS2013433035,2013,DHS,551,524,,,2
NGA,Sokoto,7755789,Men receiving an HIV test and receiving test results in the last 12 months,1.1,1,NG,Nigeria,2013,NG2013DHS,HA_CPHT_M_T1R,135564160,I,433036,1433036,Region,..Sokoto,0,,0,1,HACPHTMT1R,NGDHS2013433036,2013,DHS,424,501,,,2
NGA,Zamfara,6164620,Men receiving an HIV test and receiving test results in the last 12 months,0.9,1,NG,Nigeria,2013,NG2013DHS,HA_CPHT_M_T1R,135564160,I,433037,1433037,Region,..Zamfara,0,,0,1,HACPHTMT1R,NGDHS2013433037,2013,DHS,479,422,,,2
NGA,South East,3587026,Men receiving an HIV test and receiving test results in the last 12 months,14,1,NG,Nigeria,2013,NG2013DHS,HA_CPHT_M_T1R,135564160,I,433008,1433040,Region,South East,0,,0,1,HACPHTMT1R,NGDHS2013433008,2013,DHS,1686,1681,,,1
NGA,Abia,6301502,Men receiving an HIV test and receiving test results in the last 12 months,14.2,1,NG,Nigeria,2013,NG2013DHS,HA_CPHT_M_T1R,135564160,I,433041,1433041,Region,..Abia,0,,0,1,HACPHTMT1R,NGDHS2013433041,2013,DHS,229,357,,,2
NGA,Anambra,3561934,Men receiving an HIV test and receiving test results in the last 12 months,8.6,1,NG,Nigeria,2013,NG2013DHS,HA_CPHT_M_T1R,135564160,I,433042,1433042,Region,..Anambra,0,,0,1,HACPHTMT1R,NGDHS2013433042,2013,DHS,446,366,,,2
NGA,Ebonyi,1681291,Men receiving an HIV test and receiving test results in the last 12 months,18.1,1,NG,Nigeria,2013,NG2013DHS,HA_CPHT_M_T1R,135564160,I,433043,1433043,Region,..Ebonyi,0,,0,1,HACPHTMT1R,NGDHS2013433043,2013,DHS,368,334,,,2
NGA,Enugu,7888515,Men receiving an HIV test and receiving test results in the last 12 months,12.9,1,NG,Nigeria,2013,NG2013DHS,HA_CPHT_M_T1R,135564160,I,433044,1433044,Region,..Enugu,0,,0,1,HACPHTMT1R,NGDHS2013433044,2013,DHS,320,355,,,2
NGA,Imo,5493361,Men receiving an HIV test and receiving test results in the last 12 months,17.7,1,NG,Nigeria,2013,NG2013DHS,HA_CPHT_M_T1R,135564160,I,433045,1433045,Region,..Imo,0,,0,1,HACPHTMT1R,NGDHS2013433045,2013,DHS,323,269,,,2
NGA,South West,6906553,Men receiving an HIV test and receiving test results in the last 12 months,10.1,1,NG,Nigeria,2013,NG2013DHS,HA_CPHT_M_T1R,135564160,I,433009,1433050,Region,South West,0,,0,1,HACPHTMT1R,NGDHS2013433009,2013,DHS,2843,2651,,,1
NGA,Ekiti,876596,Men receiving an HIV test and receiving test results in the last 12 months,8.5,1,NG,Nigeria,2013,NG2013DHS,HA_CPHT_M_T1R,135564160,I,433051,1433051,Region,..Ekiti,0,,0,1,HACPHTMT1R,NGDHS2013433051,2013,DHS,148,394,,,2
NGA,Lagos,5088797,Men receiving an HIV test and receiving test results in the last 12 months,13.4,1,NG,Nigeria,2013,NG2013DHS,HA_CPHT_M_T1R,135564160,I,433052,1433052,Region,..Lagos,0,,0,1,HACPHTMT1R,NGDHS2013433052,2013,DHS,948,701,,,2
NGA,Ogun,4084587,Men receiving an HIV test and receiving test results in the last 12 months,4.6,1,NG,Nigeria,2013,NG2013DHS,HA_CPHT_M_T1R,135564160,I,433053,1433053,Region,..Ogun,0,,0,1,HACPHTMT1R,NGDHS2013433053,2013,DHS,358,268,,,2
NGA,Ondo,7349517,Men receiving an HIV test and receiving test results in the last 12 months,11.6,1,NG,Nigeria,2013,NG2013DHS,HA_CPHT_M_T1R,135564160,I,433054,1433054,Region,..Ondo,0,,0,1,HACPHTMT1R,NGDHS2013433054,2013,DHS,404,435,,,2
NGA,Osun,7766487,Men receiving an HIV test and receiving test results in the last 12 months,9.8,1,NG,Nigeria,2013,NG2013DHS,HA_CPHT_M_T1R,135564160,I,433055,1433055,Region,..Osun,0,,0,1,HACPHTMT1R,NGDHS2013433055,2013,DHS,356,480,,,2
NGA,Oyo,6179142,Men receiving an HIV test and receiving test results in the last 12 months,7.7,1,NG,Nigeria,2013,NG2013DHS,HA_CPHT_M_T1R,135564160,I,433056,1433056,Region,..Oyo,0,,0,1,HACPHTMT1R,NGDHS2013433056,2013,DHS,629,373,,,2
NGA,South South,573138,Men receiving an HIV test and receiving test results in the last 12 months,17.3,1,NG,Nigeria,2013,NG2013DHS,HA_CPHT_M_T1R,135564160,I,433010,1433060,Region,South South,0,,0,1,HACPHTMT1R,NGDHS2013433010,2013,DHS,2445,3035,,,1
NGA,Akwa Ibom,3547871,Men receiving an HIV test and receiving test results in the last 12 months,21.6,1,NG,Nigeria,2013,NG2013DHS,HA_CPHT_M_T1R,135564160,I,433061,1433061,Region,..Akwa Ibom,0,,0,1,HACPHTMT1R,NGDHS2013433061,2013,DHS,451,502,,,2
NGA,Bayelsa,1673725,Men receiving an HIV test and receiving test results in the last 12 months,7.9,1,NG,Nigeria,2013,NG2013DHS,HA_CPHT_M_T1R,135564160,I,433062,1433062,Region,..Bayelsa,0,,0,1,HACPHTMT1R,NGDHS2013433062,2013,DHS,187,652,,,2
NGA,Cross River,6035494,Men receiving an HIV test and receiving test results in the last 12 months,29.7,1,NG,Nigeria,2013,NG2013DHS,HA_CPHT_M_T1R,135564160,I,433063,1433063,Region,..Cross River,0,,0,1,HACPHTMT1R,NGDHS2013433063,2013,DHS,310,320,,,2
NGA,Delta,5514926,Men receiving an HIV test and receiving test results in the last 12 months,6,1,NG,Nigeria,2013,NG2013DHS,HA_CPHT_M_T1R,135564160,I,433064,1433064,Region,..Delta,0,,0,1,HACPHTMT1R,NGDHS2013433064,2013,DHS,473,554,,,2
NGA,Edo,840032,Men receiving an HIV test and receiving test results in the last 12 months,14,1,NG,Nigeria,2013,NG2013DHS,HA_CPHT_M_T1R,135564160,I,433065,1433065,Region,..Edo,0,,0,1,HACPHTMT1R,NGDHS2013433065,2013,DHS,365,517,,,2
NGA,Rivers,4810274,Men receiving an HIV test and receiving test results in the last 12 months,21.1,1,NG,Nigeria,2013,NG2013DHS,HA_CPHT_M_T1R,135564160,I,433066,1433066,Region,..Rivers,0,,0,1,HACPHTMT1R,NGDHS2013433066,2013,DHS,658,490,,,2
NGA,North Central,3626103,Physical or sexual violence committed by husband/partner,20.6,1,NG,Nigeria,2013,NG2013DHS,DV_SPVL_W_POS,197433060,I,433005,1433010,Region,North Central,631001,Ever-married,0,0,DVSPVLWPOS,NGDHS2013433005,2013,DHS,2929,3530,,,1
NGA,FCT Abuja,4240402,Physical or sexual violence committed by husband/partner,15,1,NG,Nigeria,2013,NG2013DHS,DV_SPVL_W_POS,197433060,I,433011,1433011,Region,..FCT Abuja,631001,Ever-married,0,0,DVSPVLWPOS,NGDHS2013433011,2013,DHS,146,407,,,2
NGA,Benue,3742736,Physical or sexual violence committed by husband/partner,53.2,1,NG,Nigeria,2013,NG2013DHS,DV_SPVL_W_POS,197433060,I,433012,1433012,Region,..Benue,631001,Ever-married,0,0,DVSPVLWPOS,NGDHS2013433012,2013,DHS,665,485,,,2
NGA,Kogi,2627812,Physical or sexual violence committed by husband/partner,5.3,1,NG,Nigeria,2013,NG2013DHS,DV_SPVL_W_POS,197433060,I,433013,1433013,Region,..Kogi,631001,Ever-married,0,0,DVSPVLWPOS,NGDHS2013433013,2013,DHS,336,463,,,2
NGA,Kwara,3951916,Physical or sexual violence committed by husband/partner,6.5,1,NG,Nigeria,2013,NG2013DHS,DV_SPVL_W_POS,197433060,I,433014,1433014,Region,..Kwara,631001,Ever-married,0,0,DVSPVLWPOS,NGDHS2013433014,2013,DHS,294,530,,,2
NGA,Nasarawa,6702139,Physical or sexual violence committed by husband/partner,18.4,1,NG,Nigeria,2013,NG2013DHS,DV_SPVL_W_POS,197433060,I,433015,1433015,Region,..Nasarawa,631001,Ever-married,0,0,DVSPVLWPOS,NGDHS2013433015,2013,DHS,311,453,,,2
NGA,Niger,447059,Physical or sexual violence committed by husband/partner,6.4,1,NG,Nigeria,2013,NG2013DHS,DV_SPVL_W_POS,197433060,I,433016,1433016,Region,..Niger,631001,Ever-married,0,0,DVSPVLWPOS,NGDHS2013433016,2013,DHS,848,686,,,2
NGA,Plateau,6059714,Physical or sexual violence committed by husband/partner,24.1,1,NG,Nigeria,2013,NG2013DHS,DV_SPVL_W_POS,197433060,I,433017,1433017,Region,..Plateau,631001,Ever-married,0,0,DVSPVLWPOS,NGDHS2013433017,2013,DHS,330,506,,,2
NGA,North East,5519386,Physical or sexual violence committed by husband/partner,21,1,NG,Nigeria,2013,NG2013DHS,DV_SPVL_W_POS,197433060,I,433006,1433020,Region,North East,631001,Ever-married,0,0,DVSPVLWPOS,NGDHS2013433006,2013,DHS,3476,4005,,,1
NGA,Adamawa,4482202,Physical or sexual violence committed by husband/partner,44,1,NG,Nigeria,2013,NG2013DHS,DV_SPVL_W_POS,197433060,I,433021,1433021,Region,..Adamawa,631001,Ever-married,0,0,DVSPVLWPOS,NGDHS2013433021,2013,DHS,447,610,,,2
NGA,Bauchi,3525230,Physical or sexual violence committed by husband/partner,19.6,1,NG,Nigeria,2013,NG2013DHS,DV_SPVL_W_POS,197433060,I,433022,1433022,Region,..Bauchi,631001,Ever-married,0,0,DVSPVLWPOS,NGDHS2013433022,2013,DHS,734,767,,,2
NGA,Borno,673212,Physical or sexual violence committed by husband/partner,9.1,1,NG,Nigeria,2013,NG2013DHS,DV_SPVL_W_POS,197433060,I,433023,1433023,Region,..Borno,631001,Ever-married,0,0,DVSPVLWPOS,NGDHS2013433023,2013,DHS,848,530,,,2
NGA,Gombe,7521504,Physical or sexual violence committed by husband/partner,19.8,1,NG,Nigeria,2013,NG2013DHS,DV_SPVL_W_POS,197433060,I,433024,1433024,Region,..Gombe,631001,Ever-married,0,0,DVSPVLWPOS,NGDHS2013433024,2013,DHS,336,675,,,2
NGA,Taraba,5473961,Physical or sexual violence committed by husband/partner,41.5,1,NG,Nigeria,2013,NG2013DHS,DV_SPVL_W_POS,197433060,I,433025,1433025,Region,..Taraba,631001,Ever-married,0,0,DVSPVLWPOS,NGDHS2013433025,2013,DHS,500,742,,,2
NGA,Yobe,94735,Physical or sexual violence committed by husband/partner,6.2,1,NG,Nigeria,2013,NG2013DHS,DV_SPVL_W_POS,197433060,I,433026,1433026,Region,..Yobe,631001,Ever-married,0,0,DVSPVLWPOS,NGDHS2013433026,2013,DHS,612,681,,,2
NGA,North West,94725,Physical or sexual violence committed by husband/partner,6,1,NG,Nigeria,2013,NG2013DHS,DV_SPVL_W_POS,197433060,I,433007,1433030,Region,North West,631001,Ever-married,0,0,DVSPVLWPOS,NGDHS2013433007,2013,DHS,7519,6204,,,1
NGA,Jigawa,3812173,Physical or sexual violence committed by husband/partner,4.7,1,NG,Nigeria,2013,NG2013DHS,DV_SPVL_W_POS,197433060,I,433031,1433031,Region,..Jigawa,631001,Ever-married,0,0,DVSPVLWPOS,NGDHS2013433031,2013,DHS,920,828,,,2
NGA,Kaduna,4587450,Physical or sexual violence committed by husband/partner,19.3,1,NG,Nigeria,2013,NG2013DHS,DV_SPVL_W_POS,197433060,I,433032,1433032,Region,..Kaduna,631001,Ever-married,0,0,DVSPVLWPOS,NGDHS2013433032,2013,DHS,1262,761,,,2
NGA,Kano,3940963,Physical or sexual violence committed by husband/partner,1.3,1,NG,Nigeria,2013,NG2013DHS,DV_SPVL_W_POS,197433060,I,433033,1433033,Region,..Kano,631001,Ever-married,0,0,DVSPVLWPOS,NGDHS2013433033,2013,DHS,1899,1302,,,2
NGA,Katsina,7963237,Physical or sexual violence committed by husband/partner,3.4,1,NG,Nigeria,2013,NG2013DHS,DV_SPVL_W_POS,197433060,I,433034,1433034,Region,..Katsina,631001,Ever-married,0,0,DVSPVLWPOS,NGDHS2013433034,2013,DHS,1031,866,,,2
NGA,Kebbi,460521,Physical or sexual violence committed by husband/partner,6.8,1,NG,Nigeria,2013,NG2013DHS,DV_SPVL_W_POS,197433060,I,433035,1433035,Region,..Kebbi,631001,Ever-married,0,0,DVSPVLWPOS,NGDHS2013433035,2013,DHS,804,801,,,2
NGA,Sokoto,7232415,Physical or sexual violence committed by husband/partner,3.3,1,NG,Nigeria,2013,NG2013DHS,DV_SPVL_W_POS,197433060,I,433036,1433036,Region,..Sokoto,631001,Ever-married,0,0,DVSPVLWPOS,NGDHS2013433036,2013,DHS,717,865,,,2
NGA,Zamfara,5478793,Physical or sexual violence committed by husband/partner,3.4,1,NG,Nigeria,2013,NG2013DHS,DV_SPVL_W_POS,197433060,I,433037,1433037,Region,..Zamfara,631001,Ever-married,0,0,DVSPVLWPOS,NGDHS2013433037,2013,DHS,885,781,,,2
NGA,South East,6622141,Physical or sexual violence committed by husband/partner,19.8,1,NG,Nigeria,2013,NG2013DHS,DV_SPVL_W_POS,197433060,I,433008,1433040,Region,South East,631001,Ever-married,0,0,DVSPVLWPOS,NGDHS2013433008,2013,DHS,1870,2114,,,1
NGA,Abia,3515996,Physical or sexual violence committed by husband/partner,11.7,1,NG,Nigeria,2013,NG2013DHS,DV_SPVL_W_POS,197433060,I,433041,1433041,Region,..Abia,631001,Ever-married,0,0,DVSPVLWPOS,NGDHS2013433041,2013,DHS,234,420,,,2
NGA,Anambra,660109,Physical or sexual violence committed by husband/partner,9.6,1,NG,Nigeria,2013,NG2013DHS,DV_SPVL_W_POS,197433060,I,433042,1433042,Region,..Anambra,631001,Ever-married,0,0,DVSPVLWPOS,NGDHS2013433042,2013,DHS,447,442,,,2
NGA,Ebonyi,698813,Physical or sexual violence committed by husband/partner,31.6,1,NG,Nigeria,2013,NG2013DHS,DV_SPVL_W_POS,197433060,I,433043,1433043,Region,..Ebonyi,631001,Ever-married,0,0,DVSPVLWPOS,NGDHS2013433043,2013,DHS,458,458,,,2
NGA,Enugu,5599138,Physical or sexual violence committed by husband/partner,24.4,1,NG,Nigeria,2013,NG2013DHS,DV_SPVL_W_POS,197433060,I,433044,1433044,Region,..Enugu,631001,Ever-married,0,0,DVSPVLWPOS,NGDHS2013433044,2013,DHS,378,434,,,2
NGA,Imo,9672,Physical or sexual violence committed by husband/partner,17.8,1,NG,Nigeria,2013,NG2013DHS,DV_SPVL_W_POS,197433060,I,433045,1433045,Region,..Imo,631001,Ever-married,0,0,DVSPVLWPOS,NGDHS2013433045,2013,DHS,352,360,,,2
NGA,South West,4334085,Physical or sexual violence committed by husband/partner,20.3,1,NG,Nigeria,2013,NG2013DHS,DV_SPVL_W_POS,197433060,I,433009,1433050,Region,South West,631001,Ever-married,0,0,DVSPVLWPOS,NGDHS2013433009,2013,DHS,3220,3437,,,1
NGA,Ekiti,4593589,Physical or sexual violence committed by husband/partner,21.9,1,NG,Nigeria,2013,NG2013DHS,DV_SPVL_W_POS,197433060,I,433051,1433051,Region,..Ekiti,631001,Ever-married,0,0,DVSPVLWPOS,NGDHS2013433051,2013,DHS,153,448,,,2
NGA,Lagos,196347,Physical or sexual violence committed by husband/partner,23.8,1,NG,Nigeria,2013,NG2013DHS,DV_SPVL_W_POS,197433060,I,433052,1433052,Region,..Lagos,631001,Ever-married,0,0,DVSPVLWPOS,NGDHS2013433052,2013,DHS,951,861,,,2
NGA,Ogun,6707829,Physical or sexual violence committed by husband/partner,13.5,1,NG,Nigeria,2013,NG2013DHS,DV_SPVL_W_POS,197433060,I,433053,1433053,Region,..Ogun,631001,Ever-married,0,0,DVSPVLWPOS,NGDHS2013433053,2013,DHS,518,498,,,2
NGA,Ondo,2560954,Physical or sexual violence committed by husband/partner,26.6,1,NG,Nigeria,2013,NG2013DHS,DV_SPVL_W_POS,197433060,I,433054,1433054,Region,..Ondo,631001,Ever-married,0,0,DVSPVLWPOS,NGDHS2013433054,2013,DHS,401,499,,,2
NGA,Osun,7232419,Physical or sexual violence committed by husband/partner,8.1,1,NG,Nigeria,2013,NG2013DHS,DV_SPVL_W_POS,197433060,I,433055,1433055,Region,..Osun,631001,Ever-married,0,0,DVSPVLWPOS,NGDHS2013433055,2013,DHS,374,550,,,2
NGA,Oyo,5270147,Physical or sexual violence committed by husband/partner,22.8,1,NG,Nigeria,2013,NG2013DHS,DV_SPVL_W_POS,197433060,I,433056,1433056,Region,..Oyo,631001,Ever-married,0,0,DVSPVLWPOS,NGDHS2013433056,2013,DHS,823,581,,,2
NGA,South South,7206529,Physical or sexual violence committed by husband/partner,28.1,1,NG,Nigeria,2013,NG2013DHS,DV_SPVL_W_POS,197433060,I,433010,1433060,Region,South South,631001,Ever-married,0,0,DVSPVLWPOS,NGDHS2013433010,2013,DHS,2182,3015,,,1
NGA,Akwa Ibom,519503,Physical or sexual violence committed by husband/partner,26,1,NG,Nigeria,2013,NG2013DHS,DV_SPVL_W_POS,197433060,I,433061,1433061,Region,..Akwa Ibom,631001,Ever-married,0,0,DVSPVLWPOS,NGDHS2013433061,2013,DHS,355,450,,,2
NGA,Bayelsa,692716,Physical or sexual violence committed by husband/partner,22.7,1,NG,Nigeria,2013,NG2013DHS,DV_SPVL_W_POS,197433060,I,433062,1433062,Region,..Bayelsa,631001,Ever-married,0,0,DVSPVLWPOS,NGDHS2013433062,2013,DHS,172,587,,,2
NGA,Cross River,5606602,Physical or sexual violence committed by husband/partner,39.7,1,NG,Nigeria,2013,NG2013DHS,DV_SPVL_W_POS,197433060,I,433063,1433063,Region,..Cross River,631001,Ever-married,0,0,DVSPVLWPOS,NGDHS2013433063,2013,DHS,341,428,,,2
NGA,Delta,15412,Physical or sexual violence committed by husband/partner,10.1,1,NG,Nigeria,2013,NG2013DHS,DV_SPVL_W_POS,197433060,I,433064,1433064,Region,..Delta,631001,Ever-married,0,0,DVSPVLWPOS,NGDHS2013433064,2013,DHS,432,584,,,2
NGA,Edo,2065618,Physical or sexual violence committed by husband/partner,35.1,1,NG,Nigeria,2013,NG2013DHS,DV_SPVL_W_POS,197433060,I,433065,1433065,Region,..Edo,631001,Ever-married,0,0,DVSPVLWPOS,NGDHS2013433065,2013,DHS,303,493,,,2
NGA,Rivers,3253040,Physical or sexual violence committed by husband/partner,33.9,1,NG,Nigeria,2013,NG2013DHS,DV_SPVL_W_POS,197433060,I,433066,1433066,Region,..Rivers,631001,Ever-married,0,0,DVSPVLWPOS,NGDHS2013433066,2013,DHS,580,473,,,2
NGA,North Central,4890983,Women circumcised (FGC),9.9,1,NG,Nigeria,2013,NG2013DHS,FG_PFCC_W_WCC,207503010,I,433005,1433010,Region,North Central,0,,0,1,FGPFCCWWCC,NGDHS2013433005,2013,DHS,5572,6251,,,1
NGA,North East,873544,Women circumcised (FGC),2.9,1,NG,Nigeria,2013,NG2013DHS,FG_PFCC_W_WCC,207503010,I,433006,1433020,Region,North East,0,,0,1,FGPFCCWWCC,NGDHS2013433006,2013,DHS,5766,6630,,,1
NGA,North West,605989,Women circumcised (FGC),20.7,1,NG,Nigeria,2013,NG2013DHS,FG_PFCC_W_WCC,207503010,I,433007,1433030,Region,North West,0,,0,1,FGPFCCWWCC,NGDHS2013433007,2013,DHS,11877,9673,,,1
NGA,South East,7420537,Women circumcised (FGC),49,1,NG,Nigeria,2013,NG2013DHS,FG_PFCC_W_WCC,207503010,I,433008,1433040,Region,South East,0,,0,1,FGPFCCWWCC,NGDHS2013433008,2013,DHS,4476,4462,,,1
NGA,South West,1003092,Women circumcised (FGC),47.5,1,NG,Nigeria,2013,NG2013DHS,FG_PFCC_W_WCC,207503010,I,433009,1433050,Region,South West,0,,0,1,FGPFCCWWCC,NGDHS2013433009,2013,DHS,6314,5874,,,1
NGA,South South,6429344,Women circumcised (FGC),25.8,1,NG,Nigeria,2013,NG2013DHS,FG_PFCC_W_WCC,207503010,I,433010,1433060,Region,South South,0,,0,1,FGPFCCWWCC,NGDHS2013433010,2013,DHS,4942,6058,,,1
NGA,North Central,823271,Women with secondary or higher education,45.9,1,NG,Nigeria,2013,NG2013DHS,ED_EDUC_W_SEH,231203100,I,433005,1433010,Region,North Central,0,,0,1,EDEDUCWSEH,NGDHS2013433005,2013,DHS,5572,6251,,,1
NGA,FCT Abuja,6445968,Women with secondary or higher education,72.4,1,NG,Nigeria,2013,NG2013DHS,ED_EDUC_W_SEH,231203100,I,433011,1433011,Region,..FCT Abuja,0,,0,1,EDEDUCWSEH,NGDHS2013433011,2013,DHS,315,761,,,2
NGA,Benue,3431656,Women with secondary or higher education,46,1,NG,Nigeria,2013,NG2013DHS,ED_EDUC_W_SEH,231203100,I,433012,1433012,Region,..Benue,0,,0,1,EDEDUCWSEH,NGDHS2013433012,2013,DHS,1240,870,,,2
NGA,Kogi,4561706,Women with secondary or higher education,61.5,1,NG,Nigeria,2013,NG2013DHS,ED_EDUC_W_SEH,231203100,I,433013,1433013,Region,..Kogi,0,,0,1,EDEDUCWSEH,NGDHS2013433013,2013,DHS,704,859,,,2
NGA,Kwara,236425,Women with secondary or higher education,59.3,1,NG,Nigeria,2013,NG2013DHS,ED_EDUC_W_SEH,231203100,I,433014,1433014,Region,..Kwara,0,,0,1,EDEDUCWSEH,NGDHS2013433014,2013,DHS,596,966,,,2
NGA,Nasarawa,5305392,Women with secondary or higher education,42.4,1,NG,Nigeria,2013,NG2013DHS,ED_EDUC_W_SEH,231203100,I,433015,1433015,Region,..Nasarawa,0,,0,1,EDEDUCWSEH,NGDHS2013433015,2013,DHS,594,874,,,2
NGA,Niger,7145383,Women with secondary or higher education,24.8,1,NG,Nigeria,2013,NG2013DHS,ED_EDUC_W_SEH,231203100,I,433016,1433016,Region,..Niger,0,,0,1,EDEDUCWSEH,NGDHS2013433016,2013,DHS,1462,1046,,,2
NGA,Plateau,572020,Women with secondary or higher education,54,1,NG,Nigeria,2013,NG2013DHS,ED_EDUC_W_SEH,231203100,I,433017,1433017,Region,..Plateau,0,,0,1,EDEDUCWSEH,NGDHS2013433017,2013,DHS,662,875,,,2
NGA,North East,873012,Women with secondary or higher education,21.9,1,NG,Nigeria,2013,NG2013DHS,ED_EDUC_W_SEH,231203100,I,433006,1433020,Region,North East,0,,0,1,EDEDUCWSEH,NGDHS2013433006,2013,DHS,5766,6630,,,1
NGA,Adamawa,309972,Women with secondary or higher education,43.6,1,NG,Nigeria,2013,NG2013DHS,ED_EDUC_W_SEH,231203100,I,433021,1433021,Region,..Adamawa,0,,0,1,EDEDUCWSEH,NGDHS2013433021,2013,DHS,828,1122,,,2
NGA,Bauchi,7091500,Women with secondary or higher education,13.5,1,NG,Nigeria,2013,NG2013DHS,ED_EDUC_W_SEH,231203100,I,433022,1433022,Region,..Bauchi,0,,0,1,EDEDUCWSEH,NGDHS2013433022,2013,DHS,1161,1196,,,2
NGA,Borno,5952401,Women with secondary or higher education,19,1,NG,Nigeria,2013,NG2013DHS,ED_EDUC_W_SEH,231203100,I,433023,1433023,Region,..Borno,0,,0,1,EDEDUCWSEH,NGDHS2013433023,2013,DHS,1412,782,,,2
NGA,Gombe,4303576,Women with secondary or higher education,24,1,NG,Nigeria,2013,NG2013DHS,ED_EDUC_W_SEH,231203100,I,433024,1433024,Region,..Gombe,0,,0,1,EDEDUCWSEH,NGDHS2013433024,2013,DHS,550,1076,,,2
NGA,Taraba,3519299,Women with secondary or higher education,27.6,1,NG,Nigeria,2013,NG2013DHS,ED_EDUC_W_SEH,231203100,I,433025,1433025,Region,..Taraba,0,,0,1,EDEDUCWSEH,NGDHS2013433025,2013,DHS,844,1374,,,2
NGA,Yobe,118230,Women with secondary or higher education,11.7,1,NG,Nigeria,2013,NG2013DHS,ED_EDUC_W_SEH,231203100,I,433026,1433026,Region,..Yobe,0,,0,1,EDEDUCWSEH,NGDHS2013433026,2013,DHS,971,1080,,,2
NGA,North West,3627,Women with secondary or higher education,19,1,NG,Nigeria,2013,NG2013DHS,ED_EDUC_W_SEH,231203100,I,433007,1433030,Region,North West,0,,0,1,EDEDUCWSEH,NGDHS2013433007,2013,DHS,11877,9673,,,1
NGA,Jigawa,3424564,Women with secondary or higher education,5.7,1,NG,Nigeria,2013,NG2013DHS,ED_EDUC_W_SEH,231203100,I,433031,1433031,Region,..Jigawa,0,,0,1,EDEDUCWSEH,NGDHS2013433031,2013,DHS,1353,1211,,,2
NGA,Kaduna,2649509,Women with secondary or higher education,44.9,1,NG,Nigeria,2013,NG2013DHS,ED_EDUC_W_SEH,231203100,I,433032,1433032,Region,..Kaduna,0,,0,1,EDEDUCWSEH,NGDHS2013433032,2013,DHS,2136,1243,,,2
NGA,Kano,136029,Women with secondary or higher education,24,1,NG,Nigeria,2013,NG2013DHS,ED_EDUC_W_SEH,231203100,I,433033,1433033,Region,..Kano,0,,0,1,EDEDUCWSEH,NGDHS2013433033,2013,DHS,3189,2228,,,2
NGA,Katsina,5297629,Women with secondary or higher education,8.9,1,NG,Nigeria,2013,NG2013DHS,ED_EDUC_W_SEH,231203100,I,433034,1433034,Region,..Katsina,0,,0,1,EDEDUCWSEH,NGDHS2013433034,2013,DHS,1525,1304,,,2
NGA,Kebbi,7138103,Women with secondary or higher education,10.5,1,NG,Nigeria,2013,NG2013DHS,ED_EDUC_W_SEH,231203100,I,433035,1433035,Region,..Kebbi,0,,0,1,EDEDUCWSEH,NGDHS2013433035,2013,DHS,1244,1184,,,2
NGA,Sokoto,7756558,Women with secondary or higher education,7,1,NG,Nigeria,2013,NG2013DHS,ED_EDUC_W_SEH,231203100,I,433036,1433036,Region,..Sokoto,0,,0,1,EDEDUCWSEH,NGDHS2013433036,2013,DHS,1098,1314,,,2
NGA,Zamfara,6722895,Women with secondary or higher education,8.2,1,NG,Nigeria,2013,NG2013DHS,ED_EDUC_W_SEH,231203100,I,433037,1433037,Region,..Zamfara,0,,0,1,EDEDUCWSEH,NGDHS2013433037,2013,DHS,1332,1189,,,2
NGA,South East,1915255,Women with secondary or higher education,73.8,1,NG,Nigeria,2013,NG2013DHS,ED_EDUC_W_SEH,231203100,I,433008,1433040,Region,South East,0,,0,1,EDEDUCWSEH,NGDHS2013433008,2013,DHS,4476,4462,,,1
NGA,Abia,5613172,Women with secondary or higher education,80.4,1,NG,Nigeria,2013,NG2013DHS,ED_EDUC_W_SEH,231203100,I,433041,1433041,Region,..Abia,0,,0,1,EDEDUCWSEH,NGDHS2013433041,2013,DHS,518,805,,,2
NGA,Anambra,5776843,Women with secondary or higher education,83.2,1,NG,Nigeria,2013,NG2013DHS,ED_EDUC_W_SEH,231203100,I,433042,1433042,Region,..Anambra,0,,0,1,EDEDUCWSEH,NGDHS2013433042,2013,DHS,1052,903,,,2
NGA,Ebonyi,4296643,Women with secondary or higher education,54.9,1,NG,Nigeria,2013,NG2013DHS,ED_EDUC_W_SEH,231203100,I,433043,1433043,Region,..Ebonyi,0,,0,1,EDEDUCWSEH,NGDHS2013433043,2013,DHS,1122,1075,,,2
NGA,Enugu,7891356,Women with secondary or higher education,70.4,1,NG,Nigeria,2013,NG2013DHS,ED_EDUC_W_SEH,231203100,I,433044,1433044,Region,..Enugu,0,,0,1,EDEDUCWSEH,NGDHS2013433044,2013,DHS,951,965,,,2
NGA,Imo,110166,Women with secondary or higher education,87,1,NG,Nigeria,2013,NG2013DHS,ED_EDUC_W_SEH,231203100,I,433045,1433045,Region,..Imo,0,,0,1,EDEDUCWSEH,NGDHS2013433045,2013,DHS,833,714,,,2
NGA,South West,5218765,Women with secondary or higher education,72.2,1,NG,Nigeria,2013,NG2013DHS,ED_EDUC_W_SEH,231203100,I,433009,1433050,Region,South West,0,,0,1,EDEDUCWSEH,NGDHS2013433009,2013,DHS,6314,5874,,,1
NGA,Ekiti,876997,Women with secondary or higher education,85.2,1,NG,Nigeria,2013,NG2013DHS,ED_EDUC_W_SEH,231203100,I,433051,1433051,Region,..Ekiti,0,,0,1,EDEDUCWSEH,NGDHS2013433051,2013,DHS,326,863,,,2
NGA,Lagos,75894,Women with secondary or higher education,82.2,1,NG,Nigeria,2013,NG2013DHS,ED_EDUC_W_SEH,231203100,I,433052,1433052,Region,..Lagos,0,,0,1,EDEDUCWSEH,NGDHS2013433052,2013,DHS,1964,1482,,,2
NGA,Ogun,5465857,Women with secondary or higher education,54.1,1,NG,Nigeria,2013,NG2013DHS,ED_EDUC_W_SEH,231203100,I,433053,1433053,Region,..Ogun,0,,0,1,EDEDUCWSEH,NGDHS2013433053,2013,DHS,883,672,,,2
NGA,Ondo,7152686,Women with secondary or higher education,72.8,1,NG,Nigeria,2013,NG2013DHS,ED_EDUC_W_SEH,231203100,I,433054,1433054,Region,..Ondo,0,,0,1,EDEDUCWSEH,NGDHS2013433054,2013,DHS,808,916,,,2
NGA,Osun,7765812,Women with secondary or higher education,80.2,1,NG,Nigeria,2013,NG2013DHS,ED_EDUC_W_SEH,231203100,I,433055,1433055,Region,..Osun,0,,0,1,EDEDUCWSEH,NGDHS2013433055,2013,DHS,765,1026,,,2
NGA,Oyo,6709325,Women with secondary or higher education,62.9,1,NG,Nigeria,2013,NG2013DHS,ED_EDUC_W_SEH,231203100,I,433056,1433056,Region,..Oyo,0,,0,1,EDEDUCWSEH,NGDHS2013433056,2013,DHS,1568,915,,,2
NGA,South South,3880736,Women with secondary or higher education,71.8,1,NG,Nigeria,2013,NG2013DHS,ED_EDUC_W_SEH,231203100,I,433010,1433060,Region,South South,0,,0,1,EDEDUCWSEH,NGDHS2013433010,2013,DHS,4942,6058,,,1
NGA,Akwa Ibom,7168950,Women with secondary or higher education,71.6,1,NG,Nigeria,2013,NG2013DHS,ED_EDUC_W_SEH,231203100,I,433061,1433061,Region,..Akwa Ibom,0,,0,1,EDEDUCWSEH,NGDHS2013433061,2013,DHS,864,979,,,2
NGA,Bayelsa,4305773,Women with secondary or higher education,68.9,1,NG,Nigeria,2013,NG2013DHS,ED_EDUC_W_SEH,231203100,I,433062,1433062,Region,..Bayelsa,0,,0,1,EDEDUCWSEH,NGDHS2013433062,2013,DHS,364,1224,,,2
NGA,Cross River,6648920,Women with secondary or higher education,63.1,1,NG,Nigeria,2013,NG2013DHS,ED_EDUC_W_SEH,231203100,I,433063,1433063,Region,..Cross River,0,,0,1,EDEDUCWSEH,NGDHS2013433063,2013,DHS,703,727,,,2
NGA,Delta,103266,Women with secondary or higher education,70,1,NG,Nigeria,2013,NG2013DHS,ED_EDUC_W_SEH,231203100,I,433064,1433064,Region,..Delta,0,,0,1,EDEDUCWSEH,NGDHS2013433064,2013,DHS,993,1130,,,2
NGA,Edo,4884014,Women with secondary or higher education,74.3,1,NG,Nigeria,2013,NG2013DHS,ED_EDUC_W_SEH,231203100,I,433065,1433065,Region,..Edo,0,,0,1,EDEDUCWSEH,NGDHS2013433065,2013,DHS,742,1079,,,2
NGA,Rivers,3816689,Women with secondary or higher education,77.5,1,NG,Nigeria,2013,NG2013DHS,ED_EDUC_W_SEH,231203100,I,433066,1433066,Region,..Rivers,0,,0,1,EDEDUCWSEH,NGDHS2013433066,2013,DHS,1276,919,,,2
NGA,North Central,1923562,Women who are literate,54.3,1,NG,Nigeria,2013,NG2013DHS,ED_LITR_W_LIT,231233090,I,433005,1433010,Region,North Central,0,,0,1,EDLITRWLIT,NGDHS2013433005,2013,DHS,5572,6251,,,1
NGA,FCT Abuja,6934967,Women who are literate,78.8,1,NG,Nigeria,2013,NG2013DHS,ED_LITR_W_LIT,231233090,I,433011,1433011,Region,..FCT Abuja,0,,0,1,EDLITRWLIT,NGDHS2013433011,2013,DHS,315,761,,,2
NGA,Benue,520512,Women who are literate,52.8,1,NG,Nigeria,2013,NG2013DHS,ED_LITR_W_LIT,231233090,I,433012,1433012,Region,..Benue,0,,0,1,EDLITRWLIT,NGDHS2013433012,2013,DHS,1240,870,,,2
NGA,Kogi,4037273,Women who are literate,71.6,1,NG,Nigeria,2013,NG2013DHS,ED_LITR_W_LIT,231233090,I,433013,1433013,Region,..Kogi,0,,0,1,EDLITRWLIT,NGDHS2013433013,2013,DHS,704,859,,,2
NGA,Kwara,7344208,Women who are literate,67.9,1,NG,Nigeria,2013,NG2013DHS,ED_LITR_W_LIT,231233090,I,433014,1433014,Region,..Kwara,0,,0,1,EDLITRWLIT,NGDHS2013433014,2013,DHS,596,966,,,2
NGA,Nasarawa,4442961,Women who are literate,57.9,1,NG,Nigeria,2013,NG2013DHS,ED_LITR_W_LIT,231233090,I,433015,1433015,Region,..Nasarawa,0,,0,1,EDLITRWLIT,NGDHS2013433015,2013,DHS,594,874,,,2
NGA,Niger,5050950,Women who are literate,29.2,1,NG,Nigeria,2013,NG2013DHS,ED_LITR_W_LIT,231233090,I,433016,1433016,Region,..Niger,0,,0,1,EDLITRWLIT,NGDHS2013433016,2013,DHS,1462,1046,,,2
NGA,Plateau,4020415,Women who are literate,66.9,1,NG,Nigeria,2013,NG2013DHS,ED_LITR_W_LIT,231233090,I,433017,1433017,Region,..Plateau,0,,0,1,EDLITRWLIT,NGDHS2013433017,2013,DHS,662,875,,,2
NGA,North East,873775,Women who are literate,28.3,1,NG,Nigeria,2013,NG2013DHS,ED_LITR_W_LIT,231233090,I,433006,1433020,Region,North East,0,,0,1,EDLITRWLIT,NGDHS2013433006,2013,DHS,5766,6630,,,1
NGA,Adamawa,7369364,Women who are literate,53.2,1,NG,Nigeria,2013,NG2013DHS,ED_LITR_W_LIT,231233090,I,433021,1433021,Region,..Adamawa,0,,0,1,EDLITRWLIT,NGDHS2013433021,2013,DHS,828,1122,,,2
NGA,Bauchi,2635178,Women who are literate,20.1,1,NG,Nigeria,2013,NG2013DHS,ED_LITR_W_LIT,231233090,I,433022,1433022,Region,..Bauchi,0,,0,1,EDLITRWLIT,NGDHS2013433022,2013,DHS,1161,1196,,,2
NGA,Borno,4749834,Women who are literate,22.2,1,NG,Nigeria,2013,NG2013DHS,ED_LITR_W_LIT,231233090,I,433023,1433023,Region,..Borno,0,,0,1,EDLITRWLIT,NGDHS2013433023,2013,DHS,1412,782,,,2
NGA,Gombe,1932038,Women who are literate,32.7,1,NG,Nigeria,2013,NG2013DHS,ED_LITR_W_LIT,231233090,I,433024,1433024,Region,..Gombe,0,,0,1,EDLITRWLIT,NGDHS2013433024,2013,DHS,550,1076,,,2
NGA,Taraba,5506224,Women who are literate,40.1,1,NG,Nigeria,2013,NG2013DHS,ED_LITR_W_LIT,231233090,I,433025,1433025,Region,..Taraba,0,,0,1,EDLITRWLIT,NGDHS2013433025,2013,DHS,844,1374,,,2
NGA,Yobe,6190383,Women who are literate,12.9,1,NG,Nigeria,2013,NG2013DHS,ED_LITR_W_LIT,231233090,I,433026,1433026,Region,..Yobe,0,,0,1,EDLITRWLIT,NGDHS2013433026,2013,DHS,971,1080,,,2
NGA,North West,5962790,Women who are literate,25.8,1,NG,Nigeria,2013,NG2013DHS,ED_LITR_W_LIT,231233090,I,433007,1433030,Region,North West,0,,0,1,EDLITRWLIT,NGDHS2013433007,2013,DHS,11877,9673,,,1
NGA,Jigawa,674451,Women who are literate,10.9,1,NG,Nigeria,2013,NG2013DHS,ED_LITR_W_LIT,231233090,I,433031,1433031,Region,..Jigawa,0,,0,1,EDLITRWLIT,NGDHS2013433031,2013,DHS,1353,1211,,,2
NGA,Kaduna,4037277,Women who are literate,51.8,1,NG,Nigeria,2013,NG2013DHS,ED_LITR_W_LIT,231233090,I,433032,1433032,Region,..Kaduna,0,,0,1,EDLITRWLIT,NGDHS2013433032,2013,DHS,2136,1243,,,2
NGA,Kano,6256167,Women who are literate,36.3,1,NG,Nigeria,2013,NG2013DHS,ED_LITR_W_LIT,231233090,I,433033,1433033,Region,..Kano,0,,0,1,EDLITRWLIT,NGDHS2013433033,2013,DHS,3189,2228,,,2
NGA,Katsina,2657037,Women who are literate,15.2,1,NG,Nigeria,2013,NG2013DHS,ED_LITR_W_LIT,231233090,I,433034,1433034,Region,..Katsina,0,,0,1,EDLITRWLIT,NGDHS2013433034,2013,DHS,1525,1304,,,2
NGA,Kebbi,5069752,Women who are literate,13.2,1,NG,Nigeria,2013,NG2013DHS,ED_LITR_W_LIT,231233090,I,433035,1433035,Region,..Kebbi,0,,0,1,EDLITRWLIT,NGDHS2013433035,2013,DHS,1244,1184,,,2
NGA,Sokoto,7757039,Women who are literate,10.2,1,NG,Nigeria,2013,NG2013DHS,ED_LITR_W_LIT,231233090,I,433036,1433036,Region,..Sokoto,0,,0,1,EDLITRWLIT,NGDHS2013433036,2013,DHS,1098,1314,,,2
NGA,Zamfara,7056325,Women who are literate,10.6,1,NG,Nigeria,2013,NG2013DHS,ED_LITR_W_LIT,231233090,I,433037,1433037,Region,..Zamfara,0,,0,1,EDLITRWLIT,NGDHS2013433037,2013,DHS,1332,1189,,,2
NGA,South East,6405589,Women who are literate,84.2,1,NG,Nigeria,2013,NG2013DHS,ED_LITR_W_LIT,231233090,I,433008,1433040,Region,South East,0,,0,1,EDLITRWLIT,NGDHS2013433008,2013,DHS,4476,4462,,,1
NGA,Abia,2627685,Women who are literate,91.9,1,NG,Nigeria,2013,NG2013DHS,ED_LITR_W_LIT,231233090,I,433041,1433041,Region,..Abia,0,,0,1,EDLITRWLIT,NGDHS2013433041,2013,DHS,518,805,,,2
NGA,Anambra,5199646,Women who are literate,91.8,1,NG,Nigeria,2013,NG2013DHS,ED_LITR_W_LIT,231233090,I,433042,1433042,Region,..Anambra,0,,0,1,EDLITRWLIT,NGDHS2013433042,2013,DHS,1052,903,,,2
NGA,Ebonyi,1915690,Women who are literate,68.6,1,NG,Nigeria,2013,NG2013DHS,ED_LITR_W_LIT,231233090,I,433043,1433043,Region,..Ebonyi,0,,0,1,EDLITRWLIT,NGDHS2013433043,2013,DHS,1122,1075,,,2
NGA,Enugu,7890327,Women who are literate,82.1,1,NG,Nigeria,2013,NG2013DHS,ED_LITR_W_LIT,231233090,I,433044,1433044,Region,..Enugu,0,,0,1,EDLITRWLIT,NGDHS2013433044,2013,DHS,951,965,,,2
NGA,Imo,6205642,Women who are literate,93.3,1,NG,Nigeria,2013,NG2013DHS,ED_LITR_W_LIT,231233090,I,433045,1433045,Region,..Imo,0,,0,1,EDLITRWLIT,NGDHS2013433045,2013,DHS,833,714,,,2
NGA,South West,3514286,Women who are literate,82,1,NG,Nigeria,2013,NG2013DHS,ED_LITR_W_LIT,231233090,I,433009,1433050,Region,South West,0,,0,1,EDLITRWLIT,NGDHS2013433009,2013,DHS,6314,5874,,,1
NGA,Ekiti,878147,Women who are literate,92.5,1,NG,Nigeria,2013,NG2013DHS,ED_LITR_W_LIT,231233090,I,433051,1433051,Region,..Ekiti,0,,0,1,EDLITRWLIT,NGDHS2013433051,2013,DHS,326,863,,,2
NGA,Lagos,6256121,Women who are literate,89.3,1,NG,Nigeria,2013,NG2013DHS,ED_LITR_W_LIT,231233090,I,433052,1433052,Region,..Lagos,0,,0,1,EDLITRWLIT,NGDHS2013433052,2013,DHS,1964,1482,,,2
NGA,Ogun,2657049,Women who are literate,74.9,1,NG,Nigeria,2013,NG2013DHS,ED_LITR_W_LIT,231233090,I,433053,1433053,Region,..Ogun,0,,0,1,EDLITRWLIT,NGDHS2013433053,2013,DHS,883,672,,,2
NGA,Ondo,136053,Women who are literate,78.9,1,NG,Nigeria,2013,NG2013DHS,ED_LITR_W_LIT,231233090,I,433054,1433054,Region,..Ondo,0,,0,1,EDLITRWLIT,NGDHS2013433054,2013,DHS,808,916,,,2
NGA,Osun,7766166,Women who are literate,91.5,1,NG,Nigeria,2013,NG2013DHS,ED_LITR_W_LIT,231233090,I,433055,1433055,Region,..Osun,0,,0,1,EDLITRWLIT,NGDHS2013433055,2013,DHS,765,1026,,,2
NGA,Oyo,7057006,Women who are literate,71.5,1,NG,Nigeria,2013,NG2013DHS,ED_LITR_W_LIT,231233090,I,433056,1433056,Region,..Oyo,0,,0,1,EDLITRWLIT,NGDHS2013433056,2013,DHS,1568,915,,,2
NGA,South South,3796571,Women who are literate,81,1,NG,Nigeria,2013,NG2013DHS,ED_LITR_W_LIT,231233090,I,433010,1433060,Region,South South,0,,0,1,EDLITRWLIT,NGDHS2013433010,2013,DHS,4942,6058,,,1
NGA,Akwa Ibom,5192259,Women who are literate,84.6,1,NG,Nigeria,2013,NG2013DHS,ED_LITR_W_LIT,231233090,I,433061,1433061,Region,..Akwa Ibom,0,,0,1,EDLITRWLIT,NGDHS2013433061,2013,DHS,864,979,,,2
NGA,Bayelsa,1932076,Women who are literate,78.2,1,NG,Nigeria,2013,NG2013DHS,ED_LITR_W_LIT,231233090,I,433062,1433062,Region,..Bayelsa,0,,0,1,EDLITRWLIT,NGDHS2013433062,2013,DHS,364,1224,,,2
NGA,Cross River,5520412,Women who are literate,72.8,1,NG,Nigeria,2013,NG2013DHS,ED_LITR_W_LIT,231233090,I,433063,1433063,Region,..Cross River,0,,0,1,EDLITRWLIT,NGDHS2013433063,2013,DHS,703,727,,,2
NGA,Delta,6198477,Women who are literate,77.8,1,NG,Nigeria,2013,NG2013DHS,ED_LITR_W_LIT,231233090,I,433064,1433064,Region,..Delta,0,,0,1,EDLITRWLIT,NGDHS2013433064,2013,DHS,993,1130,,,2
NGA,Edo,227235,Women who are literate,84.1,1,NG,Nigeria,2013,NG2013DHS,ED_LITR_W_LIT,231233090,I,433065,1433065,Region,..Edo,0,,0,1,EDLITRWLIT,NGDHS2013433065,2013,DHS,742,1079,,,2
NGA,Rivers,3674224,Women who are literate,84.6,1,NG,Nigeria,2013,NG2013DHS,ED_LITR_W_LIT,231233090,I,433066,1433066,Region,..Rivers,0,,0,1,EDLITRWLIT,NGDHS2013433066,2013,DHS,1276,919,,,2
NGA,North Central,7122195,Households with electricity,48.7,1,NG,Nigeria,2013,NG2013DHS,HC_ELEC_H_ELC,260321010,I,433005,1433010,Region,North Central,0,,0,1,HCELECHELC,NGDHS2013433005,2013,DHS,5942,6792,,,1
NGA,FCT Abuja,3773381,Households with electricity,77.7,1,NG,Nigeria,2013,NG2013DHS,HC_ELEC_H_ELC,260321010,I,433011,1433011,Region,..FCT Abuja,0,,0,1,HCELECHELC,NGDHS2013433011,2013,DHS,361,909,,,2
NGA,Benue,4095308,Households with electricity,22.1,1,NG,Nigeria,2013,NG2013DHS,HC_ELEC_H_ELC,260321010,I,433012,1433012,Region,..Benue,0,,0,1,HCELECHELC,NGDHS2013433012,2013,DHS,1365,976,,,2
NGA,Kogi,6472001,Households with electricity,62.9,1,NG,Nigeria,2013,NG2013DHS,HC_ELEC_H_ELC,260321010,I,433013,1433013,Region,..Kogi,0,,0,1,HCELECHELC,NGDHS2013433013,2013,DHS,876,1047,,,2
NGA,Kwara,4357818,Households with electricity,90.6,1,NG,Nigeria,2013,NG2013DHS,HC_ELEC_H_ELC,260321010,I,433014,1433014,Region,..Kwara,0,,0,1,HCELECHELC,NGDHS2013433014,2013,DHS,617,1010,,,2
NGA,Nasarawa,6877548,Households with electricity,33.2,1,NG,Nigeria,2013,NG2013DHS,HC_ELEC_H_ELC,260321010,I,433015,1433015,Region,..Nasarawa,0,,0,1,HCELECHELC,NGDHS2013433015,2013,DHS,550,836,,,2
NGA,Niger,4061280,Households with electricity,51.7,1,NG,Nigeria,2013,NG2013DHS,HC_ELEC_H_ELC,260321010,I,433016,1433016,Region,..Niger,0,,0,1,HCELECHELC,NGDHS2013433016,2013,DHS,1504,1062,,,2
NGA,Plateau,5397651,Households with electricity,36.3,1,NG,Nigeria,2013,NG2013DHS,HC_ELEC_H_ELC,260321010,I,433017,1433017,Region,..Plateau,0,,0,1,HCELECHELC,NGDHS2013433017,2013,DHS,669,952,,,2
NGA,North East,873839,Households with electricity,29.3,1,NG,Nigeria,2013,NG2013DHS,HC_ELEC_H_ELC,260321010,I,433006,1433020,Region,North East,0,,0,1,HCELECHELC,NGDHS2013433006,2013,DHS,5115,5707,,,1
NGA,Adamawa,252664,Households with electricity,37.6,1,NG,Nigeria,2013,NG2013DHS,HC_ELEC_H_ELC,260321010,I,433021,1433021,Region,..Adamawa,0,,0,1,HCELECHELC,NGDHS2013433021,2013,DHS,726,971,,,2
NGA,Bauchi,4862249,Households with electricity,29.3,1,NG,Nigeria,2013,NG2013DHS,HC_ELEC_H_ELC,260321010,I,433022,1433022,Region,..Bauchi,0,,0,1,HCELECHELC,NGDHS2013433022,2013,DHS,932,1006,,,2
NGA,Borno,1196589,Households with electricity,33,1,NG,Nigeria,2013,NG2013DHS,HC_ELEC_H_ELC,260321010,I,433023,1433023,Region,..Borno,0,,0,1,HCELECHELC,NGDHS2013433023,2013,DHS,1560,842,,,2
NGA,Gombe,5557243,Households with electricity,48.1,1,NG,Nigeria,2013,NG2013DHS,HC_ELEC_H_ELC,260321010,I,433024,1433024,Region,..Gombe,0,,0,1,HCELECHELC,NGDHS2013433024,2013,DHS,464,951,,,2
NGA,Taraba,6022593,Households with electricity,10.9,1,NG,Nigeria,2013,NG2013DHS,HC_ELEC_H_ELC,260321010,I,433025,1433025,Region,..Taraba,0,,0,1,HCELECHELC,NGDHS2013433025,2013,DHS,634,1030,,,2
NGA,Yobe,4332062,Households with electricity,18.1,1,NG,Nigeria,2013,NG2013DHS,HC_ELEC_H_ELC,260321010,I,433026,1433026,Region,..Yobe,0,,0,1,HCELECHELC,NGDHS2013433026,2013,DHS,799,907,,,2
NGA,North West,4332100,Households with electricity,42.2,1,NG,Nigeria,2013,NG2013DHS,HC_ELEC_H_ELC,260321010,I,433007,1433030,Region,North West,0,,0,1,HCELECHELC,NGDHS2013433007,2013,DHS,9992,7960,,,1
NGA,Jigawa,3314305,Households with electricity,26,1,NG,Nigeria,2013,NG2013DHS,HC_ELEC_H_ELC,260321010,I,433031,1433031,Region,..Jigawa,0,,0,1,HCELECHELC,NGDHS2013433031,2013,DHS,1152,1037,,,2
NGA,Kaduna,6244128,Households with electricity,53.5,1,NG,Nigeria,2013,NG2013DHS,HC_ELEC_H_ELC,260321010,I,433032,1433032,Region,..Kaduna,0,,0,1,HCELECHELC,NGDHS2013433032,2013,DHS,1915,1064,,,2
NGA,Kano,4344292,Households with electricity,52.1,1,NG,Nigeria,2013,NG2013DHS,HC_ELEC_H_ELC,260321010,I,433033,1433033,Region,..Kano,0,,0,1,HCELECHELC,NGDHS2013433033,2013,DHS,2606,1761,,,2
NGA,Katsina,1196584,Households with electricity,31.3,1,NG,Nigeria,2013,NG2013DHS,HC_ELEC_H_ELC,260321010,I,433034,1433034,Region,..Katsina,0,,0,1,HCELECHELC,NGDHS2013433034,2013,DHS,1257,1069,,,2
NGA,Kebbi,4068671,Households with electricity,44.4,1,NG,Nigeria,2013,NG2013DHS,HC_ELEC_H_ELC,260321010,I,433035,1433035,Region,..Kebbi,0,,0,1,HCELECHELC,NGDHS2013433035,2013,DHS,1069,997,,,2
NGA,Sokoto,7755402,Households with electricity,38.9,1,NG,Nigeria,2013,NG2013DHS,HC_ELEC_H_ELC,260321010,I,433036,1433036,Region,..Sokoto,0,,0,1,HCELECHELC,NGDHS2013433036,2013,DHS,898,1060,,,2
NGA,Zamfara,7141982,Households with electricity,29.1,1,NG,Nigeria,2013,NG2013DHS,HC_ELEC_H_ELC,260321010,I,433037,1433037,Region,..Zamfara,0,,0,1,HCELECHELC,NGDHS2013433037,2013,DHS,1096,972,,,2
NGA,South East,3751731,Households with electricity,66.4,1,NG,Nigeria,2013,NG2013DHS,HC_ELEC_H_ELC,260321010,I,433008,1433040,Region,South East,0,,0,1,HCELECHELC,NGDHS2013433008,2013,DHS,4687,4984,,,1
NGA,Abia,4847389,Households with electricity,81.7,1,NG,Nigeria,2013,NG2013DHS,HC_ELEC_H_ELC,260321010,I,433041,1433041,Region,..Abia,0,,0,1,HCELECHELC,NGDHS2013433041,2013,DHS,644,1005,,,2
NGA,Anambra,1203003,Households with electricity,88.1,1,NG,Nigeria,2013,NG2013DHS,HC_ELEC_H_ELC,260321010,I,433042,1433042,Region,..Anambra,0,,0,1,HCELECHELC,NGDHS2013433042,2013,DHS,1050,959,,,2
NGA,Ebonyi,5550222,Households with electricity,39.2,1,NG,Nigeria,2013,NG2013DHS,HC_ELEC_H_ELC,260321010,I,433043,1433043,Region,..Ebonyi,0,,0,1,HCELECHELC,NGDHS2013433043,2013,DHS,978,958,,,2
NGA,Enugu,7888531,Households with electricity,55.4,1,NG,Nigeria,2013,NG2013DHS,HC_ELEC_H_ELC,260321010,I,433044,1433044,Region,..Enugu,0,,0,1,HCELECHELC,NGDHS2013433044,2013,DHS,920,1047,,,2
NGA,Imo,4323279,Households with electricity,69.9,1,NG,Nigeria,2013,NG2013DHS,HC_ELEC_H_ELC,260321010,I,433045,1433045,Region,..Imo,0,,0,1,HCELECHELC,NGDHS2013433045,2013,DHS,1096,1015,,,2
NGA,South West,3227933,Households with electricity,81.1,1,NG,Nigeria,2013,NG2013DHS,HC_ELEC_H_ELC,260321010,I,433009,1433050,Region,South West,0,,0,1,HCELECHELC,NGDHS2013433009,2013,DHS,7546,6953,,,1
NGA,Ekiti,876151,Households with electricity,92.7,1,NG,Nigeria,2013,NG2013DHS,HC_ELEC_H_ELC,260321010,I,433051,1433051,Region,..Ekiti,0,,0,1,HCELECHELC,NGDHS2013433051,2013,DHS,376,990,,,2
NGA,Lagos,280452,Households with electricity,99.3,1,NG,Nigeria,2013,NG2013DHS,HC_ELEC_H_ELC,260321010,I,433052,1433052,Region,..Lagos,0,,0,1,HCELECHELC,NGDHS2013433052,2013,DHS,2240,1729,,,2
NGA,Ogun,1196988,Households with electricity,72,1,NG,Nigeria,2013,NG2013DHS,HC_ELEC_H_ELC,260321010,I,433053,1433053,Region,..Ogun,0,,0,1,HCELECHELC,NGDHS2013433053,2013,DHS,1355,1061,,,2
NGA,Ondo,4053498,Households with electricity,66.3,1,NG,Nigeria,2013,NG2013DHS,HC_ELEC_H_ELC,260321010,I,433054,1433054,Region,..Ondo,0,,0,1,HCELECHELC,NGDHS2013433054,2013,DHS,920,1033,,,2
NGA,Osun,7760412,Households with electricity,89.4,1,NG,Nigeria,2013,NG2013DHS,HC_ELEC_H_ELC,260321010,I,433055,1433055,Region,..Osun,0,,0,1,HCELECHELC,NGDHS2013433055,2013,DHS,853,1074,,,2
NGA,Oyo,5624550,Households with electricity,66.6,1,NG,Nigeria,2013,NG2013DHS,HC_ELEC_H_ELC,260321010,I,433056,1433056,Region,..Oyo,0,,0,1,HCELECHELC,NGDHS2013433056,2013,DHS,1802,1066,,,2
NGA,South South,658408,Households with electricity,68.3,1,NG,Nigeria,2013,NG2013DHS,HC_ELEC_H_ELC,260321010,I,433010,1433060,Region,South South,0,,0,1,HCELECHELC,NGDHS2013433010,2013,DHS,5239,6126,,,1
NGA,Akwa Ibom,3104352,Households with electricity,68,1,NG,Nigeria,2013,NG2013DHS,HC_ELEC_H_ELC,260321010,I,433061,1433061,Region,..Akwa Ibom,0,,0,1,HCELECHELC,NGDHS2013433061,2013,DHS,892,1015,,,2
NGA,Bayelsa,5557167,Households with electricity,52.5,1,NG,Nigeria,2013,NG2013DHS,HC_ELEC_H_ELC,260321010,I,433062,1433062,Region,..Bayelsa,0,,0,1,HCELECHELC,NGDHS2013433062,2013,DHS,322,1034,,,2
NGA,Cross River,7229532,Households with electricity,57.4,1,NG,Nigeria,2013,NG2013DHS,HC_ELEC_H_ELC,260321010,I,433063,1433063,Region,..Cross River,0,,0,1,HCELECHELC,NGDHS2013433063,2013,DHS,848,946,,,2
NGA,Delta,456920,Households with electricity,78.3,1,NG,Nigeria,2013,NG2013DHS,HC_ELEC_H_ELC,260321010,I,433064,1433064,Region,..Delta,0,,0,1,HCELECHELC,NGDHS2013433064,2013,DHS,946,1077,,,2
NGA,Edo,3584589,Households with electricity,82.4,1,NG,Nigeria,2013,NG2013DHS,HC_ELEC_H_ELC,260321010,I,433065,1433065,Region,..Edo,0,,0,1,HCELECHELC,NGDHS2013433065,2013,DHS,702,1004,,,2
NGA,Rivers,515175,Households with electricity,65.1,1,NG,Nigeria,2013,NG2013DHS,HC_ELEC_H_ELC,260321010,I,433066,1433066,Region,..Rivers,0,,0,1,HCELECHELC,NGDHS2013433066,2013,DHS,1529,1050,,,2
NGA,North Central,1942469,Total fertility rate 15-49,5.1,1,NG,Nigeria,2015,NG2015MIS,FE_FRTR_W_TFR,11763080,I,433005,1433010,Region,North Central,0,,0,1,FEFRTRWTFR,NGMIS2015433005,2015,MIS,,,,,1
NGA,FCT Abuja,1927114,Total fertility rate 15-49,4,1,NG,Nigeria,2015,NG2015MIS,FE_FRTR_W_TFR,11763080,I,433011,1433011,Region,..FCT Abuja,0,,0,1,FEFRTRWTFR,NGMIS2015433011,2015,MIS,,,,,2
NGA,Benue,1942480,Total fertility rate 15-49,5.1,1,NG,Nigeria,2015,NG2015MIS,FE_FRTR_W_TFR,11763080,I,433012,1433012,Region,..Benue,0,,0,1,FEFRTRWTFR,NGMIS2015433012,2015,MIS,,,,,2
NGA,Kogi,1942516,Total fertility rate 15-49,4.4,1,NG,Nigeria,2015,NG2015MIS,FE_FRTR_W_TFR,11763080,I,433013,1433013,Region,..Kogi,0,,0,1,FEFRTRWTFR,NGMIS2015433013,2015,MIS,,,,,2
NGA,Kwara,1942488,Total fertility rate 15-49,4.5,1,NG,Nigeria,2015,NG2015MIS,FE_FRTR_W_TFR,11763080,I,433014,1433014,Region,..Kwara,0,,0,1,FEFRTRWTFR,NGMIS2015433014,2015,MIS,,,,,2
NGA,Nasarawa,7520040,Total fertility rate 15-49,5.1,1,NG,Nigeria,2015,NG2015MIS,FE_FRTR_W_TFR,11763080,I,433015,1433015,Region,..Nasarawa,0,,0,1,FEFRTRWTFR,NGMIS2015433015,2015,MIS,,,,,2
NGA,Niger,1935390,Total fertility rate 15-49,4.7,1,NG,Nigeria,2015,NG2015MIS,FE_FRTR_W_TFR,11763080,I,433016,1433016,Region,..Niger,0,,0,1,FEFRTRWTFR,NGMIS2015433016,2015,MIS,,,,,2
NGA,Plateau,1935379,Total fertility rate 15-49,6.2,1,NG,Nigeria,2015,NG2015MIS,FE_FRTR_W_TFR,11763080,I,433017,1433017,Region,..Plateau,0,,0,1,FEFRTRWTFR,NGMIS2015433017,2015,MIS,,,,,2
NGA,North East,1942545,Total fertility rate 15-49,5.2,1,NG,Nigeria,2015,NG2015MIS,FE_FRTR_W_TFR,11763080,I,433006,1433020,Region,North East,0,,0,1,FEFRTRWTFR,NGMIS2015433006,2015,MIS,,,,,1
NGA,Adamawa,1927066,Total fertility rate 15-49,4.5,1,NG,Nigeria,2015,NG2015MIS,FE_FRTR_W_TFR,11763080,I,433021,1433021,Region,..Adamawa,0,,0,1,FEFRTRWTFR,NGMIS2015433021,2015,MIS,,,,,2
NGA,Bauchi,1943229,Total fertility rate 15-49,5.4,1,NG,Nigeria,2015,NG2015MIS,FE_FRTR_W_TFR,11763080,I,433022,1433022,Region,..Bauchi,0,,0,1,FEFRTRWTFR,NGMIS2015433022,2015,MIS,,,,,2
NGA,Borno,1935398,Total fertility rate 15-49,3.2,1,NG,Nigeria,2015,NG2015MIS,FE_FRTR_W_TFR,11763080,I,433023,1433023,Region,..Borno,0,,0,1,FEFRTRWTFR,NGMIS2015433023,2015,MIS,,,,,2
NGA,Gombe,1943255,Total fertility rate 15-49,6.1,1,NG,Nigeria,2015,NG2015MIS,FE_FRTR_W_TFR,11763080,I,433024,1433024,Region,..Gombe,0,,0,1,FEFRTRWTFR,NGMIS2015433024,2015,MIS,,,,,2
NGA,Taraba,1927125,Total fertility rate 15-49,5.7,1,NG,Nigeria,2015,NG2015MIS,FE_FRTR_W_TFR,11763080,I,433025,1433025,Region,..Taraba,0,,0,1,FEFRTRWTFR,NGMIS2015433025,2015,MIS,,,,,2
NGA,Yobe,1943207,Total fertility rate 15-49,4.5,1,NG,Nigeria,2015,NG2015MIS,FE_FRTR_W_TFR,11763080,I,433026,1433026,Region,..Yobe,0,,0,1,FEFRTRWTFR,NGMIS2015433026,2015,MIS,,,,,2
NGA,North West,1942507,Total fertility rate 15-49,5.5,1,NG,Nigeria,2015,NG2015MIS,FE_FRTR_W_TFR,11763080,I,433007,1433030,Region,North West,0,,0,1,FEFRTRWTFR,NGMIS2015433007,2015,MIS,,,,,1
NGA,Jigawa,1943239,Total fertility rate 15-49,5,1,NG,Nigeria,2015,NG2015MIS,FE_FRTR_W_TFR,11763080,I,433031,1433031,Region,..Jigawa,0,,0,1,FEFRTRWTFR,NGMIS2015433031,2015,MIS,,,,,2
NGA,Kaduna,1927131,Total fertility rate 15-49,5.5,1,NG,Nigeria,2015,NG2015MIS,FE_FRTR_W_TFR,11763080,I,433032,1433032,Region,..Kaduna,0,,0,1,FEFRTRWTFR,NGMIS2015433032,2015,MIS,,,,,2
NGA,Kano,1943212,Total fertility rate 15-49,6.3,1,NG,Nigeria,2015,NG2015MIS,FE_FRTR_W_TFR,11763080,I,433033,1433033,Region,..Kano,0,,0,1,FEFRTRWTFR,NGMIS2015433033,2015,MIS,,,,,2
NGA,Katsina,1927158,Total fertility rate 15-49,6.4,1,NG,Nigeria,2015,NG2015MIS,FE_FRTR_W_TFR,11763080,I,433034,1433034,Region,..Katsina,0,,0,1,FEFRTRWTFR,NGMIS2015433034,2015,MIS,,,,,2
NGA,Kebbi,1927152,Total fertility rate 15-49,4.9,1,NG,Nigeria,2015,NG2015MIS,FE_FRTR_W_TFR,11763080,I,433035,1433035,Region,..Kebbi,0,,0,1,FEFRTRWTFR,NGMIS2015433035,2015,MIS,,,,,2
NGA,Sokoto,1942540,Total fertility rate 15-49,4.1,1,NG,Nigeria,2015,NG2015MIS,FE_FRTR_W_TFR,11763080,I,433036,1433036,Region,..Sokoto,0,,0,1,FEFRTRWTFR,NGMIS2015433036,2015,MIS,,,,,2
NGA,Zamfara,1927140,Total fertility rate 15-49,4.6,1,NG,Nigeria,2015,NG2015MIS,FE_FRTR_W_TFR,11763080,I,433037,1433037,Region,..Zamfara,0,,0,1,FEFRTRWTFR,NGMIS2015433037,2015,MIS,,,,,2
NGA,South East,7801117,Total fertility rate 15-49,4.5,1,NG,Nigeria,2015,NG2015MIS,FE_FRTR_W_TFR,11763080,I,433008,1433040,Region,South East,0,,0,1,FEFRTRWTFR,NGMIS2015433008,2015,MIS,,,,,1
NGA,Abia,1943217,Total fertility rate 15-49,3.6,1,NG,Nigeria,2015,NG2015MIS,FE_FRTR_W_TFR,11763080,I,433041,1433041,Region,..Abia,0,,0,1,FEFRTRWTFR,NGMIS2015433041,2015,MIS,,,,,2
NGA,Anambra,1935401,Total fertility rate 15-49,4.8,1,NG,Nigeria,2015,NG2015MIS,FE_FRTR_W_TFR,11763080,I,433042,1433042,Region,..Anambra,0,,0,1,FEFRTRWTFR,NGMIS2015433042,2015,MIS,,,,,2
NGA,Ebonyi,1935477,Total fertility rate 15-49,5.9,1,NG,Nigeria,2015,NG2015MIS,FE_FRTR_W_TFR,11763080,I,433043,1433043,Region,..Ebonyi,0,,0,1,FEFRTRWTFR,NGMIS2015433043,2015,MIS,,,,,2
NGA,Enugu,1935419,Total fertility rate 15-49,3.7,1,NG,Nigeria,2015,NG2015MIS,FE_FRTR_W_TFR,11763080,I,433044,1433044,Region,..Enugu,0,,0,1,FEFRTRWTFR,NGMIS2015433044,2015,MIS,,,,,2
NGA,Imo,1942521,Total fertility rate 15-49,4.3,1,NG,Nigeria,2015,NG2015MIS,FE_FRTR_W_TFR,11763080,I,433045,1433045,Region,..Imo,0,,0,1,FEFRTRWTFR,NGMIS2015433045,2015,MIS,,,,,2
NGA,South West,1943186,Total fertility rate 15-49,4.2,1,NG,Nigeria,2015,NG2015MIS,FE_FRTR_W_TFR,11763080,I,433009,1433050,Region,South West,0,,0,1,FEFRTRWTFR,NGMIS2015433009,2015,MIS,,,,,1
NGA,Ekiti,1935432,Total fertility rate 15-49,4.1,1,NG,Nigeria,2015,NG2015MIS,FE_FRTR_W_TFR,11763080,I,433051,1433051,Region,..Ekiti,0,,0,1,FEFRTRWTFR,NGMIS2015433051,2015,MIS,,,,,2
NGA,Lagos,1927177,Total fertility rate 15-49,4.6,1,NG,Nigeria,2015,NG2015MIS,FE_FRTR_W_TFR,11763080,I,433052,1433052,Region,..Lagos,0,,0,1,FEFRTRWTFR,NGMIS2015433052,2015,MIS,,,,,2
NGA,Ogun,1943272,Total fertility rate 15-49,4.6,1,NG,Nigeria,2015,NG2015MIS,FE_FRTR_W_TFR,11763080,I,433053,1433053,Region,..Ogun,0,,0,1,FEFRTRWTFR,NGMIS2015433053,2015,MIS,,,,,2
NGA,Ondo,2644837,Total fertility rate 15-49,4.7,1,NG,Nigeria,2015,NG2015MIS,FE_FRTR_W_TFR,11763080,I,433054,1433054,Region,..Ondo,0,,0,1,FEFRTRWTFR,NGMIS2015433054,2015,MIS,,,,,2
NGA,Osun,1943285,Total fertility rate 15-49,4.5,1,NG,Nigeria,2015,NG2015MIS,FE_FRTR_W_TFR,11763080,I,433055,1433055,Region,..Osun,0,,0,1,FEFRTRWTFR,NGMIS2015433055,2015,MIS,,,,,2
NGA,Oyo,7709652,Total fertility rate 15-49,3.3,1,NG,Nigeria,2015,NG2015MIS,FE_FRTR_W_TFR,11763080,I,433056,1433056,Region,..Oyo,0,,0,1,FEFRTRWTFR,NGMIS2015433056,2015,MIS,,,,,2
NGA,South South,1927089,Total fertility rate 15-49,4.7,1,NG,Nigeria,2015,NG2015MIS,FE_FRTR_W_TFR,11763080,I,433010,1433060,Region,South South,0,,0,1,FEFRTRWTFR,NGMIS2015433010,2015,MIS,,,,,1
NGA,Akwa Ibom,1942547,Total fertility rate 15-49,4.2,1,NG,Nigeria,2015,NG2015MIS,FE_FRTR_W_TFR,11763080,I,433061,1433061,Region,..Akwa Ibom,0,,0,1,FEFRTRWTFR,NGMIS2015433061,2015,MIS,,,,,2
NGA,Bayelsa,1942557,Total fertility rate 15-49,5.9,1,NG,Nigeria,2015,NG2015MIS,FE_FRTR_W_TFR,11763080,I,433062,1433062,Region,..Bayelsa,0,,0,1,FEFRTRWTFR,NGMIS2015433062,2015,MIS,,,,,2
NGA,Cross River,1942560,Total fertility rate 15-49,4.7,1,NG,Nigeria,2015,NG2015MIS,FE_FRTR_W_TFR,11763080,I,433063,1433063,Region,..Cross River,0,,0,1,FEFRTRWTFR,NGMIS2015433063,2015,MIS,,,,,2
NGA,Delta,1927155,Total fertility rate 15-49,6,1,NG,Nigeria,2015,NG2015MIS,FE_FRTR_W_TFR,11763080,I,433064,1433064,Region,..Delta,0,,0,1,FEFRTRWTFR,NGMIS2015433064,2015,MIS,,,,,2
NGA,Edo,1942541,Total fertility rate 15-49,4.1,1,NG,Nigeria,2015,NG2015MIS,FE_FRTR_W_TFR,11763080,I,433065,1433065,Region,..Edo,0,,0,1,FEFRTRWTFR,NGMIS2015433065,2015,MIS,,,,,2
NGA,Rivers,3805449,Total fertility rate 15-49,4.2,1,NG,Nigeria,2015,NG2015MIS,FE_FRTR_W_TFR,11763080,I,433066,1433066,Region,..Rivers,0,,0,1,FEFRTRWTFR,NGMIS2015433066,2015,MIS,,,,,2
NGA,North Central,2915737,Children under 5 who slept under an insecticide-treated net (ITN),39.1,1,NG,Nigeria,2015,NG2015MIS,ML_NETC_C_ITN,124836020,I,433005,1433010,Region,North Central,0,,0,1,MLNETCCITN,NGMIS2015433005,2015,MIS,1305,1384,,,1
NGA,FCT Abuja,5543365,Children under 5 who slept under an insecticide-treated net (ITN),18.5,1,NG,Nigeria,2015,NG2015MIS,ML_NETC_C_ITN,124836020,I,433011,1433011,Region,..FCT Abuja,0,,0,1,MLNETCCITN,NGMIS2015433011,2015,MIS,30,121,,,2
NGA,Benue,688199,Children under 5 who slept under an insecticide-treated net (ITN),37.2,1,NG,Nigeria,2015,NG2015MIS,ML_NETC_C_ITN,124836020,I,433012,1433012,Region,..Benue,0,,0,1,MLNETCCITN,NGMIS2015433012,2015,MIS,268,173,,,2
NGA,Kogi,2366342,Children under 5 who slept under an insecticide-treated net (ITN),32,1,NG,Nigeria,2015,NG2015MIS,ML_NETC_C_ITN,124836020,I,433013,1433013,Region,..Kogi,0,,0,1,MLNETCCITN,NGMIS2015433013,2015,MIS,156,189,,,2
NGA,Kwara,7129785,Children under 5 who slept under an insecticide-treated net (ITN),20.6,1,NG,Nigeria,2015,NG2015MIS,ML_NETC_C_ITN,124836020,I,433014,1433014,Region,..Kwara,0,,0,1,MLNETCCITN,NGMIS2015433014,2015,MIS,160,162,,,2
NGA,Nasarawa,7519049,Children under 5 who slept under an insecticide-treated net (ITN),47.9,1,NG,Nigeria,2015,NG2015MIS,ML_NETC_C_ITN,124836020,I,433015,1433015,Region,..Nasarawa,0,,0,1,MLNETCCITN,NGMIS2015433015,2015,MIS,122,259,,,2
NGA,Niger,4844332,Children under 5 who slept under an insecticide-treated net (ITN),39.1,1,NG,Nigeria,2015,NG2015MIS,ML_NETC_C_ITN,124836020,I,433016,1433016,Region,..Niger,0,,0,1,MLNETCCITN,NGMIS2015433016,2015,MIS,295,204,,,2
NGA,Plateau,2367726,Children under 5 who slept under an insecticide-treated net (ITN),54.1,1,NG,Nigeria,2015,NG2015MIS,ML_NETC_C_ITN,124836020,I,433017,1433017,Region,..Plateau,0,,0,1,MLNETCCITN,NGMIS2015433017,2015,MIS,273,276,,,2
NGA,North East,2366325,Children under 5 who slept under an insecticide-treated net (ITN),49.9,1,NG,Nigeria,2015,NG2015MIS,ML_NETC_C_ITN,124836020,I,433006,1433020,Region,North East,0,,0,1,MLNETCCITN,NGMIS2015433006,2015,MIS,987,1383,,,1
NGA,Adamawa,6569494,Children under 5 who slept under an insecticide-treated net (ITN),32.4,1,NG,Nigeria,2015,NG2015MIS,ML_NETC_C_ITN,124836020,I,433021,1433021,Region,..Adamawa,0,,0,1,MLNETCCITN,NGMIS2015433021,2015,MIS,170,254,,,2
NGA,Bauchi,2359612,Children under 5 who slept under an insecticide-treated net (ITN),67.2,1,NG,Nigeria,2015,NG2015MIS,ML_NETC_C_ITN,124836020,I,433022,1433022,Region,..Bauchi,0,,0,1,MLNETCCITN,NGMIS2015433022,2015,MIS,299,290,,,2
NGA,Borno,6825706,Children under 5 who slept under an insecticide-treated net (ITN),57,1,NG,Nigeria,2015,NG2015MIS,ML_NETC_C_ITN,124836020,I,433023,1433023,Region,..Borno,0,,0,1,MLNETCCITN,NGMIS2015433023,2015,MIS,40,74,,,2
NGA,Gombe,2896347,Children under 5 who slept under an insecticide-treated net (ITN),40.2,1,NG,Nigeria,2015,NG2015MIS,ML_NETC_C_ITN,124836020,I,433024,1433024,Region,..Gombe,0,,0,1,MLNETCCITN,NGMIS2015433024,2015,MIS,131,237,,,2
NGA,Taraba,2954123,Children under 5 who slept under an insecticide-treated net (ITN),33.1,1,NG,Nigeria,2015,NG2015MIS,ML_NETC_C_ITN,124836020,I,433025,1433025,Region,..Taraba,0,,0,1,MLNETCCITN,NGMIS2015433025,2015,MIS,147,246,,,2
NGA,Yobe,5812595,Children under 5 who slept under an insecticide-treated net (ITN),56,1,NG,Nigeria,2015,NG2015MIS,ML_NETC_C_ITN,124836020,I,433026,1433026,Region,..Yobe,0,,0,1,MLNETCCITN,NGMIS2015433026,2015,MIS,200,282,,,2
NGA,North West,7197829,Children under 5 who slept under an insecticide-treated net (ITN),61.9,1,NG,Nigeria,2015,NG2015MIS,ML_NETC_C_ITN,124836020,I,433007,1433030,Region,North West,0,,0,1,MLNETCCITN,NGMIS2015433007,2015,MIS,2280,1746,,,1
NGA,Jigawa,3344905,Children under 5 who slept under an insecticide-treated net (ITN),76.8,1,NG,Nigeria,2015,NG2015MIS,ML_NETC_C_ITN,124836020,I,433031,1433031,Region,..Jigawa,0,,0,1,MLNETCCITN,NGMIS2015433031,2015,MIS,386,298,,,2
NGA,Kaduna,2352663,Children under 5 who slept under an insecticide-treated net (ITN),66.6,1,NG,Nigeria,2015,NG2015MIS,ML_NETC_C_ITN,124836020,I,433032,1433032,Region,..Kaduna,0,,0,1,MLNETCCITN,NGMIS2015433032,2015,MIS,282,233,,,2
NGA,Kano,7116813,Children under 5 who slept under an insecticide-treated net (ITN),58.5,1,NG,Nigeria,2015,NG2015MIS,ML_NETC_C_ITN,124836020,I,433033,1433033,Region,..Kano,0,,0,1,MLNETCCITN,NGMIS2015433033,2015,MIS,451,231,,,2
NGA,Katsina,4510900,Children under 5 who slept under an insecticide-treated net (ITN),58.3,1,NG,Nigeria,2015,NG2015MIS,ML_NETC_C_ITN,124836020,I,433034,1433034,Region,..Katsina,0,,0,1,MLNETCCITN,NGMIS2015433034,2015,MIS,563,300,,,2
NGA,Kebbi,3199059,Children under 5 who slept under an insecticide-treated net (ITN),38.8,1,NG,Nigeria,2015,NG2015MIS,ML_NETC_C_ITN,124836020,I,433035,1433035,Region,..Kebbi,0,,0,1,MLNETCCITN,NGMIS2015433035,2015,MIS,197,217,,,2
NGA,Sokoto,2366377,Children under 5 who slept under an insecticide-treated net (ITN),61.3,1,NG,Nigeria,2015,NG2015MIS,ML_NETC_C_ITN,124836020,I,433036,1433036,Region,..Sokoto,0,,0,1,MLNETCCITN,NGMIS2015433036,2015,MIS,187,255,,,2
NGA,Zamfara,5426696,Children under 5 who slept under an insecticide-treated net (ITN),67.2,1,NG,Nigeria,2015,NG2015MIS,ML_NETC_C_ITN,124836020,I,433037,1433037,Region,..Zamfara,0,,0,1,MLNETCCITN,NGMIS2015433037,2015,MIS,215,212,,,2
NGA,South East,7778909,Children under 5 who slept under an insecticide-treated net (ITN),25.1,1,NG,Nigeria,2015,NG2015MIS,ML_NETC_C_ITN,124836020,I,433008,1433040,Region,South East,0,,0,1,MLNETCCITN,NGMIS2015433008,2015,MIS,602,684,,,1
NGA,Abia,4407137,Children under 5 who slept under an insecticide-treated net (ITN),8.2,1,NG,Nigeria,2015,NG2015MIS,ML_NETC_C_ITN,124836020,I,433041,1433041,Region,..Abia,0,,0,1,MLNETCCITN,NGMIS2015433041,2015,MIS,77,127,,,2
NGA,Anambra,376366,Children under 5 who slept under an insecticide-treated net (ITN),26.2,1,NG,Nigeria,2015,NG2015MIS,ML_NETC_C_ITN,124836020,I,433042,1433042,Region,..Anambra,0,,0,1,MLNETCCITN,NGMIS2015433042,2015,MIS,159,115,,,2
NGA,Ebonyi,5042751,Children under 5 who slept under an insecticide-treated net (ITN),52,1,NG,Nigeria,2015,NG2015MIS,ML_NETC_C_ITN,124836020,I,433043,1433043,Region,..Ebonyi,0,,0,1,MLNETCCITN,NGMIS2015433043,2015,MIS,148,193,,,2
NGA,Enugu,2367733,Children under 5 who slept under an insecticide-treated net (ITN),18.2,1,NG,Nigeria,2015,NG2015MIS,ML_NETC_C_ITN,124836020,I,433044,1433044,Region,..Enugu,0,,0,1,MLNETCCITN,NGMIS2015433044,2015,MIS,99,131,,,2
NGA,Imo,5819465,Children under 5 who slept under an insecticide-treated net (ITN),7.1,1,NG,Nigeria,2015,NG2015MIS,ML_NETC_C_ITN,124836020,I,433045,1433045,Region,..Imo,0,,0,1,MLNETCCITN,NGMIS2015433045,2015,MIS,119,118,,,2
NGA,South West,6604062,Children under 5 who slept under an insecticide-treated net (ITN),22.4,1,NG,Nigeria,2015,NG2015MIS,ML_NETC_C_ITN,124836020,I,433009,1433050,Region,South West,0,,0,1,MLNETCCITN,NGMIS2015433009,2015,MIS,1057,887,,,1
NGA,Ekiti,2367720,Children under 5 who slept under an insecticide-treated net (ITN),31.1,1,NG,Nigeria,2015,NG2015MIS,ML_NETC_C_ITN,124836020,I,433051,1433051,Region,..Ekiti,0,,0,1,MLNETCCITN,NGMIS2015433051,2015,MIS,92,145,,,2
NGA,Lagos,7125356,Children under 5 who slept under an insecticide-treated net (ITN),12.5,1,NG,Nigeria,2015,NG2015MIS,ML_NETC_C_ITN,124836020,I,433052,1433052,Region,..Lagos,0,,0,1,MLNETCCITN,NGMIS2015433052,2015,MIS,295,206,,,2
NGA,Ogun,4496680,Children under 5 who slept under an insecticide-treated net (ITN),18.3,1,NG,Nigeria,2015,NG2015MIS,ML_NETC_C_ITN,124836020,I,433053,1433053,Region,..Ogun,0,,0,1,MLNETCCITN,NGMIS2015433053,2015,MIS,120,156,,,2
NGA,Ondo,3199062,Children under 5 who slept under an insecticide-treated net (ITN),21.1,1,NG,Nigeria,2015,NG2015MIS,ML_NETC_C_ITN,124836020,I,433054,1433054,Region,..Ondo,0,,0,1,MLNETCCITN,NGMIS2015433054,2015,MIS,137,125,,,2
NGA,Osun,2359636,Children under 5 who slept under an insecticide-treated net (ITN),23,1,NG,Nigeria,2015,NG2015MIS,ML_NETC_C_ITN,124836020,I,433055,1433055,Region,..Osun,0,,0,1,MLNETCCITN,NGMIS2015433055,2015,MIS,166,120,,,2
NGA,Oyo,7709492,Children under 5 who slept under an insecticide-treated net (ITN),33.5,1,NG,Nigeria,2015,NG2015MIS,ML_NETC_C_ITN,124836020,I,433056,1433056,Region,..Oyo,0,,0,1,MLNETCCITN,NGMIS2015433056,2015,MIS,246,135,,,2
NGA,South South,2352621,Children under 5 who slept under an insecticide-treated net (ITN),32.7,1,NG,Nigeria,2015,NG2015MIS,ML_NETC_C_ITN,124836020,I,433010,1433060,Region,South South,0,,0,1,MLNETCCITN,NGMIS2015433010,2015,MIS,777,881,,,1
NGA,Akwa Ibom,382444,Children under 5 who slept under an insecticide-treated net (ITN),39.8,1,NG,Nigeria,2015,NG2015MIS,ML_NETC_C_ITN,124836020,I,433061,1433061,Region,..Akwa Ibom,0,,0,1,MLNETCCITN,NGMIS2015433061,2015,MIS,117,117,,,2
NGA,Bayelsa,2720302,Children under 5 who slept under an insecticide-treated net (ITN),18.6,1,NG,Nigeria,2015,NG2015MIS,ML_NETC_C_ITN,124836020,I,433062,1433062,Region,..Bayelsa,0,,0,1,MLNETCCITN,NGMIS2015433062,2015,MIS,125,237,,,2
NGA,Cross River,5149940,Children under 5 who slept under an insecticide-treated net (ITN),46.7,1,NG,Nigeria,2015,NG2015MIS,ML_NETC_C_ITN,124836020,I,433063,1433063,Region,..Cross River,0,,0,1,MLNETCCITN,NGMIS2015433063,2015,MIS,103,131,,,2
NGA,Delta,5948468,Children under 5 who slept under an insecticide-treated net (ITN),21.3,1,NG,Nigeria,2015,NG2015MIS,ML_NETC_C_ITN,124836020,I,433064,1433064,Region,..Delta,0,,0,1,MLNETCCITN,NGMIS2015433064,2015,MIS,134,151,,,2
NGA,Edo,6752915,Children under 5 who slept under an insecticide-treated net (ITN),19.8,1,NG,Nigeria,2015,NG2015MIS,ML_NETC_C_ITN,124836020,I,433065,1433065,Region,..Edo,0,,0,1,MLNETCCITN,NGMIS2015433065,2015,MIS,69,99,,,2
NGA,Rivers,6330896,Children under 5 who slept under an insecticide-treated net (ITN),40.9,1,NG,Nigeria,2015,NG2015MIS,ML_NETC_C_ITN,124836020,I,433066,1433066,Region,..Rivers,0,,0,1,MLNETCCITN,NGMIS2015433066,2015,MIS,229,146,,,2
NGA,North Central,4278901,Women with secondary or higher education,36.5,1,NG,Nigeria,2015,NG2015MIS,ED_EDUC_W_SEH,231203100,I,433005,1433010,Region,North Central,0,,0,1,EDEDUCWSEH,NGMIS2015433005,2015,MIS,1357,1472,,,1
NGA,FCT Abuja,5723239,Women with secondary or higher education,65,1,NG,Nigeria,2015,NG2015MIS,ED_EDUC_W_SEH,231203100,I,433011,1433011,Region,..FCT Abuja,0,,0,1,EDEDUCWSEH,NGMIS2015433011,2015,MIS,46,178,,,2
NGA,Benue,5262872,Women with secondary or higher education,42.8,1,NG,Nigeria,2015,NG2015MIS,ED_EDUC_W_SEH,231203100,I,433012,1433012,Region,..Benue,0,,0,1,EDEDUCWSEH,NGMIS2015433012,2015,MIS,267,179,,,2
NGA,Kogi,5526544,Women with secondary or higher education,63.9,1,NG,Nigeria,2015,NG2015MIS,ED_EDUC_W_SEH,231203100,I,433013,1433013,Region,..Kogi,0,,0,1,EDEDUCWSEH,NGMIS2015433013,2015,MIS,188,220,,,2
NGA,Kwara,98843,Women with secondary or higher education,37.5,1,NG,Nigeria,2015,NG2015MIS,ED_EDUC_W_SEH,231203100,I,433014,1433014,Region,..Kwara,0,,0,1,EDEDUCWSEH,NGMIS2015433014,2015,MIS,195,183,,,2
NGA,Nasarawa,7520537,Women with secondary or higher education,42.4,1,NG,Nigeria,2015,NG2015MIS,ED_EDUC_W_SEH,231203100,I,433015,1433015,Region,..Nasarawa,0,,0,1,EDEDUCWSEH,NGMIS2015433015,2015,MIS,131,262,,,2
NGA,Niger,6273976,Women with secondary or higher education,18.9,1,NG,Nigeria,2015,NG2015MIS,ED_EDUC_W_SEH,231203100,I,433016,1433016,Region,..Niger,0,,0,1,EDEDUCWSEH,NGMIS2015433016,2015,MIS,285,205,,,2
NGA,Plateau,3956949,Women with secondary or higher education,19.9,1,NG,Nigeria,2015,NG2015MIS,ED_EDUC_W_SEH,231203100,I,433017,1433017,Region,..Plateau,0,,0,1,EDEDUCWSEH,NGMIS2015433017,2015,MIS,244,245,,,2
NGA,North East,5223911,Women with secondary or higher education,26.3,1,NG,Nigeria,2015,NG2015MIS,ED_EDUC_W_SEH,231203100,I,433006,1433020,Region,North East,0,,0,1,EDEDUCWSEH,NGMIS2015433006,2015,MIS,1077,1541,,,1
NGA,Adamawa,3937186,Women with secondary or higher education,42.6,1,NG,Nigeria,2015,NG2015MIS,ED_EDUC_W_SEH,231203100,I,433021,1433021,Region,..Adamawa,0,,0,1,EDEDUCWSEH,NGMIS2015433021,2015,MIS,209,313,,,2
NGA,Bauchi,4323828,Women with secondary or higher education,12.1,1,NG,Nigeria,2015,NG2015MIS,ED_EDUC_W_SEH,231203100,I,433022,1433022,Region,..Bauchi,0,,0,1,EDEDUCWSEH,NGMIS2015433022,2015,MIS,284,274,,,2
NGA,Borno,6798052,Women with secondary or higher education,33.6,1,NG,Nigeria,2015,NG2015MIS,ED_EDUC_W_SEH,231203100,I,433023,1433023,Region,..Borno,0,,0,1,EDEDUCWSEH,NGMIS2015433023,2015,MIS,58,88,,,2
NGA,Gombe,3316021,Women with secondary or higher education,29.1,1,NG,Nigeria,2015,NG2015MIS,ED_EDUC_W_SEH,231203100,I,433024,1433024,Region,..Gombe,0,,0,1,EDEDUCWSEH,NGMIS2015433024,2015,MIS,155,287,,,2
NGA,Taraba,7002808,Women with secondary or higher education,18.1,1,NG,Nigeria,2015,NG2015MIS,ED_EDUC_W_SEH,231203100,I,433025,1433025,Region,..Taraba,0,,0,1,EDEDUCWSEH,NGMIS2015433025,2015,MIS,163,289,,,2
NGA,Yobe,3811803,Women with secondary or higher education,31.4,1,NG,Nigeria,2015,NG2015MIS,ED_EDUC_W_SEH,231203100,I,433026,1433026,Region,..Yobe,0,,0,1,EDEDUCWSEH,NGMIS2015433026,2015,MIS,207,290,,,2
NGA,North West,3807247,Women with secondary or higher education,18.5,1,NG,Nigeria,2015,NG2015MIS,ED_EDUC_W_SEH,231203100,I,433007,1433030,Region,North West,0,,0,1,EDEDUCWSEH,NGMIS2015433007,2015,MIS,2359,1814,,,1
NGA,Jigawa,5241867,Women with secondary or higher education,6.3,1,NG,Nigeria,2015,NG2015MIS,ED_EDUC_W_SEH,231203100,I,433031,1433031,Region,..Jigawa,0,,0,1,EDEDUCWSEH,NGMIS2015433031,2015,MIS,371,281,,,2
NGA,Kaduna,5484546,Women with secondary or higher education,45,1,NG,Nigeria,2015,NG2015MIS,ED_EDUC_W_SEH,231203100,I,433032,1433032,Region,..Kaduna,0,,0,1,EDEDUCWSEH,NGMIS2015433032,2015,MIS,305,244,,,2
NGA,Kano,86574,Women with secondary or higher education,27.6,1,NG,Nigeria,2015,NG2015MIS,ED_EDUC_W_SEH,231203100,I,433033,1433033,Region,..Kano,0,,0,1,EDEDUCWSEH,NGMIS2015433033,2015,MIS,491,252,,,2
NGA,Katsina,4803678,Women with secondary or higher education,15.8,1,NG,Nigeria,2015,NG2015MIS,ED_EDUC_W_SEH,231203100,I,433034,1433034,Region,..Katsina,0,,0,1,EDEDUCWSEH,NGMIS2015433034,2015,MIS,519,279,,,2
NGA,Kebbi,6257086,Women with secondary or higher education,21.6,1,NG,Nigeria,2015,NG2015MIS,ED_EDUC_W_SEH,231203100,I,433035,1433035,Region,..Kebbi,0,,0,1,EDEDUCWSEH,NGMIS2015433035,2015,MIS,198,221,,,2
NGA,Sokoto,3977677,Women with secondary or higher education,7.2,1,NG,Nigeria,2015,NG2015MIS,ED_EDUC_W_SEH,231203100,I,433036,1433036,Region,..Sokoto,0,,0,1,EDEDUCWSEH,NGMIS2015433036,2015,MIS,178,251,,,2
NGA,Zamfara,6197468,Women with secondary or higher education,0.9,1,NG,Nigeria,2015,NG2015MIS,ED_EDUC_W_SEH,231203100,I,433037,1433037,Region,..Zamfara,0,,0,1,EDEDUCWSEH,NGMIS2015433037,2015,MIS,297,286,,,2
NGA,South East,7801086,Women with secondary or higher education,80.1,1,NG,Nigeria,2015,NG2015MIS,ED_EDUC_W_SEH,231203100,I,433008,1433040,Region,South East,0,,0,1,EDEDUCWSEH,NGMIS2015433008,2015,MIS,811,927,,,1
NGA,Abia,6262980,Women with secondary or higher education,87.3,1,NG,Nigeria,2015,NG2015MIS,ED_EDUC_W_SEH,231203100,I,433041,1433041,Region,..Abia,0,,0,1,EDEDUCWSEH,NGMIS2015433041,2015,MIS,123,207,,,2
NGA,Anambra,6585598,Women with secondary or higher education,85.6,1,NG,Nigeria,2015,NG2015MIS,ED_EDUC_W_SEH,231203100,I,433042,1433042,Region,..Anambra,0,,0,1,EDEDUCWSEH,NGMIS2015433042,2015,MIS,177,116,,,2
NGA,Ebonyi,576727,Women with secondary or higher education,61.8,1,NG,Nigeria,2015,NG2015MIS,ED_EDUC_W_SEH,231203100,I,433043,1433043,Region,..Ebonyi,0,,0,1,EDEDUCWSEH,NGMIS2015433043,2015,MIS,159,213,,,2
NGA,Enugu,6996348,Women with secondary or higher education,73,1,NG,Nigeria,2015,NG2015MIS,ED_EDUC_W_SEH,231203100,I,433044,1433044,Region,..Enugu,0,,0,1,EDEDUCWSEH,NGMIS2015433044,2015,MIS,162,214,,,2
NGA,Imo,408137,Women with secondary or higher education,91.8,1,NG,Nigeria,2015,NG2015MIS,ED_EDUC_W_SEH,231203100,I,433045,1433045,Region,..Imo,0,,0,1,EDEDUCWSEH,NGMIS2015433045,2015,MIS,189,177,,,2
NGA,South West,7362185,Women with secondary or higher education,73.1,1,NG,Nigeria,2015,NG2015MIS,ED_EDUC_W_SEH,231203100,I,433009,1433050,Region,South West,0,,0,1,EDEDUCWSEH,NGMIS2015433009,2015,MIS,1351,1108,,,1
NGA,Ekiti,5477014,Women with secondary or higher education,86.4,1,NG,Nigeria,2015,NG2015MIS,ED_EDUC_W_SEH,231203100,I,433051,1433051,Region,..Ekiti,0,,0,1,EDEDUCWSEH,NGMIS2015433051,2015,MIS,99,157,,,2
NGA,Lagos,79627,Women with secondary or higher education,83.2,1,NG,Nigeria,2015,NG2015MIS,ED_EDUC_W_SEH,231203100,I,433052,1433052,Region,..Lagos,0,,0,1,EDEDUCWSEH,NGMIS2015433052,2015,MIS,358,261,,,2
NGA,Ogun,4796834,Women with secondary or higher education,67.6,1,NG,Nigeria,2015,NG2015MIS,ED_EDUC_W_SEH,231203100,I,433053,1433053,Region,..Ogun,0,,0,1,EDEDUCWSEH,NGMIS2015433053,2015,MIS,151,188,,,2
NGA,Ondo,7326164,Women with secondary or higher education,56.4,1,NG,Nigeria,2015,NG2015MIS,ED_EDUC_W_SEH,231203100,I,433054,1433054,Region,..Ondo,0,,0,1,EDEDUCWSEH,NGMIS2015433054,2015,MIS,145,129,,,2
NGA,Osun,3947159,Women with secondary or higher education,75.2,1,NG,Nigeria,2015,NG2015MIS,ED_EDUC_W_SEH,231203100,I,433055,1433055,Region,..Osun,0,,0,1,EDEDUCWSEH,NGMIS2015433055,2015,MIS,235,170,,,2
NGA,Oyo,7709528,Women with secondary or higher education,67.1,1,NG,Nigeria,2015,NG2015MIS,ED_EDUC_W_SEH,231203100,I,433056,1433056,Region,..Oyo,0,,0,1,EDEDUCWSEH,NGMIS2015433056,2015,MIS,362,203,,,2
NGA,South South,4740168,Women with secondary or higher education,75.9,1,NG,Nigeria,2015,NG2015MIS,ED_EDUC_W_SEH,231203100,I,433010,1433060,Region,South South,0,,0,1,EDEDUCWSEH,NGMIS2015433010,2015,MIS,1080,1172,,,1
NGA,Akwa Ibom,6605849,Women with secondary or higher education,71.9,1,NG,Nigeria,2015,NG2015MIS,ED_EDUC_W_SEH,231203100,I,433061,1433061,Region,..Akwa Ibom,0,,0,1,EDEDUCWSEH,NGMIS2015433061,2015,MIS,187,197,,,2
NGA,Bayelsa,590173,Women with secondary or higher education,68.7,1,NG,Nigeria,2015,NG2015MIS,ED_EDUC_W_SEH,231203100,I,433062,1433062,Region,..Bayelsa,0,,0,1,EDEDUCWSEH,NGMIS2015433062,2015,MIS,126,234,,,2
NGA,Cross River,7017110,Women with secondary or higher education,78.9,1,NG,Nigeria,2015,NG2015MIS,ED_EDUC_W_SEH,231203100,I,433063,1433063,Region,..Cross River,0,,0,1,EDEDUCWSEH,NGMIS2015433063,2015,MIS,151,194,,,2
NGA,Delta,393970,Women with secondary or higher education,75.5,1,NG,Nigeria,2015,NG2015MIS,ED_EDUC_W_SEH,231203100,I,433064,1433064,Region,..Delta,0,,0,1,EDEDUCWSEH,NGMIS2015433064,2015,MIS,144,164,,,2
NGA,Edo,4952767,Women with secondary or higher education,78.1,1,NG,Nigeria,2015,NG2015MIS,ED_EDUC_W_SEH,231203100,I,433065,1433065,Region,..Edo,0,,0,1,EDEDUCWSEH,NGMIS2015433065,2015,MIS,112,152,,,2
NGA,Rivers,3775481,Women with secondary or higher education,78.6,1,NG,Nigeria,2015,NG2015MIS,ED_EDUC_W_SEH,231203100,I,433066,1433066,Region,..Rivers,0,,0,1,EDEDUCWSEH,NGMIS2015433066,2015,MIS,361,231,,,2
NGA,North Central,706059,Women who are literate,45.6,1,NG,Nigeria,2015,NG2015MIS,ED_LITR_W_LIT,231233090,I,433005,1433010,Region,North Central,0,,0,1,EDLITRWLIT,NGMIS2015433005,2015,MIS,1357,1472,,,1
NGA,FCT Abuja,4853671,Women who are literate,69.9,1,NG,Nigeria,2015,NG2015MIS,ED_LITR_W_LIT,231233090,I,433011,1433011,Region,..FCT Abuja,0,,0,1,EDLITRWLIT,NGMIS2015433011,2015,MIS,46,178,,,2
NGA,Benue,6726768,Women who are literate,66.5,1,NG,Nigeria,2015,NG2015MIS,ED_LITR_W_LIT,231233090,I,433012,1433012,Region,..Benue,0,,0,1,EDLITRWLIT,NGMIS2015433012,2015,MIS,267,179,,,2
NGA,Kogi,1941238,Women who are literate,66.7,1,NG,Nigeria,2015,NG2015MIS,ED_LITR_W_LIT,231233090,I,433013,1433013,Region,..Kogi,0,,0,1,EDLITRWLIT,NGMIS2015433013,2015,MIS,188,220,,,2
NGA,Kwara,7131514,Women who are literate,42.5,1,NG,Nigeria,2015,NG2015MIS,ED_LITR_W_LIT,231233090,I,433014,1433014,Region,..Kwara,0,,0,1,EDLITRWLIT,NGMIS2015433014,2015,MIS,195,183,,,2
NGA,Nasarawa,7519620,Women who are literate,48.7,1,NG,Nigeria,2015,NG2015MIS,ED_LITR_W_LIT,231233090,I,433015,1433015,Region,..Nasarawa,0,,0,1,EDLITRWLIT,NGMIS2015433015,2015,MIS,131,262,,,2
NGA,Niger,5534245,Women who are literate,21.9,1,NG,Nigeria,2015,NG2015MIS,ED_LITR_W_LIT,231233090,I,433016,1433016,Region,..Niger,0,,0,1,EDLITRWLIT,NGMIS2015433016,2015,MIS,285,205,,,2
NGA,Plateau,1933596,Women who are literate,30.3,1,NG,Nigeria,2015,NG2015MIS,ED_LITR_W_LIT,231233090,I,433017,1433017,Region,..Plateau,0,,0,1,EDLITRWLIT,NGMIS2015433017,2015,MIS,244,245,,,2
NGA,North East,4440593,Women who are literate,35.9,1,NG,Nigeria,2015,NG2015MIS,ED_LITR_W_LIT,231233090,I,433006,1433020,Region,North East,0,,0,1,EDLITRWLIT,NGMIS2015433006,2015,MIS,1077,1541,,,1
NGA,Adamawa,5920132,Women who are literate,56.1,1,NG,Nigeria,2015,NG2015MIS,ED_LITR_W_LIT,231233090,I,433021,1433021,Region,..Adamawa,0,,0,1,EDLITRWLIT,NGMIS2015433021,2015,MIS,209,313,,,2
NGA,Bauchi,3728024,Women who are literate,23.5,1,NG,Nigeria,2015,NG2015MIS,ED_LITR_W_LIT,231233090,I,433022,1433022,Region,..Bauchi,0,,0,1,EDLITRWLIT,NGMIS2015433022,2015,MIS,284,274,,,2
NGA,Borno,6824374,Women who are literate,50.4,1,NG,Nigeria,2015,NG2015MIS,ED_LITR_W_LIT,231233090,I,433023,1433023,Region,..Borno,0,,0,1,EDLITRWLIT,NGMIS2015433023,2015,MIS,58,88,,,2
NGA,Gombe,698899,Women who are literate,39.2,1,NG,Nigeria,2015,NG2015MIS,ED_LITR_W_LIT,231233090,I,433024,1433024,Region,..Gombe,0,,0,1,EDLITRWLIT,NGMIS2015433024,2015,MIS,155,287,,,2
NGA,Taraba,4426406,Women who are literate,22.3,1,NG,Nigeria,2015,NG2015MIS,ED_LITR_W_LIT,231233090,I,433025,1433025,Region,..Taraba,0,,0,1,EDLITRWLIT,NGMIS2015433025,2015,MIS,163,289,,,2
NGA,Yobe,6598742,Women who are literate,36.9,1,NG,Nigeria,2015,NG2015MIS,ED_LITR_W_LIT,231233090,I,433026,1433026,Region,..Yobe,0,,0,1,EDLITRWLIT,NGMIS2015433026,2015,MIS,207,290,,,2
NGA,North West,7452362,Women who are literate,24.6,1,NG,Nigeria,2015,NG2015MIS,ED_LITR_W_LIT,231233090,I,433007,1433030,Region,North West,0,,0,1,EDLITRWLIT,NGMIS2015433007,2015,MIS,2359,1814,,,1
NGA,Jigawa,6434004,Women who are literate,7.4,1,NG,Nigeria,2015,NG2015MIS,ED_LITR_W_LIT,231233090,I,433031,1433031,Region,..Jigawa,0,,0,1,EDLITRWLIT,NGMIS2015433031,2015,MIS,371,281,,,2
NGA,Kaduna,1925358,Women who are literate,52.4,1,NG,Nigeria,2015,NG2015MIS,ED_LITR_W_LIT,231233090,I,433032,1433032,Region,..Kaduna,0,,0,1,EDLITRWLIT,NGMIS2015433032,2015,MIS,305,244,,,2
NGA,Kano,7118548,Women who are literate,38.9,1,NG,Nigeria,2015,NG2015MIS,ED_LITR_W_LIT,231233090,I,433033,1433033,Region,..Kano,0,,0,1,EDLITRWLIT,NGMIS2015433033,2015,MIS,491,252,,,2
NGA,Katsina,1925361,Women who are literate,21.4,1,NG,Nigeria,2015,NG2015MIS,ED_LITR_W_LIT,231233090,I,433034,1433034,Region,..Katsina,0,,0,1,EDLITRWLIT,NGMIS2015433034,2015,MIS,519,279,,,2
NGA,Kebbi,5749126,Women who are literate,24.4,1,NG,Nigeria,2015,NG2015MIS,ED_LITR_W_LIT,231233090,I,433035,1433035,Region,..Kebbi,0,,0,1,EDLITRWLIT,NGMIS2015433035,2015,MIS,198,221,,,2
NGA,Sokoto,2711180,Women who are literate,8.7,1,NG,Nigeria,2015,NG2015MIS,ED_LITR_W_LIT,231233090,I,433036,1433036,Region,..Sokoto,0,,0,1,EDLITRWLIT,NGMIS2015433036,2015,MIS,178,251,,,2
NGA,Zamfara,4716254,Women who are literate,8.8,1,NG,Nigeria,2015,NG2015MIS,ED_LITR_W_LIT,231233090,I,433037,1433037,Region,..Zamfara,0,,0,1,EDLITRWLIT,NGMIS2015433037,2015,MIS,297,286,,,2
NGA,South East,7801097,Women who are literate,88.4,1,NG,Nigeria,2015,NG2015MIS,ED_LITR_W_LIT,231233090,I,433008,1433040,Region,South East,0,,0,1,EDLITRWLIT,NGMIS2015433008,2015,MIS,811,927,,,1
NGA,Abia,3728004,Women who are literate,96.4,1,NG,Nigeria,2015,NG2015MIS,ED_LITR_W_LIT,231233090,I,433041,1433041,Region,..Abia,0,,0,1,EDLITRWLIT,NGMIS2015433041,2015,MIS,123,207,,,2
NGA,Anambra,606933,Women who are literate,89.7,1,NG,Nigeria,2015,NG2015MIS,ED_LITR_W_LIT,231233090,I,433042,1433042,Region,..Anambra,0,,0,1,EDLITRWLIT,NGMIS2015433042,2015,MIS,177,116,,,2
NGA,Ebonyi,861164,Women who are literate,72.2,1,NG,Nigeria,2015,NG2015MIS,ED_LITR_W_LIT,231233090,I,433043,1433043,Region,..Ebonyi,0,,0,1,EDLITRWLIT,NGMIS2015433043,2015,MIS,159,213,,,2
NGA,Enugu,4336199,Women who are literate,86.9,1,NG,Nigeria,2015,NG2015MIS,ED_LITR_W_LIT,231233090,I,433044,1433044,Region,..Enugu,0,,0,1,EDLITRWLIT,NGMIS2015433044,2015,MIS,162,214,,,2
NGA,Imo,6605355,Women who are literate,97,1,NG,Nigeria,2015,NG2015MIS,ED_LITR_W_LIT,231233090,I,433045,1433045,Region,..Imo,0,,0,1,EDLITRWLIT,NGMIS2015433045,2015,MIS,189,177,,,2
NGA,South West,442775,Women who are literate,81.6,1,NG,Nigeria,2015,NG2015MIS,ED_LITR_W_LIT,231233090,I,433009,1433050,Region,South West,0,,0,1,EDLITRWLIT,NGMIS2015433009,2015,MIS,1351,1108,,,1
NGA,Ekiti,4784627,Women who are literate,90.1,1,NG,Nigeria,2015,NG2015MIS,ED_LITR_W_LIT,231233090,I,433051,1433051,Region,..Ekiti,0,,0,1,EDLITRWLIT,NGMIS2015433051,2015,MIS,99,157,,,2
NGA,Lagos,7155901,Women who are literate,89,1,NG,Nigeria,2015,NG2015MIS,ED_LITR_W_LIT,231233090,I,433052,1433052,Region,..Lagos,0,,0,1,EDLITRWLIT,NGMIS2015433052,2015,MIS,358,261,,,2
NGA,Ogun,1917073,Women who are literate,79.5,1,NG,Nigeria,2015,NG2015MIS,ED_LITR_W_LIT,231233090,I,433053,1433053,Region,..Ogun,0,,0,1,EDLITRWLIT,NGMIS2015433053,2015,MIS,151,188,,,2
NGA,Ondo,5749169,Women who are literate,68.9,1,NG,Nigeria,2015,NG2015MIS,ED_LITR_W_LIT,231233090,I,433054,1433054,Region,..Ondo,0,,0,1,EDLITRWLIT,NGMIS2015433054,2015,MIS,145,129,,,2
NGA,Osun,3670918,Women who are literate,84.2,1,NG,Nigeria,2015,NG2015MIS,ED_LITR_W_LIT,231233090,I,433055,1433055,Region,..Osun,0,,0,1,EDLITRWLIT,NGMIS2015433055,2015,MIS,235,170,,,2
NGA,Oyo,7678948,Women who are literate,76.4,1,NG,Nigeria,2015,NG2015MIS,ED_LITR_W_LIT,231233090,I,433056,1433056,Region,..Oyo,0,,0,1,EDLITRWLIT,NGMIS2015433056,2015,MIS,362,203,,,2
NGA,South South,1925380,Women who are literate,82.5,1,NG,Nigeria,2015,NG2015MIS,ED_LITR_W_LIT,231233090,I,433010,1433060,Region,South South,0,,0,1,EDLITRWLIT,NGMIS2015433010,2015,MIS,1080,1172,,,1
NGA,Akwa Ibom,621352,Women who are literate,81.9,1,NG,Nigeria,2015,NG2015MIS,ED_LITR_W_LIT,231233090,I,433061,1433061,Region,..Akwa Ibom,0,,0,1,EDLITRWLIT,NGMIS2015433061,2015,MIS,187,197,,,2
NGA,Bayelsa,3271920,Women who are literate,79.1,1,NG,Nigeria,2015,NG2015MIS,ED_LITR_W_LIT,231233090,I,433062,1433062,Region,..Bayelsa,0,,0,1,EDLITRWLIT,NGMIS2015433062,2015,MIS,126,234,,,2
NGA,Cross River,4091930,Women who are literate,86.9,1,NG,Nigeria,2015,NG2015MIS,ED_LITR_W_LIT,231233090,I,433063,1433063,Region,..Cross River,0,,0,1,EDLITRWLIT,NGMIS2015433063,2015,MIS,151,194,,,2
NGA,Delta,6627323,Women who are literate,80.4,1,NG,Nigeria,2015,NG2015MIS,ED_LITR_W_LIT,231233090,I,433064,1433064,Region,..Delta,0,,0,1,EDLITRWLIT,NGMIS2015433064,2015,MIS,144,164,,,2
NGA,Edo,6117598,Women who are literate,81.3,1,NG,Nigeria,2015,NG2015MIS,ED_LITR_W_LIT,231233090,I,433065,1433065,Region,..Edo,0,,0,1,EDLITRWLIT,NGMIS2015433065,2015,MIS,112,152,,,2
NGA,Rivers,5132222,Women who are literate,83.5,1,NG,Nigeria,2015,NG2015MIS,ED_LITR_W_LIT,231233090,I,433066,1433066,Region,..Rivers,0,,0,1,EDLITRWLIT,NGMIS2015433066,2015,MIS,361,231,,,2
NGA,North Central,4582301,Households with electricity,39.2,1,NG,Nigeria,2015,NG2015MIS,HC_ELEC_H_ELC,260321010,I,433005,1433010,Region,North Central,0,,0,1,HCELECHELC,NGMIS2015433005,2015,MIS,1311,1385,,,1
NGA,FCT Abuja,7428107,Households with electricity,70,1,NG,Nigeria,2015,NG2015MIS,HC_ELEC_H_ELC,260321010,I,433011,1433011,Region,..FCT Abuja,0,,0,1,HCELECHELC,NGMIS2015433011,2015,MIS,41,167,,,2
NGA,Benue,3356773,Households with electricity,23,1,NG,Nigeria,2015,NG2015MIS,HC_ELEC_H_ELC,260321010,I,433012,1433012,Region,..Benue,0,,0,1,HCELECHELC,NGMIS2015433012,2015,MIS,313,211,,,2
NGA,Kogi,6127449,Households with electricity,71.2,1,NG,Nigeria,2015,NG2015MIS,HC_ELEC_H_ELC,260321010,I,433013,1433013,Region,..Kogi,0,,0,1,HCELECHELC,NGMIS2015433013,2015,MIS,174,211,,,2
NGA,Kwara,240896,Households with electricity,56.5,1,NG,Nigeria,2015,NG2015MIS,HC_ELEC_H_ELC,260321010,I,433014,1433014,Region,..Kwara,0,,0,1,HCELECHELC,NGMIS2015433014,2015,MIS,195,194,,,2
NGA,Nasarawa,7520159,Households with electricity,27.3,1,NG,Nigeria,2015,NG2015MIS,HC_ELEC_H_ELC,260321010,I,433015,1433015,Region,..Nasarawa,0,,0,1,HCELECHELC,NGMIS2015433015,2015,MIS,92,200,,,2
NGA,Niger,3180356,Households with electricity,39.1,1,NG,Nigeria,2015,NG2015MIS,HC_ELEC_H_ELC,260321010,I,433016,1433016,Region,..Niger,0,,0,1,HCELECHELC,NGMIS2015433016,2015,MIS,293,206,,,2
NGA,Plateau,6824819,Households with electricity,19.2,1,NG,Nigeria,2015,NG2015MIS,HC_ELEC_H_ELC,260321010,I,433017,1433017,Region,..Plateau,0,,0,1,HCELECHELC,NGMIS2015433017,2015,MIS,202,196,,,2
NGA,North East,6723937,Households with electricity,33.5,1,NG,Nigeria,2015,NG2015MIS,HC_ELEC_H_ELC,260321010,I,433006,1433020,Region,North East,0,,0,1,HCELECHELC,NGMIS2015433006,2015,MIS,843,1200,,,1
NGA,Adamawa,50933,Households with electricity,13.1,1,NG,Nigeria,2015,NG2015MIS,HC_ELEC_H_ELC,260321010,I,433021,1433021,Region,..Adamawa,0,,0,1,HCELECHELC,NGMIS2015433021,2015,MIS,150,225,,,2
NGA,Bauchi,5329198,Households with electricity,30.2,1,NG,Nigeria,2015,NG2015MIS,HC_ELEC_H_ELC,260321010,I,433022,1433022,Region,..Bauchi,0,,0,1,HCELECHELC,NGMIS2015433022,2015,MIS,235,225,,,2
NGA,Borno,3025350,Households with electricity,69.1,1,NG,Nigeria,2015,NG2015MIS,HC_ELEC_H_ELC,260321010,I,433023,1433023,Region,..Borno,0,,0,1,HCELECHELC,NGMIS2015433023,2015,MIS,48,75,,,2
NGA,Gombe,6816181,Households with electricity,55.4,1,NG,Nigeria,2015,NG2015MIS,HC_ELEC_H_ELC,260321010,I,433024,1433024,Region,..Gombe,0,,0,1,HCELECHELC,NGMIS2015433024,2015,MIS,122,225,,,2
NGA,Taraba,6745285,Households with electricity,16.7,1,NG,Nigeria,2015,NG2015MIS,HC_ELEC_H_ELC,260321010,I,433025,1433025,Region,..Taraba,0,,0,1,HCELECHELC,NGMIS2015433025,2015,MIS,128,225,,,2
NGA,Yobe,246294,Households with electricity,43.4,1,NG,Nigeria,2015,NG2015MIS,HC_ELEC_H_ELC,260321010,I,433026,1433026,Region,..Yobe,0,,0,1,HCELECHELC,NGMIS2015433026,2015,MIS,161,225,,,2
NGA,North West,323879,Households with electricity,30.3,1,NG,Nigeria,2015,NG2015MIS,HC_ELEC_H_ELC,260321010,I,433007,1433030,Region,North West,0,,0,1,HCELECHELC,NGMIS2015433007,2015,MIS,1993,1547,,,1
NGA,Jigawa,3344021,Households with electricity,18.7,1,NG,Nigeria,2015,NG2015MIS,HC_ELEC_H_ELC,260321010,I,433031,1433031,Region,..Jigawa,0,,0,1,HCELECHELC,NGMIS2015433031,2015,MIS,301,225,,,2
NGA,Kaduna,6456547,Households with electricity,39.3,1,NG,Nigeria,2015,NG2015MIS,HC_ELEC_H_ELC,260321010,I,433032,1433032,Region,..Kaduna,0,,0,1,HCELECHELC,NGMIS2015433032,2015,MIS,274,219,,,2
NGA,Kano,3915649,Households with electricity,34.6,1,NG,Nigeria,2015,NG2015MIS,HC_ELEC_H_ELC,260321010,I,433033,1433033,Region,..Kano,0,,0,1,HCELECHELC,NGMIS2015433033,2015,MIS,423,216,,,2
NGA,Katsina,5173223,Households with electricity,29.6,1,NG,Nigeria,2015,NG2015MIS,HC_ELEC_H_ELC,260321010,I,433034,1433034,Region,..Katsina,0,,0,1,HCELECHELC,NGMIS2015433034,2015,MIS,409,220,,,2
NGA,Kebbi,3195219,Households with electricity,32.2,1,NG,Nigeria,2015,NG2015MIS,HC_ELEC_H_ELC,260321010,I,433035,1433035,Region,..Kebbi,0,,0,1,HCELECHELC,NGMIS2015433035,2015,MIS,200,223,,,2
NGA,Sokoto,620690,Households with electricity,18.5,1,NG,Nigeria,2015,NG2015MIS,HC_ELEC_H_ELC,260321010,I,433036,1433036,Region,..Sokoto,0,,0,1,HCELECHELC,NGMIS2015433036,2015,MIS,157,224,,,2
NGA,Zamfara,3849277,Households with electricity,34.4,1,NG,Nigeria,2015,NG2015MIS,HC_ELEC_H_ELC,260321010,I,433037,1433037,Region,..Zamfara,0,,0,1,HCELECHELC,NGMIS2015433037,2015,MIS,229,220,,,2
NGA,South East,7778459,Households with electricity,75.6,1,NG,Nigeria,2015,NG2015MIS,HC_ELEC_H_ELC,260321010,I,433008,1433040,Region,South East,0,,0,1,HCELECHELC,NGMIS2015433008,2015,MIS,876,1002,,,1
NGA,Abia,5328466,Households with electricity,90.6,1,NG,Nigeria,2015,NG2015MIS,HC_ELEC_H_ELC,260321010,I,433041,1433041,Region,..Abia,0,,0,1,HCELECHELC,NGMIS2015433041,2015,MIS,134,225,,,2
NGA,Anambra,3159749,Households with electricity,84.4,1,NG,Nigeria,2015,NG2015MIS,HC_ELEC_H_ELC,260321010,I,433042,1433042,Region,..Anambra,0,,0,1,HCELECHELC,NGMIS2015433042,2015,MIS,234,168,,,2
NGA,Ebonyi,6823333,Households with electricity,51.7,1,NG,Nigeria,2015,NG2015MIS,HC_ELEC_H_ELC,260321010,I,433043,1433043,Region,..Ebonyi,0,,0,1,HCELECHELC,NGMIS2015433043,2015,MIS,151,201,,,2
NGA,Enugu,6532934,Households with electricity,66.2,1,NG,Nigeria,2015,NG2015MIS,HC_ELEC_H_ELC,260321010,I,433044,1433044,Region,..Enugu,0,,0,1,HCELECHELC,NGMIS2015433044,2015,MIS,165,217,,,2
NGA,Imo,343733,Households with electricity,81.3,1,NG,Nigeria,2015,NG2015MIS,HC_ELEC_H_ELC,260321010,I,433045,1433045,Region,..Imo,0,,0,1,HCELECHELC,NGMIS2015433045,2015,MIS,192,191,,,2
NGA,South West,169750,Households with electricity,74.6,1,NG,Nigeria,2015,NG2015MIS,HC_ELEC_H_ELC,260321010,I,433009,1433050,Region,South West,0,,0,1,HCELECHELC,NGMIS2015433009,2015,MIS,1567,1330,,,1
NGA,Ekiti,6470966,Households with electricity,81.9,1,NG,Nigeria,2015,NG2015MIS,HC_ELEC_H_ELC,260321010,I,433051,1433051,Region,..Ekiti,0,,0,1,HCELECHELC,NGMIS2015433051,2015,MIS,138,217,,,2
NGA,Lagos,3908116,Households with electricity,99.6,1,NG,Nigeria,2015,NG2015MIS,HC_ELEC_H_ELC,260321010,I,433052,1433052,Region,..Lagos,0,,0,1,HCELECHELC,NGMIS2015433052,2015,MIS,314,225,,,2
NGA,Ogun,6958597,Households with electricity,65.6,1,NG,Nigeria,2015,NG2015MIS,HC_ELEC_H_ELC,260321010,I,433053,1433053,Region,..Ogun,0,,0,1,HCELECHELC,NGMIS2015433053,2015,MIS,172,220,,,2
NGA,Ondo,282026,Households with electricity,56.9,1,NG,Nigeria,2015,NG2015MIS,HC_ELEC_H_ELC,260321010,I,433054,1433054,Region,..Ondo,0,,0,1,HCELECHELC,NGMIS2015433054,2015,MIS,248,223,,,2
NGA,Osun,614235,Households with electricity,81.2,1,NG,Nigeria,2015,NG2015MIS,HC_ELEC_H_ELC,260321010,I,433055,1433055,Region,..Osun,0,,0,1,HCELECHELC,NGMIS2015433055,2015,MIS,300,221,,,2
NGA,Oyo,7681599,Households with electricity,62.2,1,NG,Nigeria,2015,NG2015MIS,HC_ELEC_H_ELC,260321010,I,433056,1433056,Region,..Oyo,0,,0,1,HCELECHELC,NGMIS2015433056,2015,MIS,396,224,,,2
NGA,South South,4770833,Households with electricity,70.3,1,NG,Nigeria,2015,NG2015MIS,HC_ELEC_H_ELC,260321010,I,433010,1433060,Region,South South,0,,0,1,HCELECHELC,NGMIS2015433010,2015,MIS,1154,1281,,,1
NGA,Akwa Ibom,3173671,Households with electricity,78.7,1,NG,Nigeria,2015,NG2015MIS,HC_ELEC_H_ELC,260321010,I,433061,1433061,Region,..Akwa Ibom,0,,0,1,HCELECHELC,NGMIS2015433061,2015,MIS,204,220,,,2
NGA,Bayelsa,677502,Households with electricity,70.5,1,NG,Nigeria,2015,NG2015MIS,HC_ELEC_H_ELC,260321010,I,433062,1433062,Region,..Bayelsa,0,,0,1,HCELECHELC,NGMIS2015433062,2015,MIS,120,225,,,2
NGA,Cross River,6553374,Households with electricity,53,1,NG,Nigeria,2015,NG2015MIS,HC_ELEC_H_ELC,260321010,I,433063,1433063,Region,..Cross River,0,,0,1,HCELECHELC,NGMIS2015433063,2015,MIS,180,225,,,2
NGA,Delta,4146376,Households with electricity,73.1,1,NG,Nigeria,2015,NG2015MIS,HC_ELEC_H_ELC,260321010,I,433064,1433064,Region,..Delta,0,,0,1,HCELECHELC,NGMIS2015433064,2015,MIS,160,180,,,2
NGA,Edo,5396311,Households with electricity,89.3,1,NG,Nigeria,2015,NG2015MIS,HC_ELEC_H_ELC,260321010,I,433065,1433065,Region,..Edo,0,,0,1,HCELECHELC,NGMIS2015433065,2015,MIS,153,211,,,2
NGA,Rivers,150413,Households with electricity,64.3,1,NG,Nigeria,2015,NG2015MIS,HC_ELEC_H_ELC,260321010,I,433066,1433066,Region,..Rivers,0,,0,1,HCELECHELC,NGMIS2015433066,2015,MIS,337,220,,,2
NGA,North Central,1942617,Total fertility rate 15-49,5,1,NG,Nigeria,2018,NG2018DHS,FE_FRTR_W_TFR,11763080,I,433005,1433010,Region,North Central,0,,0,1,FEFRTRWTFR,NGDHS2018433005,2018,DHS,,,,,1
NGA,FCT Abuja,1943378,Total fertility rate 15-49,4.3,1,NG,Nigeria,2018,NG2018DHS,FE_FRTR_W_TFR,11763080,I,433011,1433011,Region,..FCT Abuja,0,,0,1,FEFRTRWTFR,NGDHS2018433011,2018,DHS,,,,,2
NGA,Benue,1927239,Total fertility rate 15-49,4.5,1,NG,Nigeria,2018,NG2018DHS,FE_FRTR_W_TFR,11763080,I,433012,1433012,Region,..Benue,0,,0,1,FEFRTRWTFR,NGDHS2018433012,2018,DHS,,,,,2
NGA,Kogi,1943342,Total fertility rate 15-49,4.8,1,NG,Nigeria,2018,NG2018DHS,FE_FRTR_W_TFR,11763080,I,433013,1433013,Region,..Kogi,0,,0,1,FEFRTRWTFR,NGDHS2018433013,2018,DHS,,,,,2
NGA,Kwara,1927233,Total fertility rate 15-49,5.2,1,NG,Nigeria,2018,NG2018DHS,FE_FRTR_W_TFR,11763080,I,433014,1433014,Region,..Kwara,0,,0,1,FEFRTRWTFR,NGDHS2018433014,2018,DHS,,,,,2
NGA,Nasarawa,4375813,Total fertility rate 15-49,5.3,1,NG,Nigeria,2018,NG2018DHS,FE_FRTR_W_TFR,11763080,I,433015,1433015,Region,..Nasarawa,0,,0,1,FEFRTRWTFR,NGDHS2018433015,2018,DHS,,,,,2
NGA,Niger,1942659,Total fertility rate 15-49,5.8,1,NG,Nigeria,2018,NG2018DHS,FE_FRTR_W_TFR,11763080,I,433016,1433016,Region,..Niger,0,,0,1,FEFRTRWTFR,NGDHS2018433016,2018,DHS,,,,,2
NGA,Plateau,1942673,Total fertility rate 15-49,4.7,1,NG,Nigeria,2018,NG2018DHS,FE_FRTR_W_TFR,11763080,I,433017,1433017,Region,..Plateau,0,,0,1,FEFRTRWTFR,NGDHS2018433017,2018,DHS,,,,,2
NGA,North East,1942635,Total fertility rate 15-49,6.1,1,NG,Nigeria,2018,NG2018DHS,FE_FRTR_W_TFR,11763080,I,433006,1433020,Region,North East,0,,0,1,FEFRTRWTFR,NGDHS2018433006,2018,DHS,,,,,1
NGA,Adamawa,1942646,Total fertility rate 15-49,6.1,1,NG,Nigeria,2018,NG2018DHS,FE_FRTR_W_TFR,11763080,I,433021,1433021,Region,..Adamawa,0,,0,1,FEFRTRWTFR,NGDHS2018433021,2018,DHS,,,,,2
NGA,Bauchi,1942639,Total fertility rate 15-49,7.2,1,NG,Nigeria,2018,NG2018DHS,FE_FRTR_W_TFR,11763080,I,433022,1433022,Region,..Bauchi,0,,0,1,FEFRTRWTFR,NGDHS2018433022,2018,DHS,,,,,2
NGA,Borno,1927251,Total fertility rate 15-49,5.2,1,NG,Nigeria,2018,NG2018DHS,FE_FRTR_W_TFR,11763080,I,433023,1433023,Region,..Borno,0,,0,1,FEFRTRWTFR,NGDHS2018433023,2018,DHS,,,,,2
NGA,Gombe,1942697,Total fertility rate 15-49,6.6,1,NG,Nigeria,2018,NG2018DHS,FE_FRTR_W_TFR,11763080,I,433024,1433024,Region,..Gombe,0,,0,1,FEFRTRWTFR,NGDHS2018433024,2018,DHS,,,,,2
NGA,Taraba,1943337,Total fertility rate 15-49,5.4,1,NG,Nigeria,2018,NG2018DHS,FE_FRTR_W_TFR,11763080,I,433025,1433025,Region,..Taraba,0,,0,1,FEFRTRWTFR,NGDHS2018433025,2018,DHS,,,,,2
NGA,Yobe,1927253,Total fertility rate 15-49,5.9,1,NG,Nigeria,2018,NG2018DHS,FE_FRTR_W_TFR,11763080,I,433026,1433026,Region,..Yobe,0,,0,1,FEFRTRWTFR,NGDHS2018433026,2018,DHS,,,,,2
NGA,North West,1942632,Total fertility rate 15-49,6.6,1,NG,Nigeria,2018,NG2018DHS,FE_FRTR_W_TFR,11763080,I,433007,1433030,Region,North West,0,,0,1,FEFRTRWTFR,NGDHS2018433007,2018,DHS,,,,,1
NGA,Jigawa,1935588,Total fertility rate 15-49,7.1,1,NG,Nigeria,2018,NG2018DHS,FE_FRTR_W_TFR,11763080,I,433031,1433031,Region,..Jigawa,0,,0,1,FEFRTRWTFR,NGDHS2018433031,2018,DHS,,,,,2
NGA,Kaduna,1935503,Total fertility rate 15-49,5.9,1,NG,Nigeria,2018,NG2018DHS,FE_FRTR_W_TFR,11763080,I,433032,1433032,Region,..Kaduna,0,,0,1,FEFRTRWTFR,NGDHS2018433032,2018,DHS,,,,,2
NGA,Kano,1935559,Total fertility rate 15-49,6.5,1,NG,Nigeria,2018,NG2018DHS,FE_FRTR_W_TFR,11763080,I,433033,1433033,Region,..Kano,0,,0,1,FEFRTRWTFR,NGDHS2018433033,2018,DHS,,,,,2
NGA,Katsina,1935578,Total fertility rate 15-49,7.3,1,NG,Nigeria,2018,NG2018DHS,FE_FRTR_W_TFR,11763080,I,433034,1433034,Region,..Katsina,0,,0,1,FEFRTRWTFR,NGDHS2018433034,2018,DHS,,,,,2
NGA,Kebbi,1943404,Total fertility rate 15-49,6.5,1,NG,Nigeria,2018,NG2018DHS,FE_FRTR_W_TFR,11763080,I,433035,1433035,Region,..Kebbi,0,,0,1,FEFRTRWTFR,NGDHS2018433035,2018,DHS,,,,,2
NGA,Sokoto,1935563,Total fertility rate 15-49,7,1,NG,Nigeria,2018,NG2018DHS,FE_FRTR_W_TFR,11763080,I,433036,1433036,Region,..Sokoto,0,,0,1,FEFRTRWTFR,NGDHS2018433036,2018,DHS,,,,,2
NGA,Zamfara,1943371,Total fertility rate 15-49,6.4,1,NG,Nigeria,2018,NG2018DHS,FE_FRTR_W_TFR,11763080,I,433037,1433037,Region,..Zamfara,0,,0,1,FEFRTRWTFR,NGDHS2018433037,2018,DHS,,,,,2
NGA,South East,1927208,Total fertility rate 15-49,4.7,1,NG,Nigeria,2018,NG2018DHS,FE_FRTR_W_TFR,11763080,I,433008,1433040,Region,South East,0,,0,1,FEFRTRWTFR,NGDHS2018433008,2018,DHS,,,,,1
NGA,Abia,1935492,Total fertility rate 15-49,4.9,1,NG,Nigeria,2018,NG2018DHS,FE_FRTR_W_TFR,11763080,I,433041,1433041,Region,..Abia,0,,0,1,FEFRTRWTFR,NGDHS2018433041,2018,DHS,,,,,2
NGA,Anambra,1943350,Total fertility rate 15-49,4.7,1,NG,Nigeria,2018,NG2018DHS,FE_FRTR_W_TFR,11763080,I,433042,1433042,Region,..Anambra,0,,0,1,FEFRTRWTFR,NGDHS2018433042,2018,DHS,,,,,2
NGA,Ebonyi,1951454,Total fertility rate 15-49,5.4,1,NG,Nigeria,2018,NG2018DHS,FE_FRTR_W_TFR,11763080,I,433043,1433043,Region,..Ebonyi,0,,0,1,FEFRTRWTFR,NGDHS2018433043,2018,DHS,,,,,2
NGA,Enugu,1943361,Total fertility rate 15-49,4.1,1,NG,Nigeria,2018,NG2018DHS,FE_FRTR_W_TFR,11763080,I,433044,1433044,Region,..Enugu,0,,0,1,FEFRTRWTFR,NGDHS2018433044,2018,DHS,,,,,2
NGA,Imo,1951474,Total fertility rate 15-49,4.5,1,NG,Nigeria,2018,NG2018DHS,FE_FRTR_W_TFR,11763080,I,433045,1433045,Region,..Imo,0,,0,1,FEFRTRWTFR,NGDHS2018433045,2018,DHS,,,,,2
NGA,South West,7760267,Total fertility rate 15-49,3.9,1,NG,Nigeria,2018,NG2018DHS,FE_FRTR_W_TFR,11763080,I,433009,1433050,Region,South West,0,,0,1,FEFRTRWTFR,NGDHS2018433009,2018,DHS,,,,,1
NGA,Ekiti,1951565,Total fertility rate 15-49,4.6,1,NG,Nigeria,2018,NG2018DHS,FE_FRTR_W_TFR,11763080,I,433051,1433051,Region,..Ekiti,0,,0,1,FEFRTRWTFR,NGDHS2018433051,2018,DHS,,,,,2
NGA,Lagos,1935639,Total fertility rate 15-49,3.4,1,NG,Nigeria,2018,NG2018DHS,FE_FRTR_W_TFR,11763080,I,433052,1433052,Region,..Lagos,0,,0,1,FEFRTRWTFR,NGDHS2018433052,2018,DHS,,,,,2
NGA,Ogun,1935628,Total fertility rate 15-49,3.8,1,NG,Nigeria,2018,NG2018DHS,FE_FRTR_W_TFR,11763080,I,433053,1433053,Region,..Ogun,0,,0,1,FEFRTRWTFR,NGDHS2018433053,2018,DHS,,,,,2
NGA,Ondo,1935598,Total fertility rate 15-49,4.1,1,NG,Nigeria,2018,NG2018DHS,FE_FRTR_W_TFR,11763080,I,433054,1433054,Region,..Ondo,0,,0,1,FEFRTRWTFR,NGDHS2018433054,2018,DHS,,,,,2
NGA,Osun,1935609,Total fertility rate 15-49,3.8,1,NG,Nigeria,2018,NG2018DHS,FE_FRTR_W_TFR,11763080,I,433055,1433055,Region,..Osun,0,,0,1,FEFRTRWTFR,NGDHS2018433055,2018,DHS,,,,,2
NGA,Oyo,1951551,Total fertility rate 15-49,4.5,1,NG,Nigeria,2018,NG2018DHS,FE_FRTR_W_TFR,11763080,I,433056,1433056,Region,..Oyo,0,,0,1,FEFRTRWTFR,NGDHS2018433056,2018,DHS,,,,,2
NGA,South South,1935482,Total fertility rate 15-49,4,1,NG,Nigeria,2018,NG2018DHS,FE_FRTR_W_TFR,11763080,I,433010,1433060,Region,South South,0,,0,1,FEFRTRWTFR,NGDHS2018433010,2018,DHS,,,,,1
NGA,Akwa Ibom,1942691,Total fertility rate 15-49,3.6,1,NG,Nigeria,2018,NG2018DHS,FE_FRTR_W_TFR,11763080,I,433061,1433061,Region,..Akwa Ibom,0,,0,1,FEFRTRWTFR,NGDHS2018433061,2018,DHS,,,,,2
NGA,Bayelsa,1951499,Total fertility rate 15-49,4.4,1,NG,Nigeria,2018,NG2018DHS,FE_FRTR_W_TFR,11763080,I,433062,1433062,Region,..Bayelsa,0,,0,1,FEFRTRWTFR,NGDHS2018433062,2018,DHS,,,,,2
NGA,Cross River,1943401,Total fertility rate 15-49,3.7,1,NG,Nigeria,2018,NG2018DHS,FE_FRTR_W_TFR,11763080,I,433063,1433063,Region,..Cross River,0,,0,1,FEFRTRWTFR,NGDHS2018433063,2018,DHS,,,,,2
NGA,Delta,1935594,Total fertility rate 15-49,4.4,1,NG,Nigeria,2018,NG2018DHS,FE_FRTR_W_TFR,11763080,I,433064,1433064,Region,..Delta,0,,0,1,FEFRTRWTFR,NGDHS2018433064,2018,DHS,,,,,2
NGA,Edo,1943514,Total fertility rate 15-49,4.8,1,NG,Nigeria,2018,NG2018DHS,FE_FRTR_W_TFR,11763080,I,433065,1433065,Region,..Edo,0,,0,1,FEFRTRWTFR,NGDHS2018433065,2018,DHS,,,,,2
NGA,Rivers,7832653,Total fertility rate 15-49,3.8,1,NG,Nigeria,2018,NG2018DHS,FE_FRTR_W_TFR,11763080,I,433066,1433066,Region,..Rivers,0,,0,1,FEFRTRWTFR,NGDHS2018433066,2018,DHS,,,,,2
NGA,North Central,3987289,Married women currently using any method of contraception,16.2,1,NG,Nigeria,2018,NG2018DHS,FP_CUSM_W_ANY,32633010,I,433005,1433010,Region,North Central,0,,0,1,FPCUSMWANY,NGDHS2018433005,2018,DHS,4086,5268,,,1
NGA,FCT Abuja,7173552,Married women currently using any method of contraception,23.9,1,NG,Nigeria,2018,NG2018DHS,FP_CUSM_W_ANY,32633010,I,433011,1433011,Region,..FCT Abuja,0,,0,1,FPCUSMWANY,NGDHS2018433011,2018,DHS,202,753,,,2
NGA,Benue,1608327,Married women currently using any method of contraception,17.1,1,NG,Nigeria,2018,NG2018DHS,FP_CUSM_W_ANY,32633010,I,433012,1433012,Region,..Benue,0,,0,1,FPCUSMWANY,NGDHS2018433012,2018,DHS,876,836,,,2
NGA,Kogi,5237380,Married women currently using any method of contraception,18.3,1,NG,Nigeria,2018,NG2018DHS,FP_CUSM_W_ANY,32633010,I,433013,1433013,Region,..Kogi,0,,0,1,FPCUSMWANY,NGDHS2018433013,2018,DHS,428,589,,,2
NGA,Kwara,3304705,Married women currently using any method of contraception,22.4,1,NG,Nigeria,2018,NG2018DHS,FP_CUSM_W_ANY,32633010,I,433014,1433014,Region,..Kwara,0,,0,1,FPCUSMWANY,NGDHS2018433014,2018,DHS,486,636,,,2
NGA,Nasarawa,3026971,Married women currently using any method of contraception,14.8,1,NG,Nigeria,2018,NG2018DHS,FP_CUSM_W_ANY,32633010,I,433015,1433015,Region,..Nasarawa,0,,0,1,FPCUSMWANY,NGDHS2018433015,2018,DHS,416,696,,,2
NGA,Niger,6695140,Married women currently using any method of contraception,7.6,1,NG,Nigeria,2018,NG2018DHS,FP_CUSM_W_ANY,32633010,I,433016,1433016,Region,..Niger,0,,0,1,FPCUSMWANY,NGDHS2018433016,2018,DHS,1108,1040,,,2
NGA,Plateau,1615447,Married women currently using any method of contraception,22.7,1,NG,Nigeria,2018,NG2018DHS,FP_CUSM_W_ANY,32633010,I,433017,1433017,Region,..Plateau,0,,0,1,FPCUSMWANY,NGDHS2018433017,2018,DHS,570,718,,,2
NGA,North East,201842,Married women currently using any method of contraception,9.5,1,NG,Nigeria,2018,NG2018DHS,FP_CUSM_W_ANY,32633010,I,433006,1433020,Region,North East,0,,0,1,FPCUSMWANY,NGDHS2018433006,2018,DHS,4841,5668,,,1
NGA,Adamawa,7413703,Married women currently using any method of contraception,25.1,1,NG,Nigeria,2018,NG2018DHS,FP_CUSM_W_ANY,32633010,I,433021,1433021,Region,..Adamawa,0,,0,1,FPCUSMWANY,NGDHS2018433021,2018,DHS,624,771,,,2
NGA,Bauchi,4392081,Married women currently using any method of contraception,6.5,1,NG,Nigeria,2018,NG2018DHS,FP_CUSM_W_ANY,32633010,I,433022,1433022,Region,..Bauchi,0,,0,1,FPCUSMWANY,NGDHS2018433022,2018,DHS,1134,1124,,,2
NGA,Borno,6115861,Married women currently using any method of contraception,6.2,1,NG,Nigeria,2018,NG2018DHS,FP_CUSM_W_ANY,32633010,I,433023,1433023,Region,..Borno,0,,0,1,FPCUSMWANY,NGDHS2018433023,2018,DHS,953,903,,,2
NGA,Gombe,2750479,Married women currently using any method of contraception,17,1,NG,Nigeria,2018,NG2018DHS,FP_CUSM_W_ANY,32633010,I,433024,1433024,Region,..Gombe,0,,0,1,FPCUSMWANY,NGDHS2018433024,2018,DHS,554,1018,,,2
NGA,Taraba,4992373,Married women currently using any method of contraception,10.3,1,NG,Nigeria,2018,NG2018DHS,FP_CUSM_W_ANY,32633010,I,433025,1433025,Region,..Taraba,0,,0,1,FPCUSMWANY,NGDHS2018433025,2018,DHS,580,837,,,2
NGA,Yobe,3877340,Married women currently using any method of contraception,1.9,1,NG,Nigeria,2018,NG2018DHS,FP_CUSM_W_ANY,32633010,I,433026,1433026,Region,..Yobe,0,,0,1,FPCUSMWANY,NGDHS2018433026,2018,DHS,996,1015,,,2
NGA,North West,3884238,Married women currently using any method of contraception,6.8,1,NG,Nigeria,2018,NG2018DHS,FP_CUSM_W_ANY,32633010,I,433007,1433030,Region,North West,0,,0,1,FPCUSMWANY,NGDHS2018433007,2018,DHS,9826,8115,,,1
NGA,Jigawa,1601268,Married women currently using any method of contraception,4,1,NG,Nigeria,2018,NG2018DHS,FP_CUSM_W_ANY,32633010,I,433031,1433031,Region,..Jigawa,0,,0,1,FPCUSMWANY,NGDHS2018433031,2018,DHS,1158,1165,,,2
NGA,Kaduna,5419251,Married women currently using any method of contraception,14.9,1,NG,Nigeria,2018,NG2018DHS,FP_CUSM_W_ANY,32633010,I,433032,1433032,Region,..Kaduna,0,,0,1,FPCUSMWANY,NGDHS2018433032,2018,DHS,1975,1242,,,2
NGA,Kano,3743861,Married women currently using any method of contraception,6.3,1,NG,Nigeria,2018,NG2018DHS,FP_CUSM_W_ANY,32633010,I,433033,1433033,Region,..Kano,0,,0,1,FPCUSMWANY,NGDHS2018433033,2018,DHS,2085,1541,,,2
NGA,Katsina,3053577,Married women currently using any method of contraception,3.4,1,NG,Nigeria,2018,NG2018DHS,FP_CUSM_W_ANY,32633010,I,433034,1433034,Region,..Katsina,0,,0,1,FPCUSMWANY,NGDHS2018433034,2018,DHS,1772,1132,,,2
NGA,Kebbi,6680560,Married women currently using any method of contraception,3.5,1,NG,Nigeria,2018,NG2018DHS,FP_CUSM_W_ANY,32633010,I,433035,1433035,Region,..Kebbi,0,,0,1,FPCUSMWANY,NGDHS2018433035,2018,DHS,945,1095,,,2
NGA,Sokoto,1601295,Married women currently using any method of contraception,2.3,1,NG,Nigeria,2018,NG2018DHS,FP_CUSM_W_ANY,32633010,I,433036,1433036,Region,..Sokoto,0,,0,1,FPCUSMWANY,NGDHS2018433036,2018,DHS,777,892,,,2
NGA,Zamfara,7036544,Married women currently using any method of contraception,7.3,1,NG,Nigeria,2018,NG2018DHS,FP_CUSM_W_ANY,32633010,I,433037,1433037,Region,..Zamfara,0,,0,1,FPCUSMWANY,NGDHS2018433037,2018,DHS,1116,1048,,,2
NGA,South East,6857216,Married women currently using any method of contraception,28.1,1,NG,Nigeria,2018,NG2018DHS,FP_CUSM_W_ANY,32633010,I,433008,1433040,Region,South East,0,,0,1,FPCUSMWANY,NGDHS2018433008,2018,DHS,2893,3207,,,1
NGA,Abia,4153392,Married women currently using any method of contraception,12.9,1,NG,Nigeria,2018,NG2018DHS,FP_CUSM_W_ANY,32633010,I,433041,1433041,Region,..Abia,0,,0,1,FPCUSMWANY,NGDHS2018433041,2018,DHS,376,581,,,2
NGA,Anambra,6177414,Married women currently using any method of contraception,44.6,1,NG,Nigeria,2018,NG2018DHS,FP_CUSM_W_ANY,32633010,I,433042,1433042,Region,..Anambra,0,,0,1,FPCUSMWANY,NGDHS2018433042,2018,DHS,905,746,,,2
NGA,Ebonyi,2730041,Married women currently using any method of contraception,8.2,1,NG,Nigeria,2018,NG2018DHS,FP_CUSM_W_ANY,32633010,I,433043,1433043,Region,..Ebonyi,0,,0,1,FPCUSMWANY,NGDHS2018433043,2018,DHS,600,756,,,2
NGA,Enugu,4992439,Married women currently using any method of contraception,30.9,1,NG,Nigeria,2018,NG2018DHS,FP_CUSM_W_ANY,32633010,I,433044,1433044,Region,..Enugu,0,,0,1,FPCUSMWANY,NGDHS2018433044,2018,DHS,458,534,,,2
NGA,Imo,1608369,Married women currently using any method of contraception,30.7,1,NG,Nigeria,2018,NG2018DHS,FP_CUSM_W_ANY,32633010,I,433045,1433045,Region,..Imo,0,,0,1,FPCUSMWANY,NGDHS2018433045,2018,DHS,554,590,,,2
NGA,South West,7734642,Married women currently using any method of contraception,35.1,1,NG,Nigeria,2018,NG2018DHS,FP_CUSM_W_ANY,32633010,I,433009,1433050,Region,South West,0,,0,1,FPCUSMWANY,NGDHS2018433009,2018,DHS,4666,3668,,,1
NGA,Ekiti,5425895,Married women currently using any method of contraception,38.5,1,NG,Nigeria,2018,NG2018DHS,FP_CUSM_W_ANY,32633010,I,433051,1433051,Region,..Ekiti,0,,0,1,FPCUSMWANY,NGDHS2018433051,2018,DHS,326,505,,,2
NGA,Lagos,3743870,Married women currently using any method of contraception,49.4,1,NG,Nigeria,2018,NG2018DHS,FP_CUSM_W_ANY,32633010,I,433052,1433052,Region,..Lagos,0,,0,1,FPCUSMWANY,NGDHS2018433052,2018,DHS,1645,836,,,2
NGA,Ogun,3053592,Married women currently using any method of contraception,32.1,1,NG,Nigeria,2018,NG2018DHS,FP_CUSM_W_ANY,32633010,I,433053,1433053,Region,..Ogun,0,,0,1,FPCUSMWANY,NGDHS2018433053,2018,DHS,624,534,,,2
NGA,Ondo,6674504,Married women currently using any method of contraception,20.1,1,NG,Nigeria,2018,NG2018DHS,FP_CUSM_W_ANY,32633010,I,433054,1433054,Region,..Ondo,0,,0,1,FPCUSMWANY,NGDHS2018433054,2018,DHS,421,552,,,2
NGA,Osun,4385226,Married women currently using any method of contraception,29.4,1,NG,Nigeria,2018,NG2018DHS,FP_CUSM_W_ANY,32633010,I,433055,1433055,Region,..Osun,0,,0,1,FPCUSMWANY,NGDHS2018433055,2018,DHS,625,558,,,2
NGA,Oyo,7029900,Married women currently using any method of contraception,22.6,1,NG,Nigeria,2018,NG2018DHS,FP_CUSM_W_ANY,32633010,I,433056,1433056,Region,..Oyo,0,,0,1,FPCUSMWANY,NGDHS2018433056,2018,DHS,1024,683,,,2
NGA,South South,1601255,Married women currently using any method of contraception,21.7,1,NG,Nigeria,2018,NG2018DHS,FP_CUSM_W_ANY,32633010,I,433010,1433060,Region,South South,0,,0,1,FPCUSMWANY,NGDHS2018433010,2018,DHS,2777,2962,,,1
NGA,Akwa Ibom,6394677,Married women currently using any method of contraception,19.8,1,NG,Nigeria,2018,NG2018DHS,FP_CUSM_W_ANY,32633010,I,433061,1433061,Region,..Akwa Ibom,0,,0,1,FPCUSMWANY,NGDHS2018433061,2018,DHS,490,508,,,2
NGA,Bayelsa,4202558,Married women currently using any method of contraception,3.7,1,NG,Nigeria,2018,NG2018DHS,FP_CUSM_W_ANY,32633010,I,433062,1433062,Region,..Bayelsa,0,,0,1,FPCUSMWANY,NGDHS2018433062,2018,DHS,195,503,,,2
NGA,Cross River,4991834,Married women currently using any method of contraception,20,1,NG,Nigeria,2018,NG2018DHS,FP_CUSM_W_ANY,32633010,I,433063,1433063,Region,..Cross River,0,,0,1,FPCUSMWANY,NGDHS2018433063,2018,DHS,318,422,,,2
NGA,Delta,2677316,Married women currently using any method of contraception,16.5,1,NG,Nigeria,2018,NG2018DHS,FP_CUSM_W_ANY,32633010,I,433064,1433064,Region,..Delta,0,,0,1,FPCUSMWANY,NGDHS2018433064,2018,DHS,551,470,,,2
NGA,Edo,245906,Married women currently using any method of contraception,19.4,1,NG,Nigeria,2018,NG2018DHS,FP_CUSM_W_ANY,32633010,I,433065,1433065,Region,..Edo,0,,0,1,FPCUSMWANY,NGDHS2018433065,2018,DHS,370,438,,,2
NGA,Rivers,7831249,Married women currently using any method of contraception,32,1,NG,Nigeria,2018,NG2018DHS,FP_CUSM_W_ANY,32633010,I,433066,1433066,Region,..Rivers,0,,0,1,FPCUSMWANY,NGDHS2018433066,2018,DHS,855,621,,,2
NGA,North Central,3987290,Married women currently using any modern method of contraception,13.8,1,NG,Nigeria,2018,NG2018DHS,FP_CUSM_W_MOD,32633020,I,433005,1433010,Region,North Central,0,,0,1,FPCUSMWMOD,NGDHS2018433005,2018,DHS,4086,5268,,,1
NGA,FCT Abuja,7173553,Married women currently using any modern method of contraception,20.3,1,NG,Nigeria,2018,NG2018DHS,FP_CUSM_W_MOD,32633020,I,433011,1433011,Region,..FCT Abuja,0,,0,1,FPCUSMWMOD,NGDHS2018433011,2018,DHS,202,753,,,2
NGA,Benue,1608328,Married women currently using any modern method of contraception,15.5,1,NG,Nigeria,2018,NG2018DHS,FP_CUSM_W_MOD,32633020,I,433012,1433012,Region,..Benue,0,,0,1,FPCUSMWMOD,NGDHS2018433012,2018,DHS,876,836,,,2
NGA,Kogi,5237381,Married women currently using any modern method of contraception,11.8,1,NG,Nigeria,2018,NG2018DHS,FP_CUSM_W_MOD,32633020,I,433013,1433013,Region,..Kogi,0,,0,1,FPCUSMWMOD,NGDHS2018433013,2018,DHS,428,589,,,2
NGA,Kwara,3304713,Married women currently using any modern method of contraception,17.1,1,NG,Nigeria,2018,NG2018DHS,FP_CUSM_W_MOD,32633020,I,433014,1433014,Region,..Kwara,0,,0,1,FPCUSMWMOD,NGDHS2018433014,2018,DHS,486,636,,,2
NGA,Nasarawa,3026972,Married women currently using any modern method of contraception,14.3,1,NG,Nigeria,2018,NG2018DHS,FP_CUSM_W_MOD,32633020,I,433015,1433015,Region,..Nasarawa,0,,0,1,FPCUSMWMOD,NGDHS2018433015,2018,DHS,416,696,,,2
NGA,Niger,6695141,Married women currently using any modern method of contraception,6.4,1,NG,Nigeria,2018,NG2018DHS,FP_CUSM_W_MOD,32633020,I,433016,1433016,Region,..Niger,0,,0,1,FPCUSMWMOD,NGDHS2018433016,2018,DHS,1108,1040,,,2
NGA,Plateau,1615457,Married women currently using any modern method of contraception,21.4,1,NG,Nigeria,2018,NG2018DHS,FP_CUSM_W_MOD,32633020,I,433017,1433017,Region,..Plateau,0,,0,1,FPCUSMWMOD,NGDHS2018433017,2018,DHS,570,718,,,2
NGA,North East,201843,Married women currently using any modern method of contraception,7.8,1,NG,Nigeria,2018,NG2018DHS,FP_CUSM_W_MOD,32633020,I,433006,1433020,Region,North East,0,,0,1,FPCUSMWMOD,NGDHS2018433006,2018,DHS,4841,5668,,,1
NGA,Adamawa,7413704,Married women currently using any modern method of contraception,18.2,1,NG,Nigeria,2018,NG2018DHS,FP_CUSM_W_MOD,32633020,I,433021,1433021,Region,..Adamawa,0,,0,1,FPCUSMWMOD,NGDHS2018433021,2018,DHS,624,771,,,2
NGA,Bauchi,4392082,Married women currently using any modern method of contraception,5.2,1,NG,Nigeria,2018,NG2018DHS,FP_CUSM_W_MOD,32633020,I,433022,1433022,Region,..Bauchi,0,,0,1,FPCUSMWMOD,NGDHS2018433022,2018,DHS,1134,1124,,,2
NGA,Borno,6115862,Married women currently using any modern method of contraception,5.4,1,NG,Nigeria,2018,NG2018DHS,FP_CUSM_W_MOD,32633020,I,433023,1433023,Region,..Borno,0,,0,1,FPCUSMWMOD,NGDHS2018433023,2018,DHS,953,903,,,2
NGA,Gombe,2750480,Married women currently using any modern method of contraception,16.2,1,NG,Nigeria,2018,NG2018DHS,FP_CUSM_W_MOD,32633020,I,433024,1433024,Region,..Gombe,0,,0,1,FPCUSMWMOD,NGDHS2018433024,2018,DHS,554,1018,,,2
NGA,Taraba,4992376,Married women currently using any modern method of contraception,8.6,1,NG,Nigeria,2018,NG2018DHS,FP_CUSM_W_MOD,32633020,I,433025,1433025,Region,..Taraba,0,,0,1,FPCUSMWMOD,NGDHS2018433025,2018,DHS,580,837,,,2
NGA,Yobe,3877341,Married women currently using any modern method of contraception,1.7,1,NG,Nigeria,2018,NG2018DHS,FP_CUSM_W_MOD,32633020,I,433026,1433026,Region,..Yobe,0,,0,1,FPCUSMWMOD,NGDHS2018433026,2018,DHS,996,1015,,,2
NGA,North West,3884239,Married women currently using any modern method of contraception,6.2,1,NG,Nigeria,2018,NG2018DHS,FP_CUSM_W_MOD,32633020,I,433007,1433030,Region,North West,0,,0,1,FPCUSMWMOD,NGDHS2018433007,2018,DHS,9826,8115,,,1
NGA,Jigawa,1601269,Married women currently using any modern method of contraception,3.9,1,NG,Nigeria,2018,NG2018DHS,FP_CUSM_W_MOD,32633020,I,433031,1433031,Region,..Jigawa,0,,0,1,FPCUSMWMOD,NGDHS2018433031,2018,DHS,1158,1165,,,2
NGA,Kaduna,5419252,Married women currently using any modern method of contraception,13.7,1,NG,Nigeria,2018,NG2018DHS,FP_CUSM_W_MOD,32633020,I,433032,1433032,Region,..Kaduna,0,,0,1,FPCUSMWMOD,NGDHS2018433032,2018,DHS,1975,1242,,,2
NGA,Kano,3743889,Married women currently using any modern method of contraception,5.6,1,NG,Nigeria,2018,NG2018DHS,FP_CUSM_W_MOD,32633020,I,433033,1433033,Region,..Kano,0,,0,1,FPCUSMWMOD,NGDHS2018433033,2018,DHS,2085,1541,,,2
NGA,Katsina,3053578,Married women currently using any modern method of contraception,3.3,1,NG,Nigeria,2018,NG2018DHS,FP_CUSM_W_MOD,32633020,I,433034,1433034,Region,..Katsina,0,,0,1,FPCUSMWMOD,NGDHS2018433034,2018,DHS,1772,1132,,,2
NGA,Kebbi,6680561,Married women currently using any modern method of contraception,3.2,1,NG,Nigeria,2018,NG2018DHS,FP_CUSM_W_MOD,32633020,I,433035,1433035,Region,..Kebbi,0,,0,1,FPCUSMWMOD,NGDHS2018433035,2018,DHS,945,1095,,,2
NGA,Sokoto,1601296,Married women currently using any modern method of contraception,2.1,1,NG,Nigeria,2018,NG2018DHS,FP_CUSM_W_MOD,32633020,I,433036,1433036,Region,..Sokoto,0,,0,1,FPCUSMWMOD,NGDHS2018433036,2018,DHS,777,892,,,2
NGA,Zamfara,7036545,Married women currently using any modern method of contraception,6.7,1,NG,Nigeria,2018,NG2018DHS,FP_CUSM_W_MOD,32633020,I,433037,1433037,Region,..Zamfara,0,,0,1,FPCUSMWMOD,NGDHS2018433037,2018,DHS,1116,1048,,,2
NGA,South East,6857217,Married women currently using any modern method of contraception,12.9,1,NG,Nigeria,2018,NG2018DHS,FP_CUSM_W_MOD,32633020,I,433008,1433040,Region,South East,0,,0,1,FPCUSMWMOD,NGDHS2018433008,2018,DHS,2893,3207,,,1
NGA,Abia,4153393,Married women currently using any modern method of contraception,10.8,1,NG,Nigeria,2018,NG2018DHS,FP_CUSM_W_MOD,32633020,I,433041,1433041,Region,..Abia,0,,0,1,FPCUSMWMOD,NGDHS2018433041,2018,DHS,376,581,,,2
NGA,Anambra,6177415,Married women currently using any modern method of contraception,17.2,1,NG,Nigeria,2018,NG2018DHS,FP_CUSM_W_MOD,32633020,I,433042,1433042,Region,..Anambra,0,,0,1,FPCUSMWMOD,NGDHS2018433042,2018,DHS,905,746,,,2
NGA,Ebonyi,2730042,Married women currently using any modern method of contraception,5.9,1,NG,Nigeria,2018,NG2018DHS,FP_CUSM_W_MOD,32633020,I,433043,1433043,Region,..Ebonyi,0,,0,1,FPCUSMWMOD,NGDHS2018433043,2018,DHS,600,756,,,2
NGA,Enugu,4992440,Married women currently using any modern method of contraception,17.6,1,NG,Nigeria,2018,NG2018DHS,FP_CUSM_W_MOD,32633020,I,433044,1433044,Region,..Enugu,0,,0,1,FPCUSMWMOD,NGDHS2018433044,2018,DHS,458,534,,,2
NGA,Imo,1608370,Married women currently using any modern method of contraception,10.9,1,NG,Nigeria,2018,NG2018DHS,FP_CUSM_W_MOD,32633020,I,433045,1433045,Region,..Imo,0,,0,1,FPCUSMWMOD,NGDHS2018433045,2018,DHS,554,590,,,2
NGA,South West,7734643,Married women currently using any modern method of contraception,24.4,1,NG,Nigeria,2018,NG2018DHS,FP_CUSM_W_MOD,32633020,I,433009,1433050,Region,South West,0,,0,1,FPCUSMWMOD,NGDHS2018433009,2018,DHS,4666,3668,,,1
NGA,Ekiti,5425896,Married women currently using any modern method of contraception,25.4,1,NG,Nigeria,2018,NG2018DHS,FP_CUSM_W_MOD,32633020,I,433051,1433051,Region,..Ekiti,0,,0,1,FPCUSMWMOD,NGDHS2018433051,2018,DHS,326,505,,,2
NGA,Lagos,3743871,Married women currently using any modern method of contraception,29.1,1,NG,Nigeria,2018,NG2018DHS,FP_CUSM_W_MOD,32633020,I,433052,1433052,Region,..Lagos,0,,0,1,FPCUSMWMOD,NGDHS2018433052,2018,DHS,1645,836,,,2
NGA,Ogun,3053593,Married women currently using any modern method of contraception,16.6,1,NG,Nigeria,2018,NG2018DHS,FP_CUSM_W_MOD,32633020,I,433053,1433053,Region,..Ogun,0,,0,1,FPCUSMWMOD,NGDHS2018433053,2018,DHS,624,534,,,2
NGA,Ondo,6674505,Married women currently using any modern method of contraception,17.7,1,NG,Nigeria,2018,NG2018DHS,FP_CUSM_W_MOD,32633020,I,433054,1433054,Region,..Ondo,0,,0,1,FPCUSMWMOD,NGDHS2018433054,2018,DHS,421,552,,,2
NGA,Osun,4385227,Married women currently using any modern method of contraception,27,1,NG,Nigeria,2018,NG2018DHS,FP_CUSM_W_MOD,32633020,I,433055,1433055,Region,..Osun,0,,0,1,FPCUSMWMOD,NGDHS2018433055,2018,DHS,625,558,,,2
NGA,Oyo,7029901,Married women currently using any modern method of contraception,22.2,1,NG,Nigeria,2018,NG2018DHS,FP_CUSM_W_MOD,32633020,I,433056,1433056,Region,..Oyo,0,,0,1,FPCUSMWMOD,NGDHS2018433056,2018,DHS,1024,683,,,2
NGA,South South,1601256,Married women currently using any modern method of contraception,15.8,1,NG,Nigeria,2018,NG2018DHS,FP_CUSM_W_MOD,32633020,I,433010,1433060,Region,South South,0,,0,1,FPCUSMWMOD,NGDHS2018433010,2018,DHS,2777,2962,,,1
NGA,Akwa Ibom,6394678,Married women currently using any modern method of contraception,15.7,1,NG,Nigeria,2018,NG2018DHS,FP_CUSM_W_MOD,32633020,I,433061,1433061,Region,..Akwa Ibom,0,,0,1,FPCUSMWMOD,NGDHS2018433061,2018,DHS,490,508,,,2
NGA,Bayelsa,4202599,Married women currently using any modern method of contraception,3.3,1,NG,Nigeria,2018,NG2018DHS,FP_CUSM_W_MOD,32633020,I,433062,1433062,Region,..Bayelsa,0,,0,1,FPCUSMWMOD,NGDHS2018433062,2018,DHS,195,503,,,2
NGA,Cross River,4991835,Married women currently using any modern method of contraception,18.9,1,NG,Nigeria,2018,NG2018DHS,FP_CUSM_W_MOD,32633020,I,433063,1433063,Region,..Cross River,0,,0,1,FPCUSMWMOD,NGDHS2018433063,2018,DHS,318,422,,,2
NGA,Delta,2677317,Married women currently using any modern method of contraception,12.9,1,NG,Nigeria,2018,NG2018DHS,FP_CUSM_W_MOD,32633020,I,433064,1433064,Region,..Delta,0,,0,1,FPCUSMWMOD,NGDHS2018433064,2018,DHS,551,470,,,2
NGA,Edo,245907,Married women currently using any modern method of contraception,15,1,NG,Nigeria,2018,NG2018DHS,FP_CUSM_W_MOD,32633020,I,433065,1433065,Region,..Edo,0,,0,1,FPCUSMWMOD,NGDHS2018433065,2018,DHS,370,438,,,2
NGA,Rivers,7831250,Married women currently using any modern method of contraception,19.6,1,NG,Nigeria,2018,NG2018DHS,FP_CUSM_W_MOD,32633020,I,433066,1433066,Region,..Rivers,0,,0,1,FPCUSMWMOD,NGDHS2018433066,2018,DHS,855,621,,,2
NGA,North Central,1615572,Unmet need for family planning,20.5,1,NG,Nigeria,2018,NG2018DHS,FP_NADM_W_UNT,32933030,I,433005,1433010,Region,North Central,0,,0,1,FPNADMWUNT,NGDHS2018433005,2018,DHS,4086,5268,,,1
NGA,FCT Abuja,3471287,Unmet need for family planning,19.1,1,NG,Nigeria,2018,NG2018DHS,FP_NADM_W_UNT,32933030,I,433011,1433011,Region,..FCT Abuja,0,,0,1,FPNADMWUNT,NGDHS2018433011,2018,DHS,202,753,,,2
NGA,Benue,4310309,Unmet need for family planning,16.7,1,NG,Nigeria,2018,NG2018DHS,FP_NADM_W_UNT,32933030,I,433012,1433012,Region,..Benue,0,,0,1,FPNADMWUNT,NGDHS2018433012,2018,DHS,876,836,,,2
NGA,Kogi,5903047,Unmet need for family planning,25.9,1,NG,Nigeria,2018,NG2018DHS,FP_NADM_W_UNT,32933030,I,433013,1433013,Region,..Kogi,0,,0,1,FPNADMWUNT,NGDHS2018433013,2018,DHS,428,589,,,2
NGA,Kwara,5172287,Unmet need for family planning,24.4,1,NG,Nigeria,2018,NG2018DHS,FP_NADM_W_UNT,32933030,I,433014,1433014,Region,..Kwara,0,,0,1,FPNADMWUNT,NGDHS2018433014,2018,DHS,486,636,,,2
NGA,Nasarawa,5149874,Unmet need for family planning,23.7,1,NG,Nigeria,2018,NG2018DHS,FP_NADM_W_UNT,32933030,I,433015,1433015,Region,..Nasarawa,0,,0,1,FPNADMWUNT,NGDHS2018433015,2018,DHS,416,696,,,2
NGA,Niger,3269761,Unmet need for family planning,19.2,1,NG,Nigeria,2018,NG2018DHS,FP_NADM_W_UNT,32933030,I,433016,1433016,Region,..Niger,0,,0,1,FPNADMWUNT,NGDHS2018433016,2018,DHS,1108,1040,,,2
NGA,Plateau,1615612,Unmet need for family planning,19.8,1,NG,Nigeria,2018,NG2018DHS,FP_NADM_W_UNT,32933030,I,433017,1433017,Region,..Plateau,0,,0,1,FPNADMWUNT,NGDHS2018433017,2018,DHS,570,718,,,2
NGA,North East,6260138,Unmet need for family planning,19,1,NG,Nigeria,2018,NG2018DHS,FP_NADM_W_UNT,32933030,I,433006,1433020,Region,North East,0,,0,1,FPNADMWUNT,NGDHS2018433006,2018,DHS,4841,5668,,,1
NGA,Adamawa,4677130,Unmet need for family planning,10.2,1,NG,Nigeria,2018,NG2018DHS,FP_NADM_W_UNT,32933030,I,433021,1433021,Region,..Adamawa,0,,0,1,FPNADMWUNT,NGDHS2018433021,2018,DHS,624,771,,,2
NGA,Bauchi,40429,Unmet need for family planning,20.8,1,NG,Nigeria,2018,NG2018DHS,FP_NADM_W_UNT,32933030,I,433022,1433022,Region,..Bauchi,0,,0,1,FPNADMWUNT,NGDHS2018433022,2018,DHS,1134,1124,,,2
NGA,Borno,2587775,Unmet need for family planning,26,1,NG,Nigeria,2018,NG2018DHS,FP_NADM_W_UNT,32933030,I,433023,1433023,Region,..Borno,0,,0,1,FPNADMWUNT,NGDHS2018433023,2018,DHS,953,903,,,2
NGA,Gombe,1615621,Unmet need for family planning,16.8,1,NG,Nigeria,2018,NG2018DHS,FP_NADM_W_UNT,32933030,I,433024,1433024,Region,..Gombe,0,,0,1,FPNADMWUNT,NGDHS2018433024,2018,DHS,554,1018,,,2
NGA,Taraba,5898306,Unmet need for family planning,13.1,1,NG,Nigeria,2018,NG2018DHS,FP_NADM_W_UNT,32933030,I,433025,1433025,Region,..Taraba,0,,0,1,FPNADMWUNT,NGDHS2018433025,2018,DHS,580,837,,,2
NGA,Yobe,4202481,Unmet need for family planning,20.6,1,NG,Nigeria,2018,NG2018DHS,FP_NADM_W_UNT,32933030,I,433026,1433026,Region,..Yobe,0,,0,1,FPNADMWUNT,NGDHS2018433026,2018,DHS,996,1015,,,2
NGA,North West,4224057,Unmet need for family planning,14.4,1,NG,Nigeria,2018,NG2018DHS,FP_NADM_W_UNT,32933030,I,433007,1433030,Region,North West,0,,0,1,FPNADMWUNT,NGDHS2018433007,2018,DHS,9826,8115,,,1
NGA,Jigawa,4302469,Unmet need for family planning,14.5,1,NG,Nigeria,2018,NG2018DHS,FP_NADM_W_UNT,32933030,I,433031,1433031,Region,..Jigawa,0,,0,1,FPNADMWUNT,NGDHS2018433031,2018,DHS,1158,1165,,,2
NGA,Kaduna,5910071,Unmet need for family planning,12.3,1,NG,Nigeria,2018,NG2018DHS,FP_NADM_W_UNT,32933030,I,433032,1433032,Region,..Kaduna,0,,0,1,FPNADMWUNT,NGDHS2018433032,2018,DHS,1975,1242,,,2
NGA,Kano,1601494,Unmet need for family planning,16.5,1,NG,Nigeria,2018,NG2018DHS,FP_NADM_W_UNT,32933030,I,433033,1433033,Region,..Kano,0,,0,1,FPNADMWUNT,NGDHS2018433033,2018,DHS,2085,1541,,,2
NGA,Katsina,5133932,Unmet need for family planning,15.7,1,NG,Nigeria,2018,NG2018DHS,FP_NADM_W_UNT,32933030,I,433034,1433034,Region,..Katsina,0,,0,1,FPNADMWUNT,NGDHS2018433034,2018,DHS,1772,1132,,,2
NGA,Kebbi,3255626,Unmet need for family planning,11.8,1,NG,Nigeria,2018,NG2018DHS,FP_NADM_W_UNT,32933030,I,433035,1433035,Region,..Kebbi,0,,0,1,FPNADMWUNT,NGDHS2018433035,2018,DHS,945,1095,,,2
NGA,Sokoto,1601500,Unmet need for family planning,13,1,NG,Nigeria,2018,NG2018DHS,FP_NADM_W_UNT,32933030,I,433036,1433036,Region,..Sokoto,0,,0,1,FPNADMWUNT,NGDHS2018433036,2018,DHS,777,892,,,2
NGA,Zamfara,7305860,Unmet need for family planning,15,1,NG,Nigeria,2018,NG2018DHS,FP_NADM_W_UNT,32933030,I,433037,1433037,Region,..Zamfara,0,,0,1,FPNADMWUNT,NGDHS2018433037,2018,DHS,1116,1048,,,2
NGA,South East,7068918,Unmet need for family planning,17.7,1,NG,Nigeria,2018,NG2018DHS,FP_NADM_W_UNT,32933030,I,433008,1433040,Region,South East,0,,0,1,FPNADMWUNT,NGDHS2018433008,2018,DHS,2893,3207,,,1
NGA,Abia,4647757,Unmet need for family planning,28.5,1,NG,Nigeria,2018,NG2018DHS,FP_NADM_W_UNT,32933030,I,433041,1433041,Region,..Abia,0,,0,1,FPNADMWUNT,NGDHS2018433041,2018,DHS,376,581,,,2
NGA,Anambra,2578725,Unmet need for family planning,9.6,1,NG,Nigeria,2018,NG2018DHS,FP_NADM_W_UNT,32933030,I,433042,1433042,Region,..Anambra,0,,0,1,FPNADMWUNT,NGDHS2018433042,2018,DHS,905,746,,,2
NGA,Ebonyi,6803754,Unmet need for family planning,23,1,NG,Nigeria,2018,NG2018DHS,FP_NADM_W_UNT,32933030,I,433043,1433043,Region,..Ebonyi,0,,0,1,FPNADMWUNT,NGDHS2018433043,2018,DHS,600,756,,,2
NGA,Enugu,5898315,Unmet need for family planning,13.8,1,NG,Nigeria,2018,NG2018DHS,FP_NADM_W_UNT,32933030,I,433044,1433044,Region,..Enugu,0,,0,1,FPNADMWUNT,NGDHS2018433044,2018,DHS,458,534,,,2
NGA,Imo,4082808,Unmet need for family planning,21,1,NG,Nigeria,2018,NG2018DHS,FP_NADM_W_UNT,32933030,I,433045,1433045,Region,..Imo,0,,0,1,FPNADMWUNT,NGDHS2018433045,2018,DHS,554,590,,,2
NGA,South West,7757969,Unmet need for family planning,22.3,1,NG,Nigeria,2018,NG2018DHS,FP_NADM_W_UNT,32933030,I,433009,1433050,Region,South West,0,,0,1,FPNADMWUNT,NGDHS2018433009,2018,DHS,4666,3668,,,1
NGA,Ekiti,5918579,Unmet need for family planning,18.2,1,NG,Nigeria,2018,NG2018DHS,FP_NADM_W_UNT,32933030,I,433051,1433051,Region,..Ekiti,0,,0,1,FPNADMWUNT,NGDHS2018433051,2018,DHS,326,505,,,2
NGA,Lagos,2965934,Unmet need for family planning,16.5,1,NG,Nigeria,2018,NG2018DHS,FP_NADM_W_UNT,32933030,I,433052,1433052,Region,..Lagos,0,,0,1,FPNADMWUNT,NGDHS2018433052,2018,DHS,1645,836,,,2
NGA,Ogun,6991100,Unmet need for family planning,17.6,1,NG,Nigeria,2018,NG2018DHS,FP_NADM_W_UNT,32933030,I,433053,1433053,Region,..Ogun,0,,0,1,FPNADMWUNT,NGDHS2018433053,2018,DHS,624,534,,,2
NGA,Ondo,805818,Unmet need for family planning,29.4,1,NG,Nigeria,2018,NG2018DHS,FP_NADM_W_UNT,32933030,I,433054,1433054,Region,..Ondo,0,,0,1,FPNADMWUNT,NGDHS2018433054,2018,DHS,421,552,,,2
NGA,Osun,1601529,Unmet need for family planning,25.6,1,NG,Nigeria,2018,NG2018DHS,FP_NADM_W_UNT,32933030,I,433055,1433055,Region,..Osun,0,,0,1,FPNADMWUNT,NGDHS2018433055,2018,DHS,625,558,,,2
NGA,Oyo,7320817,Unmet need for family planning,30.6,1,NG,Nigeria,2018,NG2018DHS,FP_NADM_W_UNT,32933030,I,433056,1433056,Region,..Oyo,0,,0,1,FPNADMWUNT,NGDHS2018433056,2018,DHS,1024,683,,,2
NGA,South South,3176734,Unmet need for family planning,27.8,1,NG,Nigeria,2018,NG2018DHS,FP_NADM_W_UNT,32933030,I,433010,1433060,Region,South South,0,,0,1,FPNADMWUNT,NGDHS2018433010,2018,DHS,2777,2962,,,1
NGA,Akwa Ibom,2592662,Unmet need for family planning,32,1,NG,Nigeria,2018,NG2018DHS,FP_NADM_W_UNT,32933030,I,433061,1433061,Region,..Akwa Ibom,0,,0,1,FPNADMWUNT,NGDHS2018433061,2018,DHS,490,508,,,2
NGA,Bayelsa,4682885,Unmet need for family planning,29.9,1,NG,Nigeria,2018,NG2018DHS,FP_NADM_W_UNT,32933030,I,433062,1433062,Region,..Bayelsa,0,,0,1,FPNADMWUNT,NGDHS2018433062,2018,DHS,195,503,,,2
NGA,Cross River,5871212,Unmet need for family planning,34.5,1,NG,Nigeria,2018,NG2018DHS,FP_NADM_W_UNT,32933030,I,433063,1433063,Region,..Cross River,0,,0,1,FPNADMWUNT,NGDHS2018433063,2018,DHS,318,422,,,2
NGA,Delta,1601554,Unmet need for family planning,23.7,1,NG,Nigeria,2018,NG2018DHS,FP_NADM_W_UNT,32933030,I,433064,1433064,Region,..Delta,0,,0,1,FPNADMWUNT,NGDHS2018433064,2018,DHS,551,470,,,2
NGA,Edo,5518807,Unmet need for family planning,32.7,1,NG,Nigeria,2018,NG2018DHS,FP_NADM_W_UNT,32933030,I,433065,1433065,Region,..Edo,0,,0,1,FPNADMWUNT,NGDHS2018433065,2018,DHS,370,438,,,2
NGA,Rivers,7832324,Unmet need for family planning,23,1,NG,Nigeria,2018,NG2018DHS,FP_NADM_W_UNT,32933030,I,433066,1433066,Region,..Rivers,0,,0,1,FPNADMWUNT,NGDHS2018433066,2018,DHS,855,621,,,2
NGA,North Central,1615581,Demand for family planning satisfied by modern methods,37.6,1,NG,Nigeria,2018,NG2018DHS,FP_NADM_W_PDM,32933150,I,433005,1433010,Region,North Central,0,,0,1,FPNADMWPDM,NGDHS2018433005,2018,DHS,1498,2002,,,1
NGA,FCT Abuja,4830100,Demand for family planning satisfied by modern methods,47.2,1,NG,Nigeria,2018,NG2018DHS,FP_NADM_W_PDM,32933150,I,433011,1433011,Region,..FCT Abuja,0,,0,1,FPNADMWPDM,NGDHS2018433011,2018,DHS,87,315,,,2
NGA,Benue,2902624,Demand for family planning satisfied by modern methods,45.8,1,NG,Nigeria,2018,NG2018DHS,FP_NADM_W_PDM,32933150,I,433012,1433012,Region,..Benue,0,,0,1,FPNADMWPDM,NGDHS2018433012,2018,DHS,296,280,,,2
NGA,Kogi,5411853,Demand for family planning satisfied by modern methods,26.8,1,NG,Nigeria,2018,NG2018DHS,FP_NADM_W_PDM,32933150,I,433013,1433013,Region,..Kogi,0,,0,1,FPNADMWPDM,NGDHS2018433013,2018,DHS,189,255,,,2
NGA,Kwara,7266788,Demand for family planning satisfied by modern methods,36.6,1,NG,Nigeria,2018,NG2018DHS,FP_NADM_W_PDM,32933150,I,433014,1433014,Region,..Kwara,0,,0,1,FPNADMWPDM,NGDHS2018433014,2018,DHS,227,305,,,2
NGA,Nasarawa,3933535,Demand for family planning satisfied by modern methods,37,1,NG,Nigeria,2018,NG2018DHS,FP_NADM_W_PDM,32933150,I,433015,1433015,Region,..Nasarawa,0,,0,1,FPNADMWPDM,NGDHS2018433015,2018,DHS,160,265,,,2
NGA,Niger,6633090,Demand for family planning satisfied by modern methods,24,1,NG,Nigeria,2018,NG2018DHS,FP_NADM_W_PDM,32933150,I,433016,1433016,Region,..Niger,0,,0,1,FPNADMWPDM,NGDHS2018433016,2018,DHS,297,284,,,2
NGA,Plateau,1615619,Demand for family planning satisfied by modern methods,50.4,1,NG,Nigeria,2018,NG2018DHS,FP_NADM_W_PDM,32933150,I,433017,1433017,Region,..Plateau,0,,0,1,FPNADMWPDM,NGDHS2018433017,2018,DHS,242,298,,,2
NGA,North East,5715988,Demand for family planning satisfied by modern methods,27.4,1,NG,Nigeria,2018,NG2018DHS,FP_NADM_W_PDM,32933150,I,433006,1433020,Region,North East,0,,0,1,FPNADMWPDM,NGDHS2018433006,2018,DHS,1383,1641,,,1
NGA,Adamawa,5810651,Demand for family planning satisfied by modern methods,51.7,1,NG,Nigeria,2018,NG2018DHS,FP_NADM_W_PDM,32933150,I,433021,1433021,Region,..Adamawa,0,,0,1,FPNADMWPDM,NGDHS2018433021,2018,DHS,220,271,,,2
NGA,Bauchi,4696684,Demand for family planning satisfied by modern methods,18.9,1,NG,Nigeria,2018,NG2018DHS,FP_NADM_W_PDM,32933150,I,433022,1433022,Region,..Bauchi,0,,0,1,FPNADMWPDM,NGDHS2018433022,2018,DHS,309,301,,,2
NGA,Borno,6314234,Demand for family planning satisfied by modern methods,16.8,1,NG,Nigeria,2018,NG2018DHS,FP_NADM_W_PDM,32933150,I,433023,1433023,Region,..Borno,0,,0,1,FPNADMWPDM,NGDHS2018433023,2018,DHS,307,287,,,2
NGA,Gombe,2667243,Demand for family planning satisfied by modern methods,48,1,NG,Nigeria,2018,NG2018DHS,FP_NADM_W_PDM,32933150,I,433024,1433024,Region,..Gombe,0,,0,1,FPNADMWPDM,NGDHS2018433024,2018,DHS,187,361,,,2
NGA,Taraba,5710007,Demand for family planning satisfied by modern methods,36.5,1,NG,Nigeria,2018,NG2018DHS,FP_NADM_W_PDM,32933150,I,433025,1433025,Region,..Taraba,0,,0,1,FPNADMWPDM,NGDHS2018433025,2018,DHS,136,197,,,2
NGA,Yobe,3364465,Demand for family planning satisfied by modern methods,7.4,1,NG,Nigeria,2018,NG2018DHS,FP_NADM_W_PDM,32933150,I,433026,1433026,Region,..Yobe,0,,0,1,FPNADMWPDM,NGDHS2018433026,2018,DHS,224,224,,,2
NGA,North West,3373886,Demand for family planning satisfied by modern methods,29.5,1,NG,Nigeria,2018,NG2018DHS,FP_NADM_W_PDM,32933150,I,433007,1433030,Region,North West,0,,0,1,FPNADMWPDM,NGDHS2018433007,2018,DHS,2077,1692,,,1
NGA,Jigawa,1601534,Demand for family planning satisfied by modern methods,21.1,1,NG,Nigeria,2018,NG2018DHS,FP_NADM_W_PDM,32933150,I,433031,1433031,Region,..Jigawa,0,,0,1,FPNADMWPDM,NGDHS2018433031,2018,DHS,214,215,,,2
NGA,Kaduna,5419719,Demand for family planning satisfied by modern methods,50.6,1,NG,Nigeria,2018,NG2018DHS,FP_NADM_W_PDM,32933150,I,433032,1433032,Region,..Kaduna,0,,0,1,FPNADMWPDM,NGDHS2018433032,2018,DHS,537,359,,,2
NGA,Kano,7252262,Demand for family planning satisfied by modern methods,24.7,1,NG,Nigeria,2018,NG2018DHS,FP_NADM_W_PDM,32933150,I,433033,1433033,Region,..Kano,0,,0,1,FPNADMWPDM,NGDHS2018433033,2018,DHS,476,349,,,2
NGA,Katsina,3925532,Demand for family planning satisfied by modern methods,17.1,1,NG,Nigeria,2018,NG2018DHS,FP_NADM_W_PDM,32933150,I,433034,1433034,Region,..Katsina,0,,0,1,FPNADMWPDM,NGDHS2018433034,2018,DHS,339,227,,,2
NGA,Kebbi,6757062,Demand for family planning satisfied by modern methods,20.8,1,NG,Nigeria,2018,NG2018DHS,FP_NADM_W_PDM,32933150,I,433035,1433035,Region,..Kebbi,0,,0,1,FPNADMWPDM,NGDHS2018433035,2018,DHS,144,168,,,2
NGA,Sokoto,1601513,Demand for family planning satisfied by modern methods,13.8,1,NG,Nigeria,2018,NG2018DHS,FP_NADM_W_PDM,32933150,I,433036,1433036,Region,..Sokoto,0,,0,1,FPNADMWPDM,NGDHS2018433036,2018,DHS,119,145,,,2
NGA,Zamfara,412360,Demand for family planning satisfied by modern methods,29.9,1,NG,Nigeria,2018,NG2018DHS,FP_NADM_W_PDM,32933150,I,433037,1433037,Region,..Zamfara,0,,0,1,FPNADMWPDM,NGDHS2018433037,2018,DHS,249,229,,,2
NGA,South East,1608543,Demand for family planning satisfied by modern methods,28.1,1,NG,Nigeria,2018,NG2018DHS,FP_NADM_W_PDM,32933150,I,433008,1433040,Region,South East,0,,0,1,FPNADMWPDM,NGDHS2018433008,2018,DHS,1325,1432,,,1
NGA,Abia,4697388,Demand for family planning satisfied by modern methods,26.1,1,NG,Nigeria,2018,NG2018DHS,FP_NADM_W_PDM,32933150,I,433041,1433041,Region,..Abia,0,,0,1,FPNADMWPDM,NGDHS2018433041,2018,DHS,155,238,,,2
NGA,Anambra,6322426,Demand for family planning satisfied by modern methods,31.8,1,NG,Nigeria,2018,NG2018DHS,FP_NADM_W_PDM,32933150,I,433042,1433042,Region,..Anambra,0,,0,1,FPNADMWPDM,NGDHS2018433042,2018,DHS,491,411,,,2
NGA,Ebonyi,4141814,Demand for family planning satisfied by modern methods,19,1,NG,Nigeria,2018,NG2018DHS,FP_NADM_W_PDM,32933150,I,433043,1433043,Region,..Ebonyi,0,,0,1,FPNADMWPDM,NGDHS2018433043,2018,DHS,188,237,,,2
NGA,Enugu,5736210,Demand for family planning satisfied by modern methods,39.2,1,NG,Nigeria,2018,NG2018DHS,FP_NADM_W_PDM,32933150,I,433044,1433044,Region,..Enugu,0,,0,1,FPNADMWPDM,NGDHS2018433044,2018,DHS,205,236,,,2
NGA,Imo,3364467,Demand for family planning satisfied by modern methods,21.1,1,NG,Nigeria,2018,NG2018DHS,FP_NADM_W_PDM,32933150,I,433045,1433045,Region,..Imo,0,,0,1,FPNADMWPDM,NGDHS2018433045,2018,DHS,286,310,,,2
NGA,South West,7729345,Demand for family planning satisfied by modern methods,42.4,1,NG,Nigeria,2018,NG2018DHS,FP_NADM_W_PDM,32933150,I,433009,1433050,Region,South West,0,,0,1,FPNADMWPDM,NGDHS2018433009,2018,DHS,2678,2044,,,1
NGA,Ekiti,5596036,Demand for family planning satisfied by modern methods,44.7,1,NG,Nigeria,2018,NG2018DHS,FP_NADM_W_PDM,32933150,I,433051,1433051,Region,..Ekiti,0,,0,1,FPNADMWPDM,NGDHS2018433051,2018,DHS,185,300,,,2
NGA,Lagos,7288210,Demand for family planning satisfied by modern methods,44.1,1,NG,Nigeria,2018,NG2018DHS,FP_NADM_W_PDM,32933150,I,433052,1433052,Region,..Lagos,0,,0,1,FPNADMWPDM,NGDHS2018433052,2018,DHS,1085,542,,,2
NGA,Ogun,3925560,Demand for family planning satisfied by modern methods,33.4,1,NG,Nigeria,2018,NG2018DHS,FP_NADM_W_PDM,32933150,I,433053,1433053,Region,..Ogun,0,,0,1,FPNADMWPDM,NGDHS2018433053,2018,DHS,311,266,,,2
NGA,Ondo,6764229,Demand for family planning satisfied by modern methods,35.8,1,NG,Nigeria,2018,NG2018DHS,FP_NADM_W_PDM,32933150,I,433054,1433054,Region,..Ondo,0,,0,1,FPNADMWPDM,NGDHS2018433054,2018,DHS,209,269,,,2
NGA,Osun,1601518,Demand for family planning satisfied by modern methods,49.1,1,NG,Nigeria,2018,NG2018DHS,FP_NADM_W_PDM,32933150,I,433055,1433055,Region,..Osun,0,,0,1,FPNADMWPDM,NGDHS2018433055,2018,DHS,344,305,,,2
NGA,Oyo,542708,Demand for family planning satisfied by modern methods,41.8,1,NG,Nigeria,2018,NG2018DHS,FP_NADM_W_PDM,32933150,I,433056,1433056,Region,..Oyo,0,,0,1,FPNADMWPDM,NGDHS2018433056,2018,DHS,545,362,,,2
NGA,South South,4502190,Demand for family planning satisfied by modern methods,31.8,1,NG,Nigeria,2018,NG2018DHS,FP_NADM_W_PDM,32933150,I,433010,1433060,Region,South South,0,,0,1,FPNADMWPDM,NGDHS2018433010,2018,DHS,1376,1408,,,1
NGA,Akwa Ibom,6467394,Demand for family planning satisfied by modern methods,30.4,1,NG,Nigeria,2018,NG2018DHS,FP_NADM_W_PDM,32933150,I,433061,1433061,Region,..Akwa Ibom,0,,0,1,FPNADMWPDM,NGDHS2018433061,2018,DHS,254,257,,,2
NGA,Bayelsa,4141816,Demand for family planning satisfied by modern methods,9.9,1,NG,Nigeria,2018,NG2018DHS,FP_NADM_W_PDM,32933150,I,433062,1433062,Region,..Bayelsa,0,,0,1,FPNADMWPDM,NGDHS2018433062,2018,DHS,65,171,,,2
NGA,Cross River,4518690,Demand for family planning satisfied by modern methods,34.6,1,NG,Nigeria,2018,NG2018DHS,FP_NADM_W_PDM,32933150,I,433063,1433063,Region,..Cross River,0,,0,1,FPNADMWPDM,NGDHS2018433063,2018,DHS,173,226,,,2
NGA,Delta,775068,Demand for family planning satisfied by modern methods,32,1,NG,Nigeria,2018,NG2018DHS,FP_NADM_W_PDM,32933150,I,433064,1433064,Region,..Delta,0,,0,1,FPNADMWPDM,NGDHS2018433064,2018,DHS,221,181,,,2
NGA,Edo,5623079,Demand for family planning satisfied by modern methods,28.9,1,NG,Nigeria,2018,NG2018DHS,FP_NADM_W_PDM,32933150,I,433065,1433065,Region,..Edo,0,,0,1,FPNADMWPDM,NGDHS2018433065,2018,DHS,192,226,,,2
NGA,Rivers,7830058,Demand for family planning satisfied by modern methods,35.7,1,NG,Nigeria,2018,NG2018DHS,FP_NADM_W_PDM,32933150,I,433066,1433066,Region,..Rivers,0,,0,1,FPNADMWPDM,NGDHS2018433066,2018,DHS,470,347,,,2
NGA,North Central,1493011,Median age at first marriage [Women]: 25-49,19,1,NG,Nigeria,2018,NG2018DHS,MA_AAFM_W_M2B,41633090,I,433005,1433010,Region,North Central,0,,0,1,MAAAFMWM2B,NGDHS2018433005,2018,DHS,,,,,1
NGA,FCT Abuja,1468776,Median age at first marriage [Women]: 25-49,21.5,1,NG,Nigeria,2018,NG2018DHS,MA_AAFM_W_M2B,41633090,I,433011,1433011,Region,..FCT Abuja,0,,0,1,MAAAFMWM2B,NGDHS2018433011,2018,DHS,,,,,2
NGA,Benue,1485411,Median age at first marriage [Women]: 25-49,19,1,NG,Nigeria,2018,NG2018DHS,MA_AAFM_W_M2B,41633090,I,433012,1433012,Region,..Benue,0,,0,1,MAAAFMWM2B,NGDHS2018433012,2018,DHS,,,,,2
NGA,Kogi,1468752,Median age at first marriage [Women]: 25-49,19.6,1,NG,Nigeria,2018,NG2018DHS,MA_AAFM_W_M2B,41633090,I,433013,1433013,Region,..Kogi,0,,0,1,MAAAFMWM2B,NGDHS2018433013,2018,DHS,,,,,2
NGA,Kwara,1485456,Median age at first marriage [Women]: 25-49,21.1,1,NG,Nigeria,2018,NG2018DHS,MA_AAFM_W_M2B,41633090,I,433014,1433014,Region,..Kwara,0,,0,1,MAAAFMWM2B,NGDHS2018433014,2018,DHS,,,,,2
NGA,Nasarawa,4374066,Median age at first marriage [Women]: 25-49,19.1,1,NG,Nigeria,2018,NG2018DHS,MA_AAFM_W_M2B,41633090,I,433015,1433015,Region,..Nasarawa,0,,0,1,MAAAFMWM2B,NGDHS2018433015,2018,DHS,,,,,2
NGA,Niger,1493166,Median age at first marriage [Women]: 25-49,17.5,1,NG,Nigeria,2018,NG2018DHS,MA_AAFM_W_M2B,41633090,I,433016,1433016,Region,..Niger,0,,0,1,MAAAFMWM2B,NGDHS2018433016,2018,DHS,,,,,2
NGA,Plateau,1493116,Median age at first marriage [Women]: 25-49,19.6,1,NG,Nigeria,2018,NG2018DHS,MA_AAFM_W_M2B,41633090,I,433017,1433017,Region,..Plateau,0,,0,1,MAAAFMWM2B,NGDHS2018433017,2018,DHS,,,,,2
NGA,North East,1493021,Median age at first marriage [Women]: 25-49,16.6,1,NG,Nigeria,2018,NG2018DHS,MA_AAFM_W_M2B,41633090,I,433006,1433020,Region,North East,0,,0,1,MAAAFMWM2B,NGDHS2018433006,2018,DHS,,,,,1
NGA,Adamawa,1493062,Median age at first marriage [Women]: 25-49,19.2,1,NG,Nigeria,2018,NG2018DHS,MA_AAFM_W_M2B,41633090,I,433021,1433021,Region,..Adamawa,0,,0,1,MAAAFMWM2B,NGDHS2018433021,2018,DHS,,,,,2
NGA,Bauchi,1493058,Median age at first marriage [Women]: 25-49,15.5,1,NG,Nigeria,2018,NG2018DHS,MA_AAFM_W_M2B,41633090,I,433022,1433022,Region,..Bauchi,0,,0,1,MAAAFMWM2B,NGDHS2018433022,2018,DHS,,,,,2
NGA,Borno,1485420,Median age at first marriage [Women]: 25-49,17.4,1,NG,Nigeria,2018,NG2018DHS,MA_AAFM_W_M2B,41633090,I,433023,1433023,Region,..Borno,0,,0,1,MAAAFMWM2B,NGDHS2018433023,2018,DHS,,,,,2
NGA,Gombe,1493072,Median age at first marriage [Women]: 25-49,15.8,1,NG,Nigeria,2018,NG2018DHS,MA_AAFM_W_M2B,41633090,I,433024,1433024,Region,..Gombe,0,,0,1,MAAAFMWM2B,NGDHS2018433024,2018,DHS,,,,,2
NGA,Taraba,1468738,Median age at first marriage [Women]: 25-49,18,1,NG,Nigeria,2018,NG2018DHS,MA_AAFM_W_M2B,41633090,I,433025,1433025,Region,..Taraba,0,,0,1,MAAAFMWM2B,NGDHS2018433025,2018,DHS,,,,,2
NGA,Yobe,1485484,Median age at first marriage [Women]: 25-49,15.9,1,NG,Nigeria,2018,NG2018DHS,MA_AAFM_W_M2B,41633090,I,433026,1433026,Region,..Yobe,0,,0,1,MAAAFMWM2B,NGDHS2018433026,2018,DHS,,,,,2
NGA,North West,1493035,Median age at first marriage [Women]: 25-49,15.8,1,NG,Nigeria,2018,NG2018DHS,MA_AAFM_W_M2B,41633090,I,433007,1433030,Region,North West,0,,0,1,MAAAFMWM2B,NGDHS2018433007,2018,DHS,,,,,1
NGA,Jigawa,1477702,Median age at first marriage [Women]: 25-49,15.7,1,NG,Nigeria,2018,NG2018DHS,MA_AAFM_W_M2B,41633090,I,433031,1433031,Region,..Jigawa,0,,0,1,MAAAFMWM2B,NGDHS2018433031,2018,DHS,,,,,2
NGA,Kaduna,1477733,Median age at first marriage [Women]: 25-49,16.7,1,NG,Nigeria,2018,NG2018DHS,MA_AAFM_W_M2B,41633090,I,433032,1433032,Region,..Kaduna,0,,0,1,MAAAFMWM2B,NGDHS2018433032,2018,DHS,,,,,2
NGA,Kano,1477764,Median age at first marriage [Women]: 25-49,15.9,1,NG,Nigeria,2018,NG2018DHS,MA_AAFM_W_M2B,41633090,I,433033,1433033,Region,..Kano,0,,0,1,MAAAFMWM2B,NGDHS2018433033,2018,DHS,,,,,2
NGA,Katsina,1477735,Median age at first marriage [Women]: 25-49,15.3,1,NG,Nigeria,2018,NG2018DHS,MA_AAFM_W_M2B,41633090,I,433034,1433034,Region,..Katsina,0,,0,1,MAAAFMWM2B,NGDHS2018433034,2018,DHS,,,,,2
NGA,Kebbi,1468749,Median age at first marriage [Women]: 25-49,15.7,1,NG,Nigeria,2018,NG2018DHS,MA_AAFM_W_M2B,41633090,I,433035,1433035,Region,..Kebbi,0,,0,1,MAAAFMWM2B,NGDHS2018433035,2018,DHS,,,,,2
NGA,Sokoto,1477767,Median age at first marriage [Women]: 25-49,15.9,1,NG,Nigeria,2018,NG2018DHS,MA_AAFM_W_M2B,41633090,I,433036,1433036,Region,..Sokoto,0,,0,1,MAAAFMWM2B,NGDHS2018433036,2018,DHS,,,,,2
NGA,Zamfara,1468730,Median age at first marriage [Women]: 25-49,15.5,1,NG,Nigeria,2018,NG2018DHS,MA_AAFM_W_M2B,41633090,I,433037,1433037,Region,..Zamfara,0,,0,1,MAAAFMWM2B,NGDHS2018433037,2018,DHS,,,,,2
NGA,South East,1485394,Median age at first marriage [Women]: 25-49,23.6,1,NG,Nigeria,2018,NG2018DHS,MA_AAFM_W_M2B,41633090,I,433008,1433040,Region,South East,0,,0,1,MAAAFMWM2B,NGDHS2018433008,2018,DHS,,,,,1
NGA,Abia,1477715,Median age at first marriage [Women]: 25-49,25,1,NG,Nigeria,2018,NG2018DHS,MA_AAFM_W_M2B,41633090,I,433041,1433041,Region,..Abia,0,,0,1,MAAAFMWM2B,NGDHS2018433041,2018,DHS,,,,,2
NGA,Anambra,1468785,Median age at first marriage [Women]: 25-49,23.5,1,NG,Nigeria,2018,NG2018DHS,MA_AAFM_W_M2B,41633090,I,433042,1433042,Region,..Anambra,0,,0,1,MAAAFMWM2B,NGDHS2018433042,2018,DHS,,,,,2
NGA,Ebonyi,1485469,Median age at first marriage [Women]: 25-49,21,1,NG,Nigeria,2018,NG2018DHS,MA_AAFM_W_M2B,41633090,I,433043,1433043,Region,..Ebonyi,0,,0,1,MAAAFMWM2B,NGDHS2018433043,2018,DHS,,,,,2
NGA,Enugu,1468751,Median age at first marriage [Women]: 25-49,23.2,1,NG,Nigeria,2018,NG2018DHS,MA_AAFM_W_M2B,41633090,I,433044,1433044,Region,..Enugu,0,,0,1,MAAAFMWM2B,NGDHS2018433044,2018,DHS,,,,,2
NGA,South West,7758092,Median age at first marriage [Women]: 25-49,23.3,1,NG,Nigeria,2018,NG2018DHS,MA_AAFM_W_M2B,41633090,I,433009,1433050,Region,South West,0,,0,1,MAAAFMWM2B,NGDHS2018433009,2018,DHS,,,,,1
NGA,Ekiti,1485496,Median age at first marriage [Women]: 25-49,21.5,1,NG,Nigeria,2018,NG2018DHS,MA_AAFM_W_M2B,41633090,I,433051,1433051,Region,..Ekiti,0,,0,1,MAAAFMWM2B,NGDHS2018433051,2018,DHS,,,,,2
NGA,Ogun,1477737,Median age at first marriage [Women]: 25-49,23,1,NG,Nigeria,2018,NG2018DHS,MA_AAFM_W_M2B,41633090,I,433053,1433053,Region,..Ogun,0,,0,1,MAAAFMWM2B,NGDHS2018433053,2018,DHS,,,,,2
NGA,Ondo,1477710,Median age at first marriage [Women]: 25-49,21.4,1,NG,Nigeria,2018,NG2018DHS,MA_AAFM_W_M2B,41633090,I,433054,1433054,Region,..Ondo,0,,0,1,MAAAFMWM2B,NGDHS2018433054,2018,DHS,,,,,2
NGA,Osun,1477786,Median age at first marriage [Women]: 25-49,21.5,1,NG,Nigeria,2018,NG2018DHS,MA_AAFM_W_M2B,41633090,I,433055,1433055,Region,..Osun,0,,0,1,MAAAFMWM2B,NGDHS2018433055,2018,DHS,,,,,2
NGA,Oyo,1485473,Median age at first marriage [Women]: 25-49,22.4,1,NG,Nigeria,2018,NG2018DHS,MA_AAFM_W_M2B,41633090,I,433056,1433056,Region,..Oyo,0,,0,1,MAAAFMWM2B,NGDHS2018433056,2018,DHS,,,,,2
NGA,South South,1477678,Median age at first marriage [Women]: 25-49,22.5,1,NG,Nigeria,2018,NG2018DHS,MA_AAFM_W_M2B,41633090,I,433010,1433060,Region,South South,0,,0,1,MAAAFMWM2B,NGDHS2018433010,2018,DHS,,,,,1
NGA,Akwa Ibom,1493168,Median age at first marriage [Women]: 25-49,21.8,1,NG,Nigeria,2018,NG2018DHS,MA_AAFM_W_M2B,41633090,I,433061,1433061,Region,..Akwa Ibom,0,,0,1,MAAAFMWM2B,NGDHS2018433061,2018,DHS,,,,,2
NGA,Bayelsa,1485472,Median age at first marriage [Women]: 25-49,20.5,1,NG,Nigeria,2018,NG2018DHS,MA_AAFM_W_M2B,41633090,I,433062,1433062,Region,..Bayelsa,0,,0,1,MAAAFMWM2B,NGDHS2018433062,2018,DHS,,,,,2
NGA,Cross River,1468765,Median age at first marriage [Women]: 25-49,22.4,1,NG,Nigeria,2018,NG2018DHS,MA_AAFM_W_M2B,41633090,I,433063,1433063,Region,..Cross River,0,,0,1,MAAAFMWM2B,NGDHS2018433063,2018,DHS,,,,,2
NGA,Delta,1477795,Median age at first marriage [Women]: 25-49,22.2,1,NG,Nigeria,2018,NG2018DHS,MA_AAFM_W_M2B,41633090,I,433064,1433064,Region,..Delta,0,,0,1,MAAAFMWM2B,NGDHS2018433064,2018,DHS,,,,,2
NGA,Edo,1468820,Median age at first marriage [Women]: 25-49,21.7,1,NG,Nigeria,2018,NG2018DHS,MA_AAFM_W_M2B,41633090,I,433065,1433065,Region,..Edo,0,,0,1,MAAAFMWM2B,NGDHS2018433065,2018,DHS,,,,,2
NGA,Rivers,7832798,Median age at first marriage [Women]: 25-49,24.2,1,NG,Nigeria,2018,NG2018DHS,MA_AAFM_W_M2B,41633090,I,433066,1433066,Region,..Rivers,0,,0,1,MAAAFMWM2B,NGDHS2018433066,2018,DHS,,,,,2
NGA,North Central,1493573,Median age at first sexual intercourse [Women]: 25-49,17.4,1,NG,Nigeria,2018,NG2018DHS,SX_AAFS_W_M2B,51703090,I,433005,1433010,Region,North Central,0,,0,1,SXAAFSWM2B,NGDHS2018433005,2018,DHS,,,,,1
NGA,FCT Abuja,1469283,Median age at first sexual intercourse [Women]: 25-49,18.2,1,NG,Nigeria,2018,NG2018DHS,SX_AAFS_W_M2B,51703090,I,433011,1433011,Region,..FCT Abuja,0,,0,1,SXAAFSWM2B,NGDHS2018433011,2018,DHS,,,,,2
NGA,Benue,1485878,Median age at first sexual intercourse [Women]: 25-49,16.6,1,NG,Nigeria,2018,NG2018DHS,SX_AAFS_W_M2B,51703090,I,433012,1433012,Region,..Benue,0,,0,1,SXAAFSWM2B,NGDHS2018433012,2018,DHS,,,,,2
NGA,Kogi,1469161,Median age at first sexual intercourse [Women]: 25-49,17.2,1,NG,Nigeria,2018,NG2018DHS,SX_AAFS_W_M2B,51703090,I,433013,1433013,Region,..Kogi,0,,0,1,SXAAFSWM2B,NGDHS2018433013,2018,DHS,,,,,2
NGA,Kwara,1485914,Median age at first sexual intercourse [Women]: 25-49,18.5,1,NG,Nigeria,2018,NG2018DHS,SX_AAFS_W_M2B,51703090,I,433014,1433014,Region,..Kwara,0,,0,1,SXAAFSWM2B,NGDHS2018433014,2018,DHS,,,,,2
NGA,Nasarawa,4374046,Median age at first sexual intercourse [Women]: 25-49,18.2,1,NG,Nigeria,2018,NG2018DHS,SX_AAFS_W_M2B,51703090,I,433015,1433015,Region,..Nasarawa,0,,0,1,SXAAFSWM2B,NGDHS2018433015,2018,DHS,,,,,2
NGA,Niger,1493621,Median age at first sexual intercourse [Women]: 25-49,16.8,1,NG,Nigeria,2018,NG2018DHS,SX_AAFS_W_M2B,51703090,I,433016,1433016,Region,..Niger,0,,0,1,SXAAFSWM2B,NGDHS2018433016,2018,DHS,,,,,2
NGA,Plateau,1493650,Median age at first sexual intercourse [Women]: 25-49,18.2,1,NG,Nigeria,2018,NG2018DHS,SX_AAFS_W_M2B,51703090,I,433017,1433017,Region,..Plateau,0,,0,1,SXAAFSWM2B,NGDHS2018433017,2018,DHS,,,,,2
NGA,North East,1493565,Median age at first sexual intercourse [Women]: 25-49,15.9,1,NG,Nigeria,2018,NG2018DHS,SX_AAFS_W_M2B,51703090,I,433006,1433020,Region,North East,0,,0,1,SXAAFSWM2B,NGDHS2018433006,2018,DHS,,,,,1
NGA,Adamawa,1493617,Median age at first sexual intercourse [Women]: 25-49,17,1,NG,Nigeria,2018,NG2018DHS,SX_AAFS_W_M2B,51703090,I,433021,1433021,Region,..Adamawa,0,,0,1,SXAAFSWM2B,NGDHS2018433021,2018,DHS,,,,,2
NGA,Bauchi,1493602,Median age at first sexual intercourse [Women]: 25-49,15.4,1,NG,Nigeria,2018,NG2018DHS,SX_AAFS_W_M2B,51703090,I,433022,1433022,Region,..Bauchi,0,,0,1,SXAAFSWM2B,NGDHS2018433022,2018,DHS,,,,,2
NGA,Borno,1485936,Median age at first sexual intercourse [Women]: 25-49,17.3,1,NG,Nigeria,2018,NG2018DHS,SX_AAFS_W_M2B,51703090,I,433023,1433023,Region,..Borno,0,,0,1,SXAAFSWM2B,NGDHS2018433023,2018,DHS,,,,,2
NGA,Gombe,1493583,Median age at first sexual intercourse [Women]: 25-49,15.8,1,NG,Nigeria,2018,NG2018DHS,SX_AAFS_W_M2B,51703090,I,433024,1433024,Region,..Gombe,0,,0,1,SXAAFSWM2B,NGDHS2018433024,2018,DHS,,,,,2
NGA,Taraba,1469301,Median age at first sexual intercourse [Women]: 25-49,15.9,1,NG,Nigeria,2018,NG2018DHS,SX_AAFS_W_M2B,51703090,I,433025,1433025,Region,..Taraba,0,,0,1,SXAAFSWM2B,NGDHS2018433025,2018,DHS,,,,,2
NGA,Yobe,1485974,Median age at first sexual intercourse [Women]: 25-49,15.6,1,NG,Nigeria,2018,NG2018DHS,SX_AAFS_W_M2B,51703090,I,433026,1433026,Region,..Yobe,0,,0,1,SXAAFSWM2B,NGDHS2018433026,2018,DHS,,,,,2
NGA,North West,1493540,Median age at first sexual intercourse [Women]: 25-49,15.7,1,NG,Nigeria,2018,NG2018DHS,SX_AAFS_W_M2B,51703090,I,433007,1433030,Region,North West,0,,0,1,SXAAFSWM2B,NGDHS2018433007,2018,DHS,,,,,1
NGA,Jigawa,1478255,Median age at first sexual intercourse [Women]: 25-49,15.7,1,NG,Nigeria,2018,NG2018DHS,SX_AAFS_W_M2B,51703090,I,433031,1433031,Region,..Jigawa,0,,0,1,SXAAFSWM2B,NGDHS2018433031,2018,DHS,,,,,2
NGA,Kaduna,1478194,Median age at first sexual intercourse [Women]: 25-49,15.8,1,NG,Nigeria,2018,NG2018DHS,SX_AAFS_W_M2B,51703090,I,433032,1433032,Region,..Kaduna,0,,0,1,SXAAFSWM2B,NGDHS2018433032,2018,DHS,,,,,2
NGA,Kano,1478211,Median age at first sexual intercourse [Women]: 25-49,15.8,1,NG,Nigeria,2018,NG2018DHS,SX_AAFS_W_M2B,51703090,I,433033,1433033,Region,..Kano,0,,0,1,SXAAFSWM2B,NGDHS2018433033,2018,DHS,,,,,2
NGA,Katsina,1478235,Median age at first sexual intercourse [Women]: 25-49,15.3,1,NG,Nigeria,2018,NG2018DHS,SX_AAFS_W_M2B,51703090,I,433034,1433034,Region,..Katsina,0,,0,1,SXAAFSWM2B,NGDHS2018433034,2018,DHS,,,,,2
NGA,Kebbi,1469310,Median age at first sexual intercourse [Women]: 25-49,15.8,1,NG,Nigeria,2018,NG2018DHS,SX_AAFS_W_M2B,51703090,I,433035,1433035,Region,..Kebbi,0,,0,1,SXAAFSWM2B,NGDHS2018433035,2018,DHS,,,,,2
NGA,Sokoto,1478229,Median age at first sexual intercourse [Women]: 25-49,15.6,1,NG,Nigeria,2018,NG2018DHS,SX_AAFS_W_M2B,51703090,I,433036,1433036,Region,..Sokoto,0,,0,1,SXAAFSWM2B,NGDHS2018433036,2018,DHS,,,,,2
NGA,Zamfara,1469365,Median age at first sexual intercourse [Women]: 25-49,15.5,1,NG,Nigeria,2018,NG2018DHS,SX_AAFS_W_M2B,51703090,I,433037,1433037,Region,..Zamfara,0,,0,1,SXAAFSWM2B,NGDHS2018433037,2018,DHS,,,,,2
NGA,South East,1485885,Median age at first sexual intercourse [Women]: 25-49,19,1,NG,Nigeria,2018,NG2018DHS,SX_AAFS_W_M2B,51703090,I,433008,1433040,Region,South East,0,,0,1,SXAAFSWM2B,NGDHS2018433008,2018,DHS,,,,,1
NGA,Abia,1478200,Median age at first sexual intercourse [Women]: 25-49,18.7,1,NG,Nigeria,2018,NG2018DHS,SX_AAFS_W_M2B,51703090,I,433041,1433041,Region,..Abia,0,,0,1,SXAAFSWM2B,NGDHS2018433041,2018,DHS,,,,,2
NGA,Anambra,1469294,Median age at first sexual intercourse [Women]: 25-49,19.3,1,NG,Nigeria,2018,NG2018DHS,SX_AAFS_W_M2B,51703090,I,433042,1433042,Region,..Anambra,0,,0,1,SXAAFSWM2B,NGDHS2018433042,2018,DHS,,,,,2
NGA,Ebonyi,1485979,Median age at first sexual intercourse [Women]: 25-49,18,1,NG,Nigeria,2018,NG2018DHS,SX_AAFS_W_M2B,51703090,I,433043,1433043,Region,..Ebonyi,0,,0,1,SXAAFSWM2B,NGDHS2018433043,2018,DHS,,,,,2
NGA,Enugu,1469303,Median age at first sexual intercourse [Women]: 25-49,20.3,1,NG,Nigeria,2018,NG2018DHS,SX_AAFS_W_M2B,51703090,I,433044,1433044,Region,..Enugu,0,,0,1,SXAAFSWM2B,NGDHS2018433044,2018,DHS,,,,,2
NGA,Imo,1485976,Median age at first sexual intercourse [Women]: 25-49,19.3,1,NG,Nigeria,2018,NG2018DHS,SX_AAFS_W_M2B,51703090,I,433045,1433045,Region,..Imo,0,,0,1,SXAAFSWM2B,NGDHS2018433045,2018,DHS,,,,,2
NGA,South West,7758107,Median age at first sexual intercourse [Women]: 25-49,19.4,1,NG,Nigeria,2018,NG2018DHS,SX_AAFS_W_M2B,51703090,I,433009,1433050,Region,South West,0,,0,1,SXAAFSWM2B,NGDHS2018433009,2018,DHS,,,,,1
NGA,Ekiti,1485993,Median age at first sexual intercourse [Women]: 25-49,18.9,1,NG,Nigeria,2018,NG2018DHS,SX_AAFS_W_M2B,51703090,I,433051,1433051,Region,..Ekiti,0,,0,1,SXAAFSWM2B,NGDHS2018433051,2018,DHS,,,,,2
NGA,Lagos,1478217,Median age at first sexual intercourse [Women]: 25-49,20.1,1,NG,Nigeria,2018,NG2018DHS,SX_AAFS_W_M2B,51703090,I,433052,1433052,Region,..Lagos,0,,0,1,SXAAFSWM2B,NGDHS2018433052,2018,DHS,,,,,2
NGA,Ogun,1478257,Median age at first sexual intercourse [Women]: 25-49,19.6,1,NG,Nigeria,2018,NG2018DHS,SX_AAFS_W_M2B,51703090,I,433053,1433053,Region,..Ogun,0,,0,1,SXAAFSWM2B,NGDHS2018433053,2018,DHS,,,,,2
NGA,Ondo,1478202,Median age at first sexual intercourse [Women]: 25-49,18.1,1,NG,Nigeria,2018,NG2018DHS,SX_AAFS_W_M2B,51703090,I,433054,1433054,Region,..Ondo,0,,0,1,SXAAFSWM2B,NGDHS2018433054,2018,DHS,,,,,2
NGA,Osun,1478196,Median age at first sexual intercourse [Women]: 25-49,18.8,1,NG,Nigeria,2018,NG2018DHS,SX_AAFS_W_M2B,51703090,I,433055,1433055,Region,..Osun,0,,0,1,SXAAFSWM2B,NGDHS2018433055,2018,DHS,,,,,2
NGA,Oyo,1485982,Median age at first sexual intercourse [Women]: 25-49,19,1,NG,Nigeria,2018,NG2018DHS,SX_AAFS_W_M2B,51703090,I,433056,1433056,Region,..Oyo,0,,0,1,SXAAFSWM2B,NGDHS2018433056,2018,DHS,,,,,2
NGA,South South,1478113,Median age at first sexual intercourse [Women]: 25-49,17.9,1,NG,Nigeria,2018,NG2018DHS,SX_AAFS_W_M2B,51703090,I,433010,1433060,Region,South South,0,,0,1,SXAAFSWM2B,NGDHS2018433010,2018,DHS,,,,,1
NGA,Akwa Ibom,1493630,Median age at first sexual intercourse [Women]: 25-49,17,1,NG,Nigeria,2018,NG2018DHS,SX_AAFS_W_M2B,51703090,I,433061,1433061,Region,..Akwa Ibom,0,,0,1,SXAAFSWM2B,NGDHS2018433061,2018,DHS,,,,,2
NGA,Bayelsa,1485997,Median age at first sexual intercourse [Women]: 25-49,16.3,1,NG,Nigeria,2018,NG2018DHS,SX_AAFS_W_M2B,51703090,I,433062,1433062,Region,..Bayelsa,0,,0,1,SXAAFSWM2B,NGDHS2018433062,2018,DHS,,,,,2
NGA,Cross River,1469342,Median age at first sexual intercourse [Women]: 25-49,17.3,1,NG,Nigeria,2018,NG2018DHS,SX_AAFS_W_M2B,51703090,I,433063,1433063,Region,..Cross River,0,,0,1,SXAAFSWM2B,NGDHS2018433063,2018,DHS,,,,,2
NGA,Delta,1478210,Median age at first sexual intercourse [Women]: 25-49,17.8,1,NG,Nigeria,2018,NG2018DHS,SX_AAFS_W_M2B,51703090,I,433064,1433064,Region,..Delta,0,,0,1,SXAAFSWM2B,NGDHS2018433064,2018,DHS,,,,,2
NGA,Edo,1469377,Median age at first sexual intercourse [Women]: 25-49,18.5,1,NG,Nigeria,2018,NG2018DHS,SX_AAFS_W_M2B,51703090,I,433065,1433065,Region,..Edo,0,,0,1,SXAAFSWM2B,NGDHS2018433065,2018,DHS,,,,,2
NGA,Rivers,7832807,Median age at first sexual intercourse [Women]: 25-49,18.2,1,NG,Nigeria,2018,NG2018DHS,SX_AAFS_W_M2B,51703090,I,433066,1433066,Region,..Rivers,0,,0,1,SXAAFSWM2B,NGDHS2018433066,2018,DHS,,,,,2
NGA,North Central,7745324,Infant mortality rate,58,0,NG,Nigeria,2018,NG2018DHS,CM_ECMR_C_IMR,63206030,I,433005,1433010,Region,North Central,14003,Ten years preceding the survey,0,1,CMECMRCIMR,NGDHS2018433005,2018,DHS,,,52,64,1
NGA,FCT Abuja,1839048,Infant mortality rate,46,0,NG,Nigeria,2018,NG2018DHS,CM_ECMR_C_IMR,63206030,I,433011,1433011,Region,..FCT Abuja,14003,Ten years preceding the survey,0,1,CMECMRCIMR,NGDHS2018433011,2018,DHS,,,30,62,2
NGA,Benue,7741881,Infant mortality rate,40,0,NG,Nigeria,2018,NG2018DHS,CM_ECMR_C_IMR,63206030,I,433012,1433012,Region,..Benue,14003,Ten years preceding the survey,0,1,CMECMRCIMR,NGDHS2018433012,2018,DHS,,,29,52,2
NGA,Kogi,7622919,Infant mortality rate,93,0,NG,Nigeria,2018,NG2018DHS,CM_ECMR_C_IMR,63206030,I,433013,1433013,Region,..Kogi,14003,Ten years preceding the survey,0,1,CMECMRCIMR,NGDHS2018433013,2018,DHS,,,75,112,2
NGA,Kwara,7955055,Infant mortality rate,52,0,NG,Nigeria,2018,NG2018DHS,CM_ECMR_C_IMR,63206030,I,433014,1433014,Region,..Kwara,14003,Ten years preceding the survey,0,1,CMECMRCIMR,NGDHS2018433014,2018,DHS,,,32,72,2
NGA,Nasarawa,7789855,Infant mortality rate,64,0,NG,Nigeria,2018,NG2018DHS,CM_ECMR_C_IMR,63206030,I,433015,1433015,Region,..Nasarawa,14003,Ten years preceding the survey,0,1,CMECMRCIMR,NGDHS2018433015,2018,DHS,,,48,80,2
NGA,Niger,1844727,Infant mortality rate,57,0,NG,Nigeria,2018,NG2018DHS,CM_ECMR_C_IMR,63206030,I,433016,1433016,Region,..Niger,14003,Ten years preceding the survey,0,1,CMECMRCIMR,NGDHS2018433016,2018,DHS,,,47,67,2
NGA,Plateau,7579748,Infant mortality rate,65,0,NG,Nigeria,2018,NG2018DHS,CM_ECMR_C_IMR,63206030,I,433017,1433017,Region,..Plateau,14003,Ten years preceding the survey,0,1,CMECMRCIMR,NGDHS2018433017,2018,DHS,,,51,80,2
NGA,North East,7662864,Infant mortality rate,73,0,NG,Nigeria,2018,NG2018DHS,CM_ECMR_C_IMR,63206030,I,433006,1433020,Region,North East,14003,Ten years preceding the survey,0,1,CMECMRCIMR,NGDHS2018433006,2018,DHS,,,66,80,1
NGA,Adamawa,7497662,Infant mortality rate,68,0,NG,Nigeria,2018,NG2018DHS,CM_ECMR_C_IMR,63206030,I,433021,1433021,Region,..Adamawa,14003,Ten years preceding the survey,0,1,CMECMRCIMR,NGDHS2018433021,2018,DHS,,,51,85,2
NGA,Bauchi,7698190,Infant mortality rate,69,0,NG,Nigeria,2018,NG2018DHS,CM_ECMR_C_IMR,63206030,I,433022,1433022,Region,..Bauchi,14003,Ten years preceding the survey,0,1,CMECMRCIMR,NGDHS2018433022,2018,DHS,,,58,80,2
NGA,Borno,7955153,Infant mortality rate,52,0,NG,Nigeria,2018,NG2018DHS,CM_ECMR_C_IMR,63206030,I,433023,1433023,Region,..Borno,14003,Ten years preceding the survey,0,1,CMECMRCIMR,NGDHS2018433023,2018,DHS,,,39,65,2
NGA,Gombe,7745455,Infant mortality rate,104,0,NG,Nigeria,2018,NG2018DHS,CM_ECMR_C_IMR,63206030,I,433024,1433024,Region,..Gombe,14003,Ten years preceding the survey,0,1,CMECMRCIMR,NGDHS2018433024,2018,DHS,,,82,125,2
NGA,Taraba,7657242,Infant mortality rate,63,0,NG,Nigeria,2018,NG2018DHS,CM_ECMR_C_IMR,63206030,I,433025,1433025,Region,..Taraba,14003,Ten years preceding the survey,0,1,CMECMRCIMR,NGDHS2018433025,2018,DHS,,,50,76,2
NGA,Yobe,7484229,Infant mortality rate,90,0,NG,Nigeria,2018,NG2018DHS,CM_ECMR_C_IMR,63206030,I,433026,1433026,Region,..Yobe,14003,Ten years preceding the survey,0,1,CMECMRCIMR,NGDHS2018433026,2018,DHS,,,68,113,2
NGA,North West,7496981,Infant mortality rate,80,0,NG,Nigeria,2018,NG2018DHS,CM_ECMR_C_IMR,63206030,I,433007,1433030,Region,North West,14003,Ten years preceding the survey,0,1,CMECMRCIMR,NGDHS2018433007,2018,DHS,,,73,87,1
NGA,Jigawa,7749537,Infant mortality rate,81,0,NG,Nigeria,2018,NG2018DHS,CM_ECMR_C_IMR,63206030,I,433031,1433031,Region,..Jigawa,14003,Ten years preceding the survey,0,1,CMECMRCIMR,NGDHS2018433031,2018,DHS,,,65,96,2
NGA,Kaduna,7634141,Infant mortality rate,97,0,NG,Nigeria,2018,NG2018DHS,CM_ECMR_C_IMR,63206030,I,433032,1433032,Region,..Kaduna,14003,Ten years preceding the survey,0,1,CMECMRCIMR,NGDHS2018433032,2018,DHS,,,77,118,2
NGA,Kano,7949744,Infant mortality rate,62,0,NG,Nigeria,2018,NG2018DHS,CM_ECMR_C_IMR,63206030,I,433033,1433033,Region,..Kano,14003,Ten years preceding the survey,0,1,CMECMRCIMR,NGDHS2018433033,2018,DHS,,,51,74,2
NGA,Katsina,7776236,Infant mortality rate,66,0,NG,Nigeria,2018,NG2018DHS,CM_ECMR_C_IMR,63206030,I,433034,1433034,Region,..Katsina,14003,Ten years preceding the survey,0,1,CMECMRCIMR,NGDHS2018433034,2018,DHS,,,53,78,2
NGA,Kebbi,7928334,Infant mortality rate,112,0,NG,Nigeria,2018,NG2018DHS,CM_ECMR_C_IMR,63206030,I,433035,1433035,Region,..Kebbi,14003,Ten years preceding the survey,0,1,CMECMRCIMR,NGDHS2018433035,2018,DHS,,,96,128,2
NGA,Sokoto,1832500,Infant mortality rate,102,0,NG,Nigeria,2018,NG2018DHS,CM_ECMR_C_IMR,63206030,I,433036,1433036,Region,..Sokoto,14003,Ten years preceding the survey,0,1,CMECMRCIMR,NGDHS2018433036,2018,DHS,,,80,124,2
NGA,Zamfara,1839209,Infant mortality rate,66,0,NG,Nigeria,2018,NG2018DHS,CM_ECMR_C_IMR,63206030,I,433037,1433037,Region,..Zamfara,14003,Ten years preceding the survey,0,1,CMECMRCIMR,NGDHS2018433037,2018,DHS,,,52,79,2
NGA,South East,7875368,Infant mortality rate,48,0,NG,Nigeria,2018,NG2018DHS,CM_ECMR_C_IMR,63206030,I,433008,1433040,Region,South East,14003,Ten years preceding the survey,0,1,CMECMRCIMR,NGDHS2018433008,2018,DHS,,,40,56,1
NGA,Abia,7691637,Infant mortality rate,65,0,NG,Nigeria,2018,NG2018DHS,CM_ECMR_C_IMR,63206030,I,433041,1433041,Region,..Abia,14003,Ten years preceding the survey,0,1,CMECMRCIMR,NGDHS2018433041,2018,DHS,,,47,83,2
NGA,Anambra,7960957,Infant mortality rate,35,0,NG,Nigeria,2018,NG2018DHS,CM_ECMR_C_IMR,63206030,I,433042,1433042,Region,..Anambra,14003,Ten years preceding the survey,0,1,CMECMRCIMR,NGDHS2018433042,2018,DHS,,,16,55,2
NGA,Ebonyi,7649293,Infant mortality rate,57,0,NG,Nigeria,2018,NG2018DHS,CM_ECMR_C_IMR,63206030,I,433043,1433043,Region,..Ebonyi,14003,Ten years preceding the survey,0,1,CMECMRCIMR,NGDHS2018433043,2018,DHS,,,43,70,2
NGA,Enugu,7447542,Infant mortality rate,40,0,NG,Nigeria,2018,NG2018DHS,CM_ECMR_C_IMR,63206030,I,433044,1433044,Region,..Enugu,14003,Ten years preceding the survey,0,1,CMECMRCIMR,NGDHS2018433044,2018,DHS,,,25,55,2
NGA,Imo,5343068,Infant mortality rate,54,0,NG,Nigeria,2018,NG2018DHS,CM_ECMR_C_IMR,63206030,I,433045,1433045,Region,..Imo,14003,Ten years preceding the survey,0,1,CMECMRCIMR,NGDHS2018433045,2018,DHS,,,39,69,2
NGA,South West,1839055,Infant mortality rate,43,0,NG,Nigeria,2018,NG2018DHS,CM_ECMR_C_IMR,63206030,I,433009,1433050,Region,South West,14003,Ten years preceding the survey,0,1,CMECMRCIMR,NGDHS2018433009,2018,DHS,,,37,49,1
NGA,Ekiti,7649276,Infant mortality rate,57,0,NG,Nigeria,2018,NG2018DHS,CM_ECMR_C_IMR,63206030,I,433051,1433051,Region,..Ekiti,14003,Ten years preceding the survey,0,1,CMECMRCIMR,NGDHS2018433051,2018,DHS,,,36,78,2
NGA,Lagos,7518128,Infant mortality rate,47,0,NG,Nigeria,2018,NG2018DHS,CM_ECMR_C_IMR,63206030,I,433052,1433052,Region,..Lagos,14003,Ten years preceding the survey,0,1,CMECMRCIMR,NGDHS2018433052,2018,DHS,,,37,58,2
NGA,Ogun,7801961,Infant mortality rate,19,0,NG,Nigeria,2018,NG2018DHS,CM_ECMR_C_IMR,63206030,I,433053,1433053,Region,..Ogun,14003,Ten years preceding the survey,0,1,CMECMRCIMR,NGDHS2018433053,2018,DHS,,,7,31,2
NGA,Ondo,7943440,Infant mortality rate,49,0,NG,Nigeria,2018,NG2018DHS,CM_ECMR_C_IMR,63206030,I,433054,1433054,Region,..Ondo,14003,Ten years preceding the survey,0,1,CMECMRCIMR,NGDHS2018433054,2018,DHS,,,32,66,2
NGA,Osun,1832572,Infant mortality rate,47,0,NG,Nigeria,2018,NG2018DHS,CM_ECMR_C_IMR,63206030,I,433055,1433055,Region,..Osun,14003,Ten years preceding the survey,0,1,CMECMRCIMR,NGDHS2018433055,2018,DHS,,,34,60,2
NGA,Oyo,6200362,Infant mortality rate,41,0,NG,Nigeria,2018,NG2018DHS,CM_ECMR_C_IMR,63206030,I,433056,1433056,Region,..Oyo,14003,Ten years preceding the survey,0,1,CMECMRCIMR,NGDHS2018433056,2018,DHS,,,26,56,2
NGA,South South,7973703,Infant mortality rate,49,0,NG,Nigeria,2018,NG2018DHS,CM_ECMR_C_IMR,63206030,I,433010,1433060,Region,South South,14003,Ten years preceding the survey,0,1,CMECMRCIMR,NGDHS2018433010,2018,DHS,,,41,56,1
NGA,Akwa Ibom,7975209,Infant mortality rate,70,0,NG,Nigeria,2018,NG2018DHS,CM_ECMR_C_IMR,63206030,I,433061,1433061,Region,..Akwa Ibom,14003,Ten years preceding the survey,0,1,CMECMRCIMR,NGDHS2018433061,2018,DHS,,,50,91,2
NGA,Bayelsa,7649416,Infant mortality rate,23,0,NG,Nigeria,2018,NG2018DHS,CM_ECMR_C_IMR,63206030,I,433062,1433062,Region,..Bayelsa,14003,Ten years preceding the survey,0,1,CMECMRCIMR,NGDHS2018433062,2018,DHS,,,13,32,2
NGA,Cross River,7447543,Infant mortality rate,60,0,NG,Nigeria,2018,NG2018DHS,CM_ECMR_C_IMR,63206030,I,433063,1433063,Region,..Cross River,14003,Ten years preceding the survey,0,1,CMECMRCIMR,NGDHS2018433063,2018,DHS,,,44,75,2
NGA,Delta,1832600,Infant mortality rate,32,0,NG,Nigeria,2018,NG2018DHS,CM_ECMR_C_IMR,63206030,I,433064,1433064,Region,..Delta,14003,Ten years preceding the survey,0,1,CMECMRCIMR,NGDHS2018433064,2018,DHS,,,20,43,2
NGA,Edo,7864573,Infant mortality rate,52,0,NG,Nigeria,2018,NG2018DHS,CM_ECMR_C_IMR,63206030,I,433065,1433065,Region,..Edo,14003,Ten years preceding the survey,0,1,CMECMRCIMR,NGDHS2018433065,2018,DHS,,,20,84,2
NGA,Rivers,7461446,Infant mortality rate,48,0,NG,Nigeria,2018,NG2018DHS,CM_ECMR_C_IMR,63206030,I,433066,1433066,Region,..Rivers,14003,Ten years preceding the survey,0,1,CMECMRCIMR,NGDHS2018433066,2018,DHS,,,34,63,2
NGA,North Central,7975597,Under-five mortality rate,95,0,NG,Nigeria,2018,NG2018DHS,CM_ECMR_C_U5M,63206050,I,433005,1433010,Region,North Central,14003,Ten years preceding the survey,0,1,CMECMRCU5M,NGDHS2018433005,2018,DHS,,,86,104,1
NGA,FCT Abuja,7530778,Under-five mortality rate,75,0,NG,Nigeria,2018,NG2018DHS,CM_ECMR_C_U5M,63206050,I,433011,1433011,Region,..FCT Abuja,14003,Ten years preceding the survey,0,1,CMECMRCU5M,NGDHS2018433011,2018,DHS,,,55,94,2
NGA,Benue,1825500,Under-five mortality rate,59,0,NG,Nigeria,2018,NG2018DHS,CM_ECMR_C_U5M,63206050,I,433012,1433012,Region,..Benue,14003,Ten years preceding the survey,0,1,CMECMRCU5M,NGDHS2018433012,2018,DHS,,,44,74,2
NGA,Kogi,7757891,Under-five mortality rate,148,0,NG,Nigeria,2018,NG2018DHS,CM_ECMR_C_U5M,63206050,I,433013,1433013,Region,..Kogi,14003,Ten years preceding the survey,0,1,CMECMRCU5M,NGDHS2018433013,2018,DHS,,,119,176,2
NGA,Kwara,7649275,Under-five mortality rate,74,0,NG,Nigeria,2018,NG2018DHS,CM_ECMR_C_U5M,63206050,I,433014,1433014,Region,..Kwara,14003,Ten years preceding the survey,0,1,CMECMRCU5M,NGDHS2018433014,2018,DHS,,,51,97,2
NGA,Nasarawa,7523780,Under-five mortality rate,120,0,NG,Nigeria,2018,NG2018DHS,CM_ECMR_C_U5M,63206050,I,433015,1433015,Region,..Nasarawa,14003,Ten years preceding the survey,0,1,CMECMRCU5M,NGDHS2018433015,2018,DHS,,,104,137,2
NGA,Niger,7807821,Under-five mortality rate,98,0,NG,Nigeria,2018,NG2018DHS,CM_ECMR_C_U5M,63206050,I,433016,1433016,Region,..Niger,14003,Ten years preceding the survey,0,1,CMECMRCU5M,NGDHS2018433016,2018,DHS,,,76,119,2
NGA,Plateau,7950554,Under-five mortality rate,106,0,NG,Nigeria,2018,NG2018DHS,CM_ECMR_C_U5M,63206050,I,433017,1433017,Region,..Plateau,14003,Ten years preceding the survey,0,1,CMECMRCU5M,NGDHS2018433017,2018,DHS,,,89,124,2
NGA,North East,7654603,Under-five mortality rate,134,0,NG,Nigeria,2018,NG2018DHS,CM_ECMR_C_U5M,63206050,I,433006,1433020,Region,North East,14003,Ten years preceding the survey,0,1,CMECMRCU5M,NGDHS2018433006,2018,DHS,,,121,146,1
NGA,Adamawa,7981394,Under-five mortality rate,104,0,NG,Nigeria,2018,NG2018DHS,CM_ECMR_C_U5M,63206050,I,433021,1433021,Region,..Adamawa,14003,Ten years preceding the survey,0,1,CMECMRCU5M,NGDHS2018433021,2018,DHS,,,84,124,2
NGA,Bauchi,7523776,Under-five mortality rate,147,0,NG,Nigeria,2018,NG2018DHS,CM_ECMR_C_U5M,63206050,I,433022,1433022,Region,..Bauchi,14003,Ten years preceding the survey,0,1,CMECMRCU5M,NGDHS2018433022,2018,DHS,,,125,169,2
NGA,Borno,7916155,Under-five mortality rate,86,0,NG,Nigeria,2018,NG2018DHS,CM_ECMR_C_U5M,63206050,I,433023,1433023,Region,..Borno,14003,Ten years preceding the survey,0,1,CMECMRCU5M,NGDHS2018433023,2018,DHS,,,71,102,2
NGA,Gombe,7975208,Under-five mortality rate,189,0,NG,Nigeria,2018,NG2018DHS,CM_ECMR_C_U5M,63206050,I,433024,1433024,Region,..Gombe,14003,Ten years preceding the survey,0,1,CMECMRCU5M,NGDHS2018433024,2018,DHS,,,159,218,2
NGA,Taraba,7643841,Under-five mortality rate,129,0,NG,Nigeria,2018,NG2018DHS,CM_ECMR_C_U5M,63206050,I,433025,1433025,Region,..Taraba,14003,Ten years preceding the survey,0,1,CMECMRCU5M,NGDHS2018433025,2018,DHS,,,101,157,2
NGA,Yobe,7617266,Under-five mortality rate,152,0,NG,Nigeria,2018,NG2018DHS,CM_ECMR_C_U5M,63206050,I,433026,1433026,Region,..Yobe,14003,Ten years preceding the survey,0,1,CMECMRCU5M,NGDHS2018433026,2018,DHS,,,111,194,2
NGA,North West,7637835,Under-five mortality rate,187,0,NG,Nigeria,2018,NG2018DHS,CM_ECMR_C_U5M,63206050,I,433007,1433030,Region,North West,14003,Ten years preceding the survey,0,1,CMECMRCU5M,NGDHS2018433007,2018,DHS,,,175,200,1
NGA,Jigawa,7942807,Under-five mortality rate,213,0,NG,Nigeria,2018,NG2018DHS,CM_ECMR_C_U5M,63206050,I,433031,1433031,Region,..Jigawa,14003,Ten years preceding the survey,0,1,CMECMRCU5M,NGDHS2018433031,2018,DHS,,,187,239,2
NGA,Kaduna,7777544,Under-five mortality rate,187,0,NG,Nigeria,2018,NG2018DHS,CM_ECMR_C_U5M,63206050,I,433032,1433032,Region,..Kaduna,14003,Ten years preceding the survey,0,1,CMECMRCU5M,NGDHS2018433032,2018,DHS,,,149,226,2
NGA,Kano,7610496,Under-five mortality rate,164,0,NG,Nigeria,2018,NG2018DHS,CM_ECMR_C_U5M,63206050,I,433033,1433033,Region,..Kano,14003,Ten years preceding the survey,0,1,CMECMRCU5M,NGDHS2018433033,2018,DHS,,,139,189,2
NGA,Katsina,7517932,Under-five mortality rate,188,0,NG,Nigeria,2018,NG2018DHS,CM_ECMR_C_U5M,63206050,I,433034,1433034,Region,..Katsina,14003,Ten years preceding the survey,0,1,CMECMRCU5M,NGDHS2018433034,2018,DHS,,,165,211,2
NGA,Kebbi,7706163,Under-five mortality rate,252,0,NG,Nigeria,2018,NG2018DHS,CM_ECMR_C_U5M,63206050,I,433035,1433035,Region,..Kebbi,14003,Ten years preceding the survey,0,1,CMECMRCU5M,NGDHS2018433035,2018,DHS,,,222,282,2
NGA,Sokoto,1832366,Under-five mortality rate,197,0,NG,Nigeria,2018,NG2018DHS,CM_ECMR_C_U5M,63206050,I,433036,1433036,Region,..Sokoto,14003,Ten years preceding the survey,0,1,CMECMRCU5M,NGDHS2018433036,2018,DHS,,,158,236,2
NGA,Zamfara,1839407,Under-five mortality rate,130,0,NG,Nigeria,2018,NG2018DHS,CM_ECMR_C_U5M,63206050,I,433037,1433037,Region,..Zamfara,14003,Ten years preceding the survey,0,1,CMECMRCU5M,NGDHS2018433037,2018,DHS,,,105,155,2
NGA,South East,1825549,Under-five mortality rate,75,0,NG,Nigeria,2018,NG2018DHS,CM_ECMR_C_U5M,63206050,I,433008,1433040,Region,South East,14003,Ten years preceding the survey,0,1,CMECMRCU5M,NGDHS2018433008,2018,DHS,,,63,88,1
NGA,Abia,1832501,Under-five mortality rate,86,0,NG,Nigeria,2018,NG2018DHS,CM_ECMR_C_U5M,63206050,I,433041,1433041,Region,..Abia,14003,Ten years preceding the survey,0,1,CMECMRCU5M,NGDHS2018433041,2018,DHS,,,72,100,2
NGA,Anambra,7924400,Under-five mortality rate,58,0,NG,Nigeria,2018,NG2018DHS,CM_ECMR_C_U5M,63206050,I,433042,1433042,Region,..Anambra,14003,Ten years preceding the survey,0,1,CMECMRCU5M,NGDHS2018433042,2018,DHS,,,23,93,2
NGA,Ebonyi,1825476,Under-five mortality rate,91,0,NG,Nigeria,2018,NG2018DHS,CM_ECMR_C_U5M,63206050,I,433043,1433043,Region,..Ebonyi,14003,Ten years preceding the survey,0,1,CMECMRCU5M,NGDHS2018433043,2018,DHS,,,73,110,2
NGA,Enugu,7591112,Under-five mortality rate,61,0,NG,Nigeria,2018,NG2018DHS,CM_ECMR_C_U5M,63206050,I,433044,1433044,Region,..Enugu,14003,Ten years preceding the survey,0,1,CMECMRCU5M,NGDHS2018433044,2018,DHS,,,43,79,2
NGA,Imo,7677506,Under-five mortality rate,87,0,NG,Nigeria,2018,NG2018DHS,CM_ECMR_C_U5M,63206050,I,433045,1433045,Region,..Imo,14003,Ten years preceding the survey,0,1,CMECMRCU5M,NGDHS2018433045,2018,DHS,,,64,110,2
NGA,South West,7897862,Under-five mortality rate,62,0,NG,Nigeria,2018,NG2018DHS,CM_ECMR_C_U5M,63206050,I,433009,1433050,Region,South West,14003,Ten years preceding the survey,0,1,CMECMRCU5M,NGDHS2018433009,2018,DHS,,,55,69,1
NGA,Ekiti,7782985,Under-five mortality rate,95,0,NG,Nigeria,2018,NG2018DHS,CM_ECMR_C_U5M,63206050,I,433051,1433051,Region,..Ekiti,14003,Ten years preceding the survey,0,1,CMECMRCU5M,NGDHS2018433051,2018,DHS,,,82,108,2
NGA,Lagos,7610344,Under-five mortality rate,59,0,NG,Nigeria,2018,NG2018DHS,CM_ECMR_C_U5M,63206050,I,433052,1433052,Region,..Lagos,14003,Ten years preceding the survey,0,1,CMECMRCU5M,NGDHS2018433052,2018,DHS,,,46,73,2
NGA,Ogun,7519229,Under-five mortality rate,30,0,NG,Nigeria,2018,NG2018DHS,CM_ECMR_C_U5M,63206050,I,433053,1433053,Region,..Ogun,14003,Ten years preceding the survey,0,1,CMECMRCU5M,NGDHS2018433053,2018,DHS,,,17,43,2
NGA,Ondo,7719120,Under-five mortality rate,79,0,NG,Nigeria,2018,NG2018DHS,CM_ECMR_C_U5M,63206050,I,433054,1433054,Region,..Ondo,14003,Ten years preceding the survey,0,1,CMECMRCU5M,NGDHS2018433054,2018,DHS,,,59,100,2
NGA,Osun,1832507,Under-five mortality rate,70,0,NG,Nigeria,2018,NG2018DHS,CM_ECMR_C_U5M,63206050,I,433055,1433055,Region,..Osun,14003,Ten years preceding the survey,0,1,CMECMRCU5M,NGDHS2018433055,2018,DHS,,,54,87,2
NGA,Oyo,6201210,Under-five mortality rate,64,0,NG,Nigeria,2018,NG2018DHS,CM_ECMR_C_U5M,63206050,I,433056,1433056,Region,..Oyo,14003,Ten years preceding the survey,0,1,CMECMRCU5M,NGDHS2018433056,2018,DHS,,,46,82,2
NGA,South South,7461445,Under-five mortality rate,73,0,NG,Nigeria,2018,NG2018DHS,CM_ECMR_C_U5M,63206050,I,433010,1433060,Region,South South,14003,Ten years preceding the survey,0,1,CMECMRCU5M,NGDHS2018433010,2018,DHS,,,62,83,1
NGA,Akwa Ibom,7930386,Under-five mortality rate,98,0,NG,Nigeria,2018,NG2018DHS,CM_ECMR_C_U5M,63206050,I,433061,1433061,Region,..Akwa Ibom,14003,Ten years preceding the survey,0,1,CMECMRCU5M,NGDHS2018433061,2018,DHS,,,72,125,2
NGA,Bayelsa,1825529,Under-five mortality rate,31,0,NG,Nigeria,2018,NG2018DHS,CM_ECMR_C_U5M,63206050,I,433062,1433062,Region,..Bayelsa,14003,Ten years preceding the survey,0,1,CMECMRCU5M,NGDHS2018433062,2018,DHS,,,18,44,2
NGA,Cross River,7591113,Under-five mortality rate,80,0,NG,Nigeria,2018,NG2018DHS,CM_ECMR_C_U5M,63206050,I,433063,1433063,Region,..Cross River,14003,Ten years preceding the survey,0,1,CMECMRCU5M,NGDHS2018433063,2018,DHS,,,57,103,2
NGA,Delta,7858931,Under-five mortality rate,53,0,NG,Nigeria,2018,NG2018DHS,CM_ECMR_C_U5M,63206050,I,433064,1433064,Region,..Delta,14003,Ten years preceding the survey,0,1,CMECMRCU5M,NGDHS2018433064,2018,DHS,,,36,70,2
NGA,Edo,1839454,Under-five mortality rate,71,0,NG,Nigeria,2018,NG2018DHS,CM_ECMR_C_U5M,63206050,I,433065,1433065,Region,..Edo,14003,Ten years preceding the survey,0,1,CMECMRCU5M,NGDHS2018433065,2018,DHS,,,38,103,2
NGA,Rivers,7970305,Under-five mortality rate,79,0,NG,Nigeria,2018,NG2018DHS,CM_ECMR_C_U5M,63206050,I,433066,1433066,Region,..Rivers,14003,Ten years preceding the survey,0,1,CMECMRCU5M,NGDHS2018433066,2018,DHS,,,54,105,2
NGA,North Central,2802952,Place of delivery: Health facility,51.2,1,NG,Nigeria,2018,NG2018DHS,RH_DELP_C_DHF,83566070,I,433005,1433010,Region,North Central,14000,Three years preceding the survey,0,0,RHDELPCDHF,NGDHS2018433005,2018,DHS,2725,3472,,,1
NGA,North Central,7674418,Place of delivery: Health facility,49.2,1,NG,Nigeria,2018,NG2018DHS,RH_DELP_C_DHF,83566070,I,433005,1433010,Region,North Central,14001,Five years preceding the survey,0,0,RHDELPCDHF,NGDHS2018433005,2018,DHS,4619,5875,,,1
NGA,North Central,4706733,Place of delivery: Health facility,51.7,1,NG,Nigeria,2018,NG2018DHS,RH_DELP_C_DHF,83566070,I,433005,1433010,Region,North Central,14002,Two years preceding the survey,0,1,RHDELPCDHF,NGDHS2018433005,2018,DHS,1857,2342,,,1
NGA,FCT Abuja,5525573,Place of delivery: Health facility,62,1,NG,Nigeria,2018,NG2018DHS,RH_DELP_C_DHF,83566070,I,433011,1433011,Region,..FCT Abuja,14000,Three years preceding the survey,0,0,RHDELPCDHF,NGDHS2018433011,2018,DHS,134,479,,,2
NGA,FCT Abuja,5984158,Place of delivery: Health facility,63.2,1,NG,Nigeria,2018,NG2018DHS,RH_DELP_C_DHF,83566070,I,433011,1433011,Region,..FCT Abuja,14001,Five years preceding the survey,0,0,RHDELPCDHF,NGDHS2018433011,2018,DHS,225,803,,,2
NGA,FCT Abuja,6520605,Place of delivery: Health facility,61.5,1,NG,Nigeria,2018,NG2018DHS,RH_DELP_C_DHF,83566070,I,433011,1433011,Region,..FCT Abuja,14002,Two years preceding the survey,0,1,RHDELPCDHF,NGDHS2018433011,2018,DHS,90,320,,,2
NGA,Benue,4170895,Place of delivery: Health facility,68.4,1,NG,Nigeria,2018,NG2018DHS,RH_DELP_C_DHF,83566070,I,433012,1433012,Region,..Benue,14000,Three years preceding the survey,0,0,RHDELPCDHF,NGDHS2018433012,2018,DHS,570,544,,,2
NGA,Benue,5751206,Place of delivery: Health facility,67.1,1,NG,Nigeria,2018,NG2018DHS,RH_DELP_C_DHF,83566070,I,433012,1433012,Region,..Benue,14001,Five years preceding the survey,0,0,RHDELPCDHF,NGDHS2018433012,2018,DHS,949,908,,,2
NGA,Benue,3040220,Place of delivery: Health facility,70.6,1,NG,Nigeria,2018,NG2018DHS,RH_DELP_C_DHF,83566070,I,433012,1433012,Region,..Benue,14002,Two years preceding the survey,0,1,RHDELPCDHF,NGDHS2018433012,2018,DHS,387,371,,,2
NGA,Kogi,4550747,Place of delivery: Health facility,72.3,1,NG,Nigeria,2018,NG2018DHS,RH_DELP_C_DHF,83566070,I,433013,1433013,Region,..Kogi,14000,Three years preceding the survey,0,0,RHDELPCDHF,NGDHS2018433013,2018,DHS,264,359,,,2
NGA,Kogi,2731836,Place of delivery: Health facility,72.4,1,NG,Nigeria,2018,NG2018DHS,RH_DELP_C_DHF,83566070,I,433013,1433013,Region,..Kogi,14001,Five years preceding the survey,0,0,RHDELPCDHF,NGDHS2018433013,2018,DHS,451,620,,,2
NGA,Kogi,7260658,Place of delivery: Health facility,71.2,1,NG,Nigeria,2018,NG2018DHS,RH_DELP_C_DHF,83566070,I,433013,1433013,Region,..Kogi,14002,Two years preceding the survey,0,1,RHDELPCDHF,NGDHS2018433013,2018,DHS,176,239,,,2
NGA,Kwara,3481526,Place of delivery: Health facility,57.5,1,NG,Nigeria,2018,NG2018DHS,RH_DELP_C_DHF,83566070,I,433014,1433014,Region,..Kwara,14000,Three years preceding the survey,0,0,RHDELPCDHF,NGDHS2018433014,2018,DHS,307,402,,,2
NGA,Kwara,6889920,Place of delivery: Health facility,55.1,1,NG,Nigeria,2018,NG2018DHS,RH_DELP_C_DHF,83566070,I,433014,1433014,Region,..Kwara,14001,Five years preceding the survey,0,0,RHDELPCDHF,NGDHS2018433014,2018,DHS,533,694,,,2
NGA,Kwara,7500533,Place of delivery: Health facility,56.8,1,NG,Nigeria,2018,NG2018DHS,RH_DELP_C_DHF,83566070,I,433014,1433014,Region,..Kwara,14002,Two years preceding the survey,0,1,RHDELPCDHF,NGDHS2018433014,2018,DHS,217,277,,,2
NGA,Nasarawa,6608791,Place of delivery: Health facility,52.3,1,NG,Nigeria,2018,NG2018DHS,RH_DELP_C_DHF,83566070,I,433015,1433015,Region,..Nasarawa,14000,Three years preceding the survey,0,0,RHDELPCDHF,NGDHS2018433015,2018,DHS,310,496,,,2
NGA,Nasarawa,2557744,Place of delivery: Health facility,49.8,1,NG,Nigeria,2018,NG2018DHS,RH_DELP_C_DHF,83566070,I,433015,1433015,Region,..Nasarawa,14001,Five years preceding the survey,0,0,RHDELPCDHF,NGDHS2018433015,2018,DHS,521,834,,,2
NGA,Nasarawa,158452,Place of delivery: Health facility,56.1,1,NG,Nigeria,2018,NG2018DHS,RH_DELP_C_DHF,83566070,I,433015,1433015,Region,..Nasarawa,14002,Two years preceding the survey,0,1,RHDELPCDHF,NGDHS2018433015,2018,DHS,200,321,,,2
NGA,Niger,5628862,Place of delivery: Health facility,28.6,1,NG,Nigeria,2018,NG2018DHS,RH_DELP_C_DHF,83566070,I,433016,1433016,Region,..Niger,14000,Three years preceding the survey,0,0,RHDELPCDHF,NGDHS2018433016,2018,DHS,770,721,,,2
NGA,Niger,4706648,Place of delivery: Health facility,25.8,1,NG,Nigeria,2018,NG2018DHS,RH_DELP_C_DHF,83566070,I,433016,1433016,Region,..Niger,14001,Five years preceding the survey,0,0,RHDELPCDHF,NGDHS2018433016,2018,DHS,1312,1219,,,2
NGA,Niger,4234363,Place of delivery: Health facility,28.4,1,NG,Nigeria,2018,NG2018DHS,RH_DELP_C_DHF,83566070,I,433016,1433016,Region,..Niger,14002,Two years preceding the survey,0,1,RHDELPCDHF,NGDHS2018433016,2018,DHS,549,509,,,2
NGA,Plateau,3902253,Place of delivery: Health facility,46.2,1,NG,Nigeria,2018,NG2018DHS,RH_DELP_C_DHF,83566070,I,433017,1433017,Region,..Plateau,14000,Three years preceding the survey,0,0,RHDELPCDHF,NGDHS2018433017,2018,DHS,370,471,,,2
NGA,Plateau,7263061,Place of delivery: Health facility,43.9,1,NG,Nigeria,2018,NG2018DHS,RH_DELP_C_DHF,83566070,I,433017,1433017,Region,..Plateau,14001,Five years preceding the survey,0,0,RHDELPCDHF,NGDHS2018433017,2018,DHS,628,797,,,2
NGA,Plateau,3127023,Place of delivery: Health facility,47.9,1,NG,Nigeria,2018,NG2018DHS,RH_DELP_C_DHF,83566070,I,433017,1433017,Region,..Plateau,14002,Two years preceding the survey,0,1,RHDELPCDHF,NGDHS2018433017,2018,DHS,239,305,,,2
NGA,North East,4835250,Place of delivery: Health facility,27.8,1,NG,Nigeria,2018,NG2018DHS,RH_DELP_C_DHF,83566070,I,433006,1433020,Region,North East,14000,Three years preceding the survey,0,0,RHDELPCDHF,NGDHS2018433006,2018,DHS,3626,4233,,,1
NGA,North East,3872878,Place of delivery: Health facility,25.4,1,NG,Nigeria,2018,NG2018DHS,RH_DELP_C_DHF,83566070,I,433006,1433020,Region,North East,14001,Five years preceding the survey,0,0,RHDELPCDHF,NGDHS2018433006,2018,DHS,6213,7211,,,1
NGA,North East,6437941,Place of delivery: Health facility,29.4,1,NG,Nigeria,2018,NG2018DHS,RH_DELP_C_DHF,83566070,I,433006,1433020,Region,North East,14002,Two years preceding the survey,0,1,RHDELPCDHF,NGDHS2018433006,2018,DHS,2431,2842,,,1
NGA,Adamawa,6437935,Place of delivery: Health facility,43.7,1,NG,Nigeria,2018,NG2018DHS,RH_DELP_C_DHF,83566070,I,433021,1433021,Region,..Adamawa,14000,Three years preceding the survey,0,0,RHDELPCDHF,NGDHS2018433021,2018,DHS,487,600,,,2
NGA,Adamawa,4564273,Place of delivery: Health facility,38.9,1,NG,Nigeria,2018,NG2018DHS,RH_DELP_C_DHF,83566070,I,433021,1433021,Region,..Adamawa,14001,Five years preceding the survey,0,0,RHDELPCDHF,NGDHS2018433021,2018,DHS,786,962,,,2
NGA,Adamawa,2274472,Place of delivery: Health facility,47.6,1,NG,Nigeria,2018,NG2018DHS,RH_DELP_C_DHF,83566070,I,433021,1433021,Region,..Adamawa,14002,Two years preceding the survey,0,1,RHDELPCDHF,NGDHS2018433021,2018,DHS,335,408,,,2
NGA,Bauchi,2802636,Place of delivery: Health facility,23.7,1,NG,Nigeria,2018,NG2018DHS,RH_DELP_C_DHF,83566070,I,433022,1433022,Region,..Bauchi,14000,Three years preceding the survey,0,0,RHDELPCDHF,NGDHS2018433022,2018,DHS,888,871,,,2
NGA,Bauchi,6762777,Place of delivery: Health facility,21.8,1,NG,Nigeria,2018,NG2018DHS,RH_DELP_C_DHF,83566070,I,433022,1433022,Region,..Bauchi,14001,Five years preceding the survey,0,0,RHDELPCDHF,NGDHS2018433022,2018,DHS,1469,1442,,,2
NGA,Bauchi,5271731,Place of delivery: Health facility,23.8,1,NG,Nigeria,2018,NG2018DHS,RH_DELP_C_DHF,83566070,I,433022,1433022,Region,..Bauchi,14002,Two years preceding the survey,0,1,RHDELPCDHF,NGDHS2018433022,2018,DHS,607,595,,,2
NGA,Borno,5542893,Place of delivery: Health facility,29.3,1,NG,Nigeria,2018,NG2018DHS,RH_DELP_C_DHF,83566070,I,433023,1433023,Region,..Borno,14000,Three years preceding the survey,0,0,RHDELPCDHF,NGDHS2018433023,2018,DHS,684,618,,,2
NGA,Borno,7894262,Place of delivery: Health facility,26.2,1,NG,Nigeria,2018,NG2018DHS,RH_DELP_C_DHF,83566070,I,433023,1433023,Region,..Borno,14001,Five years preceding the survey,0,0,RHDELPCDHF,NGDHS2018433023,2018,DHS,1219,1099,,,2
NGA,Borno,7584244,Place of delivery: Health facility,32.4,1,NG,Nigeria,2018,NG2018DHS,RH_DELP_C_DHF,83566070,I,433023,1433023,Region,..Borno,14002,Two years preceding the survey,0,1,RHDELPCDHF,NGDHS2018433023,2018,DHS,431,393,,,2
NGA,Gombe,2676126,Place of delivery: Health facility,29.9,1,NG,Nigeria,2018,NG2018DHS,RH_DELP_C_DHF,83566070,I,433024,1433024,Region,..Gombe,14000,Three years preceding the survey,0,0,RHDELPCDHF,NGDHS2018433024,2018,DHS,429,792,,,2
NGA,Gombe,7289287,Place of delivery: Health facility,27.7,1,NG,Nigeria,2018,NG2018DHS,RH_DELP_C_DHF,83566070,I,433024,1433024,Region,..Gombe,14001,Five years preceding the survey,0,0,RHDELPCDHF,NGDHS2018433024,2018,DHS,728,1344,,,2
NGA,Gombe,2988641,Place of delivery: Health facility,30.2,1,NG,Nigeria,2018,NG2018DHS,RH_DELP_C_DHF,83566070,I,433024,1433024,Region,..Gombe,14002,Two years preceding the survey,0,1,RHDELPCDHF,NGDHS2018433024,2018,DHS,289,537,,,2
NGA,Taraba,84772,Place of delivery: Health facility,30.7,1,NG,Nigeria,2018,NG2018DHS,RH_DELP_C_DHF,83566070,I,433025,1433025,Region,..Taraba,14000,Three years preceding the survey,0,0,RHDELPCDHF,NGDHS2018433025,2018,DHS,440,646,,,2
NGA,Taraba,3809467,Place of delivery: Health facility,30,1,NG,Nigeria,2018,NG2018DHS,RH_DELP_C_DHF,83566070,I,433025,1433025,Region,..Taraba,14001,Five years preceding the survey,0,0,RHDELPCDHF,NGDHS2018433025,2018,DHS,758,1112,,,2
NGA,Taraba,6436513,Place of delivery: Health facility,31.4,1,NG,Nigeria,2018,NG2018DHS,RH_DELP_C_DHF,83566070,I,433025,1433025,Region,..Taraba,14002,Two years preceding the survey,0,1,RHDELPCDHF,NGDHS2018433025,2018,DHS,312,459,,,2
NGA,Yobe,2558420,Place of delivery: Health facility,17.1,1,NG,Nigeria,2018,NG2018DHS,RH_DELP_C_DHF,83566070,I,433026,1433026,Region,..Yobe,14000,Three years preceding the survey,0,0,RHDELPCDHF,NGDHS2018433026,2018,DHS,699,706,,,2
NGA,Yobe,5090129,Place of delivery: Health facility,16.2,1,NG,Nigeria,2018,NG2018DHS,RH_DELP_C_DHF,83566070,I,433026,1433026,Region,..Yobe,14001,Five years preceding the survey,0,0,RHDELPCDHF,NGDHS2018433026,2018,DHS,1253,1252,,,2
NGA,Yobe,2274952,Place of delivery: Health facility,18.9,1,NG,Nigeria,2018,NG2018DHS,RH_DELP_C_DHF,83566070,I,433026,1433026,Region,..Yobe,14002,Two years preceding the survey,0,1,RHDELPCDHF,NGDHS2018433026,2018,DHS,457,450,,,2
NGA,North West,818949,Place of delivery: Health facility,16.6,1,NG,Nigeria,2018,NG2018DHS,RH_DELP_C_DHF,83566070,I,433007,1433030,Region,North West,14000,Three years preceding the survey,0,0,RHDELPCDHF,NGDHS2018433007,2018,DHS,7212,5899,,,1
NGA,North West,7602855,Place of delivery: Health facility,15.6,1,NG,Nigeria,2018,NG2018DHS,RH_DELP_C_DHF,83566070,I,433007,1433030,Region,North West,14001,Five years preceding the survey,0,0,RHDELPCDHF,NGDHS2018433007,2018,DHS,12558,10305,,,1
NGA,North West,2274463,Place of delivery: Health facility,16.4,1,NG,Nigeria,2018,NG2018DHS,RH_DELP_C_DHF,83566070,I,433007,1433030,Region,North West,14002,Two years preceding the survey,0,1,RHDELPCDHF,NGDHS2018433007,2018,DHS,4794,3937,,,1
NGA,Jigawa,4213811,Place of delivery: Health facility,22.8,1,NG,Nigeria,2018,NG2018DHS,RH_DELP_C_DHF,83566070,I,433031,1433031,Region,..Jigawa,14000,Three years preceding the survey,0,0,RHDELPCDHF,NGDHS2018433031,2018,DHS,851,848,,,2
NGA,Jigawa,5757533,Place of delivery: Health facility,20.1,1,NG,Nigeria,2018,NG2018DHS,RH_DELP_C_DHF,83566070,I,433031,1433031,Region,..Jigawa,14001,Five years preceding the survey,0,0,RHDELPCDHF,NGDHS2018433031,2018,DHS,1497,1502,,,2
NGA,Jigawa,4363683,Place of delivery: Health facility,21.8,1,NG,Nigeria,2018,NG2018DHS,RH_DELP_C_DHF,83566070,I,433031,1433031,Region,..Jigawa,14002,Two years preceding the survey,0,1,RHDELPCDHF,NGDHS2018433031,2018,DHS,566,568,,,2
NGA,Kaduna,4557212,Place of delivery: Health facility,17.9,1,NG,Nigeria,2018,NG2018DHS,RH_DELP_C_DHF,83566070,I,433032,1433032,Region,..Kaduna,14000,Three years preceding the survey,0,0,RHDELPCDHF,NGDHS2018433032,2018,DHS,1389,835,,,2
NGA,Kaduna,2718739,Place of delivery: Health facility,17.6,1,NG,Nigeria,2018,NG2018DHS,RH_DELP_C_DHF,83566070,I,433032,1433032,Region,..Kaduna,14001,Five years preceding the survey,0,0,RHDELPCDHF,NGDHS2018433032,2018,DHS,2402,1451,,,2
NGA,Kaduna,6132653,Place of delivery: Health facility,17.2,1,NG,Nigeria,2018,NG2018DHS,RH_DELP_C_DHF,83566070,I,433032,1433032,Region,..Kaduna,14002,Two years preceding the survey,0,1,RHDELPCDHF,NGDHS2018433032,2018,DHS,917,558,,,2
NGA,Kano,3460925,Place of delivery: Health facility,20.2,1,NG,Nigeria,2018,NG2018DHS,RH_DELP_C_DHF,83566070,I,433033,1433033,Region,..Kano,14000,Three years preceding the survey,0,0,RHDELPCDHF,NGDHS2018433033,2018,DHS,1560,1167,,,2
NGA,Kano,4761141,Place of delivery: Health facility,19.2,1,NG,Nigeria,2018,NG2018DHS,RH_DELP_C_DHF,83566070,I,433033,1433033,Region,..Kano,14001,Five years preceding the survey,0,0,RHDELPCDHF,NGDHS2018433033,2018,DHS,2738,2037,,,2
NGA,Kano,3984056,Place of delivery: Health facility,20.1,1,NG,Nigeria,2018,NG2018DHS,RH_DELP_C_DHF,83566070,I,433033,1433033,Region,..Kano,14002,Two years preceding the survey,0,1,RHDELPCDHF,NGDHS2018433033,2018,DHS,1022,758,,,2
NGA,Katsina,4528299,Place of delivery: Health facility,17.6,1,NG,Nigeria,2018,NG2018DHS,RH_DELP_C_DHF,83566070,I,433034,1433034,Region,..Katsina,14000,Three years preceding the survey,0,0,RHDELPCDHF,NGDHS2018433034,2018,DHS,1415,908,,,2
NGA,Katsina,2534251,Place of delivery: Health facility,16.5,1,NG,Nigeria,2018,NG2018DHS,RH_DELP_C_DHF,83566070,I,433034,1433034,Region,..Katsina,14001,Five years preceding the survey,0,0,RHDELPCDHF,NGDHS2018433034,2018,DHS,2428,1555,,,2
NGA,Katsina,152262,Place of delivery: Health facility,17.3,1,NG,Nigeria,2018,NG2018DHS,RH_DELP_C_DHF,83566070,I,433034,1433034,Region,..Katsina,14002,Two years preceding the survey,0,1,RHDELPCDHF,NGDHS2018433034,2018,DHS,924,600,,,2
NGA,Kebbi,5607074,Place of delivery: Health facility,8.3,1,NG,Nigeria,2018,NG2018DHS,RH_DELP_C_DHF,83566070,I,433035,1433035,Region,..Kebbi,14000,Three years preceding the survey,0,0,RHDELPCDHF,NGDHS2018433035,2018,DHS,670,767,,,2
NGA,Kebbi,4707026,Place of delivery: Health facility,7.4,1,NG,Nigeria,2018,NG2018DHS,RH_DELP_C_DHF,83566070,I,433035,1433035,Region,..Kebbi,14001,Five years preceding the survey,0,0,RHDELPCDHF,NGDHS2018433035,2018,DHS,1228,1397,,,2
NGA,Kebbi,3833856,Place of delivery: Health facility,8.6,1,NG,Nigeria,2018,NG2018DHS,RH_DELP_C_DHF,83566070,I,433035,1433035,Region,..Kebbi,14002,Two years preceding the survey,0,1,RHDELPCDHF,NGDHS2018433035,2018,DHS,464,523,,,2
NGA,Sokoto,3888263,Place of delivery: Health facility,9.1,1,NG,Nigeria,2018,NG2018DHS,RH_DELP_C_DHF,83566070,I,433036,1433036,Region,..Sokoto,14000,Three years preceding the survey,0,0,RHDELPCDHF,NGDHS2018433036,2018,DHS,559,642,,,2
NGA,Sokoto,5990511,Place of delivery: Health facility,7.8,1,NG,Nigeria,2018,NG2018DHS,RH_DELP_C_DHF,83566070,I,433036,1433036,Region,..Sokoto,14001,Five years preceding the survey,0,0,RHDELPCDHF,NGDHS2018433036,2018,DHS,978,1137,,,2
NGA,Sokoto,6851670,Place of delivery: Health facility,9.4,1,NG,Nigeria,2018,NG2018DHS,RH_DELP_C_DHF,83566070,I,433036,1433036,Region,..Sokoto,14002,Two years preceding the survey,0,1,RHDELPCDHF,NGDHS2018433036,2018,DHS,370,432,,,2
NGA,Zamfara,5238404,Place of delivery: Health facility,11.3,1,NG,Nigeria,2018,NG2018DHS,RH_DELP_C_DHF,83566070,I,433037,1433037,Region,..Zamfara,14000,Three years preceding the survey,0,0,RHDELPCDHF,NGDHS2018433037,2018,DHS,767,732,,,2
NGA,Zamfara,2269123,Place of delivery: Health facility,10.8,1,NG,Nigeria,2018,NG2018DHS,RH_DELP_C_DHF,83566070,I,433037,1433037,Region,..Zamfara,14001,Five years preceding the survey,0,0,RHDELPCDHF,NGDHS2018433037,2018,DHS,1287,1226,,,2
NGA,Zamfara,3498156,Place of delivery: Health facility,12,1,NG,Nigeria,2018,NG2018DHS,RH_DELP_C_DHF,83566070,I,433037,1433037,Region,..Zamfara,14002,Two years preceding the survey,0,1,RHDELPCDHF,NGDHS2018433037,2018,DHS,532,498,,,2
NGA,South East,2274889,Place of delivery: Health facility,81.5,1,NG,Nigeria,2018,NG2018DHS,RH_DELP_C_DHF,83566070,I,433008,1433040,Region,South East,14000,Three years preceding the survey,0,0,RHDELPCDHF,NGDHS2018433008,2018,DHS,2063,2264,,,1
NGA,South East,2274909,Place of delivery: Health facility,81.8,1,NG,Nigeria,2018,NG2018DHS,RH_DELP_C_DHF,83566070,I,433008,1433040,Region,South East,14001,Five years preceding the survey,0,0,RHDELPCDHF,NGDHS2018433008,2018,DHS,3428,3798,,,1
NGA,South East,5567545,Place of delivery: Health facility,81.4,1,NG,Nigeria,2018,NG2018DHS,RH_DELP_C_DHF,83566070,I,433008,1433040,Region,South East,14002,Two years preceding the survey,0,1,RHDELPCDHF,NGDHS2018433008,2018,DHS,1386,1499,,,1
NGA,Abia,5990529,Place of delivery: Health facility,91.7,1,NG,Nigeria,2018,NG2018DHS,RH_DELP_C_DHF,83566070,I,433041,1433041,Region,..Abia,14000,Three years preceding the survey,0,0,RHDELPCDHF,NGDHS2018433041,2018,DHS,258,387,,,2
NGA,Abia,6527365,Place of delivery: Health facility,92,1,NG,Nigeria,2018,NG2018DHS,RH_DELP_C_DHF,83566070,I,433041,1433041,Region,..Abia,14001,Five years preceding the survey,0,0,RHDELPCDHF,NGDHS2018433041,2018,DHS,426,641,,,2
NGA,Abia,5274814,Place of delivery: Health facility,91.2,1,NG,Nigeria,2018,NG2018DHS,RH_DELP_C_DHF,83566070,I,433041,1433041,Region,..Abia,14002,Two years preceding the survey,0,1,RHDELPCDHF,NGDHS2018433041,2018,DHS,170,254,,,2
NGA,Anambra,5294381,Place of delivery: Health facility,90.2,1,NG,Nigeria,2018,NG2018DHS,RH_DELP_C_DHF,83566070,I,433042,1433042,Region,..Anambra,14000,Three years preceding the survey,0,0,RHDELPCDHF,NGDHS2018433042,2018,DHS,647,523,,,2
NGA,Anambra,4493086,Place of delivery: Health facility,90.4,1,NG,Nigeria,2018,NG2018DHS,RH_DELP_C_DHF,83566070,I,433042,1433042,Region,..Anambra,14001,Five years preceding the survey,0,0,RHDELPCDHF,NGDHS2018433042,2018,DHS,1045,856,,,2
NGA,Anambra,3286494,Place of delivery: Health facility,88.4,1,NG,Nigeria,2018,NG2018DHS,RH_DELP_C_DHF,83566070,I,433042,1433042,Region,..Anambra,14002,Two years preceding the survey,0,1,RHDELPCDHF,NGDHS2018433042,2018,DHS,457,369,,,2
NGA,Ebonyi,2724975,Place of delivery: Health facility,55,1,NG,Nigeria,2018,NG2018DHS,RH_DELP_C_DHF,83566070,I,433043,1433043,Region,..Ebonyi,14000,Three years preceding the survey,0,0,RHDELPCDHF,NGDHS2018433043,2018,DHS,478,595,,,2
NGA,Ebonyi,7269383,Place of delivery: Health facility,56.5,1,NG,Nigeria,2018,NG2018DHS,RH_DELP_C_DHF,83566070,I,433043,1433043,Region,..Ebonyi,14001,Five years preceding the survey,0,0,RHDELPCDHF,NGDHS2018433043,2018,DHS,814,1012,,,2
NGA,Ebonyi,4369496,Place of delivery: Health facility,56.3,1,NG,Nigeria,2018,NG2018DHS,RH_DELP_C_DHF,83566070,I,433043,1433043,Region,..Ebonyi,14002,Two years preceding the survey,0,1,RHDELPCDHF,NGDHS2018433043,2018,DHS,313,390,,,2
NGA,Enugu,84773,Place of delivery: Health facility,80.3,1,NG,Nigeria,2018,NG2018DHS,RH_DELP_C_DHF,83566070,I,433044,1433044,Region,..Enugu,14000,Three years preceding the survey,0,0,RHDELPCDHF,NGDHS2018433044,2018,DHS,302,352,,,2
NGA,Enugu,3809470,Place of delivery: Health facility,79.5,1,NG,Nigeria,2018,NG2018DHS,RH_DELP_C_DHF,83566070,I,433044,1433044,Region,..Enugu,14001,Five years preceding the survey,0,0,RHDELPCDHF,NGDHS2018433044,2018,DHS,486,561,,,2
NGA,Enugu,6681543,Place of delivery: Health facility,81,1,NG,Nigeria,2018,NG2018DHS,RH_DELP_C_DHF,83566070,I,433044,1433044,Region,..Enugu,14002,Two years preceding the survey,0,1,RHDELPCDHF,NGDHS2018433044,2018,DHS,192,216,,,2
NGA,Imo,2558426,Place of delivery: Health facility,94,1,NG,Nigeria,2018,NG2018DHS,RH_DELP_C_DHF,83566070,I,433045,1433045,Region,..Imo,14000,Three years preceding the survey,0,0,RHDELPCDHF,NGDHS2018433045,2018,DHS,377,407,,,2
NGA,Imo,218094,Place of delivery: Health facility,94.5,1,NG,Nigeria,2018,NG2018DHS,RH_DELP_C_DHF,83566070,I,433045,1433045,Region,..Imo,14001,Five years preceding the survey,0,0,RHDELPCDHF,NGDHS2018433045,2018,DHS,657,728,,,2
NGA,Imo,6059062,Place of delivery: Health facility,93.5,1,NG,Nigeria,2018,NG2018DHS,RH_DELP_C_DHF,83566070,I,433045,1433045,Region,..Imo,14002,Two years preceding the survey,0,1,RHDELPCDHF,NGDHS2018433045,2018,DHS,253,270,,,2
NGA,South West,7559808,Place of delivery: Health facility,75.4,1,NG,Nigeria,2018,NG2018DHS,RH_DELP_C_DHF,83566070,I,433009,1433050,Region,South West,14000,Three years preceding the survey,0,0,RHDELPCDHF,NGDHS2018433009,2018,DHS,2591,2067,,,1
NGA,South West,5103851,Place of delivery: Health facility,76.3,1,NG,Nigeria,2018,NG2018DHS,RH_DELP_C_DHF,83566070,I,433009,1433050,Region,South West,14001,Five years preceding the survey,0,0,RHDELPCDHF,NGDHS2018433009,2018,DHS,4407,3533,,,1
NGA,South West,2791346,Place of delivery: Health facility,76,1,NG,Nigeria,2018,NG2018DHS,RH_DELP_C_DHF,83566070,I,433009,1433050,Region,South West,14002,Two years preceding the survey,0,1,RHDELPCDHF,NGDHS2018433009,2018,DHS,1730,1370,,,1
NGA,Ekiti,4542611,Place of delivery: Health facility,70.7,1,NG,Nigeria,2018,NG2018DHS,RH_DELP_C_DHF,83566070,I,433051,1433051,Region,..Ekiti,14000,Three years preceding the survey,0,0,RHDELPCDHF,NGDHS2018433051,2018,DHS,193,302,,,2
NGA,Ekiti,2724943,Place of delivery: Health facility,71.8,1,NG,Nigeria,2018,NG2018DHS,RH_DELP_C_DHF,83566070,I,433051,1433051,Region,..Ekiti,14001,Five years preceding the survey,0,0,RHDELPCDHF,NGDHS2018433051,2018,DHS,329,522,,,2
NGA,Ekiti,6139785,Place of delivery: Health facility,73.1,1,NG,Nigeria,2018,NG2018DHS,RH_DELP_C_DHF,83566070,I,433051,1433051,Region,..Ekiti,14002,Two years preceding the survey,0,1,RHDELPCDHF,NGDHS2018433051,2018,DHS,131,201,,,2
NGA,Lagos,3460933,Place of delivery: Health facility,71.7,1,NG,Nigeria,2018,NG2018DHS,RH_DELP_C_DHF,83566070,I,433052,1433052,Region,..Lagos,14000,Three years preceding the survey,0,0,RHDELPCDHF,NGDHS2018433052,2018,DHS,907,472,,,2
NGA,Lagos,4761173,Place of delivery: Health facility,75.7,1,NG,Nigeria,2018,NG2018DHS,RH_DELP_C_DHF,83566070,I,433052,1433052,Region,..Lagos,14001,Five years preceding the survey,0,0,RHDELPCDHF,NGDHS2018433052,2018,DHS,1545,807,,,2
NGA,Lagos,2264618,Place of delivery: Health facility,73.8,1,NG,Nigeria,2018,NG2018DHS,RH_DELP_C_DHF,83566070,I,433052,1433052,Region,..Lagos,14002,Two years preceding the survey,0,1,RHDELPCDHF,NGDHS2018433052,2018,DHS,609,302,,,2
NGA,Ogun,4528303,Place of delivery: Health facility,74.3,1,NG,Nigeria,2018,NG2018DHS,RH_DELP_C_DHF,83566070,I,433053,1433053,Region,..Ogun,14000,Three years preceding the survey,0,0,RHDELPCDHF,NGDHS2018433053,2018,DHS,343,299,,,2
NGA,Ogun,7806399,Place of delivery: Health facility,73.4,1,NG,Nigeria,2018,NG2018DHS,RH_DELP_C_DHF,83566070,I,433053,1433053,Region,..Ogun,14001,Five years preceding the survey,0,0,RHDELPCDHF,NGDHS2018433053,2018,DHS,586,508,,,2
NGA,Ogun,64461,Place of delivery: Health facility,74,1,NG,Nigeria,2018,NG2018DHS,RH_DELP_C_DHF,83566070,I,433053,1433053,Region,..Ogun,14002,Two years preceding the survey,0,1,RHDELPCDHF,NGDHS2018433053,2018,DHS,231,206,,,2
NGA,Ondo,7134414,Place of delivery: Health facility,82.5,1,NG,Nigeria,2018,NG2018DHS,RH_DELP_C_DHF,83566070,I,433054,1433054,Region,..Ondo,14000,Three years preceding the survey,0,0,RHDELPCDHF,NGDHS2018433054,2018,DHS,242,311,,,2
NGA,Ondo,4703995,Place of delivery: Health facility,80.7,1,NG,Nigeria,2018,NG2018DHS,RH_DELP_C_DHF,83566070,I,433054,1433054,Region,..Ondo,14001,Five years preceding the survey,0,0,RHDELPCDHF,NGDHS2018433054,2018,DHS,423,542,,,2
NGA,Ondo,3841199,Place of delivery: Health facility,81.8,1,NG,Nigeria,2018,NG2018DHS,RH_DELP_C_DHF,83566070,I,433054,1433054,Region,..Ondo,14002,Two years preceding the survey,0,1,RHDELPCDHF,NGDHS2018433054,2018,DHS,161,211,,,2
NGA,Osun,7489949,Place of delivery: Health facility,92,1,NG,Nigeria,2018,NG2018DHS,RH_DELP_C_DHF,83566070,I,433055,1433055,Region,..Osun,14000,Three years preceding the survey,0,0,RHDELPCDHF,NGDHS2018433055,2018,DHS,330,296,,,2
NGA,Osun,5990512,Place of delivery: Health facility,91.6,1,NG,Nigeria,2018,NG2018DHS,RH_DELP_C_DHF,83566070,I,433055,1433055,Region,..Osun,14001,Five years preceding the survey,0,0,RHDELPCDHF,NGDHS2018433055,2018,DHS,549,498,,,2
NGA,Osun,6852022,Place of delivery: Health facility,91.7,1,NG,Nigeria,2018,NG2018DHS,RH_DELP_C_DHF,83566070,I,433055,1433055,Region,..Osun,14002,Two years preceding the survey,0,1,RHDELPCDHF,NGDHS2018433055,2018,DHS,207,188,,,2
NGA,Oyo,5231242,Place of delivery: Health facility,71.1,1,NG,Nigeria,2018,NG2018DHS,RH_DELP_C_DHF,83566070,I,433056,1433056,Region,..Oyo,14000,Three years preceding the survey,0,0,RHDELPCDHF,NGDHS2018433056,2018,DHS,576,387,,,2
NGA,Oyo,2274920,Place of delivery: Health facility,70.1,1,NG,Nigeria,2018,NG2018DHS,RH_DELP_C_DHF,83566070,I,433056,1433056,Region,..Oyo,14001,Five years preceding the survey,0,0,RHDELPCDHF,NGDHS2018433056,2018,DHS,976,656,,,2
NGA,Oyo,3478730,Place of delivery: Health facility,71,1,NG,Nigeria,2018,NG2018DHS,RH_DELP_C_DHF,83566070,I,433056,1433056,Region,..Oyo,14002,Two years preceding the survey,0,1,RHDELPCDHF,NGDHS2018433056,2018,DHS,390,262,,,2
NGA,South South,4071029,Place of delivery: Health facility,50.3,1,NG,Nigeria,2018,NG2018DHS,RH_DELP_C_DHF,83566070,I,433010,1433060,Region,South South,14000,Three years preceding the survey,0,0,RHDELPCDHF,NGDHS2018433010,2018,DHS,1776,1907,,,1
NGA,South South,6277507,Place of delivery: Health facility,50.2,1,NG,Nigeria,2018,NG2018DHS,RH_DELP_C_DHF,83566070,I,433010,1433060,Region,South South,14001,Five years preceding the survey,0,0,RHDELPCDHF,NGDHS2018433010,2018,DHS,2968,3202,,,1
NGA,South South,91191,Place of delivery: Health facility,48.7,1,NG,Nigeria,2018,NG2018DHS,RH_DELP_C_DHF,83566070,I,433010,1433060,Region,South South,14002,Two years preceding the survey,0,1,RHDELPCDHF,NGDHS2018433010,2018,DHS,1223,1312,,,1
NGA,Akwa Ibom,5780882,Place of delivery: Health facility,31.8,1,NG,Nigeria,2018,NG2018DHS,RH_DELP_C_DHF,83566070,I,433061,1433061,Region,..Akwa Ibom,14000,Three years preceding the survey,0,0,RHDELPCDHF,NGDHS2018433061,2018,DHS,313,334,,,2
NGA,Akwa Ibom,4574526,Place of delivery: Health facility,34.7,1,NG,Nigeria,2018,NG2018DHS,RH_DELP_C_DHF,83566070,I,433061,1433061,Region,..Akwa Ibom,14001,Five years preceding the survey,0,0,RHDELPCDHF,NGDHS2018433061,2018,DHS,522,564,,,2
NGA,Akwa Ibom,7878392,Place of delivery: Health facility,28.5,1,NG,Nigeria,2018,NG2018DHS,RH_DELP_C_DHF,83566070,I,433061,1433061,Region,..Akwa Ibom,14002,Two years preceding the survey,0,1,RHDELPCDHF,NGDHS2018433061,2018,DHS,227,240,,,2
NGA,Bayelsa,3705536,Place of delivery: Health facility,25.7,1,NG,Nigeria,2018,NG2018DHS,RH_DELP_C_DHF,83566070,I,433062,1433062,Region,..Bayelsa,14000,Three years preceding the survey,0,0,RHDELPCDHF,NGDHS2018433062,2018,DHS,131,346,,,2
NGA,Bayelsa,7296507,Place of delivery: Health facility,22.9,1,NG,Nigeria,2018,NG2018DHS,RH_DELP_C_DHF,83566070,I,433062,1433062,Region,..Bayelsa,14001,Five years preceding the survey,0,0,RHDELPCDHF,NGDHS2018433062,2018,DHS,217,570,,,2
NGA,Bayelsa,4369490,Place of delivery: Health facility,26.6,1,NG,Nigeria,2018,NG2018DHS,RH_DELP_C_DHF,83566070,I,433062,1433062,Region,..Bayelsa,14002,Two years preceding the survey,0,1,RHDELPCDHF,NGDHS2018433062,2018,DHS,91,237,,,2
NGA,Cross River,6872643,Place of delivery: Health facility,54.4,1,NG,Nigeria,2018,NG2018DHS,RH_DELP_C_DHF,83566070,I,433063,1433063,Region,..Cross River,14000,Three years preceding the survey,0,0,RHDELPCDHF,NGDHS2018433063,2018,DHS,194,262,,,2
NGA,Cross River,3809479,Place of delivery: Health facility,52.6,1,NG,Nigeria,2018,NG2018DHS,RH_DELP_C_DHF,83566070,I,433063,1433063,Region,..Cross River,14001,Five years preceding the survey,0,0,RHDELPCDHF,NGDHS2018433063,2018,DHS,318,428,,,2
NGA,Cross River,6681548,Place of delivery: Health facility,54.8,1,NG,Nigeria,2018,NG2018DHS,RH_DELP_C_DHF,83566070,I,433063,1433063,Region,..Cross River,14002,Two years preceding the survey,0,1,RHDELPCDHF,NGDHS2018433063,2018,DHS,124,169,,,2
NGA,Delta,2534859,Place of delivery: Health facility,58.6,1,NG,Nigeria,2018,NG2018DHS,RH_DELP_C_DHF,83566070,I,433064,1433064,Region,..Delta,14000,Three years preceding the survey,0,0,RHDELPCDHF,NGDHS2018433064,2018,DHS,356,303,,,2
NGA,Delta,152256,Place of delivery: Health facility,54.9,1,NG,Nigeria,2018,NG2018DHS,RH_DELP_C_DHF,83566070,I,433064,1433064,Region,..Delta,14001,Five years preceding the survey,0,0,RHDELPCDHF,NGDHS2018433064,2018,DHS,595,508,,,2
NGA,Delta,4357897,Place of delivery: Health facility,58.6,1,NG,Nigeria,2018,NG2018DHS,RH_DELP_C_DHF,83566070,I,433064,1433064,Region,..Delta,14002,Two years preceding the survey,0,1,RHDELPCDHF,NGDHS2018433064,2018,DHS,255,214,,,2
NGA,Edo,4377201,Place of delivery: Health facility,79.9,1,NG,Nigeria,2018,NG2018DHS,RH_DELP_C_DHF,83566070,I,433065,1433065,Region,..Edo,14000,Three years preceding the survey,0,0,RHDELPCDHF,NGDHS2018433065,2018,DHS,232,262,,,2
NGA,Edo,4001774,Place of delivery: Health facility,80.1,1,NG,Nigeria,2018,NG2018DHS,RH_DELP_C_DHF,83566070,I,433065,1433065,Region,..Edo,14001,Five years preceding the survey,0,0,RHDELPCDHF,NGDHS2018433065,2018,DHS,411,465,,,2
NGA,Edo,5264434,Place of delivery: Health facility,75.9,1,NG,Nigeria,2018,NG2018DHS,RH_DELP_C_DHF,83566070,I,433065,1433065,Region,..Edo,14002,Two years preceding the survey,0,1,RHDELPCDHF,NGDHS2018433065,2018,DHS,155,180,,,2
NGA,Rivers,5990534,Place of delivery: Health facility,47.4,1,NG,Nigeria,2018,NG2018DHS,RH_DELP_C_DHF,83566070,I,433066,1433066,Region,..Rivers,14000,Three years preceding the survey,0,0,RHDELPCDHF,NGDHS2018433066,2018,DHS,550,400,,,2
NGA,Rivers,2940262,Place of delivery: Health facility,48.2,1,NG,Nigeria,2018,NG2018DHS,RH_DELP_C_DHF,83566070,I,433066,1433066,Region,..Rivers,14001,Five years preceding the survey,0,0,RHDELPCDHF,NGDHS2018433066,2018,DHS,906,667,,,2
NGA,Rivers,3717265,Place of delivery: Health facility,46.4,1,NG,Nigeria,2018,NG2018DHS,RH_DELP_C_DHF,83566070,I,433066,1433066,Region,..Rivers,14002,Two years preceding the survey,0,1,RHDELPCDHF,NGDHS2018433066,2018,DHS,371,272,,,2
NGA,North Central,99126,Fully vaccinated (8 basic antigens),31,1,NG,Nigeria,2018,NG2018DHS,CH_VACC_C_BAS,93906230,I,433005,1433010,Region,North Central,0,,0,1,CHVACCCBAS,NGDHS2018433005,2018,DHS,864,1061,,,1
NGA,FCT Abuja,4003439,Fully vaccinated (8 basic antigens),49.6,1,NG,Nigeria,2018,NG2018DHS,CH_VACC_C_BAS,93906230,I,433011,1433011,Region,..FCT Abuja,0,,0,1,CHVACCCBAS,NGDHS2018433011,2018,DHS,41,141,,,2
NGA,Benue,2956481,Fully vaccinated (8 basic antigens),27.4,1,NG,Nigeria,2018,NG2018DHS,CH_VACC_C_BAS,93906230,I,433012,1433012,Region,..Benue,0,,0,1,CHVACCCBAS,NGDHS2018433012,2018,DHS,194,186,,,2
NGA,Kogi,6233318,Fully vaccinated (8 basic antigens),26.2,1,NG,Nigeria,2018,NG2018DHS,CH_VACC_C_BAS,93906230,I,433013,1433013,Region,..Kogi,0,,0,1,CHVACCCBAS,NGDHS2018433013,2018,DHS,80,103,,,2
NGA,Kwara,4366705,Fully vaccinated (8 basic antigens),29.3,1,NG,Nigeria,2018,NG2018DHS,CH_VACC_C_BAS,93906230,I,433014,1433014,Region,..Kwara,0,,0,1,CHVACCCBAS,NGDHS2018433014,2018,DHS,105,130,,,2
NGA,Nasarawa,7186944,Fully vaccinated (8 basic antigens),39.1,1,NG,Nigeria,2018,NG2018DHS,CH_VACC_C_BAS,93906230,I,433015,1433015,Region,..Nasarawa,0,,0,1,CHVACCCBAS,NGDHS2018433015,2018,DHS,85,137,,,2
NGA,Niger,3648094,Fully vaccinated (8 basic antigens),23.3,1,NG,Nigeria,2018,NG2018DHS,CH_VACC_C_BAS,93906230,I,433016,1433016,Region,..Niger,0,,0,1,CHVACCCBAS,NGDHS2018433016,2018,DHS,256,230,,,2
NGA,Plateau,5233892,Fully vaccinated (8 basic antigens),47.8,1,NG,Nigeria,2018,NG2018DHS,CH_VACC_C_BAS,93906230,I,433017,1433017,Region,..Plateau,0,,0,1,CHVACCCBAS,NGDHS2018433017,2018,DHS,104,134,,,2
NGA,North East,6654449,Fully vaccinated (8 basic antigens),22.9,1,NG,Nigeria,2018,NG2018DHS,CH_VACC_C_BAS,93906230,I,433006,1433020,Region,North East,0,,0,1,CHVACCCBAS,NGDHS2018433006,2018,DHS,1133,1303,,,1
NGA,Adamawa,2178386,Fully vaccinated (8 basic antigens),36.8,1,NG,Nigeria,2018,NG2018DHS,CH_VACC_C_BAS,93906230,I,433021,1433021,Region,..Adamawa,0,,0,1,CHVACCCBAS,NGDHS2018433021,2018,DHS,151,177,,,2
NGA,Bauchi,5414905,Fully vaccinated (8 basic antigens),19.6,1,NG,Nigeria,2018,NG2018DHS,CH_VACC_C_BAS,93906230,I,433022,1433022,Region,..Bauchi,0,,0,1,CHVACCCBAS,NGDHS2018433022,2018,DHS,278,266,,,2
NGA,Borno,2641543,Fully vaccinated (8 basic antigens),21.9,1,NG,Nigeria,2018,NG2018DHS,CH_VACC_C_BAS,93906230,I,433023,1433023,Region,..Borno,0,,0,1,CHVACCCBAS,NGDHS2018433023,2018,DHS,221,203,,,2
NGA,Gombe,99161,Fully vaccinated (8 basic antigens),18.2,1,NG,Nigeria,2018,NG2018DHS,CH_VACC_C_BAS,93906230,I,433024,1433024,Region,..Gombe,0,,0,1,CHVACCCBAS,NGDHS2018433024,2018,DHS,128,238,,,2
NGA,Taraba,7392231,Fully vaccinated (8 basic antigens),24.1,1,NG,Nigeria,2018,NG2018DHS,CH_VACC_C_BAS,93906230,I,433025,1433025,Region,..Taraba,0,,0,1,CHVACCCBAS,NGDHS2018433025,2018,DHS,134,203,,,2
NGA,Yobe,4570677,Fully vaccinated (8 basic antigens),20.6,1,NG,Nigeria,2018,NG2018DHS,CH_VACC_C_BAS,93906230,I,433026,1433026,Region,..Yobe,0,,0,1,CHVACCCBAS,NGDHS2018433026,2018,DHS,221,216,,,2
NGA,North West,4574078,Fully vaccinated (8 basic antigens),19.9,1,NG,Nigeria,2018,NG2018DHS,CH_VACC_C_BAS,93906230,I,433007,1433030,Region,North West,0,,0,1,CHVACCCBAS,NGDHS2018433007,2018,DHS,2036,1697,,,1
NGA,Jigawa,2963308,Fully vaccinated (8 basic antigens),23.8,1,NG,Nigeria,2018,NG2018DHS,CH_VACC_C_BAS,93906230,I,433031,1433031,Region,..Jigawa,0,,0,1,CHVACCCBAS,NGDHS2018433031,2018,DHS,246,250,,,2
NGA,Kaduna,6219572,Fully vaccinated (8 basic antigens),21.8,1,NG,Nigeria,2018,NG2018DHS,CH_VACC_C_BAS,93906230,I,433032,1433032,Region,..Kaduna,0,,0,1,CHVACCCBAS,NGDHS2018433032,2018,DHS,362,227,,,2
NGA,Kano,4213722,Fully vaccinated (8 basic antigens),34.3,1,NG,Nigeria,2018,NG2018DHS,CH_VACC_C_BAS,93906230,I,433033,1433033,Region,..Kano,0,,0,1,CHVACCCBAS,NGDHS2018433033,2018,DHS,431,328,,,2
NGA,Katsina,7162969,Fully vaccinated (8 basic antigens),21.2,1,NG,Nigeria,2018,NG2018DHS,CH_VACC_C_BAS,93906230,I,433034,1433034,Region,..Katsina,0,,0,1,CHVACCCBAS,NGDHS2018433034,2018,DHS,392,257,,,2
NGA,Kebbi,3642255,Fully vaccinated (8 basic antigens),6.3,1,NG,Nigeria,2018,NG2018DHS,CH_VACC_C_BAS,93906230,I,433035,1433035,Region,..Kebbi,0,,0,1,CHVACCCBAS,NGDHS2018433035,2018,DHS,207,237,,,2
NGA,Sokoto,5247722,Fully vaccinated (8 basic antigens),4.6,1,NG,Nigeria,2018,NG2018DHS,CH_VACC_C_BAS,93906230,I,433036,1433036,Region,..Sokoto,0,,0,1,CHVACCCBAS,NGDHS2018433036,2018,DHS,178,197,,,2
NGA,Zamfara,2553967,Fully vaccinated (8 basic antigens),7.4,1,NG,Nigeria,2018,NG2018DHS,CH_VACC_C_BAS,93906230,I,433037,1433037,Region,..Zamfara,0,,0,1,CHVACCCBAS,NGDHS2018433037,2018,DHS,220,201,,,2
NGA,South East,5694504,Fully vaccinated (8 basic antigens),57,1,NG,Nigeria,2018,NG2018DHS,CH_VACC_C_BAS,93906230,I,433008,1433040,Region,South East,0,,0,1,CHVACCCBAS,NGDHS2018433008,2018,DHS,641,698,,,1
NGA,Abia,7077552,Fully vaccinated (8 basic antigens),39,1,NG,Nigeria,2018,NG2018DHS,CH_VACC_C_BAS,93906230,I,433041,1433041,Region,..Abia,0,,0,1,CHVACCCBAS,NGDHS2018433041,2018,DHS,69,107,,,2
NGA,Anambra,2168020,Fully vaccinated (8 basic antigens),75.8,1,NG,Nigeria,2018,NG2018DHS,CH_VACC_C_BAS,93906230,I,433042,1433042,Region,..Anambra,0,,0,1,CHVACCCBAS,NGDHS2018433042,2018,DHS,221,179,,,2
NGA,Ebonyi,80142,Fully vaccinated (8 basic antigens),44.8,1,NG,Nigeria,2018,NG2018DHS,CH_VACC_C_BAS,93906230,I,433043,1433043,Region,..Ebonyi,0,,0,1,CHVACCCBAS,NGDHS2018433043,2018,DHS,148,181,,,2
NGA,Enugu,7392345,Fully vaccinated (8 basic antigens),36.4,1,NG,Nigeria,2018,NG2018DHS,CH_VACC_C_BAS,93906230,I,433044,1433044,Region,..Enugu,0,,0,1,CHVACCCBAS,NGDHS2018433044,2018,DHS,87,97,,,2
NGA,Imo,4258430,Fully vaccinated (8 basic antigens),62.6,1,NG,Nigeria,2018,NG2018DHS,CH_VACC_C_BAS,93906230,I,433045,1433045,Region,..Imo,0,,0,1,CHVACCCBAS,NGDHS2018433045,2018,DHS,117,134,,,2
NGA,South West,7733062,Fully vaccinated (8 basic antigens),43,1,NG,Nigeria,2018,NG2018DHS,CH_VACC_C_BAS,93906230,I,433009,1433050,Region,South West,0,,0,1,CHVACCCBAS,NGDHS2018433009,2018,DHS,874,663,,,1
NGA,Ekiti,6198586,Fully vaccinated (8 basic antigens),41.1,1,NG,Nigeria,2018,NG2018DHS,CH_VACC_C_BAS,93906230,I,433051,1433051,Region,..Ekiti,0,,0,1,CHVACCCBAS,NGDHS2018433051,2018,DHS,68,100,,,2
NGA,Lagos,2173195,Fully vaccinated (8 basic antigens),62.4,1,NG,Nigeria,2018,NG2018DHS,CH_VACC_C_BAS,93906230,I,433052,1433052,Region,..Lagos,0,,0,1,CHVACCCBAS,NGDHS2018433052,2018,DHS,329,155,,,2
NGA,Ogun,5850349,Fully vaccinated (8 basic antigens),23.1,1,NG,Nigeria,2018,NG2018DHS,CH_VACC_C_BAS,93906230,I,433053,1433053,Region,..Ogun,0,,0,1,CHVACCCBAS,NGDHS2018433053,2018,DHS,121,105,,,2
NGA,Ondo,4589534,Fully vaccinated (8 basic antigens),50.5,1,NG,Nigeria,2018,NG2018DHS,CH_VACC_C_BAS,93906230,I,433054,1433054,Region,..Ondo,0,,0,1,CHVACCCBAS,NGDHS2018433054,2018,DHS,75,94,,,2
NGA,Osun,5251355,Fully vaccinated (8 basic antigens),33.8,1,NG,Nigeria,2018,NG2018DHS,CH_VACC_C_BAS,93906230,I,433055,1433055,Region,..Osun,0,,0,1,CHVACCCBAS,NGDHS2018433055,2018,DHS,102,92,,,2
NGA,Oyo,2559970,Fully vaccinated (8 basic antigens),23.3,1,NG,Nigeria,2018,NG2018DHS,CH_VACC_C_BAS,93906230,I,433056,1433056,Region,..Oyo,0,,0,1,CHVACCCBAS,NGDHS2018433056,2018,DHS,179,117,,,2
NGA,South South,5417565,Fully vaccinated (8 basic antigens),41.8,1,NG,Nigeria,2018,NG2018DHS,CH_VACC_C_BAS,93906230,I,433010,1433060,Region,South South,0,,0,1,CHVACCCBAS,NGDHS2018433010,2018,DHS,596,637,,,1
NGA,Akwa Ibom,2178430,Fully vaccinated (8 basic antigens),42,1,NG,Nigeria,2018,NG2018DHS,CH_VACC_C_BAS,93906230,I,433061,1433061,Region,..Akwa Ibom,0,,0,1,CHVACCCBAS,NGDHS2018433061,2018,DHS,118,123,,,2
NGA,Bayelsa,4971518,Fully vaccinated (8 basic antigens),18,1,NG,Nigeria,2018,NG2018DHS,CH_VACC_C_BAS,93906230,I,433062,1433062,Region,..Bayelsa,0,,0,1,CHVACCCBAS,NGDHS2018433062,2018,DHS,50,123,,,2
NGA,Cross River,7445725,Fully vaccinated (8 basic antigens),46,1,NG,Nigeria,2018,NG2018DHS,CH_VACC_C_BAS,93906230,I,433063,1433063,Region,..Cross River,0,,0,1,CHVACCCBAS,NGDHS2018433063,2018,DHS,53,75,,,2
NGA,Delta,4265309,Fully vaccinated (8 basic antigens),44.4,1,NG,Nigeria,2018,NG2018DHS,CH_VACC_C_BAS,93906230,I,433064,1433064,Region,..Delta,0,,0,1,CHVACCCBAS,NGDHS2018433064,2018,DHS,127,102,,,2
NGA,Edo,6431950,Fully vaccinated (8 basic antigens),56.3,1,NG,Nigeria,2018,NG2018DHS,CH_VACC_C_BAS,93906230,I,433065,1433065,Region,..Edo,0,,0,1,CHVACCCBAS,NGDHS2018433065,2018,DHS,75,90,,,2
NGA,Rivers,7832126,Fully vaccinated (8 basic antigens),39.2,1,NG,Nigeria,2018,NG2018DHS,CH_VACC_C_BAS,93906230,I,433066,1433066,Region,..Rivers,0,,0,1,CHVACCCBAS,NGDHS2018433066,2018,DHS,172,124,,,2
NGA,North Central,5300664,Treatment of diarrhea: Either ORS or RHF,42.3,1,NG,Nigeria,2018,NG2018DHS,CH_DIAT_C_ORT,94096040,I,433005,1433010,Region,North Central,14000,Three years preceding the survey,0,0,CHDIATCORT,NGDHS2018433005,2018,DHS,390,449,,,1
NGA,North Central,7674478,Treatment of diarrhea: Either ORS or RHF,40.8,1,NG,Nigeria,2018,NG2018DHS,CH_DIAT_C_ORT,94096040,I,433005,1433010,Region,North Central,14001,Five years preceding the survey,0,1,CHDIATCORT,NGDHS2018433005,2018,DHS,486,554,,,1
NGA,FCT Abuja,3972866,Treatment of diarrhea: Either ORS or RHF,51.2,1,NG,Nigeria,2018,NG2018DHS,CH_DIAT_C_ORT,94096040,I,433011,1433011,Region,..FCT Abuja,14000,Three years preceding the survey,0,0,CHDIATCORT,NGDHS2018433011,2018,DHS,16,53,,,2
NGA,FCT Abuja,7305987,Treatment of diarrhea: Either ORS or RHF,48.1,1,NG,Nigeria,2018,NG2018DHS,CH_DIAT_C_ORT,94096040,I,433011,1433011,Region,..FCT Abuja,14001,Five years preceding the survey,0,1,CHDIATCORT,NGDHS2018433011,2018,DHS,17,60,,,2
NGA,Benue,6944791,Treatment of diarrhea: Either ORS or RHF,50.1,1,NG,Nigeria,2018,NG2018DHS,CH_DIAT_C_ORT,94096040,I,433012,1433012,Region,..Benue,14000,Three years preceding the survey,0,0,CHDIATCORT,NGDHS2018433012,2018,DHS,87,83,,,2
NGA,Benue,4314571,Treatment of diarrhea: Either ORS or RHF,45.6,1,NG,Nigeria,2018,NG2018DHS,CH_DIAT_C_ORT,94096040,I,433012,1433012,Region,..Benue,14001,Five years preceding the survey,0,1,CHDIATCORT,NGDHS2018433012,2018,DHS,101,97,,,2
NGA,Kogi,3857353,Treatment of diarrhea: Either ORS or RHF,40.8,1,NG,Nigeria,2018,NG2018DHS,CH_DIAT_C_ORT,94096040,I,433013,1433013,Region,..Kogi,14000,Three years preceding the survey,0,0,CHDIATCORT,NGDHS2018433013,2018,DHS,22,31,,,2
NGA,Kogi,5549883,Treatment of diarrhea: Either ORS or RHF,37.4,1,NG,Nigeria,2018,NG2018DHS,CH_DIAT_C_ORT,94096040,I,433013,1433013,Region,..Kogi,14001,Five years preceding the survey,0,1,CHDIATCORT,NGDHS2018433013,2018,DHS,26,38,,,2
NGA,Kwara,5087500,Treatment of diarrhea: Either ORS or RHF,32,1,NG,Nigeria,2018,NG2018DHS,CH_DIAT_C_ORT,94096040,I,433014,1433014,Region,..Kwara,14000,Three years preceding the survey,0,0,CHDIATCORT,NGDHS2018433014,2018,DHS,34,38,,,2
NGA,Kwara,4510414,Treatment of diarrhea: Either ORS or RHF,35.3,1,NG,Nigeria,2018,NG2018DHS,CH_DIAT_C_ORT,94096040,I,433014,1433014,Region,..Kwara,14001,Five years preceding the survey,0,1,CHDIATCORT,NGDHS2018433014,2018,DHS,41,45,,,2
NGA,Nasarawa,3617110,Treatment of diarrhea: Either ORS or RHF,85,1,NG,Nigeria,2018,NG2018DHS,CH_DIAT_C_ORT,94096040,I,433015,1433015,Region,..Nasarawa,14000,Three years preceding the survey,0,0,CHDIATCORT,NGDHS2018433015,2018,DHS,18,26,,,2
NGA,Nasarawa,4934623,Treatment of diarrhea: Either ORS or RHF,82.9,1,NG,Nigeria,2018,NG2018DHS,CH_DIAT_C_ORT,94096040,I,433015,1433015,Region,..Nasarawa,14001,Five years preceding the survey,0,1,CHDIATCORT,NGDHS2018433015,2018,DHS,27,39,,,2
NGA,Niger,2178750,Treatment of diarrhea: Either ORS or RHF,43.4,1,NG,Nigeria,2018,NG2018DHS,CH_DIAT_C_ORT,94096040,I,433016,1433016,Region,..Niger,14000,Three years preceding the survey,0,0,CHDIATCORT,NGDHS2018433016,2018,DHS,153,141,,,2
NGA,Niger,2572993,Treatment of diarrhea: Either ORS or RHF,42,1,NG,Nigeria,2018,NG2018DHS,CH_DIAT_C_ORT,94096040,I,433016,1433016,Region,..Niger,14001,Five years preceding the survey,0,1,CHDIATCORT,NGDHS2018433016,2018,DHS,197,179,,,2
NGA,Plateau,5921148,Treatment of diarrhea: Either ORS or RHF,19.2,1,NG,Nigeria,2018,NG2018DHS,CH_DIAT_C_ORT,94096040,I,433017,1433017,Region,..Plateau,14000,Three years preceding the survey,0,0,CHDIATCORT,NGDHS2018433017,2018,DHS,60,77,,,2
NGA,Plateau,4149811,Treatment of diarrhea: Either ORS or RHF,18.4,1,NG,Nigeria,2018,NG2018DHS,CH_DIAT_C_ORT,94096040,I,433017,1433017,Region,..Plateau,14001,Five years preceding the survey,0,1,CHDIATCORT,NGDHS2018433017,2018,DHS,75,96,,,2
NGA,North East,2178728,Treatment of diarrhea: Either ORS or RHF,39,1,NG,Nigeria,2018,NG2018DHS,CH_DIAT_C_ORT,94096040,I,433006,1433020,Region,North East,14000,Three years preceding the survey,0,0,CHDIATCORT,NGDHS2018433006,2018,DHS,1003,1148,,,1
NGA,North East,5876459,Treatment of diarrhea: Either ORS or RHF,38.2,1,NG,Nigeria,2018,NG2018DHS,CH_DIAT_C_ORT,94096040,I,433006,1433020,Region,North East,14001,Five years preceding the survey,0,1,CHDIATCORT,NGDHS2018433006,2018,DHS,1378,1580,,,1
NGA,Adamawa,4375157,Treatment of diarrhea: Either ORS or RHF,40.8,1,NG,Nigeria,2018,NG2018DHS,CH_DIAT_C_ORT,94096040,I,433021,1433021,Region,..Adamawa,14000,Three years preceding the survey,0,0,CHDIATCORT,NGDHS2018433021,2018,DHS,70,75,,,2
NGA,Adamawa,4167002,Treatment of diarrhea: Either ORS or RHF,42.1,1,NG,Nigeria,2018,NG2018DHS,CH_DIAT_C_ORT,94096040,I,433021,1433021,Region,..Adamawa,14001,Five years preceding the survey,0,1,CHDIATCORT,NGDHS2018433021,2018,DHS,76,84,,,2
NGA,Bauchi,7365850,Treatment of diarrhea: Either ORS or RHF,39.4,1,NG,Nigeria,2018,NG2018DHS,CH_DIAT_C_ORT,94096040,I,433022,1433022,Region,..Bauchi,14000,Three years preceding the survey,0,0,CHDIATCORT,NGDHS2018433022,2018,DHS,325,325,,,2
NGA,Bauchi,4922121,Treatment of diarrhea: Either ORS or RHF,36.5,1,NG,Nigeria,2018,NG2018DHS,CH_DIAT_C_ORT,94096040,I,433022,1433022,Region,..Bauchi,14001,Five years preceding the survey,0,1,CHDIATCORT,NGDHS2018433022,2018,DHS,449,443,,,2
NGA,Borno,2179451,Treatment of diarrhea: Either ORS or RHF,77.7,1,NG,Nigeria,2018,NG2018DHS,CH_DIAT_C_ORT,94096040,I,433023,1433023,Region,..Borno,14000,Three years preceding the survey,0,0,CHDIATCORT,NGDHS2018433023,2018,DHS,79,63,,,2
NGA,Borno,7892902,Treatment of diarrhea: Either ORS or RHF,82.7,1,NG,Nigeria,2018,NG2018DHS,CH_DIAT_C_ORT,94096040,I,433023,1433023,Region,..Borno,14001,Five years preceding the survey,0,1,CHDIATCORT,NGDHS2018433023,2018,DHS,101,77,,,2
NGA,Gombe,5300669,Treatment of diarrhea: Either ORS or RHF,27.7,1,NG,Nigeria,2018,NG2018DHS,CH_DIAT_C_ORT,94096040,I,433024,1433024,Region,..Gombe,14000,Three years preceding the survey,0,0,CHDIATCORT,NGDHS2018433024,2018,DHS,151,274,,,2
NGA,Gombe,6618578,Treatment of diarrhea: Either ORS or RHF,26.1,1,NG,Nigeria,2018,NG2018DHS,CH_DIAT_C_ORT,94096040,I,433024,1433024,Region,..Gombe,14001,Five years preceding the survey,0,1,CHDIATCORT,NGDHS2018433024,2018,DHS,220,395,,,2
NGA,Taraba,2168369,Treatment of diarrhea: Either ORS or RHF,7.1,1,NG,Nigeria,2018,NG2018DHS,CH_DIAT_C_ORT,94096040,I,433025,1433025,Region,..Taraba,14000,Three years preceding the survey,0,0,CHDIATCORT,NGDHS2018433025,2018,DHS,119,177,,,2
NGA,Taraba,5709595,Treatment of diarrhea: Either ORS or RHF,10,1,NG,Nigeria,2018,NG2018DHS,CH_DIAT_C_ORT,94096040,I,433025,1433025,Region,..Taraba,14001,Five years preceding the survey,0,1,CHDIATCORT,NGDHS2018433025,2018,DHS,158,233,,,2
NGA,Yobe,4919970,Treatment of diarrhea: Either ORS or RHF,47.3,1,NG,Nigeria,2018,NG2018DHS,CH_DIAT_C_ORT,94096040,I,433026,1433026,Region,..Yobe,14000,Three years preceding the survey,0,0,CHDIATCORT,NGDHS2018433026,2018,DHS,259,234,,,2
NGA,Yobe,3821742,Treatment of diarrhea: Either ORS or RHF,46.2,1,NG,Nigeria,2018,NG2018DHS,CH_DIAT_C_ORT,94096040,I,433026,1433026,Region,..Yobe,14001,Five years preceding the survey,0,1,CHDIATCORT,NGDHS2018433026,2018,DHS,373,348,,,2
NGA,North West,410986,Treatment of diarrhea: Either ORS or RHF,43.8,1,NG,Nigeria,2018,NG2018DHS,CH_DIAT_C_ORT,94096040,I,433007,1433030,Region,North West,14000,Three years preceding the survey,0,0,CHDIATCORT,NGDHS2018433007,2018,DHS,1132,924,,,1
NGA,North West,7603145,Treatment of diarrhea: Either ORS or RHF,43.4,1,NG,Nigeria,2018,NG2018DHS,CH_DIAT_C_ORT,94096040,I,433007,1433030,Region,North West,14001,Five years preceding the survey,0,1,CHDIATCORT,NGDHS2018433007,2018,DHS,1505,1234,,,1
NGA,Jigawa,6939029,Treatment of diarrhea: Either ORS or RHF,64.4,1,NG,Nigeria,2018,NG2018DHS,CH_DIAT_C_ORT,94096040,I,433031,1433031,Region,..Jigawa,14000,Three years preceding the survey,0,0,CHDIATCORT,NGDHS2018433031,2018,DHS,179,173,,,2
NGA,Jigawa,4329533,Treatment of diarrhea: Either ORS or RHF,63.9,1,NG,Nigeria,2018,NG2018DHS,CH_DIAT_C_ORT,94096040,I,433031,1433031,Region,..Jigawa,14001,Five years preceding the survey,0,1,CHDIATCORT,NGDHS2018433031,2018,DHS,243,239,,,2
NGA,Kaduna,3864352,Treatment of diarrhea: Either ORS or RHF,6.7,1,NG,Nigeria,2018,NG2018DHS,CH_DIAT_C_ORT,94096040,I,433032,1433032,Region,..Kaduna,14000,Three years preceding the survey,0,0,CHDIATCORT,NGDHS2018433032,2018,DHS,182,119,,,2
NGA,Kaduna,6076824,Treatment of diarrhea: Either ORS or RHF,5.1,1,NG,Nigeria,2018,NG2018DHS,CH_DIAT_C_ORT,94096040,I,433032,1433032,Region,..Kaduna,14001,Five years preceding the survey,0,1,CHDIATCORT,NGDHS2018433032,2018,DHS,241,155,,,2
NGA,Kano,5072474,Treatment of diarrhea: Either ORS or RHF,55.8,1,NG,Nigeria,2018,NG2018DHS,CH_DIAT_C_ORT,94096040,I,433033,1433033,Region,..Kano,14000,Three years preceding the survey,0,0,CHDIATCORT,NGDHS2018433033,2018,DHS,323,246,,,2
NGA,Kano,3633740,Treatment of diarrhea: Either ORS or RHF,55.1,1,NG,Nigeria,2018,NG2018DHS,CH_DIAT_C_ORT,94096040,I,433033,1433033,Region,..Kano,14001,Five years preceding the survey,0,1,CHDIATCORT,NGDHS2018433033,2018,DHS,428,320,,,2
NGA,Katsina,3485398,Treatment of diarrhea: Either ORS or RHF,38.5,1,NG,Nigeria,2018,NG2018DHS,CH_DIAT_C_ORT,94096040,I,433034,1433034,Region,..Katsina,14000,Three years preceding the survey,0,0,CHDIATCORT,NGDHS2018433034,2018,DHS,230,147,,,2
NGA,Katsina,4784859,Treatment of diarrhea: Either ORS or RHF,40.4,1,NG,Nigeria,2018,NG2018DHS,CH_DIAT_C_ORT,94096040,I,433034,1433034,Region,..Katsina,14001,Five years preceding the survey,0,1,CHDIATCORT,NGDHS2018433034,2018,DHS,294,188,,,2
NGA,Kebbi,2168396,Treatment of diarrhea: Either ORS or RHF,42.6,1,NG,Nigeria,2018,NG2018DHS,CH_DIAT_C_ORT,94096040,I,433035,1433035,Region,..Kebbi,14000,Three years preceding the survey,0,0,CHDIATCORT,NGDHS2018433035,2018,DHS,80,90,,,2
NGA,Kebbi,2573524,Treatment of diarrhea: Either ORS or RHF,41.9,1,NG,Nigeria,2018,NG2018DHS,CH_DIAT_C_ORT,94096040,I,433035,1433035,Region,..Kebbi,14001,Five years preceding the survey,0,1,CHDIATCORT,NGDHS2018433035,2018,DHS,97,108,,,2
NGA,Sokoto,5908920,Treatment of diarrhea: Either ORS or RHF,49.5,1,NG,Nigeria,2018,NG2018DHS,CH_DIAT_C_ORT,94096040,I,433036,1433036,Region,..Sokoto,14000,Three years preceding the survey,0,0,CHDIATCORT,NGDHS2018433036,2018,DHS,107,123,,,2
NGA,Sokoto,4129335,Treatment of diarrhea: Either ORS or RHF,47.9,1,NG,Nigeria,2018,NG2018DHS,CH_DIAT_C_ORT,94096040,I,433036,1433036,Region,..Sokoto,14001,Five years preceding the survey,0,1,CHDIATCORT,NGDHS2018433036,2018,DHS,158,184,,,2
NGA,Zamfara,2168407,Treatment of diarrhea: Either ORS or RHF,39.6,1,NG,Nigeria,2018,NG2018DHS,CH_DIAT_C_ORT,94096040,I,433037,1433037,Region,..Zamfara,14000,Three years preceding the survey,0,0,CHDIATCORT,NGDHS2018433037,2018,DHS,32,26,,,2
NGA,Zamfara,7226478,Treatment of diarrhea: Either ORS or RHF,33.3,1,NG,Nigeria,2018,NG2018DHS,CH_DIAT_C_ORT,94096040,I,433037,1433037,Region,..Zamfara,14001,Five years preceding the survey,0,1,CHDIATCORT,NGDHS2018433037,2018,DHS,45,40,,,2
NGA,South East,6512677,Treatment of diarrhea: Either ORS or RHF,47.9,1,NG,Nigeria,2018,NG2018DHS,CH_DIAT_C_ORT,94096040,I,433008,1433040,Region,South East,14000,Three years preceding the survey,0,0,CHDIATCORT,NGDHS2018433008,2018,DHS,153,181,,,1
NGA,South East,6978164,Treatment of diarrhea: Either ORS or RHF,44.9,1,NG,Nigeria,2018,NG2018DHS,CH_DIAT_C_ORT,94096040,I,433008,1433040,Region,South East,14001,Five years preceding the survey,0,1,CHDIATCORT,NGDHS2018433008,2018,DHS,196,232,,,1
NGA,Anambra,4352274,Treatment of diarrhea: Either ORS or RHF,67,1,NG,Nigeria,2018,NG2018DHS,CH_DIAT_C_ORT,94096040,I,433042,1433042,Region,..Anambra,14000,Three years preceding the survey,0,0,CHDIATCORT,NGDHS2018433042,2018,DHS,29,27,,,2
NGA,Anambra,3427983,Treatment of diarrhea: Either ORS or RHF,68.9,1,NG,Nigeria,2018,NG2018DHS,CH_DIAT_C_ORT,94096040,I,433042,1433042,Region,..Anambra,14001,Five years preceding the survey,0,1,CHDIATCORT,NGDHS2018433042,2018,DHS,31,29,,,2
NGA,Ebonyi,5258825,Treatment of diarrhea: Either ORS or RHF,44.8,1,NG,Nigeria,2018,NG2018DHS,CH_DIAT_C_ORT,94096040,I,433043,1433043,Region,..Ebonyi,14000,Three years preceding the survey,0,0,CHDIATCORT,NGDHS2018433043,2018,DHS,60,72,,,2
NGA,Ebonyi,6537013,Treatment of diarrhea: Either ORS or RHF,41.5,1,NG,Nigeria,2018,NG2018DHS,CH_DIAT_C_ORT,94096040,I,433043,1433043,Region,..Ebonyi,14001,Five years preceding the survey,0,1,CHDIATCORT,NGDHS2018433043,2018,DHS,80,96,,,2
NGA,Imo,4919975,Treatment of diarrhea: Either ORS or RHF,45.6,1,NG,Nigeria,2018,NG2018DHS,CH_DIAT_C_ORT,94096040,I,433045,1433045,Region,..Imo,14000,Three years preceding the survey,0,0,CHDIATCORT,NGDHS2018433045,2018,DHS,41,51,,,2
NGA,Imo,3882852,Treatment of diarrhea: Either ORS or RHF,43.4,1,NG,Nigeria,2018,NG2018DHS,CH_DIAT_C_ORT,94096040,I,433045,1433045,Region,..Imo,14001,Five years preceding the survey,0,1,CHDIATCORT,NGDHS2018433045,2018,DHS,54,65,,,2
NGA,South West,7535443,Treatment of diarrhea: Either ORS or RHF,55.4,1,NG,Nigeria,2018,NG2018DHS,CH_DIAT_C_ORT,94096040,I,433009,1433050,Region,South West,14000,Three years preceding the survey,0,0,CHDIATCORT,NGDHS2018433009,2018,DHS,180,158,,,1
NGA,South West,4084251,Treatment of diarrhea: Either ORS or RHF,52.9,1,NG,Nigeria,2018,NG2018DHS,CH_DIAT_C_ORT,94096040,I,433009,1433050,Region,South West,14001,Five years preceding the survey,0,1,CHDIATCORT,NGDHS2018433009,2018,DHS,216,194,,,1
NGA,Ekiti,4146462,Treatment of diarrhea: Either ORS or RHF,47.6,1,NG,Nigeria,2018,NG2018DHS,CH_DIAT_C_ORT,94096040,I,433051,1433051,Region,..Ekiti,14000,Three years preceding the survey,0,0,CHDIATCORT,NGDHS2018433051,2018,DHS,25,33,,,2
NGA,Ekiti,6083553,Treatment of diarrhea: Either ORS or RHF,44.6,1,NG,Nigeria,2018,NG2018DHS,CH_DIAT_C_ORT,94096040,I,433051,1433051,Region,..Ekiti,14001,Five years preceding the survey,0,1,CHDIATCORT,NGDHS2018433051,2018,DHS,28,40,,,2
NGA,Lagos,5072504,Treatment of diarrhea: Either ORS or RHF,69.5,1,NG,Nigeria,2018,NG2018DHS,CH_DIAT_C_ORT,94096040,I,433052,1433052,Region,..Lagos,14000,Three years preceding the survey,0,0,CHDIATCORT,NGDHS2018433052,2018,DHS,46,30,,,2
NGA,Lagos,3633525,Treatment of diarrhea: Either ORS or RHF,65.2,1,NG,Nigeria,2018,NG2018DHS,CH_DIAT_C_ORT,94096040,I,433052,1433052,Region,..Lagos,14001,Five years preceding the survey,0,1,CHDIATCORT,NGDHS2018433052,2018,DHS,57,37,,,2
NGA,Ondo,5533386,Treatment of diarrhea: Either ORS or RHF,38.1,1,NG,Nigeria,2018,NG2018DHS,CH_DIAT_C_ORT,94096040,I,433054,1433054,Region,..Ondo,14000,Three years preceding the survey,0,0,CHDIATCORT,NGDHS2018433054,2018,DHS,21,32,,,2
NGA,Ondo,2566485,Treatment of diarrhea: Either ORS or RHF,35.4,1,NG,Nigeria,2018,NG2018DHS,CH_DIAT_C_ORT,94096040,I,433054,1433054,Region,..Ondo,14001,Five years preceding the survey,0,1,CHDIATCORT,NGDHS2018433054,2018,DHS,27,42,,,2
NGA,Osun,7491434,Treatment of diarrhea: Either ORS or RHF,46.8,1,NG,Nigeria,2018,NG2018DHS,CH_DIAT_C_ORT,94096040,I,433055,1433055,Region,..Osun,14000,Three years preceding the survey,0,0,CHDIATCORT,NGDHS2018433055,2018,DHS,41,35,,,2
NGA,Osun,2964554,Treatment of diarrhea: Either ORS or RHF,47.2,1,NG,Nigeria,2018,NG2018DHS,CH_DIAT_C_ORT,94096040,I,433055,1433055,Region,..Osun,14001,Five years preceding the survey,0,1,CHDIATCORT,NGDHS2018433055,2018,DHS,46,41,,,2
NGA,Oyo,7212642,Treatment of diarrhea: Either ORS or RHF,55.2,1,NG,Nigeria,2018,NG2018DHS,CH_DIAT_C_ORT,94096040,I,433056,1433056,Region,..Oyo,14001,Five years preceding the survey,0,1,CHDIATCORT,NGDHS2018433056,2018,DHS,53,30,,,2
NGA,South South,6132200,Treatment of diarrhea: Either ORS or RHF,43.6,1,NG,Nigeria,2018,NG2018DHS,CH_DIAT_C_ORT,94096040,I,433010,1433060,Region,South South,14000,Three years preceding the survey,0,0,CHDIATCORT,NGDHS2018433010,2018,DHS,140,134,,,1
NGA,South South,4418645,Treatment of diarrhea: Either ORS or RHF,44.6,1,NG,Nigeria,2018,NG2018DHS,CH_DIAT_C_ORT,94096040,I,433010,1433060,Region,South South,14001,Five years preceding the survey,0,1,CHDIATCORT,NGDHS2018433010,2018,DHS,170,162,,,1
NGA,Akwa Ibom,4365476,Treatment of diarrhea: Either ORS or RHF,25.3,1,NG,Nigeria,2018,NG2018DHS,CH_DIAT_C_ORT,94096040,I,433061,1433061,Region,..Akwa Ibom,14000,Three years preceding the survey,0,0,CHDIATCORT,NGDHS2018433061,2018,DHS,30,34,,,2
NGA,Akwa Ibom,3466323,Treatment of diarrhea: Either ORS or RHF,30.8,1,NG,Nigeria,2018,NG2018DHS,CH_DIAT_C_ORT,94096040,I,433061,1433061,Region,..Akwa Ibom,14001,Five years preceding the survey,0,1,CHDIATCORT,NGDHS2018433061,2018,DHS,39,43,,,2
NGA,Rivers,4127942,Treatment of diarrhea: Either ORS or RHF,41.3,1,NG,Nigeria,2018,NG2018DHS,CH_DIAT_C_ORT,94096040,I,433066,1433066,Region,..Rivers,14000,Three years preceding the survey,0,0,CHDIATCORT,NGDHS2018433066,2018,DHS,62,48,,,2
NGA,Rivers,2173554,Treatment of diarrhea: Either ORS or RHF,41.7,1,NG,Nigeria,2018,NG2018DHS,CH_DIAT_C_ORT,94096040,I,433066,1433066,Region,..Rivers,14001,Five years preceding the survey,0,1,CHDIATCORT,NGDHS2018433066,2018,DHS,77,59,,,2
NGA,North Central,6696882,Children stunted,28.7,1,NG,Nigeria,2018,NG2018DHS,CN_NUTS_C_HA2,104236020,I,433005,1433010,Region,North Central,0,,0,1,CNNUTSCHA2,NGDHS2018433005,2018,DHS,1792,2188,,,1
NGA,FCT Abuja,1343759,Children stunted,21.2,1,NG,Nigeria,2018,NG2018DHS,CN_NUTS_C_HA2,104236020,I,433011,1433011,Region,..FCT Abuja,0,,0,1,CNNUTSCHA2,NGDHS2018433011,2018,DHS,87,298,,,2
NGA,Benue,6596558,Children stunted,20.8,1,NG,Nigeria,2018,NG2018DHS,CN_NUTS_C_HA2,104236020,I,433012,1433012,Region,..Benue,0,,0,1,CNNUTSCHA2,NGDHS2018433012,2018,DHS,415,374,,,2
NGA,Kogi,1343742,Children stunted,20,1,NG,Nigeria,2018,NG2018DHS,CN_NUTS_C_HA2,104236020,I,433013,1433013,Region,..Kogi,0,,0,1,CNNUTSCHA2,NGDHS2018433013,2018,DHS,159,214,,,2
NGA,Kwara,5515819,Children stunted,32.9,1,NG,Nigeria,2018,NG2018DHS,CN_NUTS_C_HA2,104236020,I,433014,1433014,Region,..Kwara,0,,0,1,CNNUTSCHA2,NGDHS2018433014,2018,DHS,202,261,,,2
NGA,Nasarawa,3617868,Children stunted,31.4,1,NG,Nigeria,2018,NG2018DHS,CN_NUTS_C_HA2,104236020,I,433015,1433015,Region,..Nasarawa,0,,0,1,CNNUTSCHA2,NGDHS2018433015,2018,DHS,195,300,,,2
NGA,Niger,3165777,Children stunted,28.2,1,NG,Nigeria,2018,NG2018DHS,CN_NUTS_C_HA2,104236020,I,433016,1433016,Region,..Niger,0,,0,1,CNNUTSCHA2,NGDHS2018433016,2018,DHS,478,423,,,2
NGA,Plateau,3492587,Children stunted,44.7,1,NG,Nigeria,2018,NG2018DHS,CN_NUTS_C_HA2,104236020,I,433017,1433017,Region,..Plateau,0,,0,1,CNNUTSCHA2,NGDHS2018433017,2018,DHS,256,318,,,2
NGA,North East,1343287,Children stunted,49.1,1,NG,Nigeria,2018,NG2018DHS,CN_NUTS_C_HA2,104236020,I,433006,1433020,Region,North East,0,,0,1,CNNUTSCHA2,NGDHS2018433006,2018,DHS,1966,2219,,,1
NGA,Adamawa,5433116,Children stunted,39.7,1,NG,Nigeria,2018,NG2018DHS,CN_NUTS_C_HA2,104236020,I,433021,1433021,Region,..Adamawa,0,,0,1,CNNUTSCHA2,NGDHS2018433021,2018,DHS,279,315,,,2
NGA,Bauchi,5904322,Children stunted,54.7,1,NG,Nigeria,2018,NG2018DHS,CN_NUTS_C_HA2,104236020,I,433022,1433022,Region,..Bauchi,0,,0,1,CNNUTSCHA2,NGDHS2018433022,2018,DHS,447,442,,,2
NGA,Borno,3152041,Children stunted,45.1,1,NG,Nigeria,2018,NG2018DHS,CN_NUTS_C_HA2,104236020,I,433023,1433023,Region,..Borno,0,,0,1,CNNUTSCHA2,NGDHS2018433023,2018,DHS,402,347,,,2
NGA,Gombe,6457493,Children stunted,51.2,1,NG,Nigeria,2018,NG2018DHS,CN_NUTS_C_HA2,104236020,I,433024,1433024,Region,..Gombe,0,,0,1,CNNUTSCHA2,NGDHS2018433024,2018,DHS,221,400,,,2
NGA,Taraba,1343756,Children stunted,41.9,1,NG,Nigeria,2018,NG2018DHS,CN_NUTS_C_HA2,104236020,I,433025,1433025,Region,..Taraba,0,,0,1,CNNUTSCHA2,NGDHS2018433025,2018,DHS,243,348,,,2
NGA,Yobe,485422,Children stunted,57.2,1,NG,Nigeria,2018,NG2018DHS,CN_NUTS_C_HA2,104236020,I,433026,1433026,Region,..Yobe,0,,0,1,CNNUTSCHA2,NGDHS2018433026,2018,DHS,373,367,,,2
NGA,North West,506037,Children stunted,56.8,1,NG,Nigeria,2018,NG2018DHS,CN_NUTS_C_HA2,104236020,I,433007,1433030,Region,North West,0,,0,1,CNNUTSCHA2,NGDHS2018433007,2018,DHS,3570,2898,,,1
NGA,Jigawa,6610676,Children stunted,64,1,NG,Nigeria,2018,NG2018DHS,CN_NUTS_C_HA2,104236020,I,433031,1433031,Region,..Jigawa,0,,0,1,CNNUTSCHA2,NGDHS2018433031,2018,DHS,415,415,,,2
NGA,Kaduna,1331741,Children stunted,48.1,1,NG,Nigeria,2018,NG2018DHS,CN_NUTS_C_HA2,104236020,I,433032,1433032,Region,..Kaduna,0,,0,1,CNNUTSCHA2,NGDHS2018433032,2018,DHS,688,421,,,2
NGA,Kano,5558563,Children stunted,56.9,1,NG,Nigeria,2018,NG2018DHS,CN_NUTS_C_HA2,104236020,I,433033,1433033,Region,..Kano,0,,0,1,CNNUTSCHA2,NGDHS2018433033,2018,DHS,754,562,,,2
NGA,Katsina,3603346,Children stunted,60.5,1,NG,Nigeria,2018,NG2018DHS,CN_NUTS_C_HA2,104236020,I,433034,1433034,Region,..Katsina,0,,0,1,CNNUTSCHA2,NGDHS2018433034,2018,DHS,748,478,,,2
NGA,Kebbi,3144808,Children stunted,66.1,1,NG,Nigeria,2018,NG2018DHS,CN_NUTS_C_HA2,104236020,I,433035,1433035,Region,..Kebbi,0,,0,1,CNNUTSCHA2,NGDHS2018433035,2018,DHS,323,360,,,2
NGA,Sokoto,3460444,Children stunted,54.8,1,NG,Nigeria,2018,NG2018DHS,CN_NUTS_C_HA2,104236020,I,433036,1433036,Region,..Sokoto,0,,0,1,CNNUTSCHA2,NGDHS2018433036,2018,DHS,263,299,,,2
NGA,Zamfara,4579402,Children stunted,50.8,1,NG,Nigeria,2018,NG2018DHS,CN_NUTS_C_HA2,104236020,I,433037,1433037,Region,..Zamfara,0,,0,1,CNNUTSCHA2,NGDHS2018433037,2018,DHS,378,363,,,2
NGA,South East,3365088,Children stunted,18.4,1,NG,Nigeria,2018,NG2018DHS,CN_NUTS_C_HA2,104236020,I,433008,1433040,Region,South East,0,,0,1,CNNUTSCHA2,NGDHS2018433008,2018,DHS,1668,1843,,,1
NGA,Abia,6047920,Children stunted,22.2,1,NG,Nigeria,2018,NG2018DHS,CN_NUTS_C_HA2,104236020,I,433041,1433041,Region,..Abia,0,,0,1,CNNUTSCHA2,NGDHS2018433041,2018,DHS,187,286,,,2
NGA,Anambra,3167126,Children stunted,14,1,NG,Nigeria,2018,NG2018DHS,CN_NUTS_C_HA2,104236020,I,433042,1433042,Region,..Anambra,0,,0,1,CNNUTSCHA2,NGDHS2018433042,2018,DHS,540,447,,,2
NGA,Ebonyi,6450801,Children stunted,25.2,1,NG,Nigeria,2018,NG2018DHS,CN_NUTS_C_HA2,104236020,I,433043,1433043,Region,..Ebonyi,0,,0,1,CNNUTSCHA2,NGDHS2018433043,2018,DHS,392,488,,,2
NGA,Enugu,1343777,Children stunted,14.8,1,NG,Nigeria,2018,NG2018DHS,CN_NUTS_C_HA2,104236020,I,433044,1433044,Region,..Enugu,0,,0,1,CNNUTSCHA2,NGDHS2018433044,2018,DHS,220,263,,,2
NGA,Imo,341438,Children stunted,17.6,1,NG,Nigeria,2018,NG2018DHS,CN_NUTS_C_HA2,104236020,I,433045,1433045,Region,..Imo,0,,0,1,CNNUTSCHA2,NGDHS2018433045,2018,DHS,330,359,,,2
NGA,South West,7758204,Children stunted,24.7,1,NG,Nigeria,2018,NG2018DHS,CN_NUTS_C_HA2,104236020,I,433009,1433050,Region,South West,0,,0,1,CNNUTSCHA2,NGDHS2018433009,2018,DHS,2294,1863,,,1
NGA,Ekiti,1338078,Children stunted,22.1,1,NG,Nigeria,2018,NG2018DHS,CN_NUTS_C_HA2,104236020,I,433051,1433051,Region,..Ekiti,0,,0,1,CNNUTSCHA2,NGDHS2018433051,2018,DHS,166,287,,,2
NGA,Lagos,7078014,Children stunted,17.2,1,NG,Nigeria,2018,NG2018DHS,CN_NUTS_C_HA2,104236020,I,433052,1433052,Region,..Lagos,0,,0,1,CNNUTSCHA2,NGDHS2018433052,2018,DHS,684,355,,,2
NGA,Ogun,3354478,Children stunted,26.6,1,NG,Nigeria,2018,NG2018DHS,CN_NUTS_C_HA2,104236020,I,433053,1433053,Region,..Ogun,0,,0,1,CNNUTSCHA2,NGDHS2018433053,2018,DHS,357,309,,,2
NGA,Ondo,3178917,Children stunted,20.4,1,NG,Nigeria,2018,NG2018DHS,CN_NUTS_C_HA2,104236020,I,433054,1433054,Region,..Ondo,0,,0,1,CNNUTSCHA2,NGDHS2018433054,2018,DHS,177,235,,,2
NGA,Osun,3460432,Children stunted,23.7,1,NG,Nigeria,2018,NG2018DHS,CN_NUTS_C_HA2,104236020,I,433055,1433055,Region,..Osun,0,,0,1,CNNUTSCHA2,NGDHS2018433055,2018,DHS,314,278,,,2
NGA,Oyo,4511231,Children stunted,34.5,1,NG,Nigeria,2018,NG2018DHS,CN_NUTS_C_HA2,104236020,I,433056,1433056,Region,..Oyo,0,,0,1,CNNUTSCHA2,NGDHS2018433056,2018,DHS,596,399,,,2
NGA,South South,7194325,Children stunted,19.7,1,NG,Nigeria,2018,NG2018DHS,CN_NUTS_C_HA2,104236020,I,433010,1433060,Region,South South,0,,0,1,CNNUTSCHA2,NGDHS2018433010,2018,DHS,1300,1370,,,1
NGA,Akwa Ibom,3100308,Children stunted,19.6,1,NG,Nigeria,2018,NG2018DHS,CN_NUTS_C_HA2,104236020,I,433061,1433061,Region,..Akwa Ibom,0,,0,1,CNNUTSCHA2,NGDHS2018433061,2018,DHS,236,254,,,2
NGA,Bayelsa,6632300,Children stunted,24.9,1,NG,Nigeria,2018,NG2018DHS,CN_NUTS_C_HA2,104236020,I,433062,1433062,Region,..Bayelsa,0,,0,1,CNNUTSCHA2,NGDHS2018433062,2018,DHS,105,282,,,2
NGA,Cross River,1343780,Children stunted,22.9,1,NG,Nigeria,2018,NG2018DHS,CN_NUTS_C_HA2,104236020,I,433063,1433063,Region,..Cross River,0,,0,1,CNNUTSCHA2,NGDHS2018433063,2018,DHS,121,164,,,2
NGA,Delta,348545,Children stunted,23.7,1,NG,Nigeria,2018,NG2018DHS,CN_NUTS_C_HA2,104236020,I,433064,1433064,Region,..Delta,0,,0,1,CNNUTSCHA2,NGDHS2018433064,2018,DHS,236,198,,,2
NGA,Edo,4990461,Children stunted,16,1,NG,Nigeria,2018,NG2018DHS,CN_NUTS_C_HA2,104236020,I,433065,1433065,Region,..Edo,0,,0,1,CNNUTSCHA2,NGDHS2018433065,2018,DHS,151,160,,,2
NGA,Rivers,7830793,Children stunted,16.8,1,NG,Nigeria,2018,NG2018DHS,CN_NUTS_C_HA2,104236020,I,433066,1433066,Region,..Rivers,0,,0,1,CNNUTSCHA2,NGDHS2018433066,2018,DHS,451,312,,,2
NGA,North Central,4695630,Children wasted,5.6,1,NG,Nigeria,2018,NG2018DHS,CN_NUTS_C_WH2,104236050,I,433005,1433010,Region,North Central,0,,0,1,CNNUTSCWH2,NGDHS2018433005,2018,DHS,1797,2197,,,1
NGA,FCT Abuja,6012383,Children wasted,3,1,NG,Nigeria,2018,NG2018DHS,CN_NUTS_C_WH2,104236050,I,433011,1433011,Region,..FCT Abuja,0,,0,1,CNNUTSCWH2,NGDHS2018433011,2018,DHS,88,301,,,2
NGA,Benue,4454354,Children wasted,8.9,1,NG,Nigeria,2018,NG2018DHS,CN_NUTS_C_WH2,104236050,I,433012,1433012,Region,..Benue,0,,0,1,CNNUTSCWH2,NGDHS2018433012,2018,DHS,417,377,,,2
NGA,Kogi,140597,Children wasted,3.9,1,NG,Nigeria,2018,NG2018DHS,CN_NUTS_C_WH2,104236050,I,433013,1433013,Region,..Kogi,0,,0,1,CNNUTSCWH2,NGDHS2018433013,2018,DHS,160,215,,,2
NGA,Kwara,1338050,Children wasted,7.3,1,NG,Nigeria,2018,NG2018DHS,CN_NUTS_C_WH2,104236050,I,433014,1433014,Region,..Kwara,0,,0,1,CNNUTSCWH2,NGDHS2018433014,2018,DHS,202,261,,,2
NGA,Nasarawa,5263841,Children wasted,5.6,1,NG,Nigeria,2018,NG2018DHS,CN_NUTS_C_WH2,104236050,I,433015,1433015,Region,..Nasarawa,0,,0,1,CNNUTSCWH2,NGDHS2018433015,2018,DHS,195,300,,,2
NGA,Niger,4392731,Children wasted,4.7,1,NG,Nigeria,2018,NG2018DHS,CN_NUTS_C_WH2,104236050,I,433016,1433016,Region,..Niger,0,,0,1,CNNUTSCWH2,NGDHS2018433016,2018,DHS,478,423,,,2
NGA,Plateau,4131328,Children wasted,2.4,1,NG,Nigeria,2018,NG2018DHS,CN_NUTS_C_WH2,104236050,I,433017,1433017,Region,..Plateau,0,,0,1,CNNUTSCWH2,NGDHS2018433017,2018,DHS,257,320,,,2
NGA,North East,6391767,Children wasted,9.7,1,NG,Nigeria,2018,NG2018DHS,CN_NUTS_C_WH2,104236050,I,433006,1433020,Region,North East,0,,0,1,CNNUTSCWH2,NGDHS2018433006,2018,DHS,1985,2240,,,1
NGA,Adamawa,1343293,Children wasted,4.2,1,NG,Nigeria,2018,NG2018DHS,CN_NUTS_C_WH2,104236050,I,433021,1433021,Region,..Adamawa,0,,0,1,CNNUTSCWH2,NGDHS2018433021,2018,DHS,278,313,,,2
NGA,Bauchi,5235819,Children wasted,8.5,1,NG,Nigeria,2018,NG2018DHS,CN_NUTS_C_WH2,104236050,I,433022,1433022,Region,..Bauchi,0,,0,1,CNNUTSCWH2,NGDHS2018433022,2018,DHS,449,444,,,2
NGA,Borno,6004452,Children wasted,16,1,NG,Nigeria,2018,NG2018DHS,CN_NUTS_C_WH2,104236050,I,433023,1433023,Region,..Borno,0,,0,1,CNNUTSCWH2,NGDHS2018433023,2018,DHS,406,350,,,2
NGA,Gombe,4695634,Children wasted,7.8,1,NG,Nigeria,2018,NG2018DHS,CN_NUTS_C_WH2,104236050,I,433024,1433024,Region,..Gombe,0,,0,1,CNNUTSCWH2,NGDHS2018433024,2018,DHS,228,411,,,2
NGA,Taraba,6378673,Children wasted,5.3,1,NG,Nigeria,2018,NG2018DHS,CN_NUTS_C_WH2,104236050,I,433025,1433025,Region,..Taraba,0,,0,1,CNNUTSCWH2,NGDHS2018433025,2018,DHS,245,350,,,2
NGA,Yobe,4116637,Children wasted,12.4,1,NG,Nigeria,2018,NG2018DHS,CN_NUTS_C_WH2,104236050,I,433026,1433026,Region,..Yobe,0,,0,1,CNNUTSCWH2,NGDHS2018433026,2018,DHS,380,372,,,2
NGA,North West,3826854,Children wasted,9,1,NG,Nigeria,2018,NG2018DHS,CN_NUTS_C_WH2,104236050,I,433007,1433030,Region,North West,0,,0,1,CNNUTSCWH2,NGDHS2018433007,2018,DHS,3608,2921,,,1
NGA,Jigawa,4447442,Children wasted,9.6,1,NG,Nigeria,2018,NG2018DHS,CN_NUTS_C_WH2,104236050,I,433031,1433031,Region,..Jigawa,0,,0,1,CNNUTSCWH2,NGDHS2018433031,2018,DHS,419,420,,,2
NGA,Kaduna,147641,Children wasted,4.8,1,NG,Nigeria,2018,NG2018DHS,CN_NUTS_C_WH2,104236050,I,433032,1433032,Region,..Kaduna,0,,0,1,CNNUTSCWH2,NGDHS2018433032,2018,DHS,692,420,,,2
NGA,Kano,1331730,Children wasted,6.4,1,NG,Nigeria,2018,NG2018DHS,CN_NUTS_C_WH2,104236050,I,433033,1433033,Region,..Kano,0,,0,1,CNNUTSCWH2,NGDHS2018433033,2018,DHS,764,569,,,2
NGA,Katsina,5531595,Children wasted,10.5,1,NG,Nigeria,2018,NG2018DHS,CN_NUTS_C_WH2,104236050,I,433034,1433034,Region,..Katsina,0,,0,1,CNNUTSCWH2,NGDHS2018433034,2018,DHS,770,493,,,2
NGA,Kebbi,4383072,Children wasted,12.3,1,NG,Nigeria,2018,NG2018DHS,CN_NUTS_C_WH2,104236050,I,433035,1433035,Region,..Kebbi,0,,0,1,CNNUTSCWH2,NGDHS2018433035,2018,DHS,320,356,,,2
NGA,Sokoto,4124868,Children wasted,17.9,1,NG,Nigeria,2018,NG2018DHS,CN_NUTS_C_WH2,104236050,I,433036,1433036,Region,..Sokoto,0,,0,1,CNNUTSCWH2,NGDHS2018433036,2018,DHS,260,297,,,2
NGA,Zamfara,3449570,Children wasted,9.1,1,NG,Nigeria,2018,NG2018DHS,CN_NUTS_C_WH2,104236050,I,433037,1433037,Region,..Zamfara,0,,0,1,CNNUTSCWH2,NGDHS2018433037,2018,DHS,382,366,,,2
NGA,South East,4853181,Children wasted,4.5,1,NG,Nigeria,2018,NG2018DHS,CN_NUTS_C_WH2,104236050,I,433008,1433040,Region,South East,0,,0,1,CNNUTSCWH2,NGDHS2018433008,2018,DHS,1670,1843,,,1
NGA,Abia,5221978,Children wasted,9,1,NG,Nigeria,2018,NG2018DHS,CN_NUTS_C_WH2,104236050,I,433041,1433041,Region,..Abia,0,,0,1,CNNUTSCWH2,NGDHS2018433041,2018,DHS,188,287,,,2
NGA,Anambra,7205275,Children wasted,2.3,1,NG,Nigeria,2018,NG2018DHS,CN_NUTS_C_WH2,104236050,I,433042,1433042,Region,..Anambra,0,,0,1,CNNUTSCWH2,NGDHS2018433042,2018,DHS,543,448,,,2
NGA,Ebonyi,46505,Children wasted,4.5,1,NG,Nigeria,2018,NG2018DHS,CN_NUTS_C_WH2,104236050,I,433043,1433043,Region,..Ebonyi,0,,0,1,CNNUTSCWH2,NGDHS2018433043,2018,DHS,391,487,,,2
NGA,Enugu,6378777,Children wasted,2.2,1,NG,Nigeria,2018,NG2018DHS,CN_NUTS_C_WH2,104236050,I,433044,1433044,Region,..Enugu,0,,0,1,CNNUTSCWH2,NGDHS2018433044,2018,DHS,220,263,,,2
NGA,Imo,2671457,Children wasted,6.9,1,NG,Nigeria,2018,NG2018DHS,CN_NUTS_C_WH2,104236050,I,433045,1433045,Region,..Imo,0,,0,1,CNNUTSCWH2,NGDHS2018433045,2018,DHS,329,358,,,2
NGA,South West,7734868,Children wasted,4.9,1,NG,Nigeria,2018,NG2018DHS,CN_NUTS_C_WH2,104236050,I,433009,1433050,Region,South West,0,,0,1,CNNUTSCWH2,NGDHS2018433009,2018,DHS,2290,1860,,,1
NGA,Ekiti,4824229,Children wasted,3.3,1,NG,Nigeria,2018,NG2018DHS,CN_NUTS_C_WH2,104236050,I,433051,1433051,Region,..Ekiti,0,,0,1,CNNUTSCWH2,NGDHS2018433051,2018,DHS,166,287,,,2
NGA,Lagos,1331759,Children wasted,6.4,1,NG,Nigeria,2018,NG2018DHS,CN_NUTS_C_WH2,104236050,I,433052,1433052,Region,..Lagos,0,,0,1,CNNUTSCWH2,NGDHS2018433052,2018,DHS,682,354,,,2
NGA,Ogun,5531591,Children wasted,5.7,1,NG,Nigeria,2018,NG2018DHS,CN_NUTS_C_WH2,104236050,I,433053,1433053,Region,..Ogun,0,,0,1,CNNUTSCWH2,NGDHS2018433053,2018,DHS,357,309,,,2
NGA,Ondo,3574687,Children wasted,3.3,1,NG,Nigeria,2018,NG2018DHS,CN_NUTS_C_WH2,104236050,I,433054,1433054,Region,..Ondo,0,,0,1,CNNUTSCWH2,NGDHS2018433054,2018,DHS,176,234,,,2
NGA,Osun,3181947,Children wasted,4.5,1,NG,Nigeria,2018,NG2018DHS,CN_NUTS_C_WH2,104236050,I,433055,1433055,Region,..Osun,0,,0,1,CNNUTSCWH2,NGDHS2018433055,2018,DHS,315,278,,,2
NGA,Oyo,3593506,Children wasted,3.9,1,NG,Nigeria,2018,NG2018DHS,CN_NUTS_C_WH2,104236050,I,433056,1433056,Region,..Oyo,0,,0,1,CNNUTSCWH2,NGDHS2018433056,2018,DHS,595,398,,,2
NGA,South South,6162410,Children wasted,4.3,1,NG,Nigeria,2018,NG2018DHS,CN_NUTS_C_WH2,104236050,I,433010,1433060,Region,South South,0,,0,1,CNNUTSCWH2,NGDHS2018433010,2018,DHS,1299,1373,,,1
NGA,Akwa Ibom,7225382,Children wasted,4.2,1,NG,Nigeria,2018,NG2018DHS,CN_NUTS_C_WH2,104236050,I,433061,1433061,Region,..Akwa Ibom,0,,0,1,CNNUTSCWH2,NGDHS2018433061,2018,DHS,236,254,,,2
NGA,Bayelsa,46520,Children wasted,1.3,1,NG,Nigeria,2018,NG2018DHS,CN_NUTS_C_WH2,104236050,I,433062,1433062,Region,..Bayelsa,0,,0,1,CNNUTSCWH2,NGDHS2018433062,2018,DHS,106,286,,,2
NGA,Cross River,6706212,Children wasted,5,1,NG,Nigeria,2018,NG2018DHS,CN_NUTS_C_WH2,104236050,I,433063,1433063,Region,..Cross River,0,,0,1,CNNUTSCWH2,NGDHS2018433063,2018,DHS,121,163,,,2
NGA,Delta,1331746,Children wasted,2,1,NG,Nigeria,2018,NG2018DHS,CN_NUTS_C_WH2,104236050,I,433064,1433064,Region,..Delta,0,,0,1,CNNUTSCWH2,NGDHS2018433064,2018,DHS,233,196,,,2
NGA,Edo,3211846,Children wasted,3.3,1,NG,Nigeria,2018,NG2018DHS,CN_NUTS_C_WH2,104236050,I,433065,1433065,Region,..Edo,0,,0,1,CNNUTSCWH2,NGDHS2018433065,2018,DHS,150,161,,,2
NGA,Rivers,7830955,Children wasted,6.4,1,NG,Nigeria,2018,NG2018DHS,CN_NUTS_C_WH2,104236050,I,433066,1433066,Region,..Rivers,0,,0,1,CNNUTSCWH2,NGDHS2018433066,2018,DHS,452,313,,,2
NGA,North Central,5017466,Children underweight,14.8,1,NG,Nigeria,2018,NG2018DHS,CN_NUTS_C_WA2,104236090,I,433005,1433010,Region,North Central,0,,0,1,CNNUTSCWA2,NGDHS2018433005,2018,DHS,1798,2196,,,1
NGA,FCT Abuja,784510,Children underweight,12.1,1,NG,Nigeria,2018,NG2018DHS,CN_NUTS_C_WA2,104236090,I,433011,1433011,Region,..FCT Abuja,0,,0,1,CNNUTSCWA2,NGDHS2018433011,2018,DHS,87,298,,,2
NGA,Benue,1338042,Children underweight,12.6,1,NG,Nigeria,2018,NG2018DHS,CN_NUTS_C_WA2,104236090,I,433012,1433012,Region,..Benue,0,,0,1,CNNUTSCWA2,NGDHS2018433012,2018,DHS,420,380,,,2
NGA,Kogi,5683250,Children underweight,10.2,1,NG,Nigeria,2018,NG2018DHS,CN_NUTS_C_WA2,104236090,I,433013,1433013,Region,..Kogi,0,,0,1,CNNUTSCWA2,NGDHS2018433013,2018,DHS,159,214,,,2
NGA,Kwara,4626193,Children underweight,18.6,1,NG,Nigeria,2018,NG2018DHS,CN_NUTS_C_WA2,104236090,I,433014,1433014,Region,..Kwara,0,,0,1,CNNUTSCWA2,NGDHS2018433014,2018,DHS,202,261,,,2
NGA,Nasarawa,4864457,Children underweight,20.5,1,NG,Nigeria,2018,NG2018DHS,CN_NUTS_C_WA2,104236090,I,433015,1433015,Region,..Nasarawa,0,,0,1,CNNUTSCWA2,NGDHS2018433015,2018,DHS,195,300,,,2
NGA,Niger,1343304,Children underweight,14.4,1,NG,Nigeria,2018,NG2018DHS,CN_NUTS_C_WA2,104236090,I,433016,1433016,Region,..Niger,0,,0,1,CNNUTSCWA2,NGDHS2018433016,2018,DHS,478,423,,,2
NGA,Plateau,5608173,Children underweight,15.3,1,NG,Nigeria,2018,NG2018DHS,CN_NUTS_C_WA2,104236090,I,433017,1433017,Region,..Plateau,0,,0,1,CNNUTSCWA2,NGDHS2018433017,2018,DHS,257,320,,,2
NGA,North East,7197264,Children underweight,29.9,1,NG,Nigeria,2018,NG2018DHS,CN_NUTS_C_WA2,104236090,I,433006,1433020,Region,North East,0,,0,1,CNNUTSCWA2,NGDHS2018433006,2018,DHS,1994,2252,,,1
NGA,Adamawa,4176223,Children underweight,19.1,1,NG,Nigeria,2018,NG2018DHS,CN_NUTS_C_WA2,104236090,I,433021,1433021,Region,..Adamawa,0,,0,1,CNNUTSCWA2,NGDHS2018433021,2018,DHS,279,315,,,2
NGA,Bauchi,6839039,Children underweight,31.9,1,NG,Nigeria,2018,NG2018DHS,CN_NUTS_C_WA2,104236090,I,433022,1433022,Region,..Bauchi,0,,0,1,CNNUTSCWA2,NGDHS2018433022,2018,DHS,450,445,,,2
NGA,Borno,2984571,Children underweight,28.2,1,NG,Nigeria,2018,NG2018DHS,CN_NUTS_C_WA2,104236090,I,433023,1433023,Region,..Borno,0,,0,1,CNNUTSCWA2,NGDHS2018433023,2018,DHS,408,354,,,2
NGA,Gombe,3016624,Children underweight,30.4,1,NG,Nigeria,2018,NG2018DHS,CN_NUTS_C_WA2,104236090,I,433024,1433024,Region,..Gombe,0,,0,1,CNNUTSCWA2,NGDHS2018433024,2018,DHS,228,412,,,2
NGA,Taraba,7230850,Children underweight,21.9,1,NG,Nigeria,2018,NG2018DHS,CN_NUTS_C_WA2,104236090,I,433025,1433025,Region,..Taraba,0,,0,1,CNNUTSCWA2,NGDHS2018433025,2018,DHS,244,350,,,2
NGA,Yobe,4593741,Children underweight,41.9,1,NG,Nigeria,2018,NG2018DHS,CN_NUTS_C_WA2,104236090,I,433026,1433026,Region,..Yobe,0,,0,1,CNNUTSCWA2,NGDHS2018433026,2018,DHS,384,376,,,2
NGA,North West,4592917,Children underweight,34.7,1,NG,Nigeria,2018,NG2018DHS,CN_NUTS_C_WA2,104236090,I,433007,1433030,Region,North West,0,,0,1,CNNUTSCWA2,NGDHS2018433007,2018,DHS,3630,2944,,,1
NGA,Jigawa,1331753,Children underweight,42.3,1,NG,Nigeria,2018,NG2018DHS,CN_NUTS_C_WA2,104236090,I,433031,1433031,Region,..Jigawa,0,,0,1,CNNUTSCWA2,NGDHS2018433031,2018,DHS,422,422,,,2
NGA,Kaduna,7108841,Children underweight,22.1,1,NG,Nigeria,2018,NG2018DHS,CN_NUTS_C_WA2,104236090,I,433032,1433032,Region,..Kaduna,0,,0,1,CNNUTSCWA2,NGDHS2018433032,2018,DHS,694,422,,,2
NGA,Kano,4563402,Children underweight,30.8,1,NG,Nigeria,2018,NG2018DHS,CN_NUTS_C_WA2,104236090,I,433033,1433033,Region,..Kano,0,,0,1,CNNUTSCWA2,NGDHS2018433033,2018,DHS,764,569,,,2
NGA,Katsina,4816280,Children underweight,39.3,1,NG,Nigeria,2018,NG2018DHS,CN_NUTS_C_WA2,104236090,I,433034,1433034,Region,..Katsina,0,,0,1,CNNUTSCWA2,NGDHS2018433034,2018,DHS,772,495,,,2
NGA,Kebbi,1343766,Children underweight,46.4,1,NG,Nigeria,2018,NG2018DHS,CN_NUTS_C_WA2,104236090,I,433035,1433035,Region,..Kebbi,0,,0,1,CNNUTSCWA2,NGDHS2018433035,2018,DHS,322,359,,,2
NGA,Sokoto,5360804,Children underweight,42.8,1,NG,Nigeria,2018,NG2018DHS,CN_NUTS_C_WA2,104236090,I,433036,1433036,Region,..Sokoto,0,,0,1,CNNUTSCWA2,NGDHS2018433036,2018,DHS,265,302,,,2
NGA,Zamfara,6039716,Children underweight,32.5,1,NG,Nigeria,2018,NG2018DHS,CN_NUTS_C_WA2,104236090,I,433037,1433037,Region,..Zamfara,0,,0,1,CNNUTSCWA2,NGDHS2018433037,2018,DHS,391,375,,,2
NGA,South East,6594001,Children underweight,10.4,1,NG,Nigeria,2018,NG2018DHS,CN_NUTS_C_WA2,104236090,I,433008,1433040,Region,South East,0,,0,1,CNNUTSCWA2,NGDHS2018433008,2018,DHS,1672,1845,,,1
NGA,Abia,6825591,Children underweight,14.6,1,NG,Nigeria,2018,NG2018DHS,CN_NUTS_C_WA2,104236090,I,433041,1433041,Region,..Abia,0,,0,1,CNNUTSCWA2,NGDHS2018433041,2018,DHS,188,287,,,2
NGA,Anambra,2977603,Children underweight,6.5,1,NG,Nigeria,2018,NG2018DHS,CN_NUTS_C_WA2,104236090,I,433042,1433042,Region,..Anambra,0,,0,1,CNNUTSCWA2,NGDHS2018433042,2018,DHS,543,448,,,2
NGA,Ebonyi,3009976,Children underweight,15.8,1,NG,Nigeria,2018,NG2018DHS,CN_NUTS_C_WA2,104236090,I,433043,1433043,Region,..Ebonyi,0,,0,1,CNNUTSCWA2,NGDHS2018433043,2018,DHS,392,488,,,2
NGA,Enugu,5954199,Children underweight,6.1,1,NG,Nigeria,2018,NG2018DHS,CN_NUTS_C_WA2,104236090,I,433044,1433044,Region,..Enugu,0,,0,1,CNNUTSCWA2,NGDHS2018433044,2018,DHS,220,263,,,2
NGA,Imo,6720363,Children underweight,10.9,1,NG,Nigeria,2018,NG2018DHS,CN_NUTS_C_WA2,104236090,I,433045,1433045,Region,..Imo,0,,0,1,CNNUTSCWA2,NGDHS2018433045,2018,DHS,330,359,,,2
NGA,South West,7734354,Children underweight,14.8,1,NG,Nigeria,2018,NG2018DHS,CN_NUTS_C_WA2,104236090,I,433009,1433050,Region,South West,0,,0,1,CNNUTSCWA2,NGDHS2018433009,2018,DHS,2297,1866,,,1
NGA,Ekiti,7122471,Children underweight,11.1,1,NG,Nigeria,2018,NG2018DHS,CN_NUTS_C_WA2,104236090,I,433051,1433051,Region,..Ekiti,0,,0,1,CNNUTSCWA2,NGDHS2018433051,2018,DHS,166,288,,,2
NGA,Lagos,4501579,Children underweight,13.3,1,NG,Nigeria,2018,NG2018DHS,CN_NUTS_C_WA2,104236090,I,433052,1433052,Region,..Lagos,0,,0,1,CNNUTSCWA2,NGDHS2018433052,2018,DHS,684,355,,,2
NGA,Ogun,122041,Children underweight,16.3,1,NG,Nigeria,2018,NG2018DHS,CN_NUTS_C_WA2,104236090,I,433053,1433053,Region,..Ogun,0,,0,1,CNNUTSCWA2,NGDHS2018433053,2018,DHS,357,309,,,2
NGA,Ondo,1331749,Children underweight,11.9,1,NG,Nigeria,2018,NG2018DHS,CN_NUTS_C_WA2,104236090,I,433054,1433054,Region,..Ondo,0,,0,1,CNNUTSCWA2,NGDHS2018433054,2018,DHS,177,235,,,2
NGA,Osun,5360889,Children underweight,14.4,1,NG,Nigeria,2018,NG2018DHS,CN_NUTS_C_WA2,104236090,I,433055,1433055,Region,..Osun,0,,0,1,CNNUTSCWA2,NGDHS2018433055,2018,DHS,315,279,,,2
NGA,Oyo,6372724,Children underweight,18,1,NG,Nigeria,2018,NG2018DHS,CN_NUTS_C_WA2,104236090,I,433056,1433056,Region,..Oyo,0,,0,1,CNNUTSCWA2,NGDHS2018433056,2018,DHS,597,400,,,2
NGA,South South,5503536,Children underweight,10,1,NG,Nigeria,2018,NG2018DHS,CN_NUTS_C_WA2,104236090,I,433010,1433060,Region,South South,0,,0,1,CNNUTSCWA2,NGDHS2018433010,2018,DHS,1303,1375,,,1
NGA,Akwa Ibom,2774444,Children underweight,8.9,1,NG,Nigeria,2018,NG2018DHS,CN_NUTS_C_WA2,104236090,I,433061,1433061,Region,..Akwa Ibom,0,,0,1,CNNUTSCWA2,NGDHS2018433061,2018,DHS,236,254,,,2
NGA,Bayelsa,1338073,Children underweight,13.4,1,NG,Nigeria,2018,NG2018DHS,CN_NUTS_C_WA2,104236090,I,433062,1433062,Region,..Bayelsa,0,,0,1,CNNUTSCWA2,NGDHS2018433062,2018,DHS,106,286,,,2
NGA,Cross River,5954210,Children underweight,11.8,1,NG,Nigeria,2018,NG2018DHS,CN_NUTS_C_WA2,104236090,I,433063,1433063,Region,..Cross River,0,,0,1,CNNUTSCWA2,NGDHS2018433063,2018,DHS,121,164,,,2
NGA,Delta,6706009,Children underweight,13,1,NG,Nigeria,2018,NG2018DHS,CN_NUTS_C_WA2,104236090,I,433064,1433064,Region,..Delta,0,,0,1,CNNUTSCWA2,NGDHS2018433064,2018,DHS,236,198,,,2
NGA,Edo,6460434,Children underweight,10.7,1,NG,Nigeria,2018,NG2018DHS,CN_NUTS_C_WA2,104236090,I,433065,1433065,Region,..Edo,0,,0,1,CNNUTSCWA2,NGDHS2018433065,2018,DHS,151,160,,,2
NGA,Rivers,7832276,Children underweight,7.4,1,NG,Nigeria,2018,NG2018DHS,CN_NUTS_C_WA2,104236090,I,433066,1433066,Region,..Rivers,0,,0,1,CNNUTSCWA2,NGDHS2018433066,2018,DHS,452,313,,,2
NGA,North Central,1343383,Median duration of exclusive breastfeeding,0.9,1,NG,Nigeria,2018,NG2018DHS,CN_BFDR_C_MDE,104336020,I,433005,1433010,Region,North Central,0,,0,1,CNBFDRCMDE,NGDHS2018433005,2018,DHS,,,,,1
NGA,FCT Abuja,1343823,Median duration of exclusive breastfeeding,1.8,1,NG,Nigeria,2018,NG2018DHS,CN_BFDR_C_MDE,104336020,I,433011,1433011,Region,..FCT Abuja,0,,0,1,CNBFDRCMDE,NGDHS2018433011,2018,DHS,,,,,2
NGA,Benue,1338140,Median duration of exclusive breastfeeding,3.4,1,NG,Nigeria,2018,NG2018DHS,CN_BFDR_C_MDE,104336020,I,433012,1433012,Region,..Benue,0,,0,1,CNBFDRCMDE,NGDHS2018433012,2018,DHS,,,,,2
NGA,Kogi,1343828,Median duration of exclusive breastfeeding,0.7,1,NG,Nigeria,2018,NG2018DHS,CN_BFDR_C_MDE,104336020,I,433013,1433013,Region,..Kogi,0,,0,1,CNBFDRCMDE,NGDHS2018433013,2018,DHS,,,,,2
NGA,Kwara,1338143,Median duration of exclusive breastfeeding,3.3,1,NG,Nigeria,2018,NG2018DHS,CN_BFDR_C_MDE,104336020,I,433014,1433014,Region,..Kwara,0,,0,1,CNBFDRCMDE,NGDHS2018433014,2018,DHS,,,,,2
NGA,Nasarawa,4366400,Median duration of exclusive breastfeeding,2.2,1,NG,Nigeria,2018,NG2018DHS,CN_BFDR_C_MDE,104336020,I,433015,1433015,Region,..Nasarawa,0,,0,1,CNBFDRCMDE,NGDHS2018433015,2018,DHS,,,,,2
NGA,Niger,1343376,Median duration of exclusive breastfeeding,0.6,1,NG,Nigeria,2018,NG2018DHS,CN_BFDR_C_MDE,104336020,I,433016,1433016,Region,..Niger,0,,0,1,CNBFDRCMDE,NGDHS2018433016,2018,DHS,,,,,2
NGA,Plateau,1343392,Median duration of exclusive breastfeeding,1.1,1,NG,Nigeria,2018,NG2018DHS,CN_BFDR_C_MDE,104336020,I,433017,1433017,Region,..Plateau,0,,0,1,CNBFDRCMDE,NGDHS2018433017,2018,DHS,,,,,2
NGA,North East,1343346,Median duration of exclusive breastfeeding,0.7,1,NG,Nigeria,2018,NG2018DHS,CN_BFDR_C_MDE,104336020,I,433006,1433020,Region,North East,0,,0,1,CNBFDRCMDE,NGDHS2018433006,2018,DHS,,,,,1
NGA,Adamawa,1343385,Median duration of exclusive breastfeeding,0.9,1,NG,Nigeria,2018,NG2018DHS,CN_BFDR_C_MDE,104336020,I,433021,1433021,Region,..Adamawa,0,,0,1,CNBFDRCMDE,NGDHS2018433021,2018,DHS,,,,,2
NGA,Bauchi,1343366,Median duration of exclusive breastfeeding,0.7,1,NG,Nigeria,2018,NG2018DHS,CN_BFDR_C_MDE,104336020,I,433022,1433022,Region,..Bauchi,0,,0,1,CNBFDRCMDE,NGDHS2018433022,2018,DHS,,,,,2
NGA,Borno,1338156,Median duration of exclusive breastfeeding,0.5,1,NG,Nigeria,2018,NG2018DHS,CN_BFDR_C_MDE,104336020,I,433023,1433023,Region,..Borno,0,,0,1,CNBFDRCMDE,NGDHS2018433023,2018,DHS,,,,,2
NGA,Gombe,1343390,Median duration of exclusive breastfeeding,0.9,1,NG,Nigeria,2018,NG2018DHS,CN_BFDR_C_MDE,104336020,I,433024,1433024,Region,..Gombe,0,,0,1,CNBFDRCMDE,NGDHS2018433024,2018,DHS,,,,,2
NGA,Taraba,1343835,Median duration of exclusive breastfeeding,0.9,1,NG,Nigeria,2018,NG2018DHS,CN_BFDR_C_MDE,104336020,I,433025,1433025,Region,..Taraba,0,,0,1,CNBFDRCMDE,NGDHS2018433025,2018,DHS,,,,,2
NGA,Yobe,1338161,Median duration of exclusive breastfeeding,0.8,1,NG,Nigeria,2018,NG2018DHS,CN_BFDR_C_MDE,104336020,I,433026,1433026,Region,..Yobe,0,,0,1,CNBFDRCMDE,NGDHS2018433026,2018,DHS,,,,,2
NGA,North West,1343358,Median duration of exclusive breastfeeding,0.7,1,NG,Nigeria,2018,NG2018DHS,CN_BFDR_C_MDE,104336020,I,433007,1433030,Region,North West,0,,0,1,CNBFDRCMDE,NGDHS2018433007,2018,DHS,,,,,1
NGA,Jigawa,1349239,Median duration of exclusive breastfeeding,0.5,1,NG,Nigeria,2018,NG2018DHS,CN_BFDR_C_MDE,104336020,I,433031,1433031,Region,..Jigawa,0,,0,1,CNBFDRCMDE,NGDHS2018433031,2018,DHS,,,,,2
NGA,Kaduna,1349203,Median duration of exclusive breastfeeding,0.7,1,NG,Nigeria,2018,NG2018DHS,CN_BFDR_C_MDE,104336020,I,433032,1433032,Region,..Kaduna,0,,0,1,CNBFDRCMDE,NGDHS2018433032,2018,DHS,,,,,2
NGA,Kano,1349237,Median duration of exclusive breastfeeding,0.6,1,NG,Nigeria,2018,NG2018DHS,CN_BFDR_C_MDE,104336020,I,433033,1433033,Region,..Kano,0,,0,1,CNBFDRCMDE,NGDHS2018433033,2018,DHS,,,,,2
NGA,Katsina,1349242,Median duration of exclusive breastfeeding,0.7,1,NG,Nigeria,2018,NG2018DHS,CN_BFDR_C_MDE,104336020,I,433034,1433034,Region,..Katsina,0,,0,1,CNBFDRCMDE,NGDHS2018433034,2018,DHS,,,,,2
NGA,Kebbi,1343853,Median duration of exclusive breastfeeding,0.6,1,NG,Nigeria,2018,NG2018DHS,CN_BFDR_C_MDE,104336020,I,433035,1433035,Region,..Kebbi,0,,0,1,CNBFDRCMDE,NGDHS2018433035,2018,DHS,,,,,2
NGA,Sokoto,1349279,Median duration of exclusive breastfeeding,0.7,1,NG,Nigeria,2018,NG2018DHS,CN_BFDR_C_MDE,104336020,I,433036,1433036,Region,..Sokoto,0,,0,1,CNBFDRCMDE,NGDHS2018433036,2018,DHS,,,,,2
NGA,Zamfara,1343861,Median duration of exclusive breastfeeding,1.1,1,NG,Nigeria,2018,NG2018DHS,CN_BFDR_C_MDE,104336020,I,433037,1433037,Region,..Zamfara,0,,0,1,CNBFDRCMDE,NGDHS2018433037,2018,DHS,,,,,2
NGA,South East,1338170,Median duration of exclusive breastfeeding,0.9,1,NG,Nigeria,2018,NG2018DHS,CN_BFDR_C_MDE,104336020,I,433008,1433040,Region,South East,0,,0,1,CNBFDRCMDE,NGDHS2018433008,2018,DHS,,,,,1
NGA,Abia,1349221,Median duration of exclusive breastfeeding,0.6,1,NG,Nigeria,2018,NG2018DHS,CN_BFDR_C_MDE,104336020,I,433041,1433041,Region,..Abia,0,,0,1,CNBFDRCMDE,NGDHS2018433041,2018,DHS,,,,,2
NGA,Anambra,1343857,Median duration of exclusive breastfeeding,1.4,1,NG,Nigeria,2018,NG2018DHS,CN_BFDR_C_MDE,104336020,I,433042,1433042,Region,..Anambra,0,,0,1,CNBFDRCMDE,NGDHS2018433042,2018,DHS,,,,,2
NGA,Ebonyi,1338149,Median duration of exclusive breastfeeding,2.1,1,NG,Nigeria,2018,NG2018DHS,CN_BFDR_C_MDE,104336020,I,433043,1433043,Region,..Ebonyi,0,,0,1,CNBFDRCMDE,NGDHS2018433043,2018,DHS,,,,,2
NGA,Enugu,1343839,Median duration of exclusive breastfeeding,1,1,NG,Nigeria,2018,NG2018DHS,CN_BFDR_C_MDE,104336020,I,433044,1433044,Region,..Enugu,0,,0,1,CNBFDRCMDE,NGDHS2018433044,2018,DHS,,,,,2
NGA,Imo,1338173,Median duration of exclusive breastfeeding,0.6,1,NG,Nigeria,2018,NG2018DHS,CN_BFDR_C_MDE,104336020,I,433045,1433045,Region,..Imo,0,,0,1,CNBFDRCMDE,NGDHS2018433045,2018,DHS,,,,,2
NGA,South West,7758213,Median duration of exclusive breastfeeding,3.5,1,NG,Nigeria,2018,NG2018DHS,CN_BFDR_C_MDE,104336020,I,433009,1433050,Region,South West,0,,0,1,CNBFDRCMDE,NGDHS2018433009,2018,DHS,,,,,1
NGA,Ekiti,1338177,Median duration of exclusive breastfeeding,4.3,1,NG,Nigeria,2018,NG2018DHS,CN_BFDR_C_MDE,104336020,I,433051,1433051,Region,..Ekiti,0,,0,1,CNBFDRCMDE,NGDHS2018433051,2018,DHS,,,,,2
NGA,Lagos,1349272,Median duration of exclusive breastfeeding,0.8,1,NG,Nigeria,2018,NG2018DHS,CN_BFDR_C_MDE,104336020,I,433052,1433052,Region,..Lagos,0,,0,1,CNBFDRCMDE,NGDHS2018433052,2018,DHS,,,,,2
NGA,Ogun,1349268,Median duration of exclusive breastfeeding,5.2,1,NG,Nigeria,2018,NG2018DHS,CN_BFDR_C_MDE,104336020,I,433053,1433053,Region,..Ogun,0,,0,1,CNBFDRCMDE,NGDHS2018433053,2018,DHS,,,,,2
NGA,Ondo,1349247,Median duration of exclusive breastfeeding,4.4,1,NG,Nigeria,2018,NG2018DHS,CN_BFDR_C_MDE,104336020,I,433054,1433054,Region,..Ondo,0,,0,1,CNBFDRCMDE,NGDHS2018433054,2018,DHS,,,,,2
NGA,Osun,1349257,Median duration of exclusive breastfeeding,4.1,1,NG,Nigeria,2018,NG2018DHS,CN_BFDR_C_MDE,104336020,I,433055,1433055,Region,..Osun,0,,0,1,CNBFDRCMDE,NGDHS2018433055,2018,DHS,,,,,2
NGA,Oyo,1338199,Median duration of exclusive breastfeeding,2.5,1,NG,Nigeria,2018,NG2018DHS,CN_BFDR_C_MDE,104336020,I,433056,1433056,Region,..Oyo,0,,0,1,CNBFDRCMDE,NGDHS2018433056,2018,DHS,,,,,2
NGA,South South,1349218,Median duration of exclusive breastfeeding,0.9,1,NG,Nigeria,2018,NG2018DHS,CN_BFDR_C_MDE,104336020,I,433010,1433060,Region,South South,0,,0,1,CNBFDRCMDE,NGDHS2018433010,2018,DHS,,,,,1
NGA,Akwa Ibom,1343373,Median duration of exclusive breastfeeding,1.7,1,NG,Nigeria,2018,NG2018DHS,CN_BFDR_C_MDE,104336020,I,433061,1433061,Region,..Akwa Ibom,0,,0,1,CNBFDRCMDE,NGDHS2018433061,2018,DHS,,,,,2
NGA,Bayelsa,1338202,Median duration of exclusive breastfeeding,2.4,1,NG,Nigeria,2018,NG2018DHS,CN_BFDR_C_MDE,104336020,I,433062,1433062,Region,..Bayelsa,0,,0,1,CNBFDRCMDE,NGDHS2018433062,2018,DHS,,,,,2
NGA,Cross River,1343872,Median duration of exclusive breastfeeding,1.8,1,NG,Nigeria,2018,NG2018DHS,CN_BFDR_C_MDE,104336020,I,433063,1433063,Region,..Cross River,0,,0,1,CNBFDRCMDE,NGDHS2018433063,2018,DHS,,,,,2
NGA,Delta,1349263,Median duration of exclusive breastfeeding,0.7,1,NG,Nigeria,2018,NG2018DHS,CN_BFDR_C_MDE,104336020,I,433064,1433064,Region,..Delta,0,,0,1,CNBFDRCMDE,NGDHS2018433064,2018,DHS,,,,,2
NGA,Edo,1343879,Median duration of exclusive breastfeeding,0.9,1,NG,Nigeria,2018,NG2018DHS,CN_BFDR_C_MDE,104336020,I,433065,1433065,Region,..Edo,0,,0,1,CNBFDRCMDE,NGDHS2018433065,2018,DHS,,,,,2
NGA,Rivers,7832879,Median duration of exclusive breastfeeding,0.8,1,NG,Nigeria,2018,NG2018DHS,CN_BFDR_C_MDE,104336020,I,433066,1433066,Region,..Rivers,0,,0,1,CNBFDRCMDE,NGDHS2018433066,2018,DHS,,,,,2
NGA,North Central,3904088,Children under 5 who slept under an insecticide-treated net (ITN),47.4,1,NG,Nigeria,2018,NG2018DHS,ML_NETC_C_ITN,124836020,I,433005,1433010,Region,North Central,0,,0,1,MLNETCCITN,NGDHS2018433005,2018,DHS,4461,5543,,,1
NGA,FCT Abuja,3032050,Children under 5 who slept under an insecticide-treated net (ITN),35.4,1,NG,Nigeria,2018,NG2018DHS,ML_NETC_C_ITN,124836020,I,433011,1433011,Region,..FCT Abuja,0,,0,1,MLNETCCITN,NGDHS2018433011,2018,DHS,226,787,,,2
NGA,Benue,6541186,Children under 5 who slept under an insecticide-treated net (ITN),65,1,NG,Nigeria,2018,NG2018DHS,ML_NETC_C_ITN,124836020,I,433012,1433012,Region,..Benue,0,,0,1,MLNETCCITN,NGDHS2018433012,2018,DHS,942,873,,,2
NGA,Kogi,2360034,Children under 5 who slept under an insecticide-treated net (ITN),53.2,1,NG,Nigeria,2018,NG2018DHS,ML_NETC_C_ITN,124836020,I,433013,1433013,Region,..Kogi,0,,0,1,MLNETCCITN,NGDHS2018433013,2018,DHS,388,530,,,2
NGA,Kwara,7270624,Children under 5 who slept under an insecticide-treated net (ITN),34.1,1,NG,Nigeria,2018,NG2018DHS,ML_NETC_C_ITN,124836020,I,433014,1433014,Region,..Kwara,0,,0,1,MLNETCCITN,NGDHS2018433014,2018,DHS,535,669,,,2
NGA,Nasarawa,2367015,Children under 5 who slept under an insecticide-treated net (ITN),57.4,1,NG,Nigeria,2018,NG2018DHS,ML_NETC_C_ITN,124836020,I,433015,1433015,Region,..Nasarawa,0,,0,1,MLNETCCITN,NGDHS2018433015,2018,DHS,501,783,,,2
NGA,Niger,5593526,Children under 5 who slept under an insecticide-treated net (ITN),37.3,1,NG,Nigeria,2018,NG2018DHS,ML_NETC_C_ITN,124836020,I,433016,1433016,Region,..Niger,0,,0,1,MLNETCCITN,NGDHS2018433016,2018,DHS,1234,1119,,,2
NGA,Plateau,2614209,Children under 5 who slept under an insecticide-treated net (ITN),45,1,NG,Nigeria,2018,NG2018DHS,ML_NETC_C_ITN,124836020,I,433017,1433017,Region,..Plateau,0,,0,1,MLNETCCITN,NGDHS2018433017,2018,DHS,635,782,,,2
NGA,North East,4364683,Children under 5 who slept under an insecticide-treated net (ITN),47.4,1,NG,Nigeria,2018,NG2018DHS,ML_NETC_C_ITN,124836020,I,433006,1433020,Region,North East,0,,0,1,MLNETCCITN,NGDHS2018433006,2018,DHS,6004,6851,,,1
NGA,Adamawa,7242418,Children under 5 who slept under an insecticide-treated net (ITN),46.8,1,NG,Nigeria,2018,NG2018DHS,ML_NETC_C_ITN,124836020,I,433021,1433021,Region,..Adamawa,0,,0,1,MLNETCCITN,NGDHS2018433021,2018,DHS,771,901,,,2
NGA,Bauchi,2367060,Children under 5 who slept under an insecticide-treated net (ITN),52.7,1,NG,Nigeria,2018,NG2018DHS,ML_NETC_C_ITN,124836020,I,433022,1433022,Region,..Bauchi,0,,0,1,MLNETCCITN,NGDHS2018433022,2018,DHS,1400,1374,,,2
NGA,Borno,107295,Children under 5 who slept under an insecticide-treated net (ITN),49.2,1,NG,Nigeria,2018,NG2018DHS,ML_NETC_C_ITN,124836020,I,433023,1433023,Region,..Borno,0,,0,1,MLNETCCITN,NGDHS2018433023,2018,DHS,1160,1048,,,2
NGA,Gombe,3904087,Children under 5 who slept under an insecticide-treated net (ITN),37.1,1,NG,Nigeria,2018,NG2018DHS,ML_NETC_C_ITN,124836020,I,433024,1433024,Region,..Gombe,0,,0,1,MLNETCCITN,NGDHS2018433024,2018,DHS,685,1234,,,2
NGA,Taraba,3031106,Children under 5 who slept under an insecticide-treated net (ITN),24.2,1,NG,Nigeria,2018,NG2018DHS,ML_NETC_C_ITN,124836020,I,433025,1433025,Region,..Taraba,0,,0,1,MLNETCCITN,NGDHS2018433025,2018,DHS,754,1087,,,2
NGA,Yobe,5718338,Children under 5 who slept under an insecticide-treated net (ITN),59.9,1,NG,Nigeria,2018,NG2018DHS,ML_NETC_C_ITN,124836020,I,433026,1433026,Region,..Yobe,0,,0,1,MLNETCCITN,NGDHS2018433026,2018,DHS,1234,1207,,,2
NGA,North West,5752166,Children under 5 who slept under an insecticide-treated net (ITN),72.7,1,NG,Nigeria,2018,NG2018DHS,ML_NETC_C_ITN,124836020,I,433007,1433030,Region,North West,0,,0,1,MLNETCCITN,NGDHS2018433007,2018,DHS,11416,9239,,,1
NGA,Jigawa,6441313,Children under 5 who slept under an insecticide-treated net (ITN),89.1,1,NG,Nigeria,2018,NG2018DHS,ML_NETC_C_ITN,124836020,I,433031,1433031,Region,..Jigawa,0,,0,1,MLNETCCITN,NGDHS2018433031,2018,DHS,1361,1347,,,2
NGA,Kaduna,2368373,Children under 5 who slept under an insecticide-treated net (ITN),67.1,1,NG,Nigeria,2018,NG2018DHS,ML_NETC_C_ITN,124836020,I,433032,1433032,Region,..Kaduna,0,,0,1,MLNETCCITN,NGDHS2018433032,2018,DHS,2117,1273,,,2
NGA,Kano,5615844,Children under 5 who slept under an insecticide-treated net (ITN),74.5,1,NG,Nigeria,2018,NG2018DHS,ML_NETC_C_ITN,124836020,I,433033,1433033,Region,..Kano,0,,0,1,MLNETCCITN,NGDHS2018433033,2018,DHS,2537,1856,,,2
NGA,Katsina,2368347,Children under 5 who slept under an insecticide-treated net (ITN),72.5,1,NG,Nigeria,2018,NG2018DHS,ML_NETC_C_ITN,124836020,I,433034,1433034,Region,..Katsina,0,,0,1,MLNETCCITN,NGDHS2018433034,2018,DHS,2231,1417,,,2
NGA,Kebbi,5715894,Children under 5 who slept under an insecticide-treated net (ITN),93.5,1,NG,Nigeria,2018,NG2018DHS,ML_NETC_C_ITN,124836020,I,433035,1433035,Region,..Kebbi,0,,0,1,MLNETCCITN,NGDHS2018433035,2018,DHS,1044,1160,,,2
NGA,Sokoto,2599307,Children under 5 who slept under an insecticide-treated net (ITN),56,1,NG,Nigeria,2018,NG2018DHS,ML_NETC_C_ITN,124836020,I,433036,1433036,Region,..Sokoto,0,,0,1,MLNETCCITN,NGDHS2018433036,2018,DHS,896,1046,,,2
NGA,Zamfara,6431690,Children under 5 who slept under an insecticide-treated net (ITN),55.7,1,NG,Nigeria,2018,NG2018DHS,ML_NETC_C_ITN,124836020,I,433037,1433037,Region,..Zamfara,0,,0,1,MLNETCCITN,NGDHS2018433037,2018,DHS,1230,1140,,,2
NGA,South East,6026956,Children under 5 who slept under an insecticide-treated net (ITN),36.5,1,NG,Nigeria,2018,NG2018DHS,ML_NETC_C_ITN,124836020,I,433008,1433040,Region,South East,0,,0,1,MLNETCCITN,NGDHS2018433008,2018,DHS,3419,3733,,,1
NGA,Abia,2368272,Children under 5 who slept under an insecticide-treated net (ITN),23.9,1,NG,Nigeria,2018,NG2018DHS,ML_NETC_C_ITN,124836020,I,433041,1433041,Region,..Abia,0,,0,1,MLNETCCITN,NGDHS2018433041,2018,DHS,431,640,,,2
NGA,Anambra,5053404,Children under 5 who slept under an insecticide-treated net (ITN),25.4,1,NG,Nigeria,2018,NG2018DHS,ML_NETC_C_ITN,124836020,I,433042,1433042,Region,..Anambra,0,,0,1,MLNETCCITN,NGDHS2018433042,2018,DHS,1026,837,,,2
NGA,Ebonyi,3907312,Children under 5 who slept under an insecticide-treated net (ITN),67.9,1,NG,Nigeria,2018,NG2018DHS,ML_NETC_C_ITN,124836020,I,433043,1433043,Region,..Ebonyi,0,,0,1,MLNETCCITN,NGDHS2018433043,2018,DHS,827,1011,,,2
NGA,Enugu,61796,Children under 5 who slept under an insecticide-treated net (ITN),26.7,1,NG,Nigeria,2018,NG2018DHS,ML_NETC_C_ITN,124836020,I,433044,1433044,Region,..Enugu,0,,0,1,MLNETCCITN,NGDHS2018433044,2018,DHS,466,534,,,2
NGA,Imo,6055090,Children under 5 who slept under an insecticide-treated net (ITN),29.7,1,NG,Nigeria,2018,NG2018DHS,ML_NETC_C_ITN,124836020,I,433045,1433045,Region,..Imo,0,,0,1,MLNETCCITN,NGDHS2018433045,2018,DHS,669,711,,,2
NGA,South West,7733068,Children under 5 who slept under an insecticide-treated net (ITN),35.1,1,NG,Nigeria,2018,NG2018DHS,ML_NETC_C_ITN,124836020,I,433009,1433050,Region,South West,0,,0,1,MLNETCCITN,NGDHS2018433009,2018,DHS,4395,3469,,,1
NGA,Ekiti,2353228,Children under 5 who slept under an insecticide-treated net (ITN),26.4,1,NG,Nigeria,2018,NG2018DHS,ML_NETC_C_ITN,124836020,I,433051,1433051,Region,..Ekiti,0,,0,1,MLNETCCITN,NGDHS2018433051,2018,DHS,307,481,,,2
NGA,Lagos,5615827,Children under 5 who slept under an insecticide-treated net (ITN),21.3,1,NG,Nigeria,2018,NG2018DHS,ML_NETC_C_ITN,124836020,I,433052,1433052,Region,..Lagos,0,,0,1,MLNETCCITN,NGDHS2018433052,2018,DHS,1499,784,,,2
NGA,Ogun,2368365,Children under 5 who slept under an insecticide-treated net (ITN),49.3,1,NG,Nigeria,2018,NG2018DHS,ML_NETC_C_ITN,124836020,I,433053,1433053,Region,..Ogun,0,,0,1,MLNETCCITN,NGDHS2018433053,2018,DHS,608,517,,,2
NGA,Ondo,5559573,Children under 5 who slept under an insecticide-treated net (ITN),58.9,1,NG,Nigeria,2018,NG2018DHS,ML_NETC_C_ITN,124836020,I,433054,1433054,Region,..Ondo,0,,0,1,MLNETCCITN,NGDHS2018433054,2018,DHS,401,518,,,2
NGA,Osun,2717546,Children under 5 who slept under an insecticide-treated net (ITN),32.4,1,NG,Nigeria,2018,NG2018DHS,ML_NETC_C_ITN,124836020,I,433055,1433055,Region,..Osun,0,,0,1,MLNETCCITN,NGDHS2018433055,2018,DHS,572,503,,,2
NGA,Oyo,6890919,Children under 5 who slept under an insecticide-treated net (ITN),41.7,1,NG,Nigeria,2018,NG2018DHS,ML_NETC_C_ITN,124836020,I,433056,1433056,Region,..Oyo,0,,0,1,MLNETCCITN,NGDHS2018433056,2018,DHS,1007,666,,,2
NGA,South South,3805726,Children under 5 who slept under an insecticide-treated net (ITN),33.5,1,NG,Nigeria,2018,NG2018DHS,ML_NETC_C_ITN,124836020,I,433010,1433060,Region,South South,0,,0,1,MLNETCCITN,NGDHS2018433010,2018,DHS,2962,3157,,,1
NGA,Akwa Ibom,5066320,Children under 5 who slept under an insecticide-treated net (ITN),36.5,1,NG,Nigeria,2018,NG2018DHS,ML_NETC_C_ITN,124836020,I,433061,1433061,Region,..Akwa Ibom,0,,0,1,MLNETCCITN,NGDHS2018433061,2018,DHS,515,538,,,2
NGA,Bayelsa,681095,Children under 5 who slept under an insecticide-treated net (ITN),32.7,1,NG,Nigeria,2018,NG2018DHS,ML_NETC_C_ITN,124836020,I,433062,1433062,Region,..Bayelsa,0,,0,1,MLNETCCITN,NGDHS2018433062,2018,DHS,227,585,,,2
NGA,Cross River,3091099,Children under 5 who slept under an insecticide-treated net (ITN),43.4,1,NG,Nigeria,2018,NG2018DHS,ML_NETC_C_ITN,124836020,I,433063,1433063,Region,..Cross River,0,,0,1,MLNETCCITN,NGDHS2018433063,2018,DHS,307,410,,,2
NGA,Delta,6048445,Children under 5 who slept under an insecticide-treated net (ITN),36.5,1,NG,Nigeria,2018,NG2018DHS,ML_NETC_C_ITN,124836020,I,433064,1433064,Region,..Delta,0,,0,1,MLNETCCITN,NGDHS2018433064,2018,DHS,596,501,,,2
NGA,Edo,2360026,Children under 5 who slept under an insecticide-treated net (ITN),31.4,1,NG,Nigeria,2018,NG2018DHS,ML_NETC_C_ITN,124836020,I,433065,1433065,Region,..Edo,0,,0,1,MLNETCCITN,NGDHS2018433065,2018,DHS,416,472,,,2
NGA,Rivers,7829362,Children under 5 who slept under an insecticide-treated net (ITN),27.7,1,NG,Nigeria,2018,NG2018DHS,ML_NETC_C_ITN,124836020,I,433066,1433066,Region,..Rivers,0,,0,1,MLNETCCITN,NGDHS2018433066,2018,DHS,901,651,,,2
NGA,North Central,242339,Physical or sexual violence committed by husband/partner,30.8,1,NG,Nigeria,2018,NG2018DHS,DV_SPVL_W_POS,197433060,I,433005,1433010,Region,North Central,631001,Ever-married,0,0,DVSPVLWPOS,NGDHS2018433005,2018,DHS,1172,1631,,,1
NGA,FCT Abuja,4828751,Physical or sexual violence committed by husband/partner,8.3,1,NG,Nigeria,2018,NG2018DHS,DV_SPVL_W_POS,197433060,I,433011,1433011,Region,..FCT Abuja,631001,Ever-married,0,0,DVSPVLWPOS,NGDHS2018433011,2018,DHS,60,231,,,2
NGA,Benue,6309011,Physical or sexual violence committed by husband/partner,35.6,1,NG,Nigeria,2018,NG2018DHS,DV_SPVL_W_POS,197433060,I,433012,1433012,Region,..Benue,631001,Ever-married,0,0,DVSPVLWPOS,NGDHS2018433012,2018,DHS,283,293,,,2
NGA,Kogi,6783662,Physical or sexual violence committed by husband/partner,26.6,1,NG,Nigeria,2018,NG2018DHS,DV_SPVL_W_POS,197433060,I,433013,1433013,Region,..Kogi,631001,Ever-married,0,0,DVSPVLWPOS,NGDHS2018433013,2018,DHS,119,183,,,2
NGA,Kwara,5888228,Physical or sexual violence committed by husband/partner,26,1,NG,Nigeria,2018,NG2018DHS,DV_SPVL_W_POS,197433060,I,433014,1433014,Region,..Kwara,631001,Ever-married,0,0,DVSPVLWPOS,NGDHS2018433014,2018,DHS,133,207,,,2
NGA,Nasarawa,3647251,Physical or sexual violence committed by husband/partner,8.8,1,NG,Nigeria,2018,NG2018DHS,DV_SPVL_W_POS,197433060,I,433015,1433015,Region,..Nasarawa,631001,Ever-married,0,0,DVSPVLWPOS,NGDHS2018433015,2018,DHS,125,218,,,2
NGA,Niger,7104800,Physical or sexual violence committed by husband/partner,41.8,1,NG,Nigeria,2018,NG2018DHS,DV_SPVL_W_POS,197433060,I,433016,1433016,Region,..Niger,631001,Ever-married,0,0,DVSPVLWPOS,NGDHS2018433016,2018,DHS,293,287,,,2
NGA,Plateau,420462,Physical or sexual violence committed by husband/partner,34.9,1,NG,Nigeria,2018,NG2018DHS,DV_SPVL_W_POS,197433060,I,433017,1433017,Region,..Plateau,631001,Ever-married,0,0,DVSPVLWPOS,NGDHS2018433017,2018,DHS,160,212,,,2
NGA,North East,4204294,Physical or sexual violence committed by husband/partner,29.1,1,NG,Nigeria,2018,NG2018DHS,DV_SPVL_W_POS,197433060,I,433006,1433020,Region,North East,631001,Ever-married,0,0,DVSPVLWPOS,NGDHS2018433006,2018,DHS,1290,1495,,,1
NGA,Adamawa,6468480,Physical or sexual violence committed by husband/partner,40.1,1,NG,Nigeria,2018,NG2018DHS,DV_SPVL_W_POS,197433060,I,433021,1433021,Region,..Adamawa,631001,Ever-married,0,0,DVSPVLWPOS,NGDHS2018433021,2018,DHS,168,220,,,2
NGA,Bauchi,3769044,Physical or sexual violence committed by husband/partner,34.3,1,NG,Nigeria,2018,NG2018DHS,DV_SPVL_W_POS,197433060,I,433022,1433022,Region,..Bauchi,631001,Ever-married,0,0,DVSPVLWPOS,NGDHS2018433022,2018,DHS,277,291,,,2
NGA,Borno,2641954,Physical or sexual violence committed by husband/partner,17.2,1,NG,Nigeria,2018,NG2018DHS,DV_SPVL_W_POS,197433060,I,433023,1433023,Region,..Borno,631001,Ever-married,0,0,DVSPVLWPOS,NGDHS2018433023,2018,DHS,287,254,,,2
NGA,Gombe,3959720,Physical or sexual violence committed by husband/partner,58.6,1,NG,Nigeria,2018,NG2018DHS,DV_SPVL_W_POS,197433060,I,433024,1433024,Region,..Gombe,631001,Ever-married,0,0,DVSPVLWPOS,NGDHS2018433024,2018,DHS,153,259,,,2
NGA,Taraba,4190596,Physical or sexual violence committed by husband/partner,27.8,1,NG,Nigeria,2018,NG2018DHS,DV_SPVL_W_POS,197433060,I,433025,1433025,Region,..Taraba,631001,Ever-married,0,0,DVSPVLWPOS,NGDHS2018433025,2018,DHS,155,229,,,2
NGA,Yobe,7128150,Physical or sexual violence committed by husband/partner,12.1,1,NG,Nigeria,2018,NG2018DHS,DV_SPVL_W_POS,197433060,I,433026,1433026,Region,..Yobe,631001,Ever-married,0,0,DVSPVLWPOS,NGDHS2018433026,2018,DHS,249,242,,,2
NGA,North West,7159005,Physical or sexual violence committed by husband/partner,10,1,NG,Nigeria,2018,NG2018DHS,DV_SPVL_W_POS,197433060,I,433007,1433030,Region,North West,631001,Ever-married,0,0,DVSPVLWPOS,NGDHS2018433007,2018,DHS,2486,2016,,,1
NGA,Jigawa,6642064,Physical or sexual violence committed by husband/partner,3.7,1,NG,Nigeria,2018,NG2018DHS,DV_SPVL_W_POS,197433060,I,433031,1433031,Region,..Jigawa,631001,Ever-married,0,0,DVSPVLWPOS,NGDHS2018433031,2018,DHS,285,285,,,2
NGA,Kaduna,2567986,Physical or sexual violence committed by husband/partner,23.9,1,NG,Nigeria,2018,NG2018DHS,DV_SPVL_W_POS,197433060,I,433032,1433032,Region,..Kaduna,631001,Ever-married,0,0,DVSPVLWPOS,NGDHS2018433032,2018,DHS,504,313,,,2
NGA,Kano,5883287,Physical or sexual violence committed by husband/partner,6.1,1,NG,Nigeria,2018,NG2018DHS,DV_SPVL_W_POS,197433060,I,433033,1433033,Region,..Kano,631001,Ever-married,0,0,DVSPVLWPOS,NGDHS2018433033,2018,DHS,509,377,,,2
NGA,Katsina,3633162,Physical or sexual violence committed by husband/partner,6.9,1,NG,Nigeria,2018,NG2018DHS,DV_SPVL_W_POS,197433060,I,433034,1433034,Region,..Katsina,631001,Ever-married,0,0,DVSPVLWPOS,NGDHS2018433034,2018,DHS,469,282,,,2
NGA,Kebbi,7770844,Physical or sexual violence committed by husband/partner,7.4,1,NG,Nigeria,2018,NG2018DHS,DV_SPVL_W_POS,197433060,I,433035,1433035,Region,..Kebbi,631001,Ever-married,0,0,DVSPVLWPOS,NGDHS2018433035,2018,DHS,255,287,,,2
NGA,Sokoto,95003,Physical or sexual violence committed by husband/partner,5.7,1,NG,Nigeria,2018,NG2018DHS,DV_SPVL_W_POS,197433060,I,433036,1433036,Region,..Sokoto,631001,Ever-married,0,0,DVSPVLWPOS,NGDHS2018433036,2018,DHS,191,217,,,2
NGA,Zamfara,2815327,Physical or sexual violence committed by husband/partner,9.4,1,NG,Nigeria,2018,NG2018DHS,DV_SPVL_W_POS,197433060,I,433037,1433037,Region,..Zamfara,631001,Ever-married,0,0,DVSPVLWPOS,NGDHS2018433037,2018,DHS,274,255,,,2
NGA,South East,3359127,Physical or sexual violence committed by husband/partner,30,1,NG,Nigeria,2018,NG2018DHS,DV_SPVL_W_POS,197433060,I,433008,1433040,Region,South East,631001,Ever-married,0,0,DVSPVLWPOS,NGDHS2018433008,2018,DHS,965,1169,,,1
NGA,Abia,3743902,Physical or sexual violence committed by husband/partner,28.7,1,NG,Nigeria,2018,NG2018DHS,DV_SPVL_W_POS,197433060,I,433041,1433041,Region,..Abia,631001,Ever-married,0,0,DVSPVLWPOS,NGDHS2018433041,2018,DHS,118,181,,,2
NGA,Anambra,7510682,Physical or sexual violence committed by husband/partner,29.1,1,NG,Nigeria,2018,NG2018DHS,DV_SPVL_W_POS,197433060,I,433042,1433042,Region,..Anambra,631001,Ever-married,0,0,DVSPVLWPOS,NGDHS2018433042,2018,DHS,298,307,,,2
NGA,Ebonyi,3938135,Physical or sexual violence committed by husband/partner,44.7,1,NG,Nigeria,2018,NG2018DHS,DV_SPVL_W_POS,197433060,I,433043,1433043,Region,..Ebonyi,631001,Ever-married,0,0,DVSPVLWPOS,NGDHS2018433043,2018,DHS,199,285,,,2
NGA,Enugu,4492061,Physical or sexual violence committed by husband/partner,16.6,1,NG,Nigeria,2018,NG2018DHS,DV_SPVL_W_POS,197433060,I,433044,1433044,Region,..Enugu,631001,Ever-married,0,0,DVSPVLWPOS,NGDHS2018433044,2018,DHS,143,183,,,2
NGA,Imo,7128241,Physical or sexual violence committed by husband/partner,27.3,1,NG,Nigeria,2018,NG2018DHS,DV_SPVL_W_POS,197433060,I,433045,1433045,Region,..Imo,631001,Ever-married,0,0,DVSPVLWPOS,NGDHS2018433045,2018,DHS,207,213,,,2
NGA,South West,5209681,Physical or sexual violence committed by husband/partner,13.7,1,NG,Nigeria,2018,NG2018DHS,DV_SPVL_W_POS,197433060,I,433009,1433050,Region,South West,631001,Ever-married,0,0,DVSPVLWPOS,NGDHS2018433009,2018,DHS,1543,1516,,,1
NGA,Ekiti,2561174,Physical or sexual violence committed by husband/partner,17.6,1,NG,Nigeria,2018,NG2018DHS,DV_SPVL_W_POS,197433060,I,433051,1433051,Region,..Ekiti,631001,Ever-married,0,0,DVSPVLWPOS,NGDHS2018433051,2018,DHS,111,218,,,2
NGA,Lagos,7169079,Physical or sexual violence committed by husband/partner,13.5,1,NG,Nigeria,2018,NG2018DHS,DV_SPVL_W_POS,197433060,I,433052,1433052,Region,..Lagos,631001,Ever-married,0,0,DVSPVLWPOS,NGDHS2018433052,2018,DHS,492,318,,,2
NGA,Ogun,7906687,Physical or sexual violence committed by husband/partner,11.1,1,NG,Nigeria,2018,NG2018DHS,DV_SPVL_W_POS,197433060,I,433053,1433053,Region,..Ogun,631001,Ever-married,0,0,DVSPVLWPOS,NGDHS2018433053,2018,DHS,225,238,,,2
NGA,Ondo,5360999,Physical or sexual violence committed by husband/partner,17.4,1,NG,Nigeria,2018,NG2018DHS,DV_SPVL_W_POS,197433060,I,433054,1433054,Region,..Ondo,631001,Ever-married,0,0,DVSPVLWPOS,NGDHS2018433054,2018,DHS,134,209,,,2
NGA,Osun,94999,Physical or sexual violence committed by husband/partner,18.1,1,NG,Nigeria,2018,NG2018DHS,DV_SPVL_W_POS,197433060,I,433055,1433055,Region,..Osun,631001,Ever-married,0,0,DVSPVLWPOS,NGDHS2018433055,2018,DHS,201,233,,,2
NGA,Oyo,4976938,Physical or sexual violence committed by husband/partner,10.6,1,NG,Nigeria,2018,NG2018DHS,DV_SPVL_W_POS,197433060,I,433056,1433056,Region,..Oyo,631001,Ever-married,0,0,DVSPVLWPOS,NGDHS2018433056,2018,DHS,379,300,,,2
NGA,South South,545859,Physical or sexual violence committed by husband/partner,33.9,1,NG,Nigeria,2018,NG2018DHS,DV_SPVL_W_POS,197433060,I,433010,1433060,Region,South South,631001,Ever-married,0,0,DVSPVLWPOS,NGDHS2018433010,2018,DHS,905,1083,,,1
NGA,Akwa Ibom,2061771,Physical or sexual violence committed by husband/partner,34.4,1,NG,Nigeria,2018,NG2018DHS,DV_SPVL_W_POS,197433060,I,433061,1433061,Region,..Akwa Ibom,631001,Ever-married,0,0,DVSPVLWPOS,NGDHS2018433061,2018,DHS,176,197,,,2
NGA,Bayelsa,3938130,Physical or sexual violence committed by husband/partner,30.4,1,NG,Nigeria,2018,NG2018DHS,DV_SPVL_W_POS,197433060,I,433062,1433062,Region,..Bayelsa,631001,Ever-married,0,0,DVSPVLWPOS,NGDHS2018433062,2018,DHS,68,173,,,2
NGA,Cross River,4492056,Physical or sexual violence committed by husband/partner,21.6,1,NG,Nigeria,2018,NG2018DHS,DV_SPVL_W_POS,197433060,I,433063,1433063,Region,..Cross River,631001,Ever-married,0,0,DVSPVLWPOS,NGDHS2018433063,2018,DHS,102,158,,,2
NGA,Delta,5616724,Physical or sexual violence committed by husband/partner,30.8,1,NG,Nigeria,2018,NG2018DHS,DV_SPVL_W_POS,197433060,I,433064,1433064,Region,..Delta,631001,Ever-married,0,0,DVSPVLWPOS,NGDHS2018433064,2018,DHS,163,172,,,2
NGA,Edo,731941,Physical or sexual violence committed by husband/partner,38.3,1,NG,Nigeria,2018,NG2018DHS,DV_SPVL_W_POS,197433060,I,433065,1433065,Region,..Edo,631001,Ever-married,0,0,DVSPVLWPOS,NGDHS2018433065,2018,DHS,112,145,,,2
NGA,Rivers,5445459,Physical or sexual violence committed by husband/partner,38.8,1,NG,Nigeria,2018,NG2018DHS,DV_SPVL_W_POS,197433060,I,433066,1433066,Region,..Rivers,631001,Ever-married,0,0,DVSPVLWPOS,NGDHS2018433066,2018,DHS,284,238,,,2
NGA,North Central,7397464,Women circumcised (FGC),9.9,1,NG,Nigeria,2018,NG2018DHS,FG_PFCC_W_WCC,207503010,I,433005,1433010,Region,North Central,0,,0,1,FGPFCCWWCC,NGDHS2018433005,2018,DHS,3761,4960,,,1
NGA,FCT Abuja,557033,Women circumcised (FGC),5.1,1,NG,Nigeria,2018,NG2018DHS,FG_PFCC_W_WCC,207503010,I,433011,1433011,Region,..FCT Abuja,0,,0,1,FGPFCCWWCC,NGDHS2018433011,2018,DHS,201,751,,,2
NGA,Benue,3535489,Women circumcised (FGC),5.3,1,NG,Nigeria,2018,NG2018DHS,FG_PFCC_W_WCC,207503010,I,433012,1433012,Region,..Benue,0,,0,1,FGPFCCWWCC,NGDHS2018433012,2018,DHS,858,810,,,2
NGA,Kogi,3976233,Women circumcised (FGC),1,1,NG,Nigeria,2018,NG2018DHS,FG_PFCC_W_WCC,207503010,I,433013,1433013,Region,..Kogi,0,,0,1,FGPFCCWWCC,NGDHS2018433013,2018,DHS,426,589,,,2
NGA,Kwara,5085945,Women circumcised (FGC),46,1,NG,Nigeria,2018,NG2018DHS,FG_PFCC_W_WCC,207503010,I,433014,1433014,Region,..Kwara,0,,0,1,FGPFCCWWCC,NGDHS2018433014,2018,DHS,427,565,,,2
NGA,Nasarawa,308377,Women circumcised (FGC),1.8,1,NG,Nigeria,2018,NG2018DHS,FG_PFCC_W_WCC,207503010,I,433015,1433015,Region,..Nasarawa,0,,0,1,FGPFCCWWCC,NGDHS2018433015,2018,DHS,405,712,,,2
NGA,Niger,5179839,Women circumcised (FGC),10.5,1,NG,Nigeria,2018,NG2018DHS,FG_PFCC_W_WCC,207503010,I,433016,1433016,Region,..Niger,0,,0,1,FGPFCCWWCC,NGDHS2018433016,2018,DHS,873,834,,,2
NGA,Plateau,1072836,Women circumcised (FGC),3,1,NG,Nigeria,2018,NG2018DHS,FG_PFCC_W_WCC,207503010,I,433017,1433017,Region,..Plateau,0,,0,1,FGPFCCWWCC,NGDHS2018433017,2018,DHS,571,699,,,2
NGA,North East,754541,Women circumcised (FGC),6.1,1,NG,Nigeria,2018,NG2018DHS,FG_PFCC_W_WCC,207503010,I,433006,1433020,Region,North East,0,,0,1,FGPFCCWWCC,NGDHS2018433006,2018,DHS,4355,5017,,,1
NGA,Adamawa,7026514,Women circumcised (FGC),0,1,NG,Nigeria,2018,NG2018DHS,FG_PFCC_W_WCC,207503010,I,433021,1433021,Region,..Adamawa,0,,0,1,FGPFCCWWCC,NGDHS2018433021,2018,DHS,601,724,,,2
NGA,Bauchi,3647177,Women circumcised (FGC),10.7,1,NG,Nigeria,2018,NG2018DHS,FG_PFCC_W_WCC,207503010,I,433022,1433022,Region,..Bauchi,0,,0,1,FGPFCCWWCC,NGDHS2018433022,2018,DHS,897,883,,,2
NGA,Borno,4720775,Women circumcised (FGC),2.4,1,NG,Nigeria,2018,NG2018DHS,FG_PFCC_W_WCC,207503010,I,433023,1433023,Region,..Borno,0,,0,1,FGPFCCWWCC,NGDHS2018433023,2018,DHS,944,819,,,2
NGA,Gombe,7397466,Women circumcised (FGC),0.1,1,NG,Nigeria,2018,NG2018DHS,FG_PFCC_W_WCC,207503010,I,433024,1433024,Region,..Gombe,0,,0,1,FGPFCCWWCC,NGDHS2018433024,2018,DHS,469,888,,,2
NGA,Taraba,4575066,Women circumcised (FGC),3.9,1,NG,Nigeria,2018,NG2018DHS,FG_PFCC_W_WCC,207503010,I,433025,1433025,Region,..Taraba,0,,0,1,FGPFCCWWCC,NGDHS2018433025,2018,DHS,577,845,,,2
NGA,Yobe,6342540,Women circumcised (FGC),14.2,1,NG,Nigeria,2018,NG2018DHS,FG_PFCC_W_WCC,207503010,I,433026,1433026,Region,..Yobe,0,,0,1,FGPFCCWWCC,NGDHS2018433026,2018,DHS,866,858,,,2
NGA,North West,6025464,Women circumcised (FGC),20.2,1,NG,Nigeria,2018,NG2018DHS,FG_PFCC_W_WCC,207503010,I,433007,1433030,Region,North West,0,,0,1,FGPFCCWWCC,NGDHS2018433007,2018,DHS,8143,6731,,,1
NGA,Jigawa,3544284,Women circumcised (FGC),34.1,1,NG,Nigeria,2018,NG2018DHS,FG_PFCC_W_WCC,207503010,I,433031,1433031,Region,..Jigawa,0,,0,1,FGPFCCWWCC,NGDHS2018433031,2018,DHS,926,943,,,2
NGA,Kaduna,3983013,Women circumcised (FGC),48.8,1,NG,Nigeria,2018,NG2018DHS,FG_PFCC_W_WCC,207503010,I,433032,1433032,Region,..Kaduna,0,,0,1,FGPFCCWWCC,NGDHS2018433032,2018,DHS,1637,1054,,,2
NGA,Kano,5070774,Women circumcised (FGC),22.2,1,NG,Nigeria,2018,NG2018DHS,FG_PFCC_W_WCC,207503010,I,433033,1433033,Region,..Kano,0,,0,1,FGPFCCWWCC,NGDHS2018433033,2018,DHS,1862,1359,,,2
NGA,Katsina,4897965,Women circumcised (FGC),1.4,1,NG,Nigeria,2018,NG2018DHS,FG_PFCC_W_WCC,207503010,I,433034,1433034,Region,..Katsina,0,,0,1,FGPFCCWWCC,NGDHS2018433034,2018,DHS,1475,968,,,2
NGA,Kebbi,5181656,Women circumcised (FGC),1.6,1,NG,Nigeria,2018,NG2018DHS,FG_PFCC_W_WCC,207503010,I,433035,1433035,Region,..Kebbi,0,,0,1,FGPFCCWWCC,NGDHS2018433035,2018,DHS,736,862,,,2
NGA,Sokoto,1058269,Women circumcised (FGC),5.4,1,NG,Nigeria,2018,NG2018DHS,FG_PFCC_W_WCC,207503010,I,433036,1433036,Region,..Sokoto,0,,0,1,FGPFCCWWCC,NGDHS2018433036,2018,DHS,610,717,,,2
NGA,Zamfara,840932,Women circumcised (FGC),5.3,1,NG,Nigeria,2018,NG2018DHS,FG_PFCC_W_WCC,207503010,I,433037,1433037,Region,..Zamfara,0,,0,1,FGPFCCWWCC,NGDHS2018433037,2018,DHS,897,828,,,2
NGA,South East,158971,Women circumcised (FGC),35,1,NG,Nigeria,2018,NG2018DHS,FG_PFCC_W_WCC,207503010,I,433008,1433040,Region,South East,0,,0,1,FGPFCCWWCC,NGDHS2018433008,2018,DHS,3098,3434,,,1
NGA,Abia,3633116,Women circumcised (FGC),12.2,1,NG,Nigeria,2018,NG2018DHS,FG_PFCC_W_WCC,207503010,I,433041,1433041,Region,..Abia,0,,0,1,FGPFCCWWCC,NGDHS2018433041,2018,DHS,391,607,,,2
NGA,Anambra,5292947,Women circumcised (FGC),21.4,1,NG,Nigeria,2018,NG2018DHS,FG_PFCC_W_WCC,207503010,I,433042,1433042,Region,..Anambra,0,,0,1,FGPFCCWWCC,NGDHS2018433042,2018,DHS,948,798,,,2
NGA,Ebonyi,7405040,Women circumcised (FGC),53.2,1,NG,Nigeria,2018,NG2018DHS,FG_PFCC_W_WCC,207503010,I,433043,1433043,Region,..Ebonyi,0,,0,1,FGPFCCWWCC,NGDHS2018433043,2018,DHS,675,856,,,2
NGA,Enugu,4575067,Women circumcised (FGC),25.3,1,NG,Nigeria,2018,NG2018DHS,FG_PFCC_W_WCC,207503010,I,433044,1433044,Region,..Enugu,0,,0,1,FGPFCCWWCC,NGDHS2018433044,2018,DHS,539,617,,,2
NGA,Imo,6342542,Women circumcised (FGC),61.7,1,NG,Nigeria,2018,NG2018DHS,FG_PFCC_W_WCC,207503010,I,433045,1433045,Region,..Imo,0,,0,1,FGPFCCWWCC,NGDHS2018433045,2018,DHS,546,556,,,2
NGA,South West,7730452,Women circumcised (FGC),30,1,NG,Nigeria,2018,NG2018DHS,FG_PFCC_W_WCC,207503010,I,433009,1433050,Region,South West,0,,0,1,FGPFCCWWCC,NGDHS2018433009,2018,DHS,4397,3354,,,1
NGA,Ekiti,4112217,Women circumcised (FGC),57.9,1,NG,Nigeria,2018,NG2018DHS,FG_PFCC_W_WCC,207503010,I,433051,1433051,Region,..Ekiti,0,,0,1,FGPFCCWWCC,NGDHS2018433051,2018,DHS,276,437,,,2
NGA,Lagos,5015825,Women circumcised (FGC),23.7,1,NG,Nigeria,2018,NG2018DHS,FG_PFCC_W_WCC,207503010,I,433052,1433052,Region,..Lagos,0,,0,1,FGPFCCWWCC,NGDHS2018433052,2018,DHS,1817,899,,,2
NGA,Ogun,4897966,Women circumcised (FGC),8.2,1,NG,Nigeria,2018,NG2018DHS,FG_PFCC_W_WCC,207503010,I,433053,1433053,Region,..Ogun,0,,0,1,FGPFCCWWCC,NGDHS2018433053,2018,DHS,555,471,,,2
NGA,Ondo,3408833,Women circumcised (FGC),43.7,1,NG,Nigeria,2018,NG2018DHS,FG_PFCC_W_WCC,207503010,I,433054,1433054,Region,..Ondo,0,,0,1,FGPFCCWWCC,NGDHS2018433054,2018,DHS,425,528,,,2
NGA,Osun,1058163,Women circumcised (FGC),45.9,1,NG,Nigeria,2018,NG2018DHS,FG_PFCC_W_WCC,207503010,I,433055,1433055,Region,..Osun,0,,0,1,FGPFCCWWCC,NGDHS2018433055,2018,DHS,565,500,,,2
NGA,Oyo,600044,Women circumcised (FGC),31.1,1,NG,Nigeria,2018,NG2018DHS,FG_PFCC_W_WCC,207503010,I,433056,1433056,Region,..Oyo,0,,0,1,FGPFCCWWCC,NGDHS2018433056,2018,DHS,759,519,,,2
NGA,South South,1058161,Women circumcised (FGC),17.7,1,NG,Nigeria,2018,NG2018DHS,FG_PFCC_W_WCC,207503010,I,433010,1433060,Region,South South,0,,0,1,FGPFCCWWCC,NGDHS2018433010,2018,DHS,2951,3089,,,1
NGA,Akwa Ibom,5299705,Women circumcised (FGC),10.2,1,NG,Nigeria,2018,NG2018DHS,FG_PFCC_W_WCC,207503010,I,433061,1433061,Region,..Akwa Ibom,0,,0,1,FGPFCCWWCC,NGDHS2018433061,2018,DHS,592,589,,,2
NGA,Bayelsa,6481044,Women circumcised (FGC),6.7,1,NG,Nigeria,2018,NG2018DHS,FG_PFCC_W_WCC,207503010,I,433062,1433062,Region,..Bayelsa,0,,0,1,FGPFCCWWCC,NGDHS2018433062,2018,DHS,176,450,,,2
NGA,Cross River,6708608,Women circumcised (FGC),11.9,1,NG,Nigeria,2018,NG2018DHS,FG_PFCC_W_WCC,207503010,I,433063,1433063,Region,..Cross River,0,,0,1,FGPFCCWWCC,NGDHS2018433063,2018,DHS,343,452,,,2
NGA,Delta,6335313,Women circumcised (FGC),33.7,1,NG,Nigeria,2018,NG2018DHS,FG_PFCC_W_WCC,207503010,I,433064,1433064,Region,..Delta,0,,0,1,FGPFCCWWCC,NGDHS2018433064,2018,DHS,592,507,,,2
NGA,Edo,3611584,Women circumcised (FGC),35.5,1,NG,Nigeria,2018,NG2018DHS,FG_PFCC_W_WCC,207503010,I,433065,1433065,Region,..Edo,0,,0,1,FGPFCCWWCC,NGDHS2018433065,2018,DHS,357,432,,,2
NGA,Rivers,7829355,Women circumcised (FGC),9.3,1,NG,Nigeria,2018,NG2018DHS,FG_PFCC_W_WCC,207503010,I,433066,1433066,Region,..Rivers,0,,0,1,FGPFCCWWCC,NGDHS2018433066,2018,DHS,891,659,,,2
NGA,North Central,5620093,Women with secondary or higher education,49.8,1,NG,Nigeria,2018,NG2018DHS,ED_EDUC_W_SEH,231203100,I,433005,1433010,Region,North Central,0,,0,1,EDEDUCWSEH,NGDHS2018433005,2018,DHS,5891,7772,,,1
NGA,FCT Abuja,3810475,Women with secondary or higher education,65,1,NG,Nigeria,2018,NG2018DHS,ED_EDUC_W_SEH,231203100,I,433011,1433011,Region,..FCT Abuja,0,,0,1,EDEDUCWSEH,NGDHS2018433011,2018,DHS,319,1186,,,2
NGA,Benue,1925508,Women with secondary or higher education,54.6,1,NG,Nigeria,2018,NG2018DHS,ED_EDUC_W_SEH,231203100,I,433012,1433012,Region,..Benue,0,,0,1,EDEDUCWSEH,NGDHS2018433012,2018,DHS,1354,1278,,,2
NGA,Kogi,250030,Women with secondary or higher education,61.1,1,NG,Nigeria,2018,NG2018DHS,ED_EDUC_W_SEH,231203100,I,433013,1433013,Region,..Kogi,0,,0,1,EDEDUCWSEH,NGDHS2018433013,2018,DHS,654,907,,,2
NGA,Kwara,6801309,Women with secondary or higher education,49.7,1,NG,Nigeria,2018,NG2018DHS,ED_EDUC_W_SEH,231203100,I,433014,1433014,Region,..Kwara,0,,0,1,EDEDUCWSEH,NGDHS2018433014,2018,DHS,684,906,,,2
NGA,Nasarawa,3329854,Women with secondary or higher education,57.9,1,NG,Nigeria,2018,NG2018DHS,ED_EDUC_W_SEH,231203100,I,433015,1433015,Region,..Nasarawa,0,,0,1,EDEDUCWSEH,NGDHS2018433015,2018,DHS,648,1121,,,2
NGA,Niger,7301166,Women with secondary or higher education,28.1,1,NG,Nigeria,2018,NG2018DHS,ED_EDUC_W_SEH,231203100,I,433016,1433016,Region,..Niger,0,,0,1,EDEDUCWSEH,NGDHS2018433016,2018,DHS,1357,1292,,,2
NGA,Plateau,5479726,Women with secondary or higher education,56.4,1,NG,Nigeria,2018,NG2018DHS,ED_EDUC_W_SEH,231203100,I,433017,1433017,Region,..Plateau,0,,0,1,EDEDUCWSEH,NGDHS2018433017,2018,DHS,875,1082,,,2
NGA,North East,117273,Women with secondary or higher education,28.2,1,NG,Nigeria,2018,NG2018DHS,ED_EDUC_W_SEH,231203100,I,433006,1433020,Region,North East,0,,0,1,EDEDUCWSEH,NGDHS2018433006,2018,DHS,6636,7639,,,1
NGA,Adamawa,3549481,Women with secondary or higher education,40.5,1,NG,Nigeria,2018,NG2018DHS,ED_EDUC_W_SEH,231203100,I,433021,1433021,Region,..Adamawa,0,,0,1,EDEDUCWSEH,NGDHS2018433021,2018,DHS,903,1083,,,2
NGA,Bauchi,5282621,Women with secondary or higher education,18.4,1,NG,Nigeria,2018,NG2018DHS,ED_EDUC_W_SEH,231203100,I,433022,1433022,Region,..Bauchi,0,,0,1,EDEDUCWSEH,NGDHS2018433022,2018,DHS,1343,1329,,,2
NGA,Borno,3595754,Women with secondary or higher education,33.4,1,NG,Nigeria,2018,NG2018DHS,ED_EDUC_W_SEH,231203100,I,433023,1433023,Region,..Borno,0,,0,1,EDEDUCWSEH,NGDHS2018433023,2018,DHS,1469,1269,,,2
NGA,Gombe,5819434,Women with secondary or higher education,25.6,1,NG,Nigeria,2018,NG2018DHS,ED_EDUC_W_SEH,231203100,I,433024,1433024,Region,..Gombe,0,,0,1,EDEDUCWSEH,NGDHS2018433024,2018,DHS,717,1356,,,2
NGA,Taraba,415589,Women with secondary or higher education,41.6,1,NG,Nigeria,2018,NG2018DHS,ED_EDUC_W_SEH,231203100,I,433025,1433025,Region,..Taraba,0,,0,1,EDEDUCWSEH,NGDHS2018433025,2018,DHS,877,1284,,,2
NGA,Yobe,6280917,Women with secondary or higher education,16.3,1,NG,Nigeria,2018,NG2018DHS,ED_EDUC_W_SEH,231203100,I,433026,1433026,Region,..Yobe,0,,0,1,EDEDUCWSEH,NGDHS2018433026,2018,DHS,1327,1318,,,2
NGA,North West,6280143,Women with secondary or higher education,25,1,NG,Nigeria,2018,NG2018DHS,ED_EDUC_W_SEH,231203100,I,433007,1433030,Region,North West,0,,0,1,EDEDUCWSEH,NGDHS2018433007,2018,DHS,12225,10129,,,1
NGA,Jigawa,1933736,Women with secondary or higher education,15.2,1,NG,Nigeria,2018,NG2018DHS,ED_EDUC_W_SEH,231203100,I,433031,1433031,Region,..Jigawa,0,,0,1,EDEDUCWSEH,NGDHS2018433031,2018,DHS,1382,1405,,,2
NGA,Kaduna,263794,Women with secondary or higher education,38.6,1,NG,Nigeria,2018,NG2018DHS,ED_EDUC_W_SEH,231203100,I,433032,1433032,Region,..Kaduna,0,,0,1,EDEDUCWSEH,NGDHS2018433032,2018,DHS,2493,1610,,,2
NGA,Kano,6413451,Women with secondary or higher education,32.1,1,NG,Nigeria,2018,NG2018DHS,ED_EDUC_W_SEH,231203100,I,433033,1433033,Region,..Kano,0,,0,1,EDEDUCWSEH,NGDHS2018433033,2018,DHS,2692,1983,,,2
NGA,Katsina,576687,Women with secondary or higher education,24.2,1,NG,Nigeria,2018,NG2018DHS,ED_EDUC_W_SEH,231203100,I,433034,1433034,Region,..Katsina,0,,0,1,EDEDUCWSEH,NGDHS2018433034,2018,DHS,2283,1494,,,2
NGA,Kebbi,7253785,Women with secondary or higher education,11,1,NG,Nigeria,2018,NG2018DHS,ED_EDUC_W_SEH,231203100,I,433035,1433035,Region,..Kebbi,0,,0,1,EDEDUCWSEH,NGDHS2018433035,2018,DHS,1136,1335,,,2
NGA,Sokoto,5217505,Women with secondary or higher education,7.7,1,NG,Nigeria,2018,NG2018DHS,ED_EDUC_W_SEH,231203100,I,433036,1433036,Region,..Sokoto,0,,0,1,EDEDUCWSEH,NGDHS2018433036,2018,DHS,910,1065,,,2
NGA,Zamfara,503538,Women with secondary or higher education,20.7,1,NG,Nigeria,2018,NG2018DHS,ED_EDUC_W_SEH,231203100,I,433037,1433037,Region,..Zamfara,0,,0,1,EDEDUCWSEH,NGDHS2018433037,2018,DHS,1328,1237,,,2
NGA,South East,3247084,Women with secondary or higher education,77.2,1,NG,Nigeria,2018,NG2018DHS,ED_EDUC_W_SEH,231203100,I,433008,1433040,Region,South East,0,,0,1,EDEDUCWSEH,NGDHS2018433008,2018,DHS,4963,5571,,,1
NGA,Abia,3348989,Women with secondary or higher education,84.2,1,NG,Nigeria,2018,NG2018DHS,ED_EDUC_W_SEH,231203100,I,433041,1433041,Region,..Abia,0,,0,1,EDEDUCWSEH,NGDHS2018433041,2018,DHS,630,982,,,2
NGA,Anambra,3586364,Women with secondary or higher education,81.1,1,NG,Nigeria,2018,NG2018DHS,ED_EDUC_W_SEH,231203100,I,433042,1433042,Region,..Anambra,0,,0,1,EDEDUCWSEH,NGDHS2018433042,2018,DHS,1477,1244,,,2
NGA,Ebonyi,5774933,Women with secondary or higher education,53.7,1,NG,Nigeria,2018,NG2018DHS,ED_EDUC_W_SEH,231203100,I,433043,1433043,Region,..Ebonyi,0,,0,1,EDEDUCWSEH,NGDHS2018433043,2018,DHS,1027,1310,,,2
NGA,Enugu,415596,Women with secondary or higher education,78.4,1,NG,Nigeria,2018,NG2018DHS,ED_EDUC_W_SEH,231203100,I,433044,1433044,Region,..Enugu,0,,0,1,EDEDUCWSEH,NGDHS2018433044,2018,DHS,880,1038,,,2
NGA,Imo,7349279,Women with secondary or higher education,91.2,1,NG,Nigeria,2018,NG2018DHS,ED_EDUC_W_SEH,231203100,I,433045,1433045,Region,..Imo,0,,0,1,EDEDUCWSEH,NGDHS2018433045,2018,DHS,948,997,,,2
NGA,South West,7708305,Women with secondary or higher education,77.5,1,NG,Nigeria,2018,NG2018DHS,ED_EDUC_W_SEH,231203100,I,433009,1433050,Region,South West,0,,0,1,EDEDUCWSEH,NGDHS2018433009,2018,DHS,7266,5630,,,1
NGA,Ekiti,256614,Women with secondary or higher education,80.3,1,NG,Nigeria,2018,NG2018DHS,ED_EDUC_W_SEH,231203100,I,433051,1433051,Region,..Ekiti,0,,0,1,EDEDUCWSEH,NGDHS2018433051,2018,DHS,475,774,,,2
NGA,Lagos,6413434,Women with secondary or higher education,83.8,1,NG,Nigeria,2018,NG2018DHS,ED_EDUC_W_SEH,231203100,I,433052,1433052,Region,..Lagos,0,,0,1,EDEDUCWSEH,NGDHS2018433052,2018,DHS,2891,1445,,,2
NGA,Ogun,576692,Women with secondary or higher education,67.7,1,NG,Nigeria,2018,NG2018DHS,ED_EDUC_W_SEH,231203100,I,433053,1433053,Region,..Ogun,0,,0,1,EDEDUCWSEH,NGDHS2018433053,2018,DHS,927,798,,,2
NGA,Ondo,7246944,Women with secondary or higher education,73.8,1,NG,Nigeria,2018,NG2018DHS,ED_EDUC_W_SEH,231203100,I,433054,1433054,Region,..Ondo,0,,0,1,EDEDUCWSEH,NGDHS2018433054,2018,DHS,683,863,,,2
NGA,Osun,5217517,Women with secondary or higher education,76.6,1,NG,Nigeria,2018,NG2018DHS,ED_EDUC_W_SEH,231203100,I,433055,1433055,Region,..Osun,0,,0,1,EDEDUCWSEH,NGDHS2018433055,2018,DHS,938,832,,,2
NGA,Oyo,509976,Women with secondary or higher education,72.1,1,NG,Nigeria,2018,NG2018DHS,ED_EDUC_W_SEH,231203100,I,433056,1433056,Region,..Oyo,0,,0,1,EDEDUCWSEH,NGDHS2018433056,2018,DHS,1352,918,,,2
NGA,South South,635089,Women with secondary or higher education,79.5,1,NG,Nigeria,2018,NG2018DHS,ED_EDUC_W_SEH,231203100,I,433010,1433060,Region,South South,0,,0,1,EDEDUCWSEH,NGDHS2018433010,2018,DHS,4840,5080,,,1
NGA,Akwa Ibom,4440941,Women with secondary or higher education,76.8,1,NG,Nigeria,2018,NG2018DHS,ED_EDUC_W_SEH,231203100,I,433061,1433061,Region,..Akwa Ibom,0,,0,1,EDEDUCWSEH,NGDHS2018433061,2018,DHS,948,958,,,2
NGA,Bayelsa,5806330,Women with secondary or higher education,73.6,1,NG,Nigeria,2018,NG2018DHS,ED_EDUC_W_SEH,231203100,I,433062,1433062,Region,..Bayelsa,0,,0,1,EDEDUCWSEH,NGDHS2018433062,2018,DHS,298,771,,,2
NGA,Cross River,415536,Women with secondary or higher education,75.5,1,NG,Nigeria,2018,NG2018DHS,ED_EDUC_W_SEH,231203100,I,433063,1433063,Region,..Cross River,0,,0,1,EDEDUCWSEH,NGDHS2018433063,2018,DHS,574,748,,,2
NGA,Delta,7342623,Women with secondary or higher education,78.3,1,NG,Nigeria,2018,NG2018DHS,ED_EDUC_W_SEH,231203100,I,433064,1433064,Region,..Delta,0,,0,1,EDEDUCWSEH,NGDHS2018433064,2018,DHS,931,815,,,2
NGA,Edo,4326289,Women with secondary or higher education,72.6,1,NG,Nigeria,2018,NG2018DHS,ED_EDUC_W_SEH,231203100,I,433065,1433065,Region,..Edo,0,,0,1,EDEDUCWSEH,NGDHS2018433065,2018,DHS,555,658,,,2
NGA,Rivers,7830287,Women with secondary or higher education,87.2,1,NG,Nigeria,2018,NG2018DHS,ED_EDUC_W_SEH,231203100,I,433066,1433066,Region,..Rivers,0,,0,1,EDEDUCWSEH,NGDHS2018433066,2018,DHS,1534,1130,,,2
NGA,North Central,7131495,Women who are literate,49.6,1,NG,Nigeria,2018,NG2018DHS,ED_LITR_W_LIT,231233090,I,433005,1433010,Region,North Central,0,,0,1,EDLITRWLIT,NGDHS2018433005,2018,DHS,5891,7772,,,1
NGA,FCT Abuja,6757251,Women who are literate,67.8,1,NG,Nigeria,2018,NG2018DHS,ED_LITR_W_LIT,231233090,I,433011,1433011,Region,..FCT Abuja,0,,0,1,EDLITRWLIT,NGDHS2018433011,2018,DHS,319,1186,,,2
NGA,Benue,5779067,Women who are literate,55.8,1,NG,Nigeria,2018,NG2018DHS,ED_LITR_W_LIT,231233090,I,433012,1433012,Region,..Benue,0,,0,1,EDLITRWLIT,NGDHS2018433012,2018,DHS,1354,1278,,,2
NGA,Kogi,442810,Women who are literate,57.7,1,NG,Nigeria,2018,NG2018DHS,ED_LITR_W_LIT,231233090,I,433013,1433013,Region,..Kogi,0,,0,1,EDLITRWLIT,NGDHS2018433013,2018,DHS,654,907,,,2
NGA,Kwara,5144930,Women who are literate,53.7,1,NG,Nigeria,2018,NG2018DHS,ED_LITR_W_LIT,231233090,I,433014,1433014,Region,..Kwara,0,,0,1,EDLITRWLIT,NGDHS2018433014,2018,DHS,684,906,,,2
NGA,Nasarawa,156968,Women who are literate,60.2,1,NG,Nigeria,2018,NG2018DHS,ED_LITR_W_LIT,231233090,I,433015,1433015,Region,..Nasarawa,0,,0,1,EDLITRWLIT,NGDHS2018433015,2018,DHS,648,1121,,,2
NGA,Niger,1941606,Women who are literate,25.9,1,NG,Nigeria,2018,NG2018DHS,ED_LITR_W_LIT,231233090,I,433016,1433016,Region,..Niger,0,,0,1,EDLITRWLIT,NGDHS2018433016,2018,DHS,1357,1292,,,2
NGA,Plateau,6608536,Women who are literate,52.9,1,NG,Nigeria,2018,NG2018DHS,ED_LITR_W_LIT,231233090,I,433017,1433017,Region,..Plateau,0,,0,1,EDLITRWLIT,NGDHS2018433017,2018,DHS,875,1082,,,2
NGA,North East,297042,Women who are literate,31.8,1,NG,Nigeria,2018,NG2018DHS,ED_LITR_W_LIT,231233090,I,433006,1433020,Region,North East,0,,0,1,EDLITRWLIT,NGDHS2018433006,2018,DHS,6636,7639,,,1
NGA,Adamawa,1941537,Women who are literate,39.9,1,NG,Nigeria,2018,NG2018DHS,ED_LITR_W_LIT,231233090,I,433021,1433021,Region,..Adamawa,0,,0,1,EDLITRWLIT,NGDHS2018433021,2018,DHS,903,1083,,,2
NGA,Bauchi,762816,Women who are literate,26.4,1,NG,Nigeria,2018,NG2018DHS,ED_LITR_W_LIT,231233090,I,433022,1433022,Region,..Bauchi,0,,0,1,EDLITRWLIT,NGDHS2018433022,2018,DHS,1343,1329,,,2
NGA,Borno,4451444,Women who are literate,40.6,1,NG,Nigeria,2018,NG2018DHS,ED_LITR_W_LIT,231233090,I,433023,1433023,Region,..Borno,0,,0,1,EDLITRWLIT,NGDHS2018433023,2018,DHS,1469,1269,,,2
NGA,Gombe,7131507,Women who are literate,32.1,1,NG,Nigeria,2018,NG2018DHS,ED_LITR_W_LIT,231233090,I,433024,1433024,Region,..Gombe,0,,0,1,EDLITRWLIT,NGDHS2018433024,2018,DHS,717,1356,,,2
NGA,Taraba,224243,Women who are literate,35.1,1,NG,Nigeria,2018,NG2018DHS,ED_LITR_W_LIT,231233090,I,433025,1433025,Region,..Taraba,0,,0,1,EDLITRWLIT,NGDHS2018433025,2018,DHS,877,1284,,,2
NGA,Yobe,1925723,Women who are literate,19.5,1,NG,Nigeria,2018,NG2018DHS,ED_LITR_W_LIT,231233090,I,433026,1433026,Region,..Yobe,0,,0,1,EDLITRWLIT,NGDHS2018433026,2018,DHS,1327,1318,,,2
NGA,North West,1941515,Women who are literate,29,1,NG,Nigeria,2018,NG2018DHS,ED_LITR_W_LIT,231233090,I,433007,1433030,Region,North West,0,,0,1,EDLITRWLIT,NGDHS2018433007,2018,DHS,12225,10129,,,1
NGA,Jigawa,5793797,Women who are literate,18.1,1,NG,Nigeria,2018,NG2018DHS,ED_LITR_W_LIT,231233090,I,433031,1433031,Region,..Jigawa,0,,0,1,EDLITRWLIT,NGDHS2018433031,2018,DHS,1382,1405,,,2
NGA,Kaduna,435702,Women who are literate,44.2,1,NG,Nigeria,2018,NG2018DHS,ED_LITR_W_LIT,231233090,I,433032,1433032,Region,..Kaduna,0,,0,1,EDLITRWLIT,NGDHS2018433032,2018,DHS,2493,1610,,,2
NGA,Kano,1933908,Women who are literate,37.8,1,NG,Nigeria,2018,NG2018DHS,ED_LITR_W_LIT,231233090,I,433033,1433033,Region,..Kano,0,,0,1,EDLITRWLIT,NGDHS2018433033,2018,DHS,2692,1983,,,2
NGA,Katsina,6827016,Women who are literate,26.6,1,NG,Nigeria,2018,NG2018DHS,ED_LITR_W_LIT,231233090,I,433034,1433034,Region,..Katsina,0,,0,1,EDLITRWLIT,NGDHS2018433034,2018,DHS,2283,1494,,,2
NGA,Kebbi,3060368,Women who are literate,15.3,1,NG,Nigeria,2018,NG2018DHS,ED_LITR_W_LIT,231233090,I,433035,1433035,Region,..Kebbi,0,,0,1,EDLITRWLIT,NGDHS2018433035,2018,DHS,1136,1335,,,2
NGA,Sokoto,6588209,Women who are literate,10.6,1,NG,Nigeria,2018,NG2018DHS,ED_LITR_W_LIT,231233090,I,433036,1433036,Region,..Sokoto,0,,0,1,EDLITRWLIT,NGDHS2018433036,2018,DHS,910,1065,,,2
NGA,Zamfara,2869608,Women who are literate,22.8,1,NG,Nigeria,2018,NG2018DHS,ED_LITR_W_LIT,231233090,I,433037,1433037,Region,..Zamfara,0,,0,1,EDLITRWLIT,NGDHS2018433037,2018,DHS,1328,1237,,,2
NGA,South East,7070992,Women who are literate,79.3,1,NG,Nigeria,2018,NG2018DHS,ED_LITR_W_LIT,231233090,I,433008,1433040,Region,South East,0,,0,1,EDLITRWLIT,NGDHS2018433008,2018,DHS,4963,5571,,,1
NGA,Abia,4760714,Women who are literate,88,1,NG,Nigeria,2018,NG2018DHS,ED_LITR_W_LIT,231233090,I,433041,1433041,Region,..Abia,0,,0,1,EDLITRWLIT,NGDHS2018433041,2018,DHS,630,982,,,2
NGA,Anambra,4523671,Women who are literate,87,1,NG,Nigeria,2018,NG2018DHS,ED_LITR_W_LIT,231233090,I,433042,1433042,Region,..Anambra,0,,0,1,EDLITRWLIT,NGDHS2018433042,2018,DHS,1477,1244,,,2
NGA,Ebonyi,7155947,Women who are literate,53.7,1,NG,Nigeria,2018,NG2018DHS,ED_LITR_W_LIT,231233090,I,433043,1433043,Region,..Ebonyi,0,,0,1,EDLITRWLIT,NGDHS2018433043,2018,DHS,1027,1310,,,2
NGA,Enugu,224246,Women who are literate,83.6,1,NG,Nigeria,2018,NG2018DHS,ED_LITR_W_LIT,231233090,I,433044,1433044,Region,..Enugu,0,,0,1,EDLITRWLIT,NGDHS2018433044,2018,DHS,880,1038,,,2
NGA,Imo,1925727,Women who are literate,85.2,1,NG,Nigeria,2018,NG2018DHS,ED_LITR_W_LIT,231233090,I,433045,1433045,Region,..Imo,0,,0,1,EDLITRWLIT,NGDHS2018433045,2018,DHS,948,997,,,2
NGA,South West,7754813,Women who are literate,80.6,1,NG,Nigeria,2018,NG2018DHS,ED_LITR_W_LIT,231233090,I,433009,1433050,Region,South West,0,,0,1,EDLITRWLIT,NGDHS2018433009,2018,DHS,7266,5630,,,1
NGA,Ekiti,337473,Women who are literate,80.5,1,NG,Nigeria,2018,NG2018DHS,ED_LITR_W_LIT,231233090,I,433051,1433051,Region,..Ekiti,0,,0,1,EDLITRWLIT,NGDHS2018433051,2018,DHS,475,774,,,2
NGA,Lagos,1933920,Women who are literate,85.3,1,NG,Nigeria,2018,NG2018DHS,ED_LITR_W_LIT,231233090,I,433052,1433052,Region,..Lagos,0,,0,1,EDLITRWLIT,NGDHS2018433052,2018,DHS,2891,1445,,,2
NGA,Ogun,6827057,Women who are literate,86.7,1,NG,Nigeria,2018,NG2018DHS,ED_LITR_W_LIT,231233090,I,433053,1433053,Region,..Ogun,0,,0,1,EDLITRWLIT,NGDHS2018433053,2018,DHS,927,798,,,2
NGA,Ondo,3074797,Women who are literate,72.4,1,NG,Nigeria,2018,NG2018DHS,ED_LITR_W_LIT,231233090,I,433054,1433054,Region,..Ondo,0,,0,1,EDLITRWLIT,NGDHS2018433054,2018,DHS,683,863,,,2
NGA,Osun,6615428,Women who are literate,79.9,1,NG,Nigeria,2018,NG2018DHS,ED_LITR_W_LIT,231233090,I,433055,1433055,Region,..Osun,0,,0,1,EDLITRWLIT,NGDHS2018433055,2018,DHS,938,832,,,2
NGA,Oyo,2876775,Women who are literate,71.1,1,NG,Nigeria,2018,NG2018DHS,ED_LITR_W_LIT,231233090,I,433056,1433056,Region,..Oyo,0,,0,1,EDLITRWLIT,NGDHS2018433056,2018,DHS,1352,918,,,2
NGA,South South,6358246,Women who are literate,79,1,NG,Nigeria,2018,NG2018DHS,ED_LITR_W_LIT,231233090,I,433010,1433060,Region,South South,0,,0,1,EDLITRWLIT,NGDHS2018433010,2018,DHS,4840,5080,,,1
NGA,Akwa Ibom,4537025,Women who are literate,80.6,1,NG,Nigeria,2018,NG2018DHS,ED_LITR_W_LIT,231233090,I,433061,1433061,Region,..Akwa Ibom,0,,0,1,EDLITRWLIT,NGDHS2018433061,2018,DHS,948,958,,,2
NGA,Bayelsa,3454933,Women who are literate,75.2,1,NG,Nigeria,2018,NG2018DHS,ED_LITR_W_LIT,231233090,I,433062,1433062,Region,..Bayelsa,0,,0,1,EDLITRWLIT,NGDHS2018433062,2018,DHS,298,771,,,2
NGA,Cross River,329413,Women who are literate,73.6,1,NG,Nigeria,2018,NG2018DHS,ED_LITR_W_LIT,231233090,I,433063,1433063,Region,..Cross River,0,,0,1,EDLITRWLIT,NGDHS2018433063,2018,DHS,574,748,,,2
NGA,Delta,3742257,Women who are literate,77.2,1,NG,Nigeria,2018,NG2018DHS,ED_LITR_W_LIT,231233090,I,433064,1433064,Region,..Delta,0,,0,1,EDLITRWLIT,NGDHS2018433064,2018,DHS,931,815,,,2
NGA,Edo,5548579,Women who are literate,72.8,1,NG,Nigeria,2018,NG2018DHS,ED_LITR_W_LIT,231233090,I,433065,1433065,Region,..Edo,0,,0,1,EDLITRWLIT,NGDHS2018433065,2018,DHS,555,658,,,2
NGA,Rivers,7830796,Women who are literate,84,1,NG,Nigeria,2018,NG2018DHS,ED_LITR_W_LIT,231233090,I,433066,1433066,Region,..Rivers,0,,0,1,EDLITRWLIT,NGDHS2018433066,2018,DHS,1534,1130,,,2
NGA,North Central,6194578,Households with electricity,56.8,1,NG,Nigeria,2018,NG2018DHS,HC_ELEC_H_ELC,260321010,I,433005,1433010,Region,North Central,0,,0,1,HCELECHELC,NGDHS2018433005,2018,DHS,5697,7354,,,1
NGA,FCT Abuja,5606229,Households with electricity,80.8,1,NG,Nigeria,2018,NG2018DHS,HC_ELEC_H_ELC,260321010,I,433011,1433011,Region,..FCT Abuja,0,,0,1,HCELECHELC,NGDHS2018433011,2018,DHS,287,1040,,,2
NGA,Benue,5318014,Households with electricity,43.9,1,NG,Nigeria,2018,NG2018DHS,HC_ELEC_H_ELC,260321010,I,433012,1433012,Region,..Benue,0,,0,1,HCELECHELC,NGDHS2018433012,2018,DHS,1230,1140,,,2
NGA,Kogi,191498,Households with electricity,59.8,1,NG,Nigeria,2018,NG2018DHS,HC_ELEC_H_ELC,260321010,I,433013,1433013,Region,..Kogi,0,,0,1,HCELECHELC,NGDHS2018433013,2018,DHS,707,988,,,2
NGA,Kwara,4567709,Households with electricity,79.3,1,NG,Nigeria,2018,NG2018DHS,HC_ELEC_H_ELC,260321010,I,433014,1433014,Region,..Kwara,0,,0,1,HCELECHELC,NGDHS2018433014,2018,DHS,771,1016,,,2
NGA,Nasarawa,3912751,Households with electricity,59.1,1,NG,Nigeria,2018,NG2018DHS,HC_ELEC_H_ELC,260321010,I,433015,1433015,Region,..Nasarawa,0,,0,1,HCELECHELC,NGDHS2018433015,2018,DHS,591,998,,,2
NGA,Niger,3598166,Households with electricity,54.1,1,NG,Nigeria,2018,NG2018DHS,HC_ELEC_H_ELC,260321010,I,433016,1433016,Region,..Niger,0,,0,1,HCELECHELC,NGDHS2018433016,2018,DHS,1229,1139,,,2
NGA,Plateau,3987370,Households with electricity,46.9,1,NG,Nigeria,2018,NG2018DHS,HC_ELEC_H_ELC,260321010,I,433017,1433017,Region,..Plateau,0,,0,1,HCELECHELC,NGDHS2018433017,2018,DHS,883,1033,,,2
NGA,North East,373000,Households with electricity,36.1,1,NG,Nigeria,2018,NG2018DHS,HC_ELEC_H_ELC,260321010,I,433006,1433020,Region,North East,0,,0,1,HCELECHELC,NGDHS2018433006,2018,DHS,5694,6374,,,1
NGA,Adamawa,966351,Households with electricity,44.8,1,NG,Nigeria,2018,NG2018DHS,HC_ELEC_H_ELC,260321010,I,433021,1433021,Region,..Adamawa,0,,0,1,HCELECHELC,NGDHS2018433021,2018,DHS,908,1009,,,2
NGA,Bauchi,3385996,Households with electricity,34.4,1,NG,Nigeria,2018,NG2018DHS,HC_ELEC_H_ELC,260321010,I,433022,1433022,Region,..Bauchi,0,,0,1,HCELECHELC,NGDHS2018433022,2018,DHS,1146,1151,,,2
NGA,Borno,6777545,Households with electricity,42.6,1,NG,Nigeria,2018,NG2018DHS,HC_ELEC_H_ELC,260321010,I,433023,1433023,Region,..Borno,0,,0,1,HCELECHELC,NGDHS2018433023,2018,DHS,1271,1118,,,2
NGA,Gombe,910692,Households with electricity,42.9,1,NG,Nigeria,2018,NG2018DHS,HC_ELEC_H_ELC,260321010,I,433024,1433024,Region,..Gombe,0,,0,1,HCELECHELC,NGDHS2018433024,2018,DHS,550,1041,,,2
NGA,Taraba,359453,Households with electricity,23,1,NG,Nigeria,2018,NG2018DHS,HC_ELEC_H_ELC,260321010,I,433025,1433025,Region,..Taraba,0,,0,1,HCELECHELC,NGDHS2018433025,2018,DHS,720,1034,,,2
NGA,Yobe,5595209,Households with electricity,28.3,1,NG,Nigeria,2018,NG2018DHS,HC_ELEC_H_ELC,260321010,I,433026,1433026,Region,..Yobe,0,,0,1,HCELECHELC,NGDHS2018433026,2018,DHS,1100,1021,,,2
NGA,North West,5608451,Households with electricity,44.2,1,NG,Nigeria,2018,NG2018DHS,HC_ELEC_H_ELC,260321010,I,433007,1433030,Region,North West,0,,0,1,HCELECHELC,NGDHS2018433007,2018,DHS,9841,8064,,,1
NGA,Jigawa,7019254,Households with electricity,24.5,1,NG,Nigeria,2018,NG2018DHS,HC_ELEC_H_ELC,260321010,I,433031,1433031,Region,..Jigawa,0,,0,1,HCELECHELC,NGDHS2018433031,2018,DHS,1134,1136,,,2
NGA,Kaduna,552014,Households with electricity,64,1,NG,Nigeria,2018,NG2018DHS,HC_ELEC_H_ELC,260321010,I,433032,1433032,Region,..Kaduna,0,,0,1,HCELECHELC,NGDHS2018433032,2018,DHS,1950,1249,,,2
NGA,Kano,4614329,Households with electricity,52.1,1,NG,Nigeria,2018,NG2018DHS,HC_ELEC_H_ELC,260321010,I,433033,1433033,Region,..Kano,0,,0,1,HCELECHELC,NGDHS2018433033,2018,DHS,2153,1566,,,2
NGA,Katsina,3891353,Households with electricity,43.4,1,NG,Nigeria,2018,NG2018DHS,HC_ELEC_H_ELC,260321010,I,433034,1433034,Region,..Katsina,0,,0,1,HCELECHELC,NGDHS2018433034,2018,DHS,1820,1168,,,2
NGA,Kebbi,3528190,Households with electricity,32.8,1,NG,Nigeria,2018,NG2018DHS,HC_ELEC_H_ELC,260321010,I,433035,1433035,Region,..Kebbi,0,,0,1,HCELECHELC,NGDHS2018433035,2018,DHS,910,1034,,,2
NGA,Sokoto,4042700,Households with electricity,31.6,1,NG,Nigeria,2018,NG2018DHS,HC_ELEC_H_ELC,260321010,I,433036,1433036,Region,..Sokoto,0,,0,1,HCELECHELC,NGDHS2018433036,2018,DHS,843,964,,,2
NGA,Zamfara,7228222,Households with electricity,33.3,1,NG,Nigeria,2018,NG2018DHS,HC_ELEC_H_ELC,260321010,I,433037,1433037,Region,..Zamfara,0,,0,1,HCELECHELC,NGDHS2018433037,2018,DHS,1030,947,,,2
NGA,South East,2588833,Households with electricity,64.3,1,NG,Nigeria,2018,NG2018DHS,HC_ELEC_H_ELC,260321010,I,433008,1433040,Region,South East,0,,0,1,HCELECHELC,NGDHS2018433008,2018,DHS,4752,5398,,,1
NGA,Abia,832703,Households with electricity,89.5,1,NG,Nigeria,2018,NG2018DHS,HC_ELEC_H_ELC,260321010,I,433041,1433041,Region,..Abia,0,,0,1,HCELECHELC,NGDHS2018433041,2018,DHS,664,1047,,,2
NGA,Anambra,6784452,Households with electricity,81.5,1,NG,Nigeria,2018,NG2018DHS,HC_ELEC_H_ELC,260321010,I,433042,1433042,Region,..Anambra,0,,0,1,HCELECHELC,NGDHS2018433042,2018,DHS,1391,1152,,,2
NGA,Ebonyi,903780,Households with electricity,25.7,1,NG,Nigeria,2018,NG2018DHS,HC_ELEC_H_ELC,260321010,I,433043,1433043,Region,..Ebonyi,0,,0,1,HCELECHELC,NGDHS2018433043,2018,DHS,852,1064,,,2
NGA,Enugu,58674,Households with electricity,63.4,1,NG,Nigeria,2018,NG2018DHS,HC_ELEC_H_ELC,260321010,I,433044,1433044,Region,..Enugu,0,,0,1,HCELECHELC,NGDHS2018433044,2018,DHS,870,1047,,,2
NGA,Imo,5569113,Households with electricity,56.8,1,NG,Nigeria,2018,NG2018DHS,HC_ELEC_H_ELC,260321010,I,433045,1433045,Region,..Imo,0,,0,1,HCELECHELC,NGDHS2018433045,2018,DHS,974,1088,,,2
NGA,South West,7728127,Households with electricity,83.6,1,NG,Nigeria,2018,NG2018DHS,HC_ELEC_H_ELC,260321010,I,433009,1433050,Region,South West,0,,0,1,HCELECHELC,NGDHS2018433009,2018,DHS,8714,7046,,,1
NGA,Ekiti,566662,Households with electricity,62.4,1,NG,Nigeria,2018,NG2018DHS,HC_ELEC_H_ELC,260321010,I,433051,1433051,Region,..Ekiti,0,,0,1,HCELECHELC,NGDHS2018433051,2018,DHS,629,1042,,,2
NGA,Lagos,5162929,Households with electricity,98.9,1,NG,Nigeria,2018,NG2018DHS,HC_ELEC_H_ELC,260321010,I,433052,1433052,Region,..Lagos,0,,0,1,HCELECHELC,NGDHS2018433052,2018,DHS,2971,1526,,,2
NGA,Ogun,3923172,Households with electricity,92.2,1,NG,Nigeria,2018,NG2018DHS,HC_ELEC_H_ELC,260321010,I,433053,1433053,Region,..Ogun,0,,0,1,HCELECHELC,NGDHS2018433053,2018,DHS,1251,1079,,,2
NGA,Ondo,3542499,Households with electricity,55.3,1,NG,Nigeria,2018,NG2018DHS,HC_ELEC_H_ELC,260321010,I,433054,1433054,Region,..Ondo,0,,0,1,HCELECHELC,NGDHS2018433054,2018,DHS,844,1070,,,2
NGA,Osun,4042702,Households with electricity,77.9,1,NG,Nigeria,2018,NG2018DHS,HC_ELEC_H_ELC,260321010,I,433055,1433055,Region,..Osun,0,,0,1,HCELECHELC,NGDHS2018433055,2018,DHS,1219,1076,,,2
NGA,Oyo,5916954,Households with electricity,76.7,1,NG,Nigeria,2018,NG2018DHS,HC_ELEC_H_ELC,260321010,I,433056,1433056,Region,..Oyo,0,,0,1,HCELECHELC,NGDHS2018433056,2018,DHS,1801,1253,,,2
NGA,South South,722197,Households with electricity,70.6,1,NG,Nigeria,2018,NG2018DHS,HC_ELEC_H_ELC,260321010,I,433010,1433060,Region,South South,0,,0,1,HCELECHELC,NGDHS2018433010,2018,DHS,5729,6191,,,1
NGA,Akwa Ibom,6771280,Households with electricity,73.7,1,NG,Nigeria,2018,NG2018DHS,HC_ELEC_H_ELC,260321010,I,433061,1433061,Region,..Akwa Ibom,0,,0,1,HCELECHELC,NGDHS2018433061,2018,DHS,1048,1078,,,2
NGA,Bayelsa,903801,Households with electricity,47.1,1,NG,Nigeria,2018,NG2018DHS,HC_ELEC_H_ELC,260321010,I,433062,1433062,Region,..Bayelsa,0,,0,1,HCELECHELC,NGDHS2018433062,2018,DHS,404,1004,,,2
NGA,Cross River,58606,Households with electricity,53.5,1,NG,Nigeria,2018,NG2018DHS,HC_ELEC_H_ELC,260321010,I,433063,1433063,Region,..Cross River,0,,0,1,HCELECHELC,NGDHS2018433063,2018,DHS,739,999,,,2
NGA,Delta,5417291,Households with electricity,72,1,NG,Nigeria,2018,NG2018DHS,HC_ELEC_H_ELC,260321010,I,433064,1433064,Region,..Delta,0,,0,1,HCELECHELC,NGDHS2018433064,2018,DHS,1271,1107,,,2
NGA,Edo,2607339,Households with electricity,70.1,1,NG,Nigeria,2018,NG2018DHS,HC_ELEC_H_ELC,260321010,I,433065,1433065,Region,..Edo,0,,0,1,HCELECHELC,NGDHS2018433065,2018,DHS,710,874,,,2
NGA,Rivers,7829079,Households with electricity,81.9,1,NG,Nigeria,2018,NG2018DHS,HC_ELEC_H_ELC,260321010,I,433066,1433066,Region,..Rivers,0,,0,1,HCELECHELC,NGDHS2018433066,2018,DHS,1556,1129,,,2
NGA,North Central,2021608,Total fertility rate 15-49,4.7,1,NG,Nigeria,2021,NG2021MIS,FE_FRTR_W_TFR,11763080,I,433005,1433010,Region,North Central,0,,0,1,FEFRTRWTFR,NGMIS2021433005,2021,MIS,,,,,1
NGA,FCT Abuja,2035247,Total fertility rate 15-49,4.4,1,NG,Nigeria,2021,NG2021MIS,FE_FRTR_W_TFR,11763080,I,433011,1433011,Region,..FCT Abuja,0,,0,1,FEFRTRWTFR,NGMIS2021433011,2021,MIS,,,,,2
NGA,Benue,2035220,Total fertility rate 15-49,4.1,1,NG,Nigeria,2021,NG2021MIS,FE_FRTR_W_TFR,11763080,I,433012,1433012,Region,..Benue,0,,0,1,FEFRTRWTFR,NGMIS2021433012,2021,MIS,,,,,2
NGA,Kogi,2035198,Total fertility rate 15-49,3.5,1,NG,Nigeria,2021,NG2021MIS,FE_FRTR_W_TFR,11763080,I,433013,1433013,Region,..Kogi,0,,0,1,FEFRTRWTFR,NGMIS2021433013,2021,MIS,,,,,2
NGA,Kwara,2035243,Total fertility rate 15-49,4.4,1,NG,Nigeria,2021,NG2021MIS,FE_FRTR_W_TFR,11763080,I,433014,1433014,Region,..Kwara,0,,0,1,FEFRTRWTFR,NGMIS2021433014,2021,MIS,,,,,2
NGA,Nasarawa,2028993,Total fertility rate 15-49,4.6,1,NG,Nigeria,2021,NG2021MIS,FE_FRTR_W_TFR,11763080,I,433015,1433015,Region,..Nasarawa,0,,0,1,FEFRTRWTFR,NGMIS2021433015,2021,MIS,,,,,2
NGA,Niger,2014430,Total fertility rate 15-49,6.4,1,NG,Nigeria,2021,NG2021MIS,FE_FRTR_W_TFR,11763080,I,433016,1433016,Region,..Niger,0,,0,1,FEFRTRWTFR,NGMIS2021433016,2021,MIS,,,,,2
NGA,Plateau,2029059,Total fertility rate 15-49,5.2,1,NG,Nigeria,2021,NG2021MIS,FE_FRTR_W_TFR,11763080,I,433017,1433017,Region,..Plateau,0,,0,1,FEFRTRWTFR,NGMIS2021433017,2021,MIS,,,,,2
NGA,North East,2021593,Total fertility rate 15-49,5,1,NG,Nigeria,2021,NG2021MIS,FE_FRTR_W_TFR,11763080,I,433006,1433020,Region,North East,0,,0,1,FEFRTRWTFR,NGMIS2021433006,2021,MIS,,,,,1
NGA,Adamawa,2035259,Total fertility rate 15-49,4.8,1,NG,Nigeria,2021,NG2021MIS,FE_FRTR_W_TFR,11763080,I,433021,1433021,Region,..Adamawa,0,,0,1,FEFRTRWTFR,NGMIS2021433021,2021,MIS,,,,,2
NGA,Bauchi,2028982,Total fertility rate 15-49,6.3,1,NG,Nigeria,2021,NG2021MIS,FE_FRTR_W_TFR,11763080,I,433022,1433022,Region,..Bauchi,0,,0,1,FEFRTRWTFR,NGMIS2021433022,2021,MIS,,,,,2
NGA,Borno,2035278,Total fertility rate 15-49,4.7,1,NG,Nigeria,2021,NG2021MIS,FE_FRTR_W_TFR,11763080,I,433023,1433023,Region,..Borno,0,,0,1,FEFRTRWTFR,NGMIS2021433023,2021,MIS,,,,,2
NGA,Gombe,2029006,Total fertility rate 15-49,4.2,1,NG,Nigeria,2021,NG2021MIS,FE_FRTR_W_TFR,11763080,I,433024,1433024,Region,..Gombe,0,,0,1,FEFRTRWTFR,NGMIS2021433024,2021,MIS,,,,,2
NGA,Taraba,2014414,Total fertility rate 15-49,4.6,1,NG,Nigeria,2021,NG2021MIS,FE_FRTR_W_TFR,11763080,I,433025,1433025,Region,..Taraba,0,,0,1,FEFRTRWTFR,NGMIS2021433025,2021,MIS,,,,,2
NGA,Yobe,2021637,Total fertility rate 15-49,4.7,1,NG,Nigeria,2021,NG2021MIS,FE_FRTR_W_TFR,11763080,I,433026,1433026,Region,..Yobe,0,,0,1,FEFRTRWTFR,NGMIS2021433026,2021,MIS,,,,,2
NGA,North West,2021591,Total fertility rate 15-49,5.5,1,NG,Nigeria,2021,NG2021MIS,FE_FRTR_W_TFR,11763080,I,433007,1433030,Region,North West,0,,0,1,FEFRTRWTFR,NGMIS2021433007,2021,MIS,,,,,1
NGA,Jigawa,2029094,Total fertility rate 15-49,4.8,1,NG,Nigeria,2021,NG2021MIS,FE_FRTR_W_TFR,11763080,I,433031,1433031,Region,..Jigawa,0,,0,1,FEFRTRWTFR,NGMIS2021433031,2021,MIS,,,,,2
NGA,Kaduna,2014487,Total fertility rate 15-49,5.3,1,NG,Nigeria,2021,NG2021MIS,FE_FRTR_W_TFR,11763080,I,433032,1433032,Region,..Kaduna,0,,0,1,FEFRTRWTFR,NGMIS2021433032,2021,MIS,,,,,2
NGA,Kano,2021694,Total fertility rate 15-49,5.6,1,NG,Nigeria,2021,NG2021MIS,FE_FRTR_W_TFR,11763080,I,433033,1433033,Region,..Kano,0,,0,1,FEFRTRWTFR,NGMIS2021433033,2021,MIS,,,,,2
NGA,Katsina,6051289,Total fertility rate 15-49,5.7,1,NG,Nigeria,2021,NG2021MIS,FE_FRTR_W_TFR,11763080,I,433034,1433034,Region,..Katsina,0,,0,1,FEFRTRWTFR,NGMIS2021433034,2021,MIS,,,,,2
NGA,Kebbi,2021746,Total fertility rate 15-49,5.4,1,NG,Nigeria,2021,NG2021MIS,FE_FRTR_W_TFR,11763080,I,433035,1433035,Region,..Kebbi,0,,0,1,FEFRTRWTFR,NGMIS2021433035,2021,MIS,,,,,2
NGA,Sokoto,7845359,Total fertility rate 15-49,6,1,NG,Nigeria,2021,NG2021MIS,FE_FRTR_W_TFR,11763080,I,433036,1433036,Region,..Sokoto,0,,0,1,FEFRTRWTFR,NGMIS2021433036,2021,MIS,,,,,2
NGA,Zamfara,4909710,Total fertility rate 15-49,5.2,1,NG,Nigeria,2021,NG2021MIS,FE_FRTR_W_TFR,11763080,I,433037,1433037,Region,..Zamfara,0,,0,1,FEFRTRWTFR,NGMIS2021433037,2021,MIS,,,,,2
NGA,South East,7646656,Total fertility rate 15-49,4.6,1,NG,Nigeria,2021,NG2021MIS,FE_FRTR_W_TFR,11763080,I,433008,1433040,Region,South East,0,,0,1,FEFRTRWTFR,NGMIS2021433008,2021,MIS,,,,,1
NGA,Abia,2014474,Total fertility rate 15-49,5.1,1,NG,Nigeria,2021,NG2021MIS,FE_FRTR_W_TFR,11763080,I,433041,1433041,Region,..Abia,0,,0,1,FEFRTRWTFR,NGMIS2021433041,2021,MIS,,,,,2
NGA,Anambra,2014493,Total fertility rate 15-49,3.4,1,NG,Nigeria,2021,NG2021MIS,FE_FRTR_W_TFR,11763080,I,433042,1433042,Region,..Anambra,0,,0,1,FEFRTRWTFR,NGMIS2021433042,2021,MIS,,,,,2
NGA,Ebonyi,2021714,Total fertility rate 15-49,5.7,1,NG,Nigeria,2021,NG2021MIS,FE_FRTR_W_TFR,11763080,I,433043,1433043,Region,..Ebonyi,0,,0,1,FEFRTRWTFR,NGMIS2021433043,2021,MIS,,,,,2
NGA,Enugu,7579052,Total fertility rate 15-49,3.7,1,NG,Nigeria,2021,NG2021MIS,FE_FRTR_W_TFR,11763080,I,433044,1433044,Region,..Enugu,0,,0,1,FEFRTRWTFR,NGMIS2021433044,2021,MIS,,,,,2
NGA,Imo,2021727,Total fertility rate 15-49,4.6,1,NG,Nigeria,2021,NG2021MIS,FE_FRTR_W_TFR,11763080,I,433045,1433045,Region,..Imo,0,,0,1,FEFRTRWTFR,NGMIS2021433045,2021,MIS,,,,,2
NGA,South West,2028956,Total fertility rate 15-49,3.8,1,NG,Nigeria,2021,NG2021MIS,FE_FRTR_W_TFR,11763080,I,433009,1433050,Region,South West,0,,0,1,FEFRTRWTFR,NGMIS2021433009,2021,MIS,,,,,1
NGA,Ekiti,2029168,Total fertility rate 15-49,3.3,1,NG,Nigeria,2021,NG2021MIS,FE_FRTR_W_TFR,11763080,I,433051,1433051,Region,..Ekiti,0,,0,1,FEFRTRWTFR,NGMIS2021433051,2021,MIS,,,,,2
NGA,Lagos,2021829,Total fertility rate 15-49,3.6,1,NG,Nigeria,2021,NG2021MIS,FE_FRTR_W_TFR,11763080,I,433052,1433052,Region,..Lagos,0,,0,1,FEFRTRWTFR,NGMIS2021433052,2021,MIS,,,,,2
NGA,Ogun,2021802,Total fertility rate 15-49,4.1,1,NG,Nigeria,2021,NG2021MIS,FE_FRTR_W_TFR,11763080,I,433053,1433053,Region,..Ogun,0,,0,1,FEFRTRWTFR,NGMIS2021433053,2021,MIS,,,,,2
NGA,Ondo,2021664,Total fertility rate 15-49,3.5,1,NG,Nigeria,2021,NG2021MIS,FE_FRTR_W_TFR,11763080,I,433054,1433054,Region,..Ondo,0,,0,1,FEFRTRWTFR,NGMIS2021433054,2021,MIS,,,,,2
NGA,Osun,2021726,Total fertility rate 15-49,3.7,1,NG,Nigeria,2021,NG2021MIS,FE_FRTR_W_TFR,11763080,I,433055,1433055,Region,..Osun,0,,0,1,FEFRTRWTFR,NGMIS2021433055,2021,MIS,,,,,2
NGA,Oyo,2029085,Total fertility rate 15-49,3.8,1,NG,Nigeria,2021,NG2021MIS,FE_FRTR_W_TFR,11763080,I,433056,1433056,Region,..Oyo,0,,0,1,FEFRTRWTFR,NGMIS2021433056,2021,MIS,,,,,2
NGA,South South,2029001,Total fertility rate 15-49,3.9,1,NG,Nigeria,2021,NG2021MIS,FE_FRTR_W_TFR,11763080,I,433010,1433060,Region,South South,0,,0,1,FEFRTRWTFR,NGMIS2021433010,2021,MIS,,,,,1
NGA,Akwa Ibom,7840883,Total fertility rate 15-49,3.6,1,NG,Nigeria,2021,NG2021MIS,FE_FRTR_W_TFR,11763080,I,433061,1433061,Region,..Akwa Ibom,0,,0,1,FEFRTRWTFR,NGMIS2021433061,2021,MIS,,,,,2
NGA,Bayelsa,2021737,Total fertility rate 15-49,4.6,1,NG,Nigeria,2021,NG2021MIS,FE_FRTR_W_TFR,11763080,I,433062,1433062,Region,..Bayelsa,0,,0,1,FEFRTRWTFR,NGMIS2021433062,2021,MIS,,,,,2
NGA,Cross River,7593842,Total fertility rate 15-49,4.3,1,NG,Nigeria,2021,NG2021MIS,FE_FRTR_W_TFR,11763080,I,433063,1433063,Region,..Cross River,0,,0,1,FEFRTRWTFR,NGMIS2021433063,2021,MIS,,,,,2
NGA,Delta,2029077,Total fertility rate 15-49,4.9,1,NG,Nigeria,2021,NG2021MIS,FE_FRTR_W_TFR,11763080,I,433064,1433064,Region,..Delta,0,,0,1,FEFRTRWTFR,NGMIS2021433064,2021,MIS,,,,,2
NGA,Edo,2021723,Total fertility rate 15-49,2.9,1,NG,Nigeria,2021,NG2021MIS,FE_FRTR_W_TFR,11763080,I,433065,1433065,Region,..Edo,0,,0,1,FEFRTRWTFR,NGMIS2021433065,2021,MIS,,,,,2
NGA,Rivers,2014574,Total fertility rate 15-49,3.8,1,NG,Nigeria,2021,NG2021MIS,FE_FRTR_W_TFR,11763080,I,433066,1433066,Region,..Rivers,0,,0,1,FEFRTRWTFR,NGMIS2021433066,2021,MIS,,,,,2
NGA,North Central,2369185,Children under 5 who slept under an insecticide-treated net (ITN),30.5,1,NG,Nigeria,2021,NG2021MIS,ML_NETC_C_ITN,124836020,I,433005,1433010,Region,North Central,0,,0,1,MLNETCCITN,NGMIS2021433005,2021,MIS,2212,2388,,,1
NGA,FCT Abuja,3619351,Children under 5 who slept under an insecticide-treated net (ITN),42.3,1,NG,Nigeria,2021,NG2021MIS,ML_NETC_C_ITN,124836020,I,433011,1433011,Region,..FCT Abuja,0,,0,1,MLNETCCITN,NGMIS2021433011,2021,MIS,196,281,,,2
NGA,Benue,4203467,Children under 5 who slept under an insecticide-treated net (ITN),57.6,1,NG,Nigeria,2021,NG2021MIS,ML_NETC_C_ITN,124836020,I,433012,1433012,Region,..Benue,0,,0,1,MLNETCCITN,NGMIS2021433012,2021,MIS,327,354,,,2
NGA,Kogi,6278322,Children under 5 who slept under an insecticide-treated net (ITN),21,1,NG,Nigeria,2021,NG2021MIS,ML_NETC_C_ITN,124836020,I,433013,1433013,Region,..Kogi,0,,0,1,MLNETCCITN,NGMIS2021433013,2021,MIS,178,237,,,2
NGA,Kwara,3664846,Children under 5 who slept under an insecticide-treated net (ITN),44.2,1,NG,Nigeria,2021,NG2021MIS,ML_NETC_C_ITN,124836020,I,433014,1433014,Region,..Kwara,0,,0,1,MLNETCCITN,NGMIS2021433014,2021,MIS,203,204,,,2
NGA,Nasarawa,251458,Children under 5 who slept under an insecticide-treated net (ITN),14.4,1,NG,Nigeria,2021,NG2021MIS,ML_NETC_C_ITN,124836020,I,433015,1433015,Region,..Nasarawa,0,,0,1,MLNETCCITN,NGMIS2021433015,2021,MIS,427,480,,,2
NGA,Niger,810991,Children under 5 who slept under an insecticide-treated net (ITN),21.4,1,NG,Nigeria,2021,NG2021MIS,ML_NETC_C_ITN,124836020,I,433016,1433016,Region,..Niger,0,,0,1,MLNETCCITN,NGMIS2021433016,2021,MIS,565,450,,,2
NGA,Plateau,4080673,Children under 5 who slept under an insecticide-treated net (ITN),29.5,1,NG,Nigeria,2021,NG2021MIS,ML_NETC_C_ITN,124836020,I,433017,1433017,Region,..Plateau,0,,0,1,MLNETCCITN,NGMIS2021433017,2021,MIS,314,382,,,2
NGA,North East,5704145,Children under 5 who slept under an insecticide-treated net (ITN),50.8,1,NG,Nigeria,2021,NG2021MIS,ML_NETC_C_ITN,124836020,I,433006,1433020,Region,North East,0,,0,1,MLNETCCITN,NGMIS2021433006,2021,MIS,2264,2329,,,1
NGA,Adamawa,5103420,Children under 5 who slept under an insecticide-treated net (ITN),78.1,1,NG,Nigeria,2021,NG2021MIS,ML_NETC_C_ITN,124836020,I,433021,1433021,Region,..Adamawa,0,,0,1,MLNETCCITN,NGMIS2021433021,2021,MIS,274,292,,,2
NGA,Bauchi,4972752,Children under 5 who slept under an insecticide-treated net (ITN),52.7,1,NG,Nigeria,2021,NG2021MIS,ML_NETC_C_ITN,124836020,I,433022,1433022,Region,..Bauchi,0,,0,1,MLNETCCITN,NGMIS2021433022,2021,MIS,716,462,,,2
NGA,Borno,6449765,Children under 5 who slept under an insecticide-treated net (ITN),38.3,1,NG,Nigeria,2021,NG2021MIS,ML_NETC_C_ITN,124836020,I,433023,1433023,Region,..Borno,0,,0,1,MLNETCCITN,NGMIS2021433023,2021,MIS,367,406,,,2
NGA,Gombe,2353914,Children under 5 who slept under an insecticide-treated net (ITN),64.9,1,NG,Nigeria,2021,NG2021MIS,ML_NETC_C_ITN,124836020,I,433024,1433024,Region,..Gombe,0,,0,1,MLNETCCITN,NGMIS2021433024,2021,MIS,232,333,,,2
NGA,Taraba,5711809,Children under 5 who slept under an insecticide-treated net (ITN),38.1,1,NG,Nigeria,2021,NG2021MIS,ML_NETC_C_ITN,124836020,I,433025,1433025,Region,..Taraba,0,,0,1,MLNETCCITN,NGMIS2021433025,2021,MIS,289,437,,,2
NGA,Yobe,2369158,Children under 5 who slept under an insecticide-treated net (ITN),40.7,1,NG,Nigeria,2021,NG2021MIS,ML_NETC_C_ITN,124836020,I,433026,1433026,Region,..Yobe,0,,0,1,MLNETCCITN,NGMIS2021433026,2021,MIS,385,399,,,2
NGA,North West,2369152,Children under 5 who slept under an insecticide-treated net (ITN),54.6,1,NG,Nigeria,2021,NG2021MIS,ML_NETC_C_ITN,124836020,I,433007,1433030,Region,North West,0,,0,1,MLNETCCITN,NGMIS2021433007,2021,MIS,4618,3381,,,1
NGA,Jigawa,2353907,Children under 5 who slept under an insecticide-treated net (ITN),70.1,1,NG,Nigeria,2021,NG2021MIS,ML_NETC_C_ITN,124836020,I,433031,1433031,Region,..Jigawa,0,,0,1,MLNETCCITN,NGMIS2021433031,2021,MIS,524,461,,,2
NGA,Kaduna,6208840,Children under 5 who slept under an insecticide-treated net (ITN),62.4,1,NG,Nigeria,2021,NG2021MIS,ML_NETC_C_ITN,124836020,I,433032,1433032,Region,..Kaduna,0,,0,1,MLNETCCITN,NGMIS2021433032,2021,MIS,661,477,,,2
NGA,Kano,3658273,Children under 5 who slept under an insecticide-treated net (ITN),64.8,1,NG,Nigeria,2021,NG2021MIS,ML_NETC_C_ITN,124836020,I,433033,1433033,Region,..Kano,0,,0,1,MLNETCCITN,NGMIS2021433033,2021,MIS,971,613,,,2
NGA,Katsina,6849611,Children under 5 who slept under an insecticide-treated net (ITN),48.1,1,NG,Nigeria,2021,NG2021MIS,ML_NETC_C_ITN,124836020,I,433034,1433034,Region,..Katsina,0,,0,1,MLNETCCITN,NGMIS2021433034,2021,MIS,1139,533,,,2
NGA,Kebbi,3923614,Children under 5 who slept under an insecticide-treated net (ITN),43,1,NG,Nigeria,2021,NG2021MIS,ML_NETC_C_ITN,124836020,I,433035,1433035,Region,..Kebbi,0,,0,1,MLNETCCITN,NGMIS2021433035,2021,MIS,629,466,,,2
NGA,Sokoto,7845736,Children under 5 who slept under an insecticide-treated net (ITN),40,1,NG,Nigeria,2021,NG2021MIS,ML_NETC_C_ITN,124836020,I,433036,1433036,Region,..Sokoto,0,,0,1,MLNETCCITN,NGMIS2021433036,2021,MIS,457,441,,,2
NGA,Zamfara,7415372,Children under 5 who slept under an insecticide-treated net (ITN),46.1,1,NG,Nigeria,2021,NG2021MIS,ML_NETC_C_ITN,124836020,I,433037,1433037,Region,..Zamfara,0,,0,1,MLNETCCITN,NGMIS2021433037,2021,MIS,238,390,,,2
NGA,South East,7656671,Children under 5 who slept under an insecticide-treated net (ITN),29.5,1,NG,Nigeria,2021,NG2021MIS,ML_NETC_C_ITN,124836020,I,433008,1433040,Region,South East,0,,0,1,MLNETCCITN,NGMIS2021433008,2021,MIS,994,1271,,,1
NGA,Abia,4965690,Children under 5 who slept under an insecticide-treated net (ITN),21.9,1,NG,Nigeria,2021,NG2021MIS,ML_NETC_C_ITN,124836020,I,433041,1433041,Region,..Abia,0,,0,1,MLNETCCITN,NGMIS2021433041,2021,MIS,163,251,,,2
NGA,Anambra,6728249,Children under 5 who slept under an insecticide-treated net (ITN),20.4,1,NG,Nigeria,2021,NG2021MIS,ML_NETC_C_ITN,124836020,I,433042,1433042,Region,..Anambra,0,,0,1,MLNETCCITN,NGMIS2021433042,2021,MIS,180,219,,,2
NGA,Ebonyi,4416398,Children under 5 who slept under an insecticide-treated net (ITN),53.9,1,NG,Nigeria,2021,NG2021MIS,ML_NETC_C_ITN,124836020,I,433043,1433043,Region,..Ebonyi,0,,0,1,MLNETCCITN,NGMIS2021433043,2021,MIS,340,331,,,2
NGA,Enugu,7579358,Children under 5 who slept under an insecticide-treated net (ITN),12.9,1,NG,Nigeria,2021,NG2021MIS,ML_NETC_C_ITN,124836020,I,433044,1433044,Region,..Enugu,0,,0,1,MLNETCCITN,NGMIS2021433044,2021,MIS,183,244,,,2
NGA,Imo,2369216,Children under 5 who slept under an insecticide-treated net (ITN),10.6,1,NG,Nigeria,2021,NG2021MIS,ML_NETC_C_ITN,124836020,I,433045,1433045,Region,..Imo,0,,0,1,MLNETCCITN,NGMIS2021433045,2021,MIS,128,226,,,2
NGA,South West,3679663,Children under 5 who slept under an insecticide-treated net (ITN),22.2,1,NG,Nigeria,2021,NG2021MIS,ML_NETC_C_ITN,124836020,I,433009,1433050,Region,South West,0,,0,1,MLNETCCITN,NGMIS2021433009,2021,MIS,1296,1178,,,1
NGA,Ekiti,6003877,Children under 5 who slept under an insecticide-treated net (ITN),10.8,1,NG,Nigeria,2021,NG2021MIS,ML_NETC_C_ITN,124836020,I,433051,1433051,Region,..Ekiti,0,,0,1,MLNETCCITN,NGMIS2021433051,2021,MIS,83,170,,,2
NGA,Lagos,3658262,Children under 5 who slept under an insecticide-treated net (ITN),9.2,1,NG,Nigeria,2021,NG2021MIS,ML_NETC_C_ITN,124836020,I,433052,1433052,Region,..Lagos,0,,0,1,MLNETCCITN,NGMIS2021433052,2021,MIS,391,203,,,2
NGA,Ogun,6849599,Children under 5 who slept under an insecticide-treated net (ITN),18.2,1,NG,Nigeria,2021,NG2021MIS,ML_NETC_C_ITN,124836020,I,433053,1433053,Region,..Ogun,0,,0,1,MLNETCCITN,NGMIS2021433053,2021,MIS,206,202,,,2
NGA,Ondo,3923616,Children under 5 who slept under an insecticide-treated net (ITN),24.9,1,NG,Nigeria,2021,NG2021MIS,ML_NETC_C_ITN,124836020,I,433054,1433054,Region,..Ondo,0,,0,1,MLNETCCITN,NGMIS2021433054,2021,MIS,121,221,,,2
NGA,Osun,4413266,Children under 5 who slept under an insecticide-treated net (ITN),35.1,1,NG,Nigeria,2021,NG2021MIS,ML_NETC_C_ITN,124836020,I,433055,1433055,Region,..Osun,0,,0,1,MLNETCCITN,NGMIS2021433055,2021,MIS,176,172,,,2
NGA,Oyo,7410046,Children under 5 who slept under an insecticide-treated net (ITN),35.6,1,NG,Nigeria,2021,NG2021MIS,ML_NETC_C_ITN,124836020,I,433056,1433056,Region,..Oyo,0,,0,1,MLNETCCITN,NGMIS2021433056,2021,MIS,318,210,,,2
NGA,South South,5258533,Children under 5 who slept under an insecticide-treated net (ITN),23.7,1,NG,Nigeria,2021,NG2021MIS,ML_NETC_C_ITN,124836020,I,433010,1433060,Region,South South,0,,0,1,MLNETCCITN,NGMIS2021433010,2021,MIS,1357,1621,,,1
NGA,Akwa Ibom,7840674,Children under 5 who slept under an insecticide-treated net (ITN),19.5,1,NG,Nigeria,2021,NG2021MIS,ML_NETC_C_ITN,124836020,I,433061,1433061,Region,..Akwa Ibom,0,,0,1,MLNETCCITN,NGMIS2021433061,2021,MIS,302,183,,,2
NGA,Bayelsa,4416400,Children under 5 who slept under an insecticide-treated net (ITN),22.8,1,NG,Nigeria,2021,NG2021MIS,ML_NETC_C_ITN,124836020,I,433062,1433062,Region,..Bayelsa,0,,0,1,MLNETCCITN,NGMIS2021433062,2021,MIS,121,269,,,2
NGA,Cross River,7594892,Children under 5 who slept under an insecticide-treated net (ITN),38.7,1,NG,Nigeria,2021,NG2021MIS,ML_NETC_C_ITN,124836020,I,433063,1433063,Region,..Cross River,0,,0,1,MLNETCCITN,NGMIS2021433063,2021,MIS,205,261,,,2
NGA,Delta,2353904,Children under 5 who slept under an insecticide-treated net (ITN),28.1,1,NG,Nigeria,2021,NG2021MIS,ML_NETC_C_ITN,124836020,I,433064,1433064,Region,..Delta,0,,0,1,MLNETCCITN,NGMIS2021433064,2021,MIS,350,379,,,2
NGA,Edo,5472536,Children under 5 who slept under an insecticide-treated net (ITN),17.4,1,NG,Nigeria,2021,NG2021MIS,ML_NETC_C_ITN,124836020,I,433065,1433065,Region,..Edo,0,,0,1,MLNETCCITN,NGMIS2021433065,2021,MIS,126,146,,,2
NGA,Rivers,2360497,Children under 5 who slept under an insecticide-treated net (ITN),14.4,1,NG,Nigeria,2021,NG2021MIS,ML_NETC_C_ITN,124836020,I,433066,1433066,Region,..Rivers,0,,0,1,MLNETCCITN,NGMIS2021433066,2021,MIS,254,383,,,2
NGA,North Central,576738,Women with secondary or higher education,50.9,1,NG,Nigeria,2021,NG2021MIS,ED_EDUC_W_SEH,231203100,I,433005,1433010,Region,North Central,0,,0,1,EDEDUCWSEH,NGMIS2021433005,2021,MIS,2377,2674,,,1
NGA,FCT Abuja,6155795,Women with secondary or higher education,74,1,NG,Nigeria,2021,NG2021MIS,ED_EDUC_W_SEH,231203100,I,433011,1433011,Region,..FCT Abuja,0,,0,1,EDEDUCWSEH,NGMIS2021433011,2021,MIS,238,359,,,2
NGA,Benue,3271942,Women with secondary or higher education,62.8,1,NG,Nigeria,2021,NG2021MIS,ED_EDUC_W_SEH,231203100,I,433012,1433012,Region,..Benue,0,,0,1,EDEDUCWSEH,NGMIS2021433012,2021,MIS,418,463,,,2
NGA,Kogi,6961843,Women with secondary or higher education,59.6,1,NG,Nigeria,2021,NG2021MIS,ED_EDUC_W_SEH,231203100,I,433013,1433013,Region,..Kogi,0,,0,1,EDEDUCWSEH,NGMIS2021433013,2021,MIS,251,329,,,2
NGA,Kwara,81735,Women with secondary or higher education,65.9,1,NG,Nigeria,2021,NG2021MIS,ED_EDUC_W_SEH,231203100,I,433014,1433014,Region,..Kwara,0,,0,1,EDEDUCWSEH,NGMIS2021433014,2021,MIS,277,313,,,2
NGA,Nasarawa,4652442,Women with secondary or higher education,44.2,1,NG,Nigeria,2021,NG2021MIS,ED_EDUC_W_SEH,231203100,I,433015,1433015,Region,..Nasarawa,0,,0,1,EDEDUCWSEH,NGMIS2021433015,2021,MIS,358,420,,,2
NGA,Niger,7332030,Women with secondary or higher education,25.8,1,NG,Nigeria,2021,NG2021MIS,ED_EDUC_W_SEH,231203100,I,433016,1433016,Region,..Niger,0,,0,1,EDEDUCWSEH,NGMIS2021433016,2021,MIS,537,423,,,2
NGA,Plateau,571999,Women with secondary or higher education,48.1,1,NG,Nigeria,2021,NG2021MIS,ED_EDUC_W_SEH,231203100,I,433017,1433017,Region,..Plateau,0,,0,1,EDEDUCWSEH,NGMIS2021433017,2021,MIS,298,367,,,2
NGA,North East,7049480,Women with secondary or higher education,29.2,1,NG,Nigeria,2021,NG2021MIS,ED_EDUC_W_SEH,231203100,I,433006,1433020,Region,North East,0,,0,1,EDEDUCWSEH,NGMIS2021433006,2021,MIS,2399,2523,,,1
NGA,Adamawa,23865,Women with secondary or higher education,44.2,1,NG,Nigeria,2021,NG2021MIS,ED_EDUC_W_SEH,231203100,I,433021,1433021,Region,..Adamawa,0,,0,1,EDEDUCWSEH,NGMIS2021433021,2021,MIS,336,387,,,2
NGA,Bauchi,6691723,Women with secondary or higher education,19.5,1,NG,Nigeria,2021,NG2021MIS,ED_EDUC_W_SEH,231203100,I,433022,1433022,Region,..Bauchi,0,,0,1,EDEDUCWSEH,NGMIS2021433022,2021,MIS,703,484,,,2
NGA,Borno,6134924,Women with secondary or higher education,19.2,1,NG,Nigeria,2021,NG2021MIS,ED_EDUC_W_SEH,231203100,I,433023,1433023,Region,..Borno,0,,0,1,EDEDUCWSEH,NGMIS2021433023,2021,MIS,358,420,,,2
NGA,Gombe,569912,Women with secondary or higher education,40.3,1,NG,Nigeria,2021,NG2021MIS,ED_EDUC_W_SEH,231203100,I,433024,1433024,Region,..Gombe,0,,0,1,EDEDUCWSEH,NGMIS2021433024,2021,MIS,279,365,,,2
NGA,Taraba,5462129,Women with secondary or higher education,40.9,1,NG,Nigeria,2021,NG2021MIS,ED_EDUC_W_SEH,231203100,I,433025,1433025,Region,..Taraba,0,,0,1,EDEDUCWSEH,NGMIS2021433025,2021,MIS,276,403,,,2
NGA,Yobe,263821,Women with secondary or higher education,27.2,1,NG,Nigeria,2021,NG2021MIS,ED_EDUC_W_SEH,231203100,I,433026,1433026,Region,..Yobe,0,,0,1,EDEDUCWSEH,NGMIS2021433026,2021,MIS,447,464,,,2
NGA,North West,150616,Women with secondary or higher education,29.3,1,NG,Nigeria,2021,NG2021MIS,ED_EDUC_W_SEH,231203100,I,433007,1433030,Region,North West,0,,0,1,EDEDUCWSEH,NGMIS2021433007,2021,MIS,4832,3635,,,1
NGA,Jigawa,510027,Women with secondary or higher education,33.1,1,NG,Nigeria,2021,NG2021MIS,ED_EDUC_W_SEH,231203100,I,433031,1433031,Region,..Jigawa,0,,0,1,EDEDUCWSEH,NGMIS2021433031,2021,MIS,566,506,,,2
NGA,Kaduna,6954532,Women with secondary or higher education,59.1,1,NG,Nigeria,2021,NG2021MIS,ED_EDUC_W_SEH,231203100,I,433032,1433032,Region,..Kaduna,0,,0,1,EDEDUCWSEH,NGMIS2021433032,2021,MIS,690,531,,,2
NGA,Kano,68958,Women with secondary or higher education,32.8,1,NG,Nigeria,2021,NG2021MIS,ED_EDUC_W_SEH,231203100,I,433033,1433033,Region,..Kano,0,,0,1,EDEDUCWSEH,NGMIS2021433033,2021,MIS,920,620,,,2
NGA,Katsina,4732895,Women with secondary or higher education,24.4,1,NG,Nigeria,2021,NG2021MIS,ED_EDUC_W_SEH,231203100,I,433034,1433034,Region,..Katsina,0,,0,1,EDEDUCWSEH,NGMIS2021433034,2021,MIS,1362,662,,,2
NGA,Kebbi,7376786,Women with secondary or higher education,9.3,1,NG,Nigeria,2021,NG2021MIS,ED_EDUC_W_SEH,231203100,I,433035,1433035,Region,..Kebbi,0,,0,1,EDEDUCWSEH,NGMIS2021433035,2021,MIS,613,479,,,2
NGA,Sokoto,7846506,Women with secondary or higher education,15.1,1,NG,Nigeria,2021,NG2021MIS,ED_EDUC_W_SEH,231203100,I,433036,1433036,Region,..Sokoto,0,,0,1,EDEDUCWSEH,NGMIS2021433036,2021,MIS,399,398,,,2
NGA,Zamfara,5812534,Women with secondary or higher education,23.6,1,NG,Nigeria,2021,NG2021MIS,ED_EDUC_W_SEH,231203100,I,433037,1433037,Region,..Zamfara,0,,0,1,EDEDUCWSEH,NGMIS2021433037,2021,MIS,282,439,,,2
NGA,South East,7645376,Women with secondary or higher education,81.3,1,NG,Nigeria,2021,NG2021MIS,ED_EDUC_W_SEH,231203100,I,433008,1433040,Region,South East,0,,0,1,EDEDUCWSEH,NGMIS2021433008,2021,MIS,1111,1523,,,1
NGA,Abia,4552642,Women with secondary or higher education,85.4,1,NG,Nigeria,2021,NG2021MIS,ED_EDUC_W_SEH,231203100,I,433041,1433041,Region,..Abia,0,,0,1,EDEDUCWSEH,NGMIS2021433041,2021,MIS,178,299,,,2
NGA,Anambra,7278293,Women with secondary or higher education,89.4,1,NG,Nigeria,2021,NG2021MIS,ED_EDUC_W_SEH,231203100,I,433042,1433042,Region,..Anambra,0,,0,1,EDEDUCWSEH,NGMIS2021433042,2021,MIS,283,357,,,2
NGA,Ebonyi,520473,Women with secondary or higher education,70.9,1,NG,Nigeria,2021,NG2021MIS,ED_EDUC_W_SEH,231203100,I,433043,1433043,Region,..Ebonyi,0,,0,1,EDEDUCWSEH,NGMIS2021433043,2021,MIS,297,312,,,2
NGA,Enugu,7579303,Women with secondary or higher education,75,1,NG,Nigeria,2021,NG2021MIS,ED_EDUC_W_SEH,231203100,I,433044,1433044,Region,..Enugu,0,,0,1,EDEDUCWSEH,NGMIS2021433044,2021,MIS,204,289,,,2
NGA,Imo,321903,Women with secondary or higher education,90.7,1,NG,Nigeria,2021,NG2021MIS,ED_EDUC_W_SEH,231203100,I,433045,1433045,Region,..Imo,0,,0,1,EDEDUCWSEH,NGMIS2021433045,2021,MIS,149,266,,,2
NGA,South West,6656482,Women with secondary or higher education,79.7,1,NG,Nigeria,2021,NG2021MIS,ED_EDUC_W_SEH,231203100,I,433009,1433050,Region,South West,0,,0,1,EDEDUCWSEH,NGMIS2021433009,2021,MIS,2023,1973,,,1
NGA,Ekiti,6946074,Women with secondary or higher education,86.8,1,NG,Nigeria,2021,NG2021MIS,ED_EDUC_W_SEH,231203100,I,433051,1433051,Region,..Ekiti,0,,0,1,EDEDUCWSEH,NGMIS2021433051,2021,MIS,123,278,,,2
NGA,Lagos,68968,Women with secondary or higher education,89.9,1,NG,Nigeria,2021,NG2021MIS,ED_EDUC_W_SEH,231203100,I,433052,1433052,Region,..Lagos,0,,0,1,EDEDUCWSEH,NGMIS2021433052,2021,MIS,620,346,,,2
NGA,Ogun,4732962,Women with secondary or higher education,66.7,1,NG,Nigeria,2021,NG2021MIS,ED_EDUC_W_SEH,231203100,I,433053,1433053,Region,..Ogun,0,,0,1,EDEDUCWSEH,NGMIS2021433053,2021,MIS,308,330,,,2
NGA,Ondo,6472268,Women with secondary or higher education,78,1,NG,Nigeria,2021,NG2021MIS,ED_EDUC_W_SEH,231203100,I,433054,1433054,Region,..Ondo,0,,0,1,EDEDUCWSEH,NGMIS2021433054,2021,MIS,156,306,,,2
NGA,Osun,746931,Women with secondary or higher education,81.3,1,NG,Nigeria,2021,NG2021MIS,ED_EDUC_W_SEH,231203100,I,433055,1433055,Region,..Osun,0,,0,1,EDEDUCWSEH,NGMIS2021433055,2021,MIS,320,354,,,2
NGA,Oyo,5974766,Women with secondary or higher education,72.8,1,NG,Nigeria,2021,NG2021MIS,ED_EDUC_W_SEH,231203100,I,433056,1433056,Region,..Oyo,0,,0,1,EDEDUCWSEH,NGMIS2021433056,2021,MIS,497,359,,,2
NGA,South South,4172981,Women with secondary or higher education,80.1,1,NG,Nigeria,2021,NG2021MIS,ED_EDUC_W_SEH,231203100,I,433010,1433060,Region,South South,0,,0,1,EDEDUCWSEH,NGMIS2021433010,2021,MIS,1734,2148,,,1
NGA,Akwa Ibom,7840571,Women with secondary or higher education,71.7,1,NG,Nigeria,2021,NG2021MIS,ED_EDUC_W_SEH,231203100,I,433061,1433061,Region,..Akwa Ibom,0,,0,1,EDEDUCWSEH,NGMIS2021433061,2021,MIS,478,320,,,2
NGA,Bayelsa,520453,Women with secondary or higher education,76.9,1,NG,Nigeria,2021,NG2021MIS,ED_EDUC_W_SEH,231203100,I,433062,1433062,Region,..Bayelsa,0,,0,1,EDEDUCWSEH,NGMIS2021433062,2021,MIS,131,314,,,2
NGA,Cross River,7594264,Women with secondary or higher education,81.1,1,NG,Nigeria,2021,NG2021MIS,ED_EDUC_W_SEH,231203100,I,433063,1433063,Region,..Cross River,0,,0,1,EDEDUCWSEH,NGMIS2021433063,2021,MIS,224,318,,,2
NGA,Delta,336120,Women with secondary or higher education,83.6,1,NG,Nigeria,2021,NG2021MIS,ED_EDUC_W_SEH,231203100,I,433064,1433064,Region,..Delta,0,,0,1,EDEDUCWSEH,NGMIS2021433064,2021,MIS,298,326,,,2
NGA,Edo,1933001,Women with secondary or higher education,81.9,1,NG,Nigeria,2021,NG2021MIS,ED_EDUC_W_SEH,231203100,I,433065,1433065,Region,..Edo,0,,0,1,EDEDUCWSEH,NGMIS2021433065,2021,MIS,300,331,,,2
NGA,Rivers,6787996,Women with secondary or higher education,88.8,1,NG,Nigeria,2021,NG2021MIS,ED_EDUC_W_SEH,231203100,I,433066,1433066,Region,..Rivers,0,,0,1,EDEDUCWSEH,NGMIS2021433066,2021,MIS,304,539,,,2
NGA,North Central,3486134,Women who are literate,52,1,NG,Nigeria,2021,NG2021MIS,ED_LITR_W_LIT,231233090,I,433005,1433010,Region,North Central,0,,0,1,EDLITRWLIT,NGMIS2021433005,2021,MIS,2377,2674,,,1
NGA,FCT Abuja,127171,Women who are literate,77.3,1,NG,Nigeria,2021,NG2021MIS,ED_LITR_W_LIT,231233090,I,433011,1433011,Region,..FCT Abuja,0,,0,1,EDLITRWLIT,NGMIS2021433011,2021,MIS,238,359,,,2
NGA,Benue,6542740,Women who are literate,64.5,1,NG,Nigeria,2021,NG2021MIS,ED_LITR_W_LIT,231233090,I,433012,1433012,Region,..Benue,0,,0,1,EDLITRWLIT,NGMIS2021433012,2021,MIS,418,463,,,2
NGA,Kogi,4252188,Women who are literate,55.7,1,NG,Nigeria,2021,NG2021MIS,ED_LITR_W_LIT,231233090,I,433013,1433013,Region,..Kogi,0,,0,1,EDLITRWLIT,NGMIS2021433013,2021,MIS,251,329,,,2
NGA,Kwara,5858396,Women who are literate,73.3,1,NG,Nigeria,2021,NG2021MIS,ED_LITR_W_LIT,231233090,I,433014,1433014,Region,..Kwara,0,,0,1,EDLITRWLIT,NGMIS2021433014,2021,MIS,277,313,,,2
NGA,Nasarawa,3791119,Women who are literate,46,1,NG,Nigeria,2021,NG2021MIS,ED_LITR_W_LIT,231233090,I,433015,1433015,Region,..Nasarawa,0,,0,1,EDLITRWLIT,NGMIS2021433015,2021,MIS,358,420,,,2
NGA,Niger,86600,Women who are literate,24.1,1,NG,Nigeria,2021,NG2021MIS,ED_LITR_W_LIT,231233090,I,433016,1433016,Region,..Niger,0,,0,1,EDLITRWLIT,NGMIS2021433016,2021,MIS,537,423,,,2
NGA,Plateau,2563420,Women who are literate,48.6,1,NG,Nigeria,2021,NG2021MIS,ED_LITR_W_LIT,231233090,I,433017,1433017,Region,..Plateau,0,,0,1,EDLITRWLIT,NGMIS2021433017,2021,MIS,298,367,,,2
NGA,North East,4243123,Women who are literate,41,1,NG,Nigeria,2021,NG2021MIS,ED_LITR_W_LIT,231233090,I,433006,1433020,Region,North East,0,,0,1,EDLITRWLIT,NGMIS2021433006,2021,MIS,2399,2523,,,1
NGA,Adamawa,7083858,Women who are literate,46.8,1,NG,Nigeria,2021,NG2021MIS,ED_LITR_W_LIT,231233090,I,433021,1433021,Region,..Adamawa,0,,0,1,EDLITRWLIT,NGMIS2021433021,2021,MIS,336,387,,,2
NGA,Bauchi,3625837,Women who are literate,33.6,1,NG,Nigeria,2021,NG2021MIS,ED_LITR_W_LIT,231233090,I,433022,1433022,Region,..Bauchi,0,,0,1,EDLITRWLIT,NGMIS2021433022,2021,MIS,703,484,,,2
NGA,Borno,4808214,Women who are literate,24.1,1,NG,Nigeria,2021,NG2021MIS,ED_LITR_W_LIT,231233090,I,433023,1433023,Region,..Borno,0,,0,1,EDLITRWLIT,NGMIS2021433023,2021,MIS,358,420,,,2
NGA,Gombe,3479417,Women who are literate,45.9,1,NG,Nigeria,2021,NG2021MIS,ED_LITR_W_LIT,231233090,I,433024,1433024,Region,..Gombe,0,,0,1,EDLITRWLIT,NGMIS2021433024,2021,MIS,279,365,,,2
NGA,Taraba,4250066,Women who are literate,54.6,1,NG,Nigeria,2021,NG2021MIS,ED_LITR_W_LIT,231233090,I,433025,1433025,Region,..Taraba,0,,0,1,EDLITRWLIT,NGMIS2021433025,2021,MIS,276,403,,,2
NGA,Yobe,6220953,Women who are literate,50.4,1,NG,Nigeria,2021,NG2021MIS,ED_LITR_W_LIT,231233090,I,433026,1433026,Region,..Yobe,0,,0,1,EDLITRWLIT,NGMIS2021433026,2021,MIS,447,464,,,2
NGA,North West,6019887,Women who are literate,37.2,1,NG,Nigeria,2021,NG2021MIS,ED_LITR_W_LIT,231233090,I,433007,1433030,Region,North West,0,,0,1,EDLITRWLIT,NGMIS2021433007,2021,MIS,4832,3635,,,1
NGA,Jigawa,7408661,Women who are literate,41.1,1,NG,Nigeria,2021,NG2021MIS,ED_LITR_W_LIT,231233090,I,433031,1433031,Region,..Jigawa,0,,0,1,EDLITRWLIT,NGMIS2021433031,2021,MIS,566,506,,,2
NGA,Kaduna,4192524,Women who are literate,62.9,1,NG,Nigeria,2021,NG2021MIS,ED_LITR_W_LIT,231233090,I,433032,1433032,Region,..Kaduna,0,,0,1,EDLITRWLIT,NGMIS2021433032,2021,MIS,690,531,,,2
NGA,Kano,5851505,Women who are literate,43.7,1,NG,Nigeria,2021,NG2021MIS,ED_LITR_W_LIT,231233090,I,433033,1433033,Region,..Kano,0,,0,1,EDLITRWLIT,NGMIS2021433033,2021,MIS,920,620,,,2
NGA,Katsina,5014397,Women who are literate,26.2,1,NG,Nigeria,2021,NG2021MIS,ED_LITR_W_LIT,231233090,I,433034,1433034,Region,..Katsina,0,,0,1,EDLITRWLIT,NGMIS2021433034,2021,MIS,1362,662,,,2
NGA,Kebbi,4987948,Women who are literate,29.5,1,NG,Nigeria,2021,NG2021MIS,ED_LITR_W_LIT,231233090,I,433035,1433035,Region,..Kebbi,0,,0,1,EDLITRWLIT,NGMIS2021433035,2021,MIS,613,479,,,2
NGA,Sokoto,7847486,Women who are literate,21.7,1,NG,Nigeria,2021,NG2021MIS,ED_LITR_W_LIT,231233090,I,433036,1433036,Region,..Sokoto,0,,0,1,EDLITRWLIT,NGMIS2021433036,2021,MIS,399,398,,,2
NGA,Zamfara,6733374,Women who are literate,37.8,1,NG,Nigeria,2021,NG2021MIS,ED_LITR_W_LIT,231233090,I,433037,1433037,Region,..Zamfara,0,,0,1,EDLITRWLIT,NGMIS2021433037,2021,MIS,282,439,,,2
NGA,South East,7644913,Women who are literate,89.3,1,NG,Nigeria,2021,NG2021MIS,ED_LITR_W_LIT,231233090,I,433008,1433040,Region,South East,0,,0,1,EDLITRWLIT,NGMIS2021433008,2021,MIS,1111,1523,,,1
NGA,Abia,2635123,Women who are literate,91.6,1,NG,Nigeria,2021,NG2021MIS,ED_LITR_W_LIT,231233090,I,433041,1433041,Region,..Abia,0,,0,1,EDLITRWLIT,NGMIS2021433041,2021,MIS,178,299,,,2
NGA,Anambra,5240639,Women who are literate,96.5,1,NG,Nigeria,2021,NG2021MIS,ED_LITR_W_LIT,231233090,I,433042,1433042,Region,..Anambra,0,,0,1,EDLITRWLIT,NGMIS2021433042,2021,MIS,283,357,,,2
NGA,Ebonyi,3436468,Women who are literate,77.7,1,NG,Nigeria,2021,NG2021MIS,ED_LITR_W_LIT,231233090,I,433043,1433043,Region,..Ebonyi,0,,0,1,EDLITRWLIT,NGMIS2021433043,2021,MIS,297,312,,,2
NGA,Enugu,7578911,Women who are literate,91.1,1,NG,Nigeria,2021,NG2021MIS,ED_LITR_W_LIT,231233090,I,433044,1433044,Region,..Enugu,0,,0,1,EDLITRWLIT,NGMIS2021433044,2021,MIS,204,289,,,2
NGA,Imo,6220959,Women who are literate,93.4,1,NG,Nigeria,2021,NG2021MIS,ED_LITR_W_LIT,231233090,I,433045,1433045,Region,..Imo,0,,0,1,EDLITRWLIT,NGMIS2021433045,2021,MIS,149,266,,,2
NGA,South West,5144312,Women who are literate,82.6,1,NG,Nigeria,2021,NG2021MIS,ED_LITR_W_LIT,231233090,I,433009,1433050,Region,South West,0,,0,1,EDLITRWLIT,NGMIS2021433009,2021,MIS,2023,1973,,,1
NGA,Ekiti,2781079,Women who are literate,92.1,1,NG,Nigeria,2021,NG2021MIS,ED_LITR_W_LIT,231233090,I,433051,1433051,Region,..Ekiti,0,,0,1,EDLITRWLIT,NGMIS2021433051,2021,MIS,123,278,,,2
NGA,Lagos,5856228,Women who are literate,87.8,1,NG,Nigeria,2021,NG2021MIS,ED_LITR_W_LIT,231233090,I,433052,1433052,Region,..Lagos,0,,0,1,EDLITRWLIT,NGMIS2021433052,2021,MIS,620,346,,,2
NGA,Ogun,5014272,Women who are literate,75.8,1,NG,Nigeria,2021,NG2021MIS,ED_LITR_W_LIT,231233090,I,433053,1433053,Region,..Ogun,0,,0,1,EDLITRWLIT,NGMIS2021433053,2021,MIS,308,330,,,2
NGA,Ondo,4987946,Women who are literate,80.3,1,NG,Nigeria,2021,NG2021MIS,ED_LITR_W_LIT,231233090,I,433054,1433054,Region,..Ondo,0,,0,1,EDLITRWLIT,NGMIS2021433054,2021,MIS,156,306,,,2
NGA,Osun,2569867,Women who are literate,80.2,1,NG,Nigeria,2021,NG2021MIS,ED_LITR_W_LIT,231233090,I,433055,1433055,Region,..Osun,0,,0,1,EDLITRWLIT,NGMIS2021433055,2021,MIS,320,354,,,2
NGA,Oyo,6802595,Women who are literate,80,1,NG,Nigeria,2021,NG2021MIS,ED_LITR_W_LIT,231233090,I,433056,1433056,Region,..Oyo,0,,0,1,EDLITRWLIT,NGMIS2021433056,2021,MIS,497,359,,,2
NGA,South South,2644950,Women who are literate,82.9,1,NG,Nigeria,2021,NG2021MIS,ED_LITR_W_LIT,231233090,I,433010,1433060,Region,South South,0,,0,1,EDLITRWLIT,NGMIS2021433010,2021,MIS,1734,2148,,,1
NGA,Akwa Ibom,7840863,Women who are literate,85.4,1,NG,Nigeria,2021,NG2021MIS,ED_LITR_W_LIT,231233090,I,433061,1433061,Region,..Akwa Ibom,0,,0,1,EDLITRWLIT,NGMIS2021433061,2021,MIS,478,320,,,2
NGA,Bayelsa,3600302,Women who are literate,73.9,1,NG,Nigeria,2021,NG2021MIS,ED_LITR_W_LIT,231233090,I,433062,1433062,Region,..Bayelsa,0,,0,1,EDLITRWLIT,NGMIS2021433062,2021,MIS,131,314,,,2
NGA,Cross River,7593977,Women who are literate,79.4,1,NG,Nigeria,2021,NG2021MIS,ED_LITR_W_LIT,231233090,I,433063,1433063,Region,..Cross River,0,,0,1,EDLITRWLIT,NGMIS2021433063,2021,MIS,224,318,,,2
NGA,Delta,6424315,Women who are literate,82,1,NG,Nigeria,2021,NG2021MIS,ED_LITR_W_LIT,231233090,I,433064,1433064,Region,..Delta,0,,0,1,EDLITRWLIT,NGMIS2021433064,2021,MIS,298,326,,,2
NGA,Edo,1933130,Women who are literate,79.1,1,NG,Nigeria,2021,NG2021MIS,ED_LITR_W_LIT,231233090,I,433065,1433065,Region,..Edo,0,,0,1,EDLITRWLIT,NGMIS2021433065,2021,MIS,300,331,,,2
NGA,Rivers,6984965,Women who are literate,90,1,NG,Nigeria,2021,NG2021MIS,ED_LITR_W_LIT,231233090,I,433066,1433066,Region,..Rivers,0,,0,1,EDLITRWLIT,NGMIS2021433066,2021,MIS,304,539,,,2
NGA,North Central,6303749,Households with electricity,44.5,1,NG,Nigeria,2021,NG2021MIS,HC_ELEC_H_ELC,260321010,I,433005,1433010,Region,North Central,0,,0,1,HCELECHELC,NGMIS2021433005,2021,MIS,2210,2447,,,1
NGA,FCT Abuja,6609089,Households with electricity,76.1,1,NG,Nigeria,2021,NG2021MIS,HC_ELEC_H_ELC,260321010,I,433011,1433011,Region,..FCT Abuja,0,,0,1,HCELECHELC,NGMIS2021433011,2021,MIS,202,294,,,2
NGA,Benue,5810400,Households with electricity,41.5,1,NG,Nigeria,2021,NG2021MIS,HC_ELEC_H_ELC,260321010,I,433012,1433012,Region,..Benue,0,,0,1,HCELECHELC,NGMIS2021433012,2021,MIS,381,400,,,2
NGA,Kogi,6107788,Households with electricity,59.3,1,NG,Nigeria,2021,NG2021MIS,HC_ELEC_H_ELC,260321010,I,433013,1433013,Region,..Kogi,0,,0,1,HCELECHELC,NGMIS2021433013,2021,MIS,286,355,,,2
NGA,Kwara,3770518,Households with electricity,91.1,1,NG,Nigeria,2021,NG2021MIS,HC_ELEC_H_ELC,260321010,I,433014,1433014,Region,..Kwara,0,,0,1,HCELECHELC,NGMIS2021433014,2021,MIS,298,337,,,2
NGA,Nasarawa,6948235,Households with electricity,28.2,1,NG,Nigeria,2021,NG2021MIS,HC_ELEC_H_ELC,260321010,I,433015,1433015,Region,..Nasarawa,0,,0,1,HCELECHELC,NGMIS2021433015,2021,MIS,290,323,,,2
NGA,Niger,1863789,Households with electricity,21.1,1,NG,Nigeria,2021,NG2021MIS,HC_ELEC_H_ELC,260321010,I,433016,1433016,Region,..Niger,0,,0,1,HCELECHELC,NGMIS2021433016,2021,MIS,442,363,,,2
NGA,Plateau,686541,Households with electricity,18,1,NG,Nigeria,2021,NG2021MIS,HC_ELEC_H_ELC,260321010,I,433017,1433017,Region,..Plateau,0,,0,1,HCELECHELC,NGMIS2021433017,2021,MIS,311,375,,,2
NGA,North East,6219943,Households with electricity,22.6,1,NG,Nigeria,2021,NG2021MIS,HC_ELEC_H_ELC,260321010,I,433006,1433020,Region,North East,0,,0,1,HCELECHELC,NGMIS2021433006,2021,MIS,2089,2173,,,1
NGA,Adamawa,1002452,Households with electricity,32.8,1,NG,Nigeria,2021,NG2021MIS,HC_ELEC_H_ELC,260321010,I,433021,1433021,Region,..Adamawa,0,,0,1,HCELECHELC,NGMIS2021433021,2021,MIS,334,362,,,2
NGA,Bauchi,4885303,Households with electricity,13.7,1,NG,Nigeria,2021,NG2021MIS,HC_ELEC_H_ELC,260321010,I,433022,1433022,Region,..Bauchi,0,,0,1,HCELECHELC,NGMIS2021433022,2021,MIS,591,396,,,2
NGA,Borno,3071009,Households with electricity,2.7,1,NG,Nigeria,2021,NG2021MIS,HC_ELEC_H_ELC,260321010,I,433023,1433023,Region,..Borno,0,,0,1,HCELECHELC,NGMIS2021433023,2021,MIS,339,399,,,2
NGA,Gombe,4200136,Households with electricity,35.1,1,NG,Nigeria,2021,NG2021MIS,HC_ELEC_H_ELC,260321010,I,433024,1433024,Region,..Gombe,0,,0,1,HCELECHELC,NGMIS2021433024,2021,MIS,239,337,,,2
NGA,Taraba,7280856,Households with electricity,40.6,1,NG,Nigeria,2021,NG2021MIS,HC_ELEC_H_ELC,260321010,I,433025,1433025,Region,..Taraba,0,,0,1,HCELECHELC,NGMIS2021433025,2021,MIS,258,348,,,2
NGA,Yobe,237018,Households with electricity,25.4,1,NG,Nigeria,2021,NG2021MIS,HC_ELEC_H_ELC,260321010,I,433026,1433026,Region,..Yobe,0,,0,1,HCELECHELC,NGMIS2021433026,2021,MIS,328,331,,,2
NGA,North West,237073,Households with electricity,34.1,1,NG,Nigeria,2021,NG2021MIS,HC_ELEC_H_ELC,260321010,I,433007,1433030,Region,North West,0,,0,1,HCELECHELC,NGMIS2021433007,2021,MIS,3629,2707,,,1
NGA,Jigawa,5778344,Households with electricity,28.1,1,NG,Nigeria,2021,NG2021MIS,HC_ELEC_H_ELC,260321010,I,433031,1433031,Region,..Jigawa,0,,0,1,HCELECHELC,NGMIS2021433031,2021,MIS,433,373,,,2
NGA,Kaduna,5875754,Households with electricity,42.7,1,NG,Nigeria,2021,NG2021MIS,HC_ELEC_H_ELC,260321010,I,433032,1433032,Region,..Kaduna,0,,0,1,HCELECHELC,NGMIS2021433032,2021,MIS,581,426,,,2
NGA,Kano,3805882,Households with electricity,35.5,1,NG,Nigeria,2021,NG2021MIS,HC_ELEC_H_ELC,260321010,I,433033,1433033,Region,..Kano,0,,0,1,HCELECHELC,NGMIS2021433033,2021,MIS,683,438,,,2
NGA,Katsina,6941095,Households with electricity,33,1,NG,Nigeria,2021,NG2021MIS,HC_ELEC_H_ELC,260321010,I,433034,1433034,Region,..Katsina,0,,0,1,HCELECHELC,NGMIS2021433034,2021,MIS,871,419,,,2
NGA,Kebbi,3840,Households with electricity,36.1,1,NG,Nigeria,2021,NG2021MIS,HC_ELEC_H_ELC,260321010,I,433035,1433035,Region,..Kebbi,0,,0,1,HCELECHELC,NGMIS2021433035,2021,MIS,474,350,,,2
NGA,Sokoto,7845428,Households with electricity,30.5,1,NG,Nigeria,2021,NG2021MIS,HC_ELEC_H_ELC,260321010,I,433036,1433036,Region,..Sokoto,0,,0,1,HCELECHELC,NGMIS2021433036,2021,MIS,374,363,,,2
NGA,Zamfara,6295594,Households with electricity,24.8,1,NG,Nigeria,2021,NG2021MIS,HC_ELEC_H_ELC,260321010,I,433037,1433037,Region,..Zamfara,0,,0,1,HCELECHELC,NGMIS2021433037,2021,MIS,214,338,,,2
NGA,South East,7645448,Households with electricity,56.2,1,NG,Nigeria,2021,NG2021MIS,HC_ELEC_H_ELC,260321010,I,433008,1433040,Region,South East,0,,0,1,HCELECHELC,NGMIS2021433008,2021,MIS,1356,1808,,,1
NGA,Abia,6926707,Households with electricity,62.2,1,NG,Nigeria,2021,NG2021MIS,HC_ELEC_H_ELC,260321010,I,433041,1433041,Region,..Abia,0,,0,1,HCELECHELC,NGMIS2021433041,2021,MIS,206,330,,,2
NGA,Anambra,3170207,Households with electricity,95.4,1,NG,Nigeria,2021,NG2021MIS,HC_ELEC_H_ELC,260321010,I,433042,1433042,Region,..Anambra,0,,0,1,HCELECHELC,NGMIS2021433042,2021,MIS,325,400,,,2
NGA,Ebonyi,4186250,Households with electricity,22.1,1,NG,Nigeria,2021,NG2021MIS,HC_ELEC_H_ELC,260321010,I,433043,1433043,Region,..Ebonyi,0,,0,1,HCELECHELC,NGMIS2021433043,2021,MIS,334,325,,,2
NGA,Enugu,7604658,Households with electricity,64.1,1,NG,Nigeria,2021,NG2021MIS,HC_ELEC_H_ELC,260321010,I,433044,1433044,Region,..Enugu,0,,0,1,HCELECHELC,NGMIS2021433044,2021,MIS,279,375,,,2
NGA,Imo,607474,Households with electricity,33.6,1,NG,Nigeria,2021,NG2021MIS,HC_ELEC_H_ELC,260321010,I,433045,1433045,Region,..Imo,0,,0,1,HCELECHELC,NGMIS2021433045,2021,MIS,211,378,,,2
NGA,South West,3965511,Households with electricity,79.9,1,NG,Nigeria,2021,NG2021MIS,HC_ELEC_H_ELC,260321010,I,433009,1433050,Region,South West,0,,0,1,HCELECHELC,NGMIS2021433009,2021,MIS,2406,2188,,,1
NGA,Ekiti,5889528,Households with electricity,77.2,1,NG,Nigeria,2021,NG2021MIS,HC_ELEC_H_ELC,260321010,I,433051,1433051,Region,..Ekiti,0,,0,1,HCELECHELC,NGMIS2021433051,2021,MIS,151,331,,,2
NGA,Lagos,178127,Households with electricity,97.6,1,NG,Nigeria,2021,NG2021MIS,HC_ELEC_H_ELC,260321010,I,433052,1433052,Region,..Lagos,0,,0,1,HCELECHELC,NGMIS2021433052,2021,MIS,811,423,,,2
NGA,Ogun,5016732,Households with electricity,67.8,1,NG,Nigeria,2021,NG2021MIS,HC_ELEC_H_ELC,260321010,I,433053,1433053,Region,..Ogun,0,,0,1,HCELECHELC,NGMIS2021433053,2021,MIS,375,374,,,2
NGA,Ondo,3051654,Households with electricity,34.2,1,NG,Nigeria,2021,NG2021MIS,HC_ELEC_H_ELC,260321010,I,433054,1433054,Region,..Ondo,0,,0,1,HCELECHELC,NGMIS2021433054,2021,MIS,167,320,,,2
NGA,Osun,4646650,Households with electricity,77.9,1,NG,Nigeria,2021,NG2021MIS,HC_ELEC_H_ELC,260321010,I,433055,1433055,Region,..Osun,0,,0,1,HCELECHELC,NGMIS2021433055,2021,MIS,340,366,,,2
NGA,Oyo,6309650,Households with electricity,78,1,NG,Nigeria,2021,NG2021MIS,HC_ELEC_H_ELC,260321010,I,433056,1433056,Region,..Oyo,0,,0,1,HCELECHELC,NGMIS2021433056,2021,MIS,562,374,,,2
NGA,South South,4849383,Households with electricity,65.3,1,NG,Nigeria,2021,NG2021MIS,HC_ELEC_H_ELC,260321010,I,433010,1433060,Region,South South,0,,0,1,HCELECHELC,NGMIS2021433010,2021,MIS,2037,2404,,,1
NGA,Akwa Ibom,7841102,Households with electricity,47.4,1,NG,Nigeria,2021,NG2021MIS,HC_ELEC_H_ELC,260321010,I,433061,1433061,Region,..Akwa Ibom,0,,0,1,HCELECHELC,NGMIS2021433061,2021,MIS,585,373,,,2
NGA,Bayelsa,4185461,Households with electricity,63.7,1,NG,Nigeria,2021,NG2021MIS,HC_ELEC_H_ELC,260321010,I,433062,1433062,Region,..Bayelsa,0,,0,1,HCELECHELC,NGMIS2021433062,2021,MIS,129,303,,,2
NGA,Cross River,7595100,Households with electricity,45.4,1,NG,Nigeria,2021,NG2021MIS,HC_ELEC_H_ELC,260321010,I,433063,1433063,Region,..Cross River,0,,0,1,HCELECHELC,NGMIS2021433063,2021,MIS,274,372,,,2
NGA,Delta,600382,Households with electricity,74.4,1,NG,Nigeria,2021,NG2021MIS,HC_ELEC_H_ELC,260321010,I,433064,1433064,Region,..Delta,0,,0,1,HCELECHELC,NGMIS2021433064,2021,MIS,373,393,,,2
NGA,Edo,5643262,Households with electricity,80.2,1,NG,Nigeria,2021,NG2021MIS,HC_ELEC_H_ELC,260321010,I,433065,1433065,Region,..Edo,0,,0,1,HCELECHELC,NGMIS2021433065,2021,MIS,311,346,,,2
NGA,Rivers,3060790,Households with electricity,87.8,1,NG,Nigeria,2021,NG2021MIS,HC_ELEC_H_ELC,260321010,I,433066,1433066,Region,..Rivers,0,,0,1,HCELECHELC,NGMIS2021433066,2021,MIS,364,617,,,2
NGA,North Central,2457782,Total fertility rate 15-49,4.2,1,NG,Nigeria,2024,NG2024DHS,FE_FRTR_W_TFR,11763080,I,433005,1433010,Region,North Central,0,,0,1,FEFRTRWTFR,NGDHS2024433005,2024,DHS,,,,,1
NGA,FCT Abuja,2466055,Total fertility rate 15-49,3.2,1,NG,Nigeria,2024,NG2024DHS,FE_FRTR_W_TFR,11763080,I,433011,1433011,Region,..FCT Abuja,0,,0,1,FEFRTRWTFR,NGDHS2024433011,2024,DHS,,,,,2
NGA,Benue,2465982,Total fertility rate 15-49,3.5,1,NG,Nigeria,2024,NG2024DHS,FE_FRTR_W_TFR,11763080,I,433012,1433012,Region,..Benue,0,,0,1,FEFRTRWTFR,NGDHS2024433012,2024,DHS,,,,,2
NGA,Kogi,2466022,Total fertility rate 15-49,4.9,1,NG,Nigeria,2024,NG2024DHS,FE_FRTR_W_TFR,11763080,I,433013,1433013,Region,..Kogi,0,,0,1,FEFRTRWTFR,NGDHS2024433013,2024,DHS,,,,,2
NGA,Kwara,2466106,Total fertility rate 15-49,4,1,NG,Nigeria,2024,NG2024DHS,FE_FRTR_W_TFR,11763080,I,433014,1433014,Region,..Kwara,0,,0,1,FEFRTRWTFR,NGDHS2024433014,2024,DHS,,,,,2
NGA,Nasarawa,2466113,Total fertility rate 15-49,4.3,1,NG,Nigeria,2024,NG2024DHS,FE_FRTR_W_TFR,11763080,I,433015,1433015,Region,..Nasarawa,0,,0,1,FEFRTRWTFR,NGDHS2024433015,2024,DHS,,,,,2
NGA,Niger,2443285,Total fertility rate 15-49,4.4,1,NG,Nigeria,2024,NG2024DHS,FE_FRTR_W_TFR,11763080,I,433016,1433016,Region,..Niger,0,,0,1,FEFRTRWTFR,NGDHS2024433016,2024,DHS,,,,,2
NGA,Plateau,2457845,Total fertility rate 15-49,4.4,1,NG,Nigeria,2024,NG2024DHS,FE_FRTR_W_TFR,11763080,I,433017,1433017,Region,..Plateau,0,,0,1,FEFRTRWTFR,NGDHS2024433017,2024,DHS,,,,,2
NGA,North East,2443289,Total fertility rate 15-49,6.1,1,NG,Nigeria,2024,NG2024DHS,FE_FRTR_W_TFR,11763080,I,433006,1433020,Region,North East,0,,0,1,FEFRTRWTFR,NGDHS2024433006,2024,DHS,,,,,1
NGA,Adamawa,2443329,Total fertility rate 15-49,5.3,1,NG,Nigeria,2024,NG2024DHS,FE_FRTR_W_TFR,11763080,I,433021,1433021,Region,..Adamawa,0,,0,1,FEFRTRWTFR,NGDHS2024433021,2024,DHS,,,,,2
NGA,Bauchi,2457826,Total fertility rate 15-49,6.2,1,NG,Nigeria,2024,NG2024DHS,FE_FRTR_W_TFR,11763080,I,433022,1433022,Region,..Bauchi,0,,0,1,FEFRTRWTFR,NGDHS2024433022,2024,DHS,,,,,2
NGA,Borno,2450984,Total fertility rate 15-49,6.5,1,NG,Nigeria,2024,NG2024DHS,FE_FRTR_W_TFR,11763080,I,433023,1433023,Region,..Borno,0,,0,1,FEFRTRWTFR,NGDHS2024433023,2024,DHS,,,,,2
NGA,Gombe,4902825,Total fertility rate 15-49,5.5,1,NG,Nigeria,2024,NG2024DHS,FE_FRTR_W_TFR,11763080,I,433024,1433024,Region,..Gombe,0,,0,1,FEFRTRWTFR,NGDHS2024433024,2024,DHS,,,,,2
NGA,Taraba,2450962,Total fertility rate 15-49,5.2,1,NG,Nigeria,2024,NG2024DHS,FE_FRTR_W_TFR,11763080,I,433025,1433025,Region,..Taraba,0,,0,1,FEFRTRWTFR,NGDHS2024433025,2024,DHS,,,,,2
NGA,Yobe,2457850,Total fertility rate 15-49,7.5,1,NG,Nigeria,2024,NG2024DHS,FE_FRTR_W_TFR,11763080,I,433026,1433026,Region,..Yobe,0,,0,1,FEFRTRWTFR,NGDHS2024433026,2024,DHS,,,,,2
NGA,North West,2466005,Total fertility rate 15-49,5.9,1,NG,Nigeria,2024,NG2024DHS,FE_FRTR_W_TFR,11763080,I,433007,1433030,Region,North West,0,,0,1,FEFRTRWTFR,NGDHS2024433007,2024,DHS,,,,,1
NGA,Jigawa,2450989,Total fertility rate 15-49,6.9,1,NG,Nigeria,2024,NG2024DHS,FE_FRTR_W_TFR,11763080,I,433031,1433031,Region,..Jigawa,0,,0,1,FEFRTRWTFR,NGDHS2024433031,2024,DHS,,,,,2
NGA,Kaduna,2457896,Total fertility rate 15-49,5.6,1,NG,Nigeria,2024,NG2024DHS,FE_FRTR_W_TFR,11763080,I,433032,1433032,Region,..Kaduna,0,,0,1,FEFRTRWTFR,NGDHS2024433032,2024,DHS,,,,,2
NGA,Kano,2457861,Total fertility rate 15-49,5.8,1,NG,Nigeria,2024,NG2024DHS,FE_FRTR_W_TFR,11763080,I,433033,1433033,Region,..Kano,0,,0,1,FEFRTRWTFR,NGDHS2024433033,2024,DHS,,,,,2
NGA,Katsina,2443342,Total fertility rate 15-49,5.7,1,NG,Nigeria,2024,NG2024DHS,FE_FRTR_W_TFR,11763080,I,433034,1433034,Region,..Katsina,0,,0,1,FEFRTRWTFR,NGDHS2024433034,2024,DHS,,,,,2
NGA,Kebbi,2466129,Total fertility rate 15-49,6.6,1,NG,Nigeria,2024,NG2024DHS,FE_FRTR_W_TFR,11763080,I,433035,1433035,Region,..Kebbi,0,,0,1,FEFRTRWTFR,NGDHS2024433035,2024,DHS,,,,,2
NGA,Sokoto,2466187,Total fertility rate 15-49,5.4,1,NG,Nigeria,2024,NG2024DHS,FE_FRTR_W_TFR,11763080,I,433036,1433036,Region,..Sokoto,0,,0,1,FEFRTRWTFR,NGDHS2024433036,2024,DHS,,,,,2
NGA,Zamfara,2450966,Total fertility rate 15-49,6.3,1,NG,Nigeria,2024,NG2024DHS,FE_FRTR_W_TFR,11763080,I,433037,1433037,Region,..Zamfara,0,,0,1,FEFRTRWTFR,NGDHS2024433037,2024,DHS,,,,,2
NGA,South East,7589403,Total fertility rate 15-49,4.1,1,NG,Nigeria,2024,NG2024DHS,FE_FRTR_W_TFR,11763080,I,433008,1433040,Region,South East,0,,0,1,FEFRTRWTFR,NGDHS2024433008,2024,DHS,,,,,1
NGA,Abia,2466091,Total fertility rate 15-49,3.7,1,NG,Nigeria,2024,NG2024DHS,FE_FRTR_W_TFR,11763080,I,433041,1433041,Region,..Abia,0,,0,1,FEFRTRWTFR,NGDHS2024433041,2024,DHS,,,,,2
NGA,Anambra,2450950,Total fertility rate 15-49,3.7,1,NG,Nigeria,2024,NG2024DHS,FE_FRTR_W_TFR,11763080,I,433042,1433042,Region,..Anambra,0,,0,1,FEFRTRWTFR,NGDHS2024433042,2024,DHS,,,,,2
NGA,Ebonyi,2450945,Total fertility rate 15-49,4.7,1,NG,Nigeria,2024,NG2024DHS,FE_FRTR_W_TFR,11763080,I,433043,1433043,Region,..Ebonyi,0,,0,1,FEFRTRWTFR,NGDHS2024433043,2024,DHS,,,,,2
NGA,Enugu,2457872,Total fertility rate 15-49,3.5,1,NG,Nigeria,2024,NG2024DHS,FE_FRTR_W_TFR,11763080,I,433044,1433044,Region,..Enugu,0,,0,1,FEFRTRWTFR,NGDHS2024433044,2024,DHS,,,,,2
NGA,Imo,2443322,Total fertility rate 15-49,4.4,1,NG,Nigeria,2024,NG2024DHS,FE_FRTR_W_TFR,11763080,I,433045,1433045,Region,..Imo,0,,0,1,FEFRTRWTFR,NGDHS2024433045,2024,DHS,,,,,2
NGA,South West,2465972,Total fertility rate 15-49,3.4,1,NG,Nigeria,2024,NG2024DHS,FE_FRTR_W_TFR,11763080,I,433009,1433050,Region,South West,0,,0,1,FEFRTRWTFR,NGDHS2024433009,2024,DHS,,,,,1
NGA,Ekiti,2451018,Total fertility rate 15-49,3.8,1,NG,Nigeria,2024,NG2024DHS,FE_FRTR_W_TFR,11763080,I,433051,1433051,Region,..Ekiti,0,,0,1,FEFRTRWTFR,NGDHS2024433051,2024,DHS,,,,,2
NGA,Lagos,2466197,Total fertility rate 15-49,3.2,1,NG,Nigeria,2024,NG2024DHS,FE_FRTR_W_TFR,11763080,I,433052,1433052,Region,..Lagos,0,,0,1,FEFRTRWTFR,NGDHS2024433052,2024,DHS,,,,,2
NGA,Ogun,2466182,Total fertility rate 15-49,4.1,1,NG,Nigeria,2024,NG2024DHS,FE_FRTR_W_TFR,11763080,I,433053,1433053,Region,..Ogun,0,,0,1,FEFRTRWTFR,NGDHS2024433053,2024,DHS,,,,,2
NGA,Ondo,2466125,Total fertility rate 15-49,3.1,1,NG,Nigeria,2024,NG2024DHS,FE_FRTR_W_TFR,11763080,I,433054,1433054,Region,..Ondo,0,,0,1,FEFRTRWTFR,NGDHS2024433054,2024,DHS,,,,,2
NGA,Osun,2466130,Total fertility rate 15-49,3.3,1,NG,Nigeria,2024,NG2024DHS,FE_FRTR_W_TFR,11763080,I,433055,1433055,Region,..Osun,0,,0,1,FEFRTRWTFR,NGDHS2024433055,2024,DHS,,,,,2
NGA,Oyo,2443337,Total fertility rate 15-49,3.3,1,NG,Nigeria,2024,NG2024DHS,FE_FRTR_W_TFR,11763080,I,433056,1433056,Region,..Oyo,0,,0,1,FEFRTRWTFR,NGDHS2024433056,2024,DHS,,,,,2
NGA,South South,2466001,Total fertility rate 15-49,3.3,1,NG,Nigeria,2024,NG2024DHS,FE_FRTR_W_TFR,11763080,I,433010,1433060,Region,South South,0,,0,1,FEFRTRWTFR,NGDHS2024433010,2024,DHS,,,,,1
NGA,Akwa Ibom,2457857,Total fertility rate 15-49,3.3,1,NG,Nigeria,2024,NG2024DHS,FE_FRTR_W_TFR,11763080,I,433061,1433061,Region,..Akwa Ibom,0,,0,1,FEFRTRWTFR,NGDHS2024433061,2024,DHS,,,,,2
NGA,Bayelsa,2466153,Total fertility rate 15-49,3.8,1,NG,Nigeria,2024,NG2024DHS,FE_FRTR_W_TFR,11763080,I,433062,1433062,Region,..Bayelsa,0,,0,1,FEFRTRWTFR,NGDHS2024433062,2024,DHS,,,,,2
NGA,Cross River,7788604,Total fertility rate 15-49,3,1,NG,Nigeria,2024,NG2024DHS,FE_FRTR_W_TFR,11763080,I,433063,1433063,Region,..Cross River,0,,0,1,FEFRTRWTFR,NGDHS2024433063,2024,DHS,,,,,2
NGA,Delta,2466101,Total fertility rate 15-49,3.7,1,NG,Nigeria,2024,NG2024DHS,FE_FRTR_W_TFR,11763080,I,433064,1433064,Region,..Delta,0,,0,1,FEFRTRWTFR,NGDHS2024433064,2024,DHS,,,,,2
NGA,Edo,2466138,Total fertility rate 15-49,3.3,1,NG,Nigeria,2024,NG2024DHS,FE_FRTR_W_TFR,11763080,I,433065,1433065,Region,..Edo,0,,0,1,FEFRTRWTFR,NGDHS2024433065,2024,DHS,,,,,2
NGA,Rivers,2457881,Total fertility rate 15-49,2.9,1,NG,Nigeria,2024,NG2024DHS,FE_FRTR_W_TFR,11763080,I,433066,1433066,Region,..Rivers,0,,0,1,FEFRTRWTFR,NGDHS2024433066,2024,DHS,,,,,2
NGA,North Central,5928600,Married women currently using any method of contraception,19.4,1,NG,Nigeria,2024,NG2024DHS,FP_CUSM_W_ANY,32633010,I,433005,1433010,Region,North Central,0,,0,1,FPCUSMWANY,NGDHS2024433005,2024,DHS,4810,5092,,,1
NGA,FCT Abuja,3978647,Married women currently using any method of contraception,21.3,1,NG,Nigeria,2024,NG2024DHS,FP_CUSM_W_ANY,32633010,I,433011,1433011,Region,..FCT Abuja,0,,0,1,FPCUSMWANY,NGDHS2024433011,2024,DHS,437,478,,,2
NGA,Benue,6438427,Married women currently using any method of contraception,31.3,1,NG,Nigeria,2024,NG2024DHS,FP_CUSM_W_ANY,32633010,I,433012,1433012,Region,..Benue,0,,0,1,FPCUSMWANY,NGDHS2024433012,2024,DHS,615,604,,,2
NGA,Kogi,2467665,Married women currently using any method of contraception,13.1,1,NG,Nigeria,2024,NG2024DHS,FP_CUSM_W_ANY,32633010,I,433013,1433013,Region,..Kogi,0,,0,1,FPCUSMWANY,NGDHS2024433013,2024,DHS,422,684,,,2
NGA,Kwara,4525971,Married women currently using any method of contraception,11,1,NG,Nigeria,2024,NG2024DHS,FP_CUSM_W_ANY,32633010,I,433014,1433014,Region,..Kwara,0,,0,1,FPCUSMWANY,NGDHS2024433014,2024,DHS,531,680,,,2
NGA,Nasarawa,866293,Married women currently using any method of contraception,25.5,1,NG,Nigeria,2024,NG2024DHS,FP_CUSM_W_ANY,32633010,I,433015,1433015,Region,..Nasarawa,0,,0,1,FPCUSMWANY,NGDHS2024433015,2024,DHS,656,781,,,2
NGA,Niger,4512912,Married women currently using any method of contraception,10.3,1,NG,Nigeria,2024,NG2024DHS,FP_CUSM_W_ANY,32633010,I,433016,1433016,Region,..Niger,0,,0,1,FPCUSMWANY,NGDHS2024433016,2024,DHS,1453,996,,,2
NGA,Plateau,7119274,Married women currently using any method of contraception,31.1,1,NG,Nigeria,2024,NG2024DHS,FP_CUSM_W_ANY,32633010,I,433017,1433017,Region,..Plateau,0,,0,1,FPCUSMWANY,NGDHS2024433017,2024,DHS,696,869,,,2
NGA,North East,2443839,Married women currently using any method of contraception,13.9,1,NG,Nigeria,2024,NG2024DHS,FP_CUSM_W_ANY,32633010,I,433006,1433020,Region,North East,0,,0,1,FPCUSMWANY,NGDHS2024433006,2024,DHS,4409,4549,,,1
NGA,Adamawa,4717289,Married women currently using any method of contraception,20.4,1,NG,Nigeria,2024,NG2024DHS,FP_CUSM_W_ANY,32633010,I,433021,1433021,Region,..Adamawa,0,,0,1,FPCUSMWANY,NGDHS2024433021,2024,DHS,619,759,,,2
NGA,Bauchi,6519039,Married women currently using any method of contraception,11.3,1,NG,Nigeria,2024,NG2024DHS,FP_CUSM_W_ANY,32633010,I,433022,1433022,Region,..Bauchi,0,,0,1,FPCUSMWANY,NGDHS2024433022,2024,DHS,1440,942,,,2
NGA,Borno,6765912,Married women currently using any method of contraception,9.5,1,NG,Nigeria,2024,NG2024DHS,FP_CUSM_W_ANY,32633010,I,433023,1433023,Region,..Borno,0,,0,1,FPCUSMWANY,NGDHS2024433023,2024,DHS,752,639,,,2
NGA,Gombe,5935735,Married women currently using any method of contraception,30.9,1,NG,Nigeria,2024,NG2024DHS,FP_CUSM_W_ANY,32633010,I,433024,1433024,Region,..Gombe,0,,0,1,FPCUSMWANY,NGDHS2024433024,2024,DHS,432,805,,,2
NGA,Taraba,3685405,Married women currently using any method of contraception,11.5,1,NG,Nigeria,2024,NG2024DHS,FP_CUSM_W_ANY,32633010,I,433025,1433025,Region,..Taraba,0,,0,1,FPCUSMWANY,NGDHS2024433025,2024,DHS,483,574,,,2
NGA,Yobe,7062460,Married women currently using any method of contraception,9,1,NG,Nigeria,2024,NG2024DHS,FP_CUSM_W_ANY,32633010,I,433026,1433026,Region,..Yobe,0,,0,1,FPCUSMWANY,NGDHS2024433026,2024,DHS,681,830,,,2
NGA,North West,7101664,Married women currently using any method of contraception,10.3,1,NG,Nigeria,2024,NG2024DHS,FP_CUSM_W_ANY,32633010,I,433007,1433030,Region,North West,0,,0,1,FPCUSMWANY,NGDHS2024433007,2024,DHS,9335,7093,,,1
NGA,Jigawa,6418252,Married women currently using any method of contraception,4.4,1,NG,Nigeria,2024,NG2024DHS,FP_CUSM_W_ANY,32633010,I,433031,1433031,Region,..Jigawa,0,,0,1,FPCUSMWANY,NGDHS2024433031,2024,DHS,948,968,,,2
NGA,Kaduna,2458517,Married women currently using any method of contraception,14.2,1,NG,Nigeria,2024,NG2024DHS,FP_CUSM_W_ANY,32633010,I,433032,1433032,Region,..Kaduna,0,,0,1,FPCUSMWANY,NGDHS2024433032,2024,DHS,1834,1102,,,2
NGA,Kano,243869,Married women currently using any method of contraception,11.1,1,NG,Nigeria,2024,NG2024DHS,FP_CUSM_W_ANY,32633010,I,433033,1433033,Region,..Kano,0,,0,1,FPCUSMWANY,NGDHS2024433033,2024,DHS,2421,1235,,,2
NGA,Katsina,715074,Married women currently using any method of contraception,7.7,1,NG,Nigeria,2024,NG2024DHS,FP_CUSM_W_ANY,32633010,I,433034,1433034,Region,..Katsina,0,,0,1,FPCUSMWANY,NGDHS2024433034,2024,DHS,1439,937,,,2
NGA,Kebbi,4526512,Married women currently using any method of contraception,3.3,1,NG,Nigeria,2024,NG2024DHS,FP_CUSM_W_ANY,32633010,I,433035,1433035,Region,..Kebbi,0,,0,1,FPCUSMWANY,NGDHS2024433035,2024,DHS,758,1071,,,2
NGA,Sokoto,7132136,Married women currently using any method of contraception,6.9,1,NG,Nigeria,2024,NG2024DHS,FP_CUSM_W_ANY,32633010,I,433036,1433036,Region,..Sokoto,0,,0,1,FPCUSMWANY,NGDHS2024433036,2024,DHS,990,1069,,,2
NGA,Zamfara,2451593,Married women currently using any method of contraception,20,1,NG,Nigeria,2024,NG2024DHS,FP_CUSM_W_ANY,32633010,I,433037,1433037,Region,..Zamfara,0,,0,1,FPCUSMWANY,NGDHS2024433037,2024,DHS,946,711,,,2
NGA,South East,7587991,Married women currently using any method of contraception,29.8,1,NG,Nigeria,2024,NG2024DHS,FP_CUSM_W_ANY,32633010,I,433008,1433040,Region,South East,0,,0,1,FPCUSMWANY,NGDHS2024433008,2024,DHS,1851,2841,,,1
NGA,Abia,6742098,Married women currently using any method of contraception,34,1,NG,Nigeria,2024,NG2024DHS,FP_CUSM_W_ANY,32633010,I,433041,1433041,Region,..Abia,0,,0,1,FPCUSMWANY,NGDHS2024433041,2024,DHS,221,434,,,2
NGA,Anambra,4617557,Married women currently using any method of contraception,41.3,1,NG,Nigeria,2024,NG2024DHS,FP_CUSM_W_ANY,32633010,I,433042,1433042,Region,..Anambra,0,,0,1,FPCUSMWANY,NGDHS2024433042,2024,DHS,400,592,,,2
NGA,Ebonyi,5912233,Married women currently using any method of contraception,9.9,1,NG,Nigeria,2024,NG2024DHS,FP_CUSM_W_ANY,32633010,I,433043,1433043,Region,..Ebonyi,0,,0,1,FPCUSMWANY,NGDHS2024433043,2024,DHS,531,753,,,2
NGA,Enugu,3671977,Married women currently using any method of contraception,25.9,1,NG,Nigeria,2024,NG2024DHS,FP_CUSM_W_ANY,32633010,I,433044,1433044,Region,..Enugu,0,,0,1,FPCUSMWANY,NGDHS2024433044,2024,DHS,269,450,,,2
NGA,Imo,5542801,Married women currently using any method of contraception,44.1,1,NG,Nigeria,2024,NG2024DHS,FP_CUSM_W_ANY,32633010,I,433045,1433045,Region,..Imo,0,,0,1,FPCUSMWANY,NGDHS2024433045,2024,DHS,430,612,,,2
NGA,South West,4404856,Married women currently using any method of contraception,43.9,1,NG,Nigeria,2024,NG2024DHS,FP_CUSM_W_ANY,32633010,I,433009,1433050,Region,South West,0,,0,1,FPCUSMWANY,NGDHS2024433009,2024,DHS,3504,3135,,,1
NGA,Ekiti,2622979,Married women currently using any method of contraception,66.1,1,NG,Nigeria,2024,NG2024DHS,FP_CUSM_W_ANY,32633010,I,433051,1433051,Region,..Ekiti,0,,0,1,FPCUSMWANY,NGDHS2024433051,2024,DHS,148,319,,,2
NGA,Lagos,257339,Married women currently using any method of contraception,54.2,1,NG,Nigeria,2024,NG2024DHS,FP_CUSM_W_ANY,32633010,I,433052,1433052,Region,..Lagos,0,,0,1,FPCUSMWANY,NGDHS2024433052,2024,DHS,955,596,,,2
NGA,Ogun,736504,Married women currently using any method of contraception,39.9,1,NG,Nigeria,2024,NG2024DHS,FP_CUSM_W_ANY,32633010,I,433053,1433053,Region,..Ogun,0,,0,1,FPCUSMWANY,NGDHS2024433053,2024,DHS,824,636,,,2
NGA,Ondo,4608548,Married women currently using any method of contraception,26.8,1,NG,Nigeria,2024,NG2024DHS,FP_CUSM_W_ANY,32633010,I,433054,1433054,Region,..Ondo,0,,0,1,FPCUSMWANY,NGDHS2024433054,2024,DHS,350,435,,,2
NGA,Osun,7161764,Married women currently using any method of contraception,40.3,1,NG,Nigeria,2024,NG2024DHS,FP_CUSM_W_ANY,32633010,I,433055,1433055,Region,..Osun,0,,0,1,FPCUSMWANY,NGDHS2024433055,2024,DHS,389,419,,,2
NGA,Oyo,2443869,Married women currently using any method of contraception,40.9,1,NG,Nigeria,2024,NG2024DHS,FP_CUSM_W_ANY,32633010,I,433056,1433056,Region,..Oyo,0,,0,1,FPCUSMWANY,NGDHS2024433056,2024,DHS,838,730,,,2
NGA,South South,7411926,Married women currently using any method of contraception,30.8,1,NG,Nigeria,2024,NG2024DHS,FP_CUSM_W_ANY,32633010,I,433010,1433060,Region,South South,0,,0,1,FPCUSMWANY,NGDHS2024433010,2024,DHS,2356,2929,,,1
NGA,Akwa Ibom,4631720,Married women currently using any method of contraception,43.2,1,NG,Nigeria,2024,NG2024DHS,FP_CUSM_W_ANY,32633010,I,433061,1433061,Region,..Akwa Ibom,0,,0,1,FPCUSMWANY,NGDHS2024433061,2024,DHS,328,419,,,2
NGA,Bayelsa,7187833,Married women currently using any method of contraception,24.6,1,NG,Nigeria,2024,NG2024DHS,FP_CUSM_W_ANY,32633010,I,433062,1433062,Region,..Bayelsa,0,,0,1,FPCUSMWANY,NGDHS2024433062,2024,DHS,169,435,,,2
NGA,Cross River,7717318,Married women currently using any method of contraception,27.2,1,NG,Nigeria,2024,NG2024DHS,FP_CUSM_W_ANY,32633010,I,433063,1433063,Region,..Cross River,0,,0,1,FPCUSMWANY,NGDHS2024433063,2024,DHS,269,446,,,2
NGA,Delta,5563546,Married women currently using any method of contraception,42.3,1,NG,Nigeria,2024,NG2024DHS,FP_CUSM_W_ANY,32633010,I,433064,1433064,Region,..Delta,0,,0,1,FPCUSMWANY,NGDHS2024433064,2024,DHS,553,529,,,2
NGA,Edo,2467732,Married women currently using any method of contraception,27.5,1,NG,Nigeria,2024,NG2024DHS,FP_CUSM_W_ANY,32633010,I,433065,1433065,Region,..Edo,0,,0,1,FPCUSMWANY,NGDHS2024433065,2024,DHS,344,476,,,2
NGA,Rivers,4087862,Married women currently using any method of contraception,20.4,1,NG,Nigeria,2024,NG2024DHS,FP_CUSM_W_ANY,32633010,I,433066,1433066,Region,..Rivers,0,,0,1,FPCUSMWANY,NGDHS2024433066,2024,DHS,694,624,,,2
NGA,North Central,5928664,Married women currently using any modern method of contraception,16,1,NG,Nigeria,2024,NG2024DHS,FP_CUSM_W_MOD,32633020,I,433005,1433010,Region,North Central,0,,0,1,FPCUSMWMOD,NGDHS2024433005,2024,DHS,4810,5092,,,1
NGA,FCT Abuja,3978648,Married women currently using any modern method of contraception,19.3,1,NG,Nigeria,2024,NG2024DHS,FP_CUSM_W_MOD,32633020,I,433011,1433011,Region,..FCT Abuja,0,,0,1,FPCUSMWMOD,NGDHS2024433011,2024,DHS,437,478,,,2
NGA,Benue,6438428,Married women currently using any modern method of contraception,23.1,1,NG,Nigeria,2024,NG2024DHS,FP_CUSM_W_MOD,32633020,I,433012,1433012,Region,..Benue,0,,0,1,FPCUSMWMOD,NGDHS2024433012,2024,DHS,615,604,,,2
NGA,Kogi,2467666,Married women currently using any modern method of contraception,10.5,1,NG,Nigeria,2024,NG2024DHS,FP_CUSM_W_MOD,32633020,I,433013,1433013,Region,..Kogi,0,,0,1,FPCUSMWMOD,NGDHS2024433013,2024,DHS,422,684,,,2
NGA,Kwara,4525972,Married women currently using any modern method of contraception,9.9,1,NG,Nigeria,2024,NG2024DHS,FP_CUSM_W_MOD,32633020,I,433014,1433014,Region,..Kwara,0,,0,1,FPCUSMWMOD,NGDHS2024433014,2024,DHS,531,680,,,2
NGA,Nasarawa,866294,Married women currently using any modern method of contraception,22.4,1,NG,Nigeria,2024,NG2024DHS,FP_CUSM_W_MOD,32633020,I,433015,1433015,Region,..Nasarawa,0,,0,1,FPCUSMWMOD,NGDHS2024433015,2024,DHS,656,781,,,2
NGA,Niger,4512913,Married women currently using any modern method of contraception,8.3,1,NG,Nigeria,2024,NG2024DHS,FP_CUSM_W_MOD,32633020,I,433016,1433016,Region,..Niger,0,,0,1,FPCUSMWMOD,NGDHS2024433016,2024,DHS,1453,996,,,2
NGA,Plateau,7119275,Married women currently using any modern method of contraception,25.6,1,NG,Nigeria,2024,NG2024DHS,FP_CUSM_W_MOD,32633020,I,433017,1433017,Region,..Plateau,0,,0,1,FPCUSMWMOD,NGDHS2024433017,2024,DHS,696,869,,,2
NGA,North East,2443840,Married women currently using any modern method of contraception,12.9,1,NG,Nigeria,2024,NG2024DHS,FP_CUSM_W_MOD,32633020,I,433006,1433020,Region,North East,0,,0,1,FPCUSMWMOD,NGDHS2024433006,2024,DHS,4409,4549,,,1
NGA,Adamawa,4717290,Married women currently using any modern method of contraception,17.5,1,NG,Nigeria,2024,NG2024DHS,FP_CUSM_W_MOD,32633020,I,433021,1433021,Region,..Adamawa,0,,0,1,FPCUSMWMOD,NGDHS2024433021,2024,DHS,619,759,,,2
NGA,Bauchi,6519040,Married women currently using any modern method of contraception,10.6,1,NG,Nigeria,2024,NG2024DHS,FP_CUSM_W_MOD,32633020,I,433022,1433022,Region,..Bauchi,0,,0,1,FPCUSMWMOD,NGDHS2024433022,2024,DHS,1440,942,,,2
NGA,Borno,6765913,Married women currently using any modern method of contraception,9.3,1,NG,Nigeria,2024,NG2024DHS,FP_CUSM_W_MOD,32633020,I,433023,1433023,Region,..Borno,0,,0,1,FPCUSMWMOD,NGDHS2024433023,2024,DHS,752,639,,,2
NGA,Gombe,5935736,Married women currently using any modern method of contraception,30.3,1,NG,Nigeria,2024,NG2024DHS,FP_CUSM_W_MOD,32633020,I,433024,1433024,Region,..Gombe,0,,0,1,FPCUSMWMOD,NGDHS2024433024,2024,DHS,432,805,,,2
NGA,Taraba,3685406,Married women currently using any modern method of contraception,10.9,1,NG,Nigeria,2024,NG2024DHS,FP_CUSM_W_MOD,32633020,I,433025,1433025,Region,..Taraba,0,,0,1,FPCUSMWMOD,NGDHS2024433025,2024,DHS,483,574,,,2
NGA,Yobe,7062462,Married women currently using any modern method of contraception,7.6,1,NG,Nigeria,2024,NG2024DHS,FP_CUSM_W_MOD,32633020,I,433026,1433026,Region,..Yobe,0,,0,1,FPCUSMWMOD,NGDHS2024433026,2024,DHS,681,830,,,2
NGA,North West,7101665,Married women currently using any modern method of contraception,9.3,1,NG,Nigeria,2024,NG2024DHS,FP_CUSM_W_MOD,32633020,I,433007,1433030,Region,North West,0,,0,1,FPCUSMWMOD,NGDHS2024433007,2024,DHS,9335,7093,,,1
NGA,Jigawa,6418253,Married women currently using any modern method of contraception,3.5,1,NG,Nigeria,2024,NG2024DHS,FP_CUSM_W_MOD,32633020,I,433031,1433031,Region,..Jigawa,0,,0,1,FPCUSMWMOD,NGDHS2024433031,2024,DHS,948,968,,,2
NGA,Kaduna,2458518,Married women currently using any modern method of contraception,13.1,1,NG,Nigeria,2024,NG2024DHS,FP_CUSM_W_MOD,32633020,I,433032,1433032,Region,..Kaduna,0,,0,1,FPCUSMWMOD,NGDHS2024433032,2024,DHS,1834,1102,,,2
NGA,Kano,243870,Married women currently using any modern method of contraception,10.6,1,NG,Nigeria,2024,NG2024DHS,FP_CUSM_W_MOD,32633020,I,433033,1433033,Region,..Kano,0,,0,1,FPCUSMWMOD,NGDHS2024433033,2024,DHS,2421,1235,,,2
NGA,Katsina,715075,Married women currently using any modern method of contraception,6.7,1,NG,Nigeria,2024,NG2024DHS,FP_CUSM_W_MOD,32633020,I,433034,1433034,Region,..Katsina,0,,0,1,FPCUSMWMOD,NGDHS2024433034,2024,DHS,1439,937,,,2
NGA,Kebbi,4526513,Married women currently using any modern method of contraception,3,1,NG,Nigeria,2024,NG2024DHS,FP_CUSM_W_MOD,32633020,I,433035,1433035,Region,..Kebbi,0,,0,1,FPCUSMWMOD,NGDHS2024433035,2024,DHS,758,1071,,,2
NGA,Sokoto,7132137,Married women currently using any modern method of contraception,6,1,NG,Nigeria,2024,NG2024DHS,FP_CUSM_W_MOD,32633020,I,433036,1433036,Region,..Sokoto,0,,0,1,FPCUSMWMOD,NGDHS2024433036,2024,DHS,990,1069,,,2
NGA,Zamfara,2451594,Married women currently using any modern method of contraception,16.4,1,NG,Nigeria,2024,NG2024DHS,FP_CUSM_W_MOD,32633020,I,433037,1433037,Region,..Zamfara,0,,0,1,FPCUSMWMOD,NGDHS2024433037,2024,DHS,946,711,,,2
NGA,South East,7587992,Married women currently using any modern method of contraception,15.1,1,NG,Nigeria,2024,NG2024DHS,FP_CUSM_W_MOD,32633020,I,433008,1433040,Region,South East,0,,0,1,FPCUSMWMOD,NGDHS2024433008,2024,DHS,1851,2841,,,1
NGA,Abia,6742099,Married women currently using any modern method of contraception,18.3,1,NG,Nigeria,2024,NG2024DHS,FP_CUSM_W_MOD,32633020,I,433041,1433041,Region,..Abia,0,,0,1,FPCUSMWMOD,NGDHS2024433041,2024,DHS,221,434,,,2
NGA,Anambra,4617558,Married women currently using any modern method of contraception,22,1,NG,Nigeria,2024,NG2024DHS,FP_CUSM_W_MOD,32633020,I,433042,1433042,Region,..Anambra,0,,0,1,FPCUSMWMOD,NGDHS2024433042,2024,DHS,400,592,,,2
NGA,Ebonyi,5912234,Married women currently using any modern method of contraception,7.4,1,NG,Nigeria,2024,NG2024DHS,FP_CUSM_W_MOD,32633020,I,433043,1433043,Region,..Ebonyi,0,,0,1,FPCUSMWMOD,NGDHS2024433043,2024,DHS,531,753,,,2
NGA,Enugu,3671978,Married women currently using any modern method of contraception,11.2,1,NG,Nigeria,2024,NG2024DHS,FP_CUSM_W_MOD,32633020,I,433044,1433044,Region,..Enugu,0,,0,1,FPCUSMWMOD,NGDHS2024433044,2024,DHS,269,450,,,2
NGA,Imo,5542802,Married women currently using any modern method of contraception,18.9,1,NG,Nigeria,2024,NG2024DHS,FP_CUSM_W_MOD,32633020,I,433045,1433045,Region,..Imo,0,,0,1,FPCUSMWMOD,NGDHS2024433045,2024,DHS,430,612,,,2
NGA,South West,4404857,Married women currently using any modern method of contraception,31.4,1,NG,Nigeria,2024,NG2024DHS,FP_CUSM_W_MOD,32633020,I,433009,1433050,Region,South West,0,,0,1,FPCUSMWMOD,NGDHS2024433009,2024,DHS,3504,3135,,,1
NGA,Ekiti,2622980,Married women currently using any modern method of contraception,42.8,1,NG,Nigeria,2024,NG2024DHS,FP_CUSM_W_MOD,32633020,I,433051,1433051,Region,..Ekiti,0,,0,1,FPCUSMWMOD,NGDHS2024433051,2024,DHS,148,319,,,2
NGA,Lagos,257340,Married women currently using any modern method of contraception,30.7,1,NG,Nigeria,2024,NG2024DHS,FP_CUSM_W_MOD,32633020,I,433052,1433052,Region,..Lagos,0,,0,1,FPCUSMWMOD,NGDHS2024433052,2024,DHS,955,596,,,2
NGA,Ogun,736505,Married women currently using any modern method of contraception,28.9,1,NG,Nigeria,2024,NG2024DHS,FP_CUSM_W_MOD,32633020,I,433053,1433053,Region,..Ogun,0,,0,1,FPCUSMWMOD,NGDHS2024433053,2024,DHS,824,636,,,2
NGA,Ondo,4608549,Married women currently using any modern method of contraception,22.9,1,NG,Nigeria,2024,NG2024DHS,FP_CUSM_W_MOD,32633020,I,433054,1433054,Region,..Ondo,0,,0,1,FPCUSMWMOD,NGDHS2024433054,2024,DHS,350,435,,,2
NGA,Osun,7161765,Married women currently using any modern method of contraception,35,1,NG,Nigeria,2024,NG2024DHS,FP_CUSM_W_MOD,32633020,I,433055,1433055,Region,..Osun,0,,0,1,FPCUSMWMOD,NGDHS2024433055,2024,DHS,389,419,,,2
NGA,Oyo,2443870,Married women currently using any modern method of contraception,34.4,1,NG,Nigeria,2024,NG2024DHS,FP_CUSM_W_MOD,32633020,I,433056,1433056,Region,..Oyo,0,,0,1,FPCUSMWMOD,NGDHS2024433056,2024,DHS,838,730,,,2
NGA,South South,7411927,Married women currently using any modern method of contraception,18.7,1,NG,Nigeria,2024,NG2024DHS,FP_CUSM_W_MOD,32633020,I,433010,1433060,Region,South South,0,,0,1,FPCUSMWMOD,NGDHS2024433010,2024,DHS,2356,2929,,,1
NGA,Akwa Ibom,4631721,Married women currently using any modern method of contraception,17.2,1,NG,Nigeria,2024,NG2024DHS,FP_CUSM_W_MOD,32633020,I,433061,1433061,Region,..Akwa Ibom,0,,0,1,FPCUSMWMOD,NGDHS2024433061,2024,DHS,328,419,,,2
NGA,Bayelsa,7187834,Married women currently using any modern method of contraception,16.9,1,NG,Nigeria,2024,NG2024DHS,FP_CUSM_W_MOD,32633020,I,433062,1433062,Region,..Bayelsa,0,,0,1,FPCUSMWMOD,NGDHS2024433062,2024,DHS,169,435,,,2
NGA,Cross River,7717319,Married women currently using any modern method of contraception,18.8,1,NG,Nigeria,2024,NG2024DHS,FP_CUSM_W_MOD,32633020,I,433063,1433063,Region,..Cross River,0,,0,1,FPCUSMWMOD,NGDHS2024433063,2024,DHS,269,446,,,2
NGA,Delta,5563547,Married women currently using any modern method of contraception,24.4,1,NG,Nigeria,2024,NG2024DHS,FP_CUSM_W_MOD,32633020,I,433064,1433064,Region,..Delta,0,,0,1,FPCUSMWMOD,NGDHS2024433064,2024,DHS,553,529,,,2
NGA,Edo,2467733,Married women currently using any modern method of contraception,19.4,1,NG,Nigeria,2024,NG2024DHS,FP_CUSM_W_MOD,32633020,I,433065,1433065,Region,..Edo,0,,0,1,FPCUSMWMOD,NGDHS2024433065,2024,DHS,344,476,,,2
NGA,Rivers,4087863,Married women currently using any modern method of contraception,15,1,NG,Nigeria,2024,NG2024DHS,FP_CUSM_W_MOD,32633020,I,433066,1433066,Region,..Rivers,0,,0,1,FPCUSMWMOD,NGDHS2024433066,2024,DHS,694,624,,,2
NGA,North Central,6205377,Unmet need for family planning,21.4,1,NG,Nigeria,2024,NG2024DHS,FP_NADM_W_UNT,32933030,I,433005,1433010,Region,North Central,0,,0,1,FPNADMWUNT,NGDHS2024433005,2024,DHS,4810,5092,,,1
NGA,FCT Abuja,4876969,Unmet need for family planning,26.5,1,NG,Nigeria,2024,NG2024DHS,FP_NADM_W_UNT,32933030,I,433011,1433011,Region,..FCT Abuja,0,,0,1,FPNADMWUNT,NGDHS2024433011,2024,DHS,437,478,,,2
NGA,Benue,6790493,Unmet need for family planning,20.2,1,NG,Nigeria,2024,NG2024DHS,FP_NADM_W_UNT,32933030,I,433012,1433012,Region,..Benue,0,,0,1,FPNADMWUNT,NGDHS2024433012,2024,DHS,615,604,,,2
NGA,Kogi,2468430,Unmet need for family planning,21.8,1,NG,Nigeria,2024,NG2024DHS,FP_NADM_W_UNT,32933030,I,433013,1433013,Region,..Kogi,0,,0,1,FPNADMWUNT,NGDHS2024433013,2024,DHS,422,684,,,2
NGA,Kwara,6097142,Unmet need for family planning,27.1,1,NG,Nigeria,2024,NG2024DHS,FP_NADM_W_UNT,32933030,I,433014,1433014,Region,..Kwara,0,,0,1,FPNADMWUNT,NGDHS2024433014,2024,DHS,531,680,,,2
NGA,Nasarawa,2468444,Unmet need for family planning,21.3,1,NG,Nigeria,2024,NG2024DHS,FP_NADM_W_UNT,32933030,I,433015,1433015,Region,..Nasarawa,0,,0,1,FPNADMWUNT,NGDHS2024433015,2024,DHS,656,781,,,2
NGA,Niger,482174,Unmet need for family planning,21.8,1,NG,Nigeria,2024,NG2024DHS,FP_NADM_W_UNT,32933030,I,433016,1433016,Region,..Niger,0,,0,1,FPNADMWUNT,NGDHS2024433016,2024,DHS,1453,996,,,2
NGA,Plateau,3897550,Unmet need for family planning,14.1,1,NG,Nigeria,2024,NG2024DHS,FP_NADM_W_UNT,32933030,I,433017,1433017,Region,..Plateau,0,,0,1,FPNADMWUNT,NGDHS2024433017,2024,DHS,696,869,,,2
NGA,North East,2444151,Unmet need for family planning,22.9,1,NG,Nigeria,2024,NG2024DHS,FP_NADM_W_UNT,32933030,I,433006,1433020,Region,North East,0,,0,1,FPNADMWUNT,NGDHS2024433006,2024,DHS,4409,4549,,,1
NGA,Adamawa,4945852,Unmet need for family planning,24.5,1,NG,Nigeria,2024,NG2024DHS,FP_NADM_W_UNT,32933030,I,433021,1433021,Region,..Adamawa,0,,0,1,FPNADMWUNT,NGDHS2024433021,2024,DHS,619,759,,,2
NGA,Bauchi,2458909,Unmet need for family planning,22.2,1,NG,Nigeria,2024,NG2024DHS,FP_NADM_W_UNT,32933030,I,433022,1433022,Region,..Bauchi,0,,0,1,FPNADMWUNT,NGDHS2024433022,2024,DHS,1440,942,,,2
NGA,Borno,6853968,Unmet need for family planning,26.3,1,NG,Nigeria,2024,NG2024DHS,FP_NADM_W_UNT,32933030,I,433023,1433023,Region,..Borno,0,,0,1,FPNADMWUNT,NGDHS2024433023,2024,DHS,752,639,,,2
NGA,Gombe,6190150,Unmet need for family planning,13.2,1,NG,Nigeria,2024,NG2024DHS,FP_NADM_W_UNT,32933030,I,433024,1433024,Region,..Gombe,0,,0,1,FPNADMWUNT,NGDHS2024433024,2024,DHS,432,805,,,2
NGA,Taraba,2451893,Unmet need for family planning,24.4,1,NG,Nigeria,2024,NG2024DHS,FP_NADM_W_UNT,32933030,I,433025,1433025,Region,..Taraba,0,,0,1,FPNADMWUNT,NGDHS2024433025,2024,DHS,483,574,,,2
NGA,Yobe,5818204,Unmet need for family planning,24.6,1,NG,Nigeria,2024,NG2024DHS,FP_NADM_W_UNT,32933030,I,433026,1433026,Region,..Yobe,0,,0,1,FPNADMWUNT,NGDHS2024433026,2024,DHS,681,830,,,2
NGA,North West,7185087,Unmet need for family planning,20.3,1,NG,Nigeria,2024,NG2024DHS,FP_NADM_W_UNT,32933030,I,433007,1433030,Region,North West,0,,0,1,FPNADMWUNT,NGDHS2024433007,2024,DHS,9335,7093,,,1
NGA,Jigawa,6770071,Unmet need for family planning,14.1,1,NG,Nigeria,2024,NG2024DHS,FP_NADM_W_UNT,32933030,I,433031,1433031,Region,..Jigawa,0,,0,1,FPNADMWUNT,NGDHS2024433031,2024,DHS,948,968,,,2
NGA,Kaduna,2458914,Unmet need for family planning,25,1,NG,Nigeria,2024,NG2024DHS,FP_NADM_W_UNT,32933030,I,433032,1433032,Region,..Kaduna,0,,0,1,FPNADMWUNT,NGDHS2024433032,2024,DHS,1834,1102,,,2
NGA,Kano,7276387,Unmet need for family planning,26,1,NG,Nigeria,2024,NG2024DHS,FP_NADM_W_UNT,32933030,I,433033,1433033,Region,..Kano,0,,0,1,FPNADMWUNT,NGDHS2024433033,2024,DHS,2421,1235,,,2
NGA,Katsina,2444139,Unmet need for family planning,17.1,1,NG,Nigeria,2024,NG2024DHS,FP_NADM_W_UNT,32933030,I,433034,1433034,Region,..Katsina,0,,0,1,FPNADMWUNT,NGDHS2024433034,2024,DHS,1439,937,,,2
NGA,Kebbi,155352,Unmet need for family planning,20.5,1,NG,Nigeria,2024,NG2024DHS,FP_NADM_W_UNT,32933030,I,433035,1433035,Region,..Kebbi,0,,0,1,FPNADMWUNT,NGDHS2024433035,2024,DHS,758,1071,,,2
NGA,Sokoto,3904382,Unmet need for family planning,10.7,1,NG,Nigeria,2024,NG2024DHS,FP_NADM_W_UNT,32933030,I,433036,1433036,Region,..Sokoto,0,,0,1,FPNADMWUNT,NGDHS2024433036,2024,DHS,990,1069,,,2
NGA,Zamfara,4237976,Unmet need for family planning,17.3,1,NG,Nigeria,2024,NG2024DHS,FP_NADM_W_UNT,32933030,I,433037,1433037,Region,..Zamfara,0,,0,1,FPNADMWUNT,NGDHS2024433037,2024,DHS,946,711,,,2
NGA,South East,7587521,Unmet need for family planning,21.4,1,NG,Nigeria,2024,NG2024DHS,FP_NADM_W_UNT,32933030,I,433008,1433040,Region,South East,0,,0,1,FPNADMWUNT,NGDHS2024433008,2024,DHS,1851,2841,,,1
NGA,Abia,2468492,Unmet need for family planning,19.8,1,NG,Nigeria,2024,NG2024DHS,FP_NADM_W_UNT,32933030,I,433041,1433041,Region,..Abia,0,,0,1,FPNADMWUNT,NGDHS2024433041,2024,DHS,221,434,,,2
NGA,Anambra,2451895,Unmet need for family planning,15,1,NG,Nigeria,2024,NG2024DHS,FP_NADM_W_UNT,32933030,I,433042,1433042,Region,..Anambra,0,,0,1,FPNADMWUNT,NGDHS2024433042,2024,DHS,400,592,,,2
NGA,Ebonyi,6330098,Unmet need for family planning,29.2,1,NG,Nigeria,2024,NG2024DHS,FP_NADM_W_UNT,32933030,I,433043,1433043,Region,..Ebonyi,0,,0,1,FPNADMWUNT,NGDHS2024433043,2024,DHS,531,753,,,2
NGA,Enugu,2458917,Unmet need for family planning,23.6,1,NG,Nigeria,2024,NG2024DHS,FP_NADM_W_UNT,32933030,I,433044,1433044,Region,..Enugu,0,,0,1,FPNADMWUNT,NGDHS2024433044,2024,DHS,269,450,,,2
NGA,Imo,5832338,Unmet need for family planning,17,1,NG,Nigeria,2024,NG2024DHS,FP_NADM_W_UNT,32933030,I,433045,1433045,Region,..Imo,0,,0,1,FPNADMWUNT,NGDHS2024433045,2024,DHS,430,612,,,2
NGA,South West,5607743,Unmet need for family planning,19.1,1,NG,Nigeria,2024,NG2024DHS,FP_NADM_W_UNT,32933030,I,433009,1433050,Region,South West,0,,0,1,FPNADMWUNT,NGDHS2024433009,2024,DHS,3504,3135,,,1
NGA,Ekiti,2938198,Unmet need for family planning,12.8,1,NG,Nigeria,2024,NG2024DHS,FP_NADM_W_UNT,32933030,I,433051,1433051,Region,..Ekiti,0,,0,1,FPNADMWUNT,NGDHS2024433051,2024,DHS,148,319,,,2
NGA,Lagos,7241740,Unmet need for family planning,12.6,1,NG,Nigeria,2024,NG2024DHS,FP_NADM_W_UNT,32933030,I,433052,1433052,Region,..Lagos,0,,0,1,FPNADMWUNT,NGDHS2024433052,2024,DHS,955,596,,,2
NGA,Ogun,2468462,Unmet need for family planning,25.9,1,NG,Nigeria,2024,NG2024DHS,FP_NADM_W_UNT,32933030,I,433053,1433053,Region,..Ogun,0,,0,1,FPNADMWUNT,NGDHS2024433053,2024,DHS,824,636,,,2
NGA,Ondo,4921634,Unmet need for family planning,22,1,NG,Nigeria,2024,NG2024DHS,FP_NADM_W_UNT,32933030,I,433054,1433054,Region,..Ondo,0,,0,1,FPNADMWUNT,NGDHS2024433054,2024,DHS,350,435,,,2
NGA,Osun,4347714,Unmet need for family planning,22.9,1,NG,Nigeria,2024,NG2024DHS,FP_NADM_W_UNT,32933030,I,433055,1433055,Region,..Osun,0,,0,1,FPNADMWUNT,NGDHS2024433055,2024,DHS,389,419,,,2
NGA,Oyo,4231604,Unmet need for family planning,17.8,1,NG,Nigeria,2024,NG2024DHS,FP_NADM_W_UNT,32933030,I,433056,1433056,Region,..Oyo,0,,0,1,FPNADMWUNT,NGDHS2024433056,2024,DHS,838,730,,,2
NGA,South South,2778944,Unmet need for family planning,21.8,1,NG,Nigeria,2024,NG2024DHS,FP_NADM_W_UNT,32933030,I,433010,1433060,Region,South South,0,,0,1,FPNADMWUNT,NGDHS2024433010,2024,DHS,2356,2929,,,1
NGA,Akwa Ibom,585173,Unmet need for family planning,22.6,1,NG,Nigeria,2024,NG2024DHS,FP_NADM_W_UNT,32933030,I,433061,1433061,Region,..Akwa Ibom,0,,0,1,FPNADMWUNT,NGDHS2024433061,2024,DHS,328,419,,,2
NGA,Bayelsa,7319258,Unmet need for family planning,27.7,1,NG,Nigeria,2024,NG2024DHS,FP_NADM_W_UNT,32933030,I,433062,1433062,Region,..Bayelsa,0,,0,1,FPNADMWUNT,NGDHS2024433062,2024,DHS,169,435,,,2
NGA,Cross River,7772304,Unmet need for family planning,30.3,1,NG,Nigeria,2024,NG2024DHS,FP_NADM_W_UNT,32933030,I,433063,1433063,Region,..Cross River,0,,0,1,FPNADMWUNT,NGDHS2024433063,2024,DHS,269,446,,,2
NGA,Delta,5839134,Unmet need for family planning,16.4,1,NG,Nigeria,2024,NG2024DHS,FP_NADM_W_UNT,32933030,I,433064,1433064,Region,..Delta,0,,0,1,FPNADMWUNT,NGDHS2024433064,2024,DHS,553,529,,,2
NGA,Edo,6044404,Unmet need for family planning,19.1,1,NG,Nigeria,2024,NG2024DHS,FP_NADM_W_UNT,32933030,I,433065,1433065,Region,..Edo,0,,0,1,FPNADMWUNT,NGDHS2024433065,2024,DHS,344,476,,,2
NGA,Rivers,5324634,Unmet need for family planning,22.5,1,NG,Nigeria,2024,NG2024DHS,FP_NADM_W_UNT,32933030,I,433066,1433066,Region,..Rivers,0,,0,1,FPNADMWUNT,NGDHS2024433066,2024,DHS,694,624,,,2
NGA,North Central,5073850,Demand for family planning satisfied by modern methods,39.1,1,NG,Nigeria,2024,NG2024DHS,FP_NADM_W_PDM,32933150,I,433005,1433010,Region,North Central,0,,0,1,FPNADMWPDM,NGDHS2024433005,2024,DHS,1963,2124,,,1
NGA,FCT Abuja,4429293,Demand for family planning satisfied by modern methods,40.3,1,NG,Nigeria,2024,NG2024DHS,FP_NADM_W_PDM,32933150,I,433011,1433011,Region,..FCT Abuja,0,,0,1,FPNADMWPDM,NGDHS2024433011,2024,DHS,209,229,,,2
NGA,Benue,155333,Demand for family planning satisfied by modern methods,44.7,1,NG,Nigeria,2024,NG2024DHS,FP_NADM_W_PDM,32933150,I,433012,1433012,Region,..Benue,0,,0,1,FPNADMWPDM,NGDHS2024433012,2024,DHS,317,306,,,2
NGA,Kogi,2468524,Demand for family planning satisfied by modern methods,30,1,NG,Nigeria,2024,NG2024DHS,FP_NADM_W_PDM,32933150,I,433013,1433013,Region,..Kogi,0,,0,1,FPNADMWPDM,NGDHS2024433013,2024,DHS,147,238,,,2
NGA,Kwara,5508479,Demand for family planning satisfied by modern methods,26,1,NG,Nigeria,2024,NG2024DHS,FP_NADM_W_PDM,32933150,I,433014,1433014,Region,..Kwara,0,,0,1,FPNADMWPDM,NGDHS2024433014,2024,DHS,202,258,,,2
NGA,Nasarawa,5904914,Demand for family planning satisfied by modern methods,47.9,1,NG,Nigeria,2024,NG2024DHS,FP_NADM_W_PDM,32933150,I,433015,1433015,Region,..Nasarawa,0,,0,1,FPNADMWPDM,NGDHS2024433015,2024,DHS,307,357,,,2
NGA,Niger,5343062,Demand for family planning satisfied by modern methods,25.8,1,NG,Nigeria,2024,NG2024DHS,FP_NADM_W_PDM,32933150,I,433016,1433016,Region,..Niger,0,,0,1,FPNADMWPDM,NGDHS2024433016,2024,DHS,466,338,,,2
NGA,Plateau,3501035,Demand for family planning satisfied by modern methods,56.6,1,NG,Nigeria,2024,NG2024DHS,FP_NADM_W_PDM,32933150,I,433017,1433017,Region,..Plateau,0,,0,1,FPNADMWPDM,NGDHS2024433017,2024,DHS,314,398,,,2
NGA,North East,3992300,Demand for family planning satisfied by modern methods,34.9,1,NG,Nigeria,2024,NG2024DHS,FP_NADM_W_PDM,32933150,I,433006,1433020,Region,North East,0,,0,1,FPNADMWPDM,NGDHS2024433006,2024,DHS,1623,1692,,,1
NGA,Adamawa,4024802,Demand for family planning satisfied by modern methods,39,1,NG,Nigeria,2024,NG2024DHS,FP_NADM_W_PDM,32933150,I,433021,1433021,Region,..Adamawa,0,,0,1,FPNADMWPDM,NGDHS2024433021,2024,DHS,278,335,,,2
NGA,Bauchi,6120356,Demand for family planning satisfied by modern methods,31.8,1,NG,Nigeria,2024,NG2024DHS,FP_NADM_W_PDM,32933150,I,433022,1433022,Region,..Bauchi,0,,0,1,FPNADMWPDM,NGDHS2024433022,2024,DHS,482,295,,,2
NGA,Borno,3081752,Demand for family planning satisfied by modern methods,25.9,1,NG,Nigeria,2024,NG2024DHS,FP_NADM_W_PDM,32933150,I,433023,1433023,Region,..Borno,0,,0,1,FPNADMWPDM,NGDHS2024433023,2024,DHS,269,225,,,2
NGA,Gombe,6792698,Demand for family planning satisfied by modern methods,68.7,1,NG,Nigeria,2024,NG2024DHS,FP_NADM_W_PDM,32933150,I,433024,1433024,Region,..Gombe,0,,0,1,FPNADMWPDM,NGDHS2024433024,2024,DHS,190,362,,,2
NGA,Taraba,3984169,Demand for family planning satisfied by modern methods,30.3,1,NG,Nigeria,2024,NG2024DHS,FP_NADM_W_PDM,32933150,I,433025,1433025,Region,..Taraba,0,,0,1,FPNADMWPDM,NGDHS2024433025,2024,DHS,173,205,,,2
NGA,Yobe,6983856,Demand for family planning satisfied by modern methods,22.7,1,NG,Nigeria,2024,NG2024DHS,FP_NADM_W_PDM,32933150,I,433026,1433026,Region,..Yobe,0,,0,1,FPNADMWPDM,NGDHS2024433026,2024,DHS,229,270,,,2
NGA,North West,6942209,Demand for family planning satisfied by modern methods,30.2,1,NG,Nigeria,2024,NG2024DHS,FP_NADM_W_PDM,32933150,I,433007,1433030,Region,North West,0,,0,1,FPNADMWPDM,NGDHS2024433007,2024,DHS,2859,2050,,,1
NGA,Jigawa,4900306,Demand for family planning satisfied by modern methods,19.1,1,NG,Nigeria,2024,NG2024DHS,FP_NADM_W_PDM,32933150,I,433031,1433031,Region,..Jigawa,0,,0,1,FPNADMWPDM,NGDHS2024433031,2024,DHS,175,189,,,2
NGA,Kaduna,2458872,Demand for family planning satisfied by modern methods,33.4,1,NG,Nigeria,2024,NG2024DHS,FP_NADM_W_PDM,32933150,I,433032,1433032,Region,..Kaduna,0,,0,1,FPNADMWPDM,NGDHS2024433032,2024,DHS,720,425,,,2
NGA,Kano,5491646,Demand for family planning satisfied by modern methods,28.5,1,NG,Nigeria,2024,NG2024DHS,FP_NADM_W_PDM,32933150,I,433033,1433033,Region,..Kano,0,,0,1,FPNADMWPDM,NGDHS2024433033,2024,DHS,899,473,,,2
NGA,Katsina,5891755,Demand for family planning satisfied by modern methods,27,1,NG,Nigeria,2024,NG2024DHS,FP_NADM_W_PDM,32933150,I,433034,1433034,Region,..Katsina,0,,0,1,FPNADMWPDM,NGDHS2024433034,2024,DHS,358,244,,,2
NGA,Kebbi,2468432,Demand for family planning satisfied by modern methods,12.7,1,NG,Nigeria,2024,NG2024DHS,FP_NADM_W_PDM,32933150,I,433035,1433035,Region,..Kebbi,0,,0,1,FPNADMWPDM,NGDHS2024433035,2024,DHS,180,263,,,2
NGA,Sokoto,3683408,Demand for family planning satisfied by modern methods,34,1,NG,Nigeria,2024,NG2024DHS,FP_NADM_W_PDM,32933150,I,433036,1433036,Region,..Sokoto,0,,0,1,FPNADMWPDM,NGDHS2024433036,2024,DHS,174,196,,,2
NGA,Zamfara,2597987,Demand for family planning satisfied by modern methods,44,1,NG,Nigeria,2024,NG2024DHS,FP_NADM_W_PDM,32933150,I,433037,1433037,Region,..Zamfara,0,,0,1,FPNADMWPDM,NGDHS2024433037,2024,DHS,353,260,,,2
NGA,South East,7587557,Demand for family planning satisfied by modern methods,29.5,1,NG,Nigeria,2024,NG2024DHS,FP_NADM_W_PDM,32933150,I,433008,1433040,Region,South East,0,,0,1,FPNADMWPDM,NGDHS2024433008,2024,DHS,948,1474,,,1
NGA,Abia,6165771,Demand for family planning satisfied by modern methods,34.1,1,NG,Nigeria,2024,NG2024DHS,FP_NADM_W_PDM,32933150,I,433041,1433041,Region,..Abia,0,,0,1,FPNADMWPDM,NGDHS2024433041,2024,DHS,119,227,,,2
NGA,Anambra,3081770,Demand for family planning satisfied by modern methods,39.1,1,NG,Nigeria,2024,NG2024DHS,FP_NADM_W_PDM,32933150,I,433042,1433042,Region,..Anambra,0,,0,1,FPNADMWPDM,NGDHS2024433042,2024,DHS,226,340,,,2
NGA,Ebonyi,6558833,Demand for family planning satisfied by modern methods,18.8,1,NG,Nigeria,2024,NG2024DHS,FP_NADM_W_PDM,32933150,I,433043,1433043,Region,..Ebonyi,0,,0,1,FPNADMWPDM,NGDHS2024433043,2024,DHS,208,310,,,2
NGA,Enugu,2458890,Demand for family planning satisfied by modern methods,22.6,1,NG,Nigeria,2024,NG2024DHS,FP_NADM_W_PDM,32933150,I,433044,1433044,Region,..Enugu,0,,0,1,FPNADMWPDM,NGDHS2024433044,2024,DHS,133,226,,,2
NGA,Imo,6973760,Demand for family planning satisfied by modern methods,31,1,NG,Nigeria,2024,NG2024DHS,FP_NADM_W_PDM,32933150,I,433045,1433045,Region,..Imo,0,,0,1,FPNADMWPDM,NGDHS2024433045,2024,DHS,263,371,,,2
NGA,South West,4307420,Demand for family planning satisfied by modern methods,49.9,1,NG,Nigeria,2024,NG2024DHS,FP_NADM_W_PDM,32933150,I,433009,1433050,Region,South West,0,,0,1,FPNADMWPDM,NGDHS2024433009,2024,DHS,2205,1967,,,1
NGA,Ekiti,2451882,Demand for family planning satisfied by modern methods,54.3,1,NG,Nigeria,2024,NG2024DHS,FP_NADM_W_PDM,32933150,I,433051,1433051,Region,..Ekiti,0,,0,1,FPNADMWPDM,NGDHS2024433051,2024,DHS,117,248,,,2
NGA,Lagos,7102975,Demand for family planning satisfied by modern methods,46,1,NG,Nigeria,2024,NG2024DHS,FP_NADM_W_PDM,32933150,I,433052,1433052,Region,..Lagos,0,,0,1,FPNADMWPDM,NGDHS2024433052,2024,DHS,637,396,,,2
NGA,Ogun,5920541,Demand for family planning satisfied by modern methods,44,1,NG,Nigeria,2024,NG2024DHS,FP_NADM_W_PDM,32933150,I,433053,1433053,Region,..Ogun,0,,0,1,FPNADMWPDM,NGDHS2024433053,2024,DHS,542,420,,,2
NGA,Ondo,2468552,Demand for family planning satisfied by modern methods,46.9,1,NG,Nigeria,2024,NG2024DHS,FP_NADM_W_PDM,32933150,I,433054,1433054,Region,..Ondo,0,,0,1,FPNADMWPDM,NGDHS2024433054,2024,DHS,171,212,,,2
NGA,Osun,3683366,Demand for family planning satisfied by modern methods,55.3,1,NG,Nigeria,2024,NG2024DHS,FP_NADM_W_PDM,32933150,I,433055,1433055,Region,..Osun,0,,0,1,FPNADMWPDM,NGDHS2024433055,2024,DHS,246,258,,,2
NGA,Oyo,2444181,Demand for family planning satisfied by modern methods,58.6,1,NG,Nigeria,2024,NG2024DHS,FP_NADM_W_PDM,32933150,I,433056,1433056,Region,..Oyo,0,,0,1,FPNADMWPDM,NGDHS2024433056,2024,DHS,492,433,,,2
NGA,South South,7394888,Demand for family planning satisfied by modern methods,35.5,1,NG,Nigeria,2024,NG2024DHS,FP_NADM_W_PDM,32933150,I,433010,1433060,Region,South South,0,,0,1,FPNADMWPDM,NGDHS2024433010,2024,DHS,1241,1564,,,1
NGA,Akwa Ibom,59557,Demand for family planning satisfied by modern methods,26.1,1,NG,Nigeria,2024,NG2024DHS,FP_NADM_W_PDM,32933150,I,433061,1433061,Region,..Akwa Ibom,0,,0,1,FPNADMWPDM,NGDHS2024433061,2024,DHS,216,277,,,2
NGA,Bayelsa,6578903,Demand for family planning satisfied by modern methods,32.2,1,NG,Nigeria,2024,NG2024DHS,FP_NADM_W_PDM,32933150,I,433062,1433062,Region,..Bayelsa,0,,0,1,FPNADMWPDM,NGDHS2024433062,2024,DHS,88,223,,,2
NGA,Cross River,7787493,Demand for family planning satisfied by modern methods,32.8,1,NG,Nigeria,2024,NG2024DHS,FP_NADM_W_PDM,32933150,I,433063,1433063,Region,..Cross River,0,,0,1,FPNADMWPDM,NGDHS2024433063,2024,DHS,155,260,,,2
NGA,Delta,5233982,Demand for family planning satisfied by modern methods,41.6,1,NG,Nigeria,2024,NG2024DHS,FP_NADM_W_PDM,32933150,I,433064,1433064,Region,..Delta,0,,0,1,FPNADMWPDM,NGDHS2024433064,2024,DHS,325,312,,,2
NGA,Edo,3739121,Demand for family planning satisfied by modern methods,41.6,1,NG,Nigeria,2024,NG2024DHS,FP_NADM_W_PDM,32933150,I,433065,1433065,Region,..Edo,0,,0,1,FPNADMWPDM,NGDHS2024433065,2024,DHS,160,222,,,2
NGA,Rivers,3087970,Demand for family planning satisfied by modern methods,34.9,1,NG,Nigeria,2024,NG2024DHS,FP_NADM_W_PDM,32933150,I,433066,1433066,Region,..Rivers,0,,0,1,FPNADMWPDM,NGDHS2024433066,2024,DHS,297,270,,,2
NGA,North Central,2457322,Median age at first marriage [Women]: 25-49,20.1,1,NG,Nigeria,2024,NG2024DHS,MA_AAFM_W_M2B,41633090,I,433005,1433010,Region,North Central,0,,0,1,MAAAFMWM2B,NGDHS2024433005,2024,DHS,,,,,1
NGA,FCT Abuja,2465098,Median age at first marriage [Women]: 25-49,24.2,1,NG,Nigeria,2024,NG2024DHS,MA_AAFM_W_M2B,41633090,I,433011,1433011,Region,..FCT Abuja,0,,0,1,MAAAFMWM2B,NGDHS2024433011,2024,DHS,,,,,2
NGA,Benue,2465078,Median age at first marriage [Women]: 25-49,20.1,1,NG,Nigeria,2024,NG2024DHS,MA_AAFM_W_M2B,41633090,I,433012,1433012,Region,..Benue,0,,0,1,MAAAFMWM2B,NGDHS2024433012,2024,DHS,,,,,2
NGA,Kogi,2465094,Median age at first marriage [Women]: 25-49,20.6,1,NG,Nigeria,2024,NG2024DHS,MA_AAFM_W_M2B,41633090,I,433013,1433013,Region,..Kogi,0,,0,1,MAAAFMWM2B,NGDHS2024433013,2024,DHS,,,,,2
NGA,Kwara,2465100,Median age at first marriage [Women]: 25-49,22.2,1,NG,Nigeria,2024,NG2024DHS,MA_AAFM_W_M2B,41633090,I,433014,1433014,Region,..Kwara,0,,0,1,MAAAFMWM2B,NGDHS2024433014,2024,DHS,,,,,2
NGA,Nasarawa,2465143,Median age at first marriage [Women]: 25-49,19.8,1,NG,Nigeria,2024,NG2024DHS,MA_AAFM_W_M2B,41633090,I,433015,1433015,Region,..Nasarawa,0,,0,1,MAAAFMWM2B,NGDHS2024433015,2024,DHS,,,,,2
NGA,Niger,2442945,Median age at first marriage [Women]: 25-49,18.2,1,NG,Nigeria,2024,NG2024DHS,MA_AAFM_W_M2B,41633090,I,433016,1433016,Region,..Niger,0,,0,1,MAAAFMWM2B,NGDHS2024433016,2024,DHS,,,,,2
NGA,Plateau,2457311,Median age at first marriage [Women]: 25-49,19.9,1,NG,Nigeria,2024,NG2024DHS,MA_AAFM_W_M2B,41633090,I,433017,1433017,Region,..Plateau,0,,0,1,MAAAFMWM2B,NGDHS2024433017,2024,DHS,,,,,2
NGA,North East,2442942,Median age at first marriage [Women]: 25-49,17.8,1,NG,Nigeria,2024,NG2024DHS,MA_AAFM_W_M2B,41633090,I,433006,1433020,Region,North East,0,,0,1,MAAAFMWM2B,NGDHS2024433006,2024,DHS,,,,,1
NGA,Adamawa,2442961,Median age at first marriage [Women]: 25-49,18.1,1,NG,Nigeria,2024,NG2024DHS,MA_AAFM_W_M2B,41633090,I,433021,1433021,Region,..Adamawa,0,,0,1,MAAAFMWM2B,NGDHS2024433021,2024,DHS,,,,,2
NGA,Bauchi,2457314,Median age at first marriage [Women]: 25-49,17.5,1,NG,Nigeria,2024,NG2024DHS,MA_AAFM_W_M2B,41633090,I,433022,1433022,Region,..Bauchi,0,,0,1,MAAAFMWM2B,NGDHS2024433022,2024,DHS,,,,,2
NGA,Borno,2450517,Median age at first marriage [Women]: 25-49,18.3,1,NG,Nigeria,2024,NG2024DHS,MA_AAFM_W_M2B,41633090,I,433023,1433023,Region,..Borno,0,,0,1,MAAAFMWM2B,NGDHS2024433023,2024,DHS,,,,,2
NGA,Gombe,4902793,Median age at first marriage [Women]: 25-49,16.9,1,NG,Nigeria,2024,NG2024DHS,MA_AAFM_W_M2B,41633090,I,433024,1433024,Region,..Gombe,0,,0,1,MAAAFMWM2B,NGDHS2024433024,2024,DHS,,,,,2
NGA,Taraba,2450534,Median age at first marriage [Women]: 25-49,19.2,1,NG,Nigeria,2024,NG2024DHS,MA_AAFM_W_M2B,41633090,I,433025,1433025,Region,..Taraba,0,,0,1,MAAAFMWM2B,NGDHS2024433025,2024,DHS,,,,,2
NGA,Yobe,2457300,Median age at first marriage [Women]: 25-49,16.9,1,NG,Nigeria,2024,NG2024DHS,MA_AAFM_W_M2B,41633090,I,433026,1433026,Region,..Yobe,0,,0,1,MAAAFMWM2B,NGDHS2024433026,2024,DHS,,,,,2
NGA,North West,2465074,Median age at first marriage [Women]: 25-49,16.7,1,NG,Nigeria,2024,NG2024DHS,MA_AAFM_W_M2B,41633090,I,433007,1433030,Region,North West,0,,0,1,MAAAFMWM2B,NGDHS2024433007,2024,DHS,,,,,1
NGA,Jigawa,2450530,Median age at first marriage [Women]: 25-49,16.3,1,NG,Nigeria,2024,NG2024DHS,MA_AAFM_W_M2B,41633090,I,433031,1433031,Region,..Jigawa,0,,0,1,MAAAFMWM2B,NGDHS2024433031,2024,DHS,,,,,2
NGA,Kaduna,2457317,Median age at first marriage [Women]: 25-49,17.4,1,NG,Nigeria,2024,NG2024DHS,MA_AAFM_W_M2B,41633090,I,433032,1433032,Region,..Kaduna,0,,0,1,MAAAFMWM2B,NGDHS2024433032,2024,DHS,,,,,2
NGA,Kano,2457356,Median age at first marriage [Women]: 25-49,17.4,1,NG,Nigeria,2024,NG2024DHS,MA_AAFM_W_M2B,41633090,I,433033,1433033,Region,..Kano,0,,0,1,MAAAFMWM2B,NGDHS2024433033,2024,DHS,,,,,2
NGA,Katsina,2442937,Median age at first marriage [Women]: 25-49,16.6,1,NG,Nigeria,2024,NG2024DHS,MA_AAFM_W_M2B,41633090,I,433034,1433034,Region,..Katsina,0,,0,1,MAAAFMWM2B,NGDHS2024433034,2024,DHS,,,,,2
NGA,Kebbi,2465116,Median age at first marriage [Women]: 25-49,17.1,1,NG,Nigeria,2024,NG2024DHS,MA_AAFM_W_M2B,41633090,I,433035,1433035,Region,..Kebbi,0,,0,1,MAAAFMWM2B,NGDHS2024433035,2024,DHS,,,,,2
NGA,Sokoto,2465149,Median age at first marriage [Women]: 25-49,15.9,1,NG,Nigeria,2024,NG2024DHS,MA_AAFM_W_M2B,41633090,I,433036,1433036,Region,..Sokoto,0,,0,1,MAAAFMWM2B,NGDHS2024433036,2024,DHS,,,,,2
NGA,Zamfara,2450531,Median age at first marriage [Women]: 25-49,15.7,1,NG,Nigeria,2024,NG2024DHS,MA_AAFM_W_M2B,41633090,I,433037,1433037,Region,..Zamfara,0,,0,1,MAAAFMWM2B,NGDHS2024433037,2024,DHS,,,,,2
NGA,South East,7589458,Median age at first marriage [Women]: 25-49,24.1,1,NG,Nigeria,2024,NG2024DHS,MA_AAFM_W_M2B,41633090,I,433008,1433040,Region,South East,0,,0,1,MAAAFMWM2B,NGDHS2024433008,2024,DHS,,,,,1
NGA,Anambra,2450511,Median age at first marriage [Women]: 25-49,24.3,1,NG,Nigeria,2024,NG2024DHS,MA_AAFM_W_M2B,41633090,I,433042,1433042,Region,..Anambra,0,,0,1,MAAAFMWM2B,NGDHS2024433042,2024,DHS,,,,,2
NGA,Ebonyi,2450589,Median age at first marriage [Women]: 25-49,21.8,1,NG,Nigeria,2024,NG2024DHS,MA_AAFM_W_M2B,41633090,I,433043,1433043,Region,..Ebonyi,0,,0,1,MAAAFMWM2B,NGDHS2024433043,2024,DHS,,,,,2
NGA,Imo,2442976,Median age at first marriage [Women]: 25-49,24.7,1,NG,Nigeria,2024,NG2024DHS,MA_AAFM_W_M2B,41633090,I,433045,1433045,Region,..Imo,0,,0,1,MAAAFMWM2B,NGDHS2024433045,2024,DHS,,,,,2
NGA,South West,2465076,Median age at first marriage [Women]: 25-49,24,1,NG,Nigeria,2024,NG2024DHS,MA_AAFM_W_M2B,41633090,I,433009,1433050,Region,South West,0,,0,1,MAAAFMWM2B,NGDHS2024433009,2024,DHS,,,,,1
NGA,Ekiti,2450538,Median age at first marriage [Women]: 25-49,22.3,1,NG,Nigeria,2024,NG2024DHS,MA_AAFM_W_M2B,41633090,I,433051,1433051,Region,..Ekiti,0,,0,1,MAAAFMWM2B,NGDHS2024433051,2024,DHS,,,,,2
NGA,Ogun,2465166,Median age at first marriage [Women]: 25-49,23.1,1,NG,Nigeria,2024,NG2024DHS,MA_AAFM_W_M2B,41633090,I,433053,1433053,Region,..Ogun,0,,0,1,MAAAFMWM2B,NGDHS2024433053,2024,DHS,,,,,2
NGA,Ondo,2465162,Median age at first marriage [Women]: 25-49,22.5,1,NG,Nigeria,2024,NG2024DHS,MA_AAFM_W_M2B,41633090,I,433054,1433054,Region,..Ondo,0,,0,1,MAAAFMWM2B,NGDHS2024433054,2024,DHS,,,,,2
NGA,Osun,2465129,Median age at first marriage [Women]: 25-49,22.9,1,NG,Nigeria,2024,NG2024DHS,MA_AAFM_W_M2B,41633090,I,433055,1433055,Region,..Osun,0,,0,1,MAAAFMWM2B,NGDHS2024433055,2024,DHS,,,,,2
NGA,Oyo,2442982,Median age at first marriage [Women]: 25-49,23.3,1,NG,Nigeria,2024,NG2024DHS,MA_AAFM_W_M2B,41633090,I,433056,1433056,Region,..Oyo,0,,0,1,MAAAFMWM2B,NGDHS2024433056,2024,DHS,,,,,2
NGA,South South,2465050,Median age at first marriage [Women]: 25-49,24.5,1,NG,Nigeria,2024,NG2024DHS,MA_AAFM_W_M2B,41633090,I,433010,1433060,Region,South South,0,,0,1,MAAAFMWM2B,NGDHS2024433010,2024,DHS,,,,,1
NGA,Akwa Ibom,2457374,Median age at first marriage [Women]: 25-49,22.3,1,NG,Nigeria,2024,NG2024DHS,MA_AAFM_W_M2B,41633090,I,433061,1433061,Region,..Akwa Ibom,0,,0,1,MAAAFMWM2B,NGDHS2024433061,2024,DHS,,,,,2
NGA,Bayelsa,2465231,Median age at first marriage [Women]: 25-49,23.3,1,NG,Nigeria,2024,NG2024DHS,MA_AAFM_W_M2B,41633090,I,433062,1433062,Region,..Bayelsa,0,,0,1,MAAAFMWM2B,NGDHS2024433062,2024,DHS,,,,,2
NGA,Cross River,7788571,Median age at first marriage [Women]: 25-49,24.6,1,NG,Nigeria,2024,NG2024DHS,MA_AAFM_W_M2B,41633090,I,433063,1433063,Region,..Cross River,0,,0,1,MAAAFMWM2B,NGDHS2024433063,2024,DHS,,,,,2
NGA,Delta,2465132,Median age at first marriage [Women]: 25-49,24.6,1,NG,Nigeria,2024,NG2024DHS,MA_AAFM_W_M2B,41633090,I,433064,1433064,Region,..Delta,0,,0,1,MAAAFMWM2B,NGDHS2024433064,2024,DHS,,,,,2
NGA,Edo,2465154,Median age at first marriage [Women]: 25-49,24.9,1,NG,Nigeria,2024,NG2024DHS,MA_AAFM_W_M2B,41633090,I,433065,1433065,Region,..Edo,0,,0,1,MAAAFMWM2B,NGDHS2024433065,2024,DHS,,,,,2
NGA,North Central,2457511,Median age at first sexual intercourse [Women]: 25-49,18,1,NG,Nigeria,2024,NG2024DHS,SX_AAFS_W_M2B,51703090,I,433005,1433010,Region,North Central,0,,0,1,SXAAFSWM2B,NGDHS2024433005,2024,DHS,,,,,1
NGA,FCT Abuja,2465512,Median age at first sexual intercourse [Women]: 25-49,19.2,1,NG,Nigeria,2024,NG2024DHS,SX_AAFS_W_M2B,51703090,I,433011,1433011,Region,..FCT Abuja,0,,0,1,SXAAFSWM2B,NGDHS2024433011,2024,DHS,,,,,2
NGA,Benue,2465495,Median age at first sexual intercourse [Women]: 25-49,17.5,1,NG,Nigeria,2024,NG2024DHS,SX_AAFS_W_M2B,51703090,I,433012,1433012,Region,..Benue,0,,0,1,SXAAFSWM2B,NGDHS2024433012,2024,DHS,,,,,2
NGA,Kogi,2465546,Median age at first sexual intercourse [Women]: 25-49,18,1,NG,Nigeria,2024,NG2024DHS,SX_AAFS_W_M2B,51703090,I,433013,1433013,Region,..Kogi,0,,0,1,SXAAFSWM2B,NGDHS2024433013,2024,DHS,,,,,2
NGA,Kwara,2465508,Median age at first sexual intercourse [Women]: 25-49,18.3,1,NG,Nigeria,2024,NG2024DHS,SX_AAFS_W_M2B,51703090,I,433014,1433014,Region,..Kwara,0,,0,1,SXAAFSWM2B,NGDHS2024433014,2024,DHS,,,,,2
NGA,Nasarawa,2465490,Median age at first sexual intercourse [Women]: 25-49,18.3,1,NG,Nigeria,2024,NG2024DHS,SX_AAFS_W_M2B,51703090,I,433015,1433015,Region,..Nasarawa,0,,0,1,SXAAFSWM2B,NGDHS2024433015,2024,DHS,,,,,2
NGA,Niger,2443087,Median age at first sexual intercourse [Women]: 25-49,17.8,1,NG,Nigeria,2024,NG2024DHS,SX_AAFS_W_M2B,51703090,I,433016,1433016,Region,..Niger,0,,0,1,SXAAFSWM2B,NGDHS2024433016,2024,DHS,,,,,2
NGA,Plateau,2457530,Median age at first sexual intercourse [Women]: 25-49,17.4,1,NG,Nigeria,2024,NG2024DHS,SX_AAFS_W_M2B,51703090,I,433017,1433017,Region,..Plateau,0,,0,1,SXAAFSWM2B,NGDHS2024433017,2024,DHS,,,,,2
NGA,North East,2443116,Median age at first sexual intercourse [Women]: 25-49,16.7,1,NG,Nigeria,2024,NG2024DHS,SX_AAFS_W_M2B,51703090,I,433006,1433020,Region,North East,0,,0,1,SXAAFSWM2B,NGDHS2024433006,2024,DHS,,,,,1
NGA,Adamawa,2443107,Median age at first sexual intercourse [Women]: 25-49,16.3,1,NG,Nigeria,2024,NG2024DHS,SX_AAFS_W_M2B,51703090,I,433021,1433021,Region,..Adamawa,0,,0,1,SXAAFSWM2B,NGDHS2024433021,2024,DHS,,,,,2
NGA,Bauchi,2457522,Median age at first sexual intercourse [Women]: 25-49,16.5,1,NG,Nigeria,2024,NG2024DHS,SX_AAFS_W_M2B,51703090,I,433022,1433022,Region,..Bauchi,0,,0,1,SXAAFSWM2B,NGDHS2024433022,2024,DHS,,,,,2
NGA,Borno,2450710,Median age at first sexual intercourse [Women]: 25-49,17,1,NG,Nigeria,2024,NG2024DHS,SX_AAFS_W_M2B,51703090,I,433023,1433023,Region,..Borno,0,,0,1,SXAAFSWM2B,NGDHS2024433023,2024,DHS,,,,,2
NGA,Gombe,4902800,Median age at first sexual intercourse [Women]: 25-49,16.9,1,NG,Nigeria,2024,NG2024DHS,SX_AAFS_W_M2B,51703090,I,433024,1433024,Region,..Gombe,0,,0,1,SXAAFSWM2B,NGDHS2024433024,2024,DHS,,,,,2
NGA,Taraba,2450743,Median age at first sexual intercourse [Women]: 25-49,16.8,1,NG,Nigeria,2024,NG2024DHS,SX_AAFS_W_M2B,51703090,I,433025,1433025,Region,..Taraba,0,,0,1,SXAAFSWM2B,NGDHS2024433025,2024,DHS,,,,,2
NGA,Yobe,2457551,Median age at first sexual intercourse [Women]: 25-49,16.8,1,NG,Nigeria,2024,NG2024DHS,SX_AAFS_W_M2B,51703090,I,433026,1433026,Region,..Yobe,0,,0,1,SXAAFSWM2B,NGDHS2024433026,2024,DHS,,,,,2
NGA,North West,2465544,Median age at first sexual intercourse [Women]: 25-49,16.4,1,NG,Nigeria,2024,NG2024DHS,SX_AAFS_W_M2B,51703090,I,433007,1433030,Region,North West,0,,0,1,SXAAFSWM2B,NGDHS2024433007,2024,DHS,,,,,1
NGA,Jigawa,2450690,Median age at first sexual intercourse [Women]: 25-49,16.3,1,NG,Nigeria,2024,NG2024DHS,SX_AAFS_W_M2B,51703090,I,433031,1433031,Region,..Jigawa,0,,0,1,SXAAFSWM2B,NGDHS2024433031,2024,DHS,,,,,2
NGA,Kaduna,2457523,Median age at first sexual intercourse [Women]: 25-49,16.7,1,NG,Nigeria,2024,NG2024DHS,SX_AAFS_W_M2B,51703090,I,433032,1433032,Region,..Kaduna,0,,0,1,SXAAFSWM2B,NGDHS2024433032,2024,DHS,,,,,2
NGA,Kano,2457532,Median age at first sexual intercourse [Women]: 25-49,16.9,1,NG,Nigeria,2024,NG2024DHS,SX_AAFS_W_M2B,51703090,I,433033,1433033,Region,..Kano,0,,0,1,SXAAFSWM2B,NGDHS2024433033,2024,DHS,,,,,2
NGA,Katsina,2443083,Median age at first sexual intercourse [Women]: 25-49,15.9,1,NG,Nigeria,2024,NG2024DHS,SX_AAFS_W_M2B,51703090,I,433034,1433034,Region,..Katsina,0,,0,1,SXAAFSWM2B,NGDHS2024433034,2024,DHS,,,,,2
NGA,Kebbi,2465482,Median age at first sexual intercourse [Women]: 25-49,16.9,1,NG,Nigeria,2024,NG2024DHS,SX_AAFS_W_M2B,51703090,I,433035,1433035,Region,..Kebbi,0,,0,1,SXAAFSWM2B,NGDHS2024433035,2024,DHS,,,,,2
NGA,Sokoto,2465552,Median age at first sexual intercourse [Women]: 25-49,15.8,1,NG,Nigeria,2024,NG2024DHS,SX_AAFS_W_M2B,51703090,I,433036,1433036,Region,..Sokoto,0,,0,1,SXAAFSWM2B,NGDHS2024433036,2024,DHS,,,,,2
NGA,Zamfara,2450697,Median age at first sexual intercourse [Women]: 25-49,16,1,NG,Nigeria,2024,NG2024DHS,SX_AAFS_W_M2B,51703090,I,433037,1433037,Region,..Zamfara,0,,0,1,SXAAFSWM2B,NGDHS2024433037,2024,DHS,,,,,2
NGA,South East,7589518,Median age at first sexual intercourse [Women]: 25-49,19.4,1,NG,Nigeria,2024,NG2024DHS,SX_AAFS_W_M2B,51703090,I,433008,1433040,Region,South East,0,,0,1,SXAAFSWM2B,NGDHS2024433008,2024,DHS,,,,,1
NGA,Abia,2465649,Median age at first sexual intercourse [Women]: 25-49,19.9,1,NG,Nigeria,2024,NG2024DHS,SX_AAFS_W_M2B,51703090,I,433041,1433041,Region,..Abia,0,,0,1,SXAAFSWM2B,NGDHS2024433041,2024,DHS,,,,,2
NGA,Anambra,2450719,Median age at first sexual intercourse [Women]: 25-49,20.2,1,NG,Nigeria,2024,NG2024DHS,SX_AAFS_W_M2B,51703090,I,433042,1433042,Region,..Anambra,0,,0,1,SXAAFSWM2B,NGDHS2024433042,2024,DHS,,,,,2
NGA,Ebonyi,2450750,Median age at first sexual intercourse [Women]: 25-49,18.7,1,NG,Nigeria,2024,NG2024DHS,SX_AAFS_W_M2B,51703090,I,433043,1433043,Region,..Ebonyi,0,,0,1,SXAAFSWM2B,NGDHS2024433043,2024,DHS,,,,,2
NGA,Enugu,2457608,Median age at first sexual intercourse [Women]: 25-49,18.6,1,NG,Nigeria,2024,NG2024DHS,SX_AAFS_W_M2B,51703090,I,433044,1433044,Region,..Enugu,0,,0,1,SXAAFSWM2B,NGDHS2024433044,2024,DHS,,,,,2
NGA,Imo,2443147,Median age at first sexual intercourse [Women]: 25-49,19.7,1,NG,Nigeria,2024,NG2024DHS,SX_AAFS_W_M2B,51703090,I,433045,1433045,Region,..Imo,0,,0,1,SXAAFSWM2B,NGDHS2024433045,2024,DHS,,,,,2
NGA,South West,2465497,Median age at first sexual intercourse [Women]: 25-49,19.4,1,NG,Nigeria,2024,NG2024DHS,SX_AAFS_W_M2B,51703090,I,433009,1433050,Region,South West,0,,0,1,SXAAFSWM2B,NGDHS2024433009,2024,DHS,,,,,1
NGA,Ekiti,2450694,Median age at first sexual intercourse [Women]: 25-49,18.5,1,NG,Nigeria,2024,NG2024DHS,SX_AAFS_W_M2B,51703090,I,433051,1433051,Region,..Ekiti,0,,0,1,SXAAFSWM2B,NGDHS2024433051,2024,DHS,,,,,2
NGA,Lagos,2465556,Median age at first sexual intercourse [Women]: 25-49,20.7,1,NG,Nigeria,2024,NG2024DHS,SX_AAFS_W_M2B,51703090,I,433052,1433052,Region,..Lagos,0,,0,1,SXAAFSWM2B,NGDHS2024433052,2024,DHS,,,,,2
NGA,Ogun,2465760,Median age at first sexual intercourse [Women]: 25-49,18.6,1,NG,Nigeria,2024,NG2024DHS,SX_AAFS_W_M2B,51703090,I,433053,1433053,Region,..Ogun,0,,0,1,SXAAFSWM2B,NGDHS2024433053,2024,DHS,,,,,2
NGA,Ondo,2465612,Median age at first sexual intercourse [Women]: 25-49,18.6,1,NG,Nigeria,2024,NG2024DHS,SX_AAFS_W_M2B,51703090,I,433054,1433054,Region,..Ondo,0,,0,1,SXAAFSWM2B,NGDHS2024433054,2024,DHS,,,,,2
NGA,Osun,2465548,Median age at first sexual intercourse [Women]: 25-49,19.7,1,NG,Nigeria,2024,NG2024DHS,SX_AAFS_W_M2B,51703090,I,433055,1433055,Region,..Osun,0,,0,1,SXAAFSWM2B,NGDHS2024433055,2024,DHS,,,,,2
NGA,Oyo,2443129,Median age at first sexual intercourse [Women]: 25-49,19.1,1,NG,Nigeria,2024,NG2024DHS,SX_AAFS_W_M2B,51703090,I,433056,1433056,Region,..Oyo,0,,0,1,SXAAFSWM2B,NGDHS2024433056,2024,DHS,,,,,2
NGA,South South,2465551,Median age at first sexual intercourse [Women]: 25-49,18,1,NG,Nigeria,2024,NG2024DHS,SX_AAFS_W_M2B,51703090,I,433010,1433060,Region,South South,0,,0,1,SXAAFSWM2B,NGDHS2024433010,2024,DHS,,,,,1
NGA,Akwa Ibom,2457559,Median age at first sexual intercourse [Women]: 25-49,17.4,1,NG,Nigeria,2024,NG2024DHS,SX_AAFS_W_M2B,51703090,I,433061,1433061,Region,..Akwa Ibom,0,,0,1,SXAAFSWM2B,NGDHS2024433061,2024,DHS,,,,,2
NGA,Bayelsa,2465513,Median age at first sexual intercourse [Women]: 25-49,17,1,NG,Nigeria,2024,NG2024DHS,SX_AAFS_W_M2B,51703090,I,433062,1433062,Region,..Bayelsa,0,,0,1,SXAAFSWM2B,NGDHS2024433062,2024,DHS,,,,,2
NGA,Cross River,7788611,Median age at first sexual intercourse [Women]: 25-49,17.1,1,NG,Nigeria,2024,NG2024DHS,SX_AAFS_W_M2B,51703090,I,433063,1433063,Region,..Cross River,0,,0,1,SXAAFSWM2B,NGDHS2024433063,2024,DHS,,,,,2
NGA,Delta,2465501,Median age at first sexual intercourse [Women]: 25-49,18.8,1,NG,Nigeria,2024,NG2024DHS,SX_AAFS_W_M2B,51703090,I,433064,1433064,Region,..Delta,0,,0,1,SXAAFSWM2B,NGDHS2024433064,2024,DHS,,,,,2
NGA,Edo,2465603,Median age at first sexual intercourse [Women]: 25-49,18.8,1,NG,Nigeria,2024,NG2024DHS,SX_AAFS_W_M2B,51703090,I,433065,1433065,Region,..Edo,0,,0,1,SXAAFSWM2B,NGDHS2024433065,2024,DHS,,,,,2
NGA,Rivers,2457622,Median age at first sexual intercourse [Women]: 25-49,17.7,1,NG,Nigeria,2024,NG2024DHS,SX_AAFS_W_M2B,51703090,I,433066,1433066,Region,..Rivers,0,,0,1,SXAAFSWM2B,NGDHS2024433066,2024,DHS,,,,,2
NGA,North Central,2459444,Infant mortality rate,42,0,NG,Nigeria,2024,NG2024DHS,CM_ECMR_C_IMR,63206030,I,433005,1433010,Region,North Central,14003,Ten years preceding the survey,0,1,CMECMRCIMR,NGDHS2024433005,2024,DHS,,,36,48,1
NGA,FCT Abuja,7745167,Infant mortality rate,35,0,NG,Nigeria,2024,NG2024DHS,CM_ECMR_C_IMR,63206030,I,433011,1433011,Region,..FCT Abuja,14003,Ten years preceding the survey,0,1,CMECMRCIMR,NGDHS2024433011,2024,DHS,,,24,46,2
NGA,Benue,7470994,Infant mortality rate,34,0,NG,Nigeria,2024,NG2024DHS,CM_ECMR_C_IMR,63206030,I,433012,1433012,Region,..Benue,14003,Ten years preceding the survey,0,1,CMECMRCIMR,NGDHS2024433012,2024,DHS,,,19,48,2
NGA,Kogi,7817128,Infant mortality rate,59,0,NG,Nigeria,2024,NG2024DHS,CM_ECMR_C_IMR,63206030,I,433013,1433013,Region,..Kogi,14003,Ten years preceding the survey,0,1,CMECMRCIMR,NGDHS2024433013,2024,DHS,,,42,75,2
NGA,Kwara,7877934,Infant mortality rate,12,0,NG,Nigeria,2024,NG2024DHS,CM_ECMR_C_IMR,63206030,I,433014,1433014,Region,..Kwara,14003,Ten years preceding the survey,0,1,CMECMRCIMR,NGDHS2024433014,2024,DHS,,,2,22,2
NGA,Nasarawa,2469888,Infant mortality rate,70,0,NG,Nigeria,2024,NG2024DHS,CM_ECMR_C_IMR,63206030,I,433015,1433015,Region,..Nasarawa,14003,Ten years preceding the survey,0,1,CMECMRCIMR,NGDHS2024433015,2024,DHS,,,54,87,2
NGA,Niger,7980725,Infant mortality rate,31,0,NG,Nigeria,2024,NG2024DHS,CM_ECMR_C_IMR,63206030,I,433016,1433016,Region,..Niger,14003,Ten years preceding the survey,0,1,CMECMRCIMR,NGDHS2024433016,2024,DHS,,,18,44,2
NGA,Plateau,2459597,Infant mortality rate,59,0,NG,Nigeria,2024,NG2024DHS,CM_ECMR_C_IMR,63206030,I,433017,1433017,Region,..Plateau,14003,Ten years preceding the survey,0,1,CMECMRCIMR,NGDHS2024433017,2024,DHS,,,46,72,2
NGA,North East,7876162,Infant mortality rate,66,0,NG,Nigeria,2024,NG2024DHS,CM_ECMR_C_IMR,63206030,I,433006,1433020,Region,North East,14003,Ten years preceding the survey,0,1,CMECMRCIMR,NGDHS2024433006,2024,DHS,,,57,75,1
NGA,Adamawa,7712126,Infant mortality rate,75,0,NG,Nigeria,2024,NG2024DHS,CM_ECMR_C_IMR,63206030,I,433021,1433021,Region,..Adamawa,14003,Ten years preceding the survey,0,1,CMECMRCIMR,NGDHS2024433021,2024,DHS,,,60,90,2
NGA,Bauchi,7507730,Infant mortality rate,77,0,NG,Nigeria,2024,NG2024DHS,CM_ECMR_C_IMR,63206030,I,433022,1433022,Region,..Bauchi,14003,Ten years preceding the survey,0,1,CMECMRCIMR,NGDHS2024433022,2024,DHS,,,55,98,2
NGA,Borno,7691171,Infant mortality rate,48,0,NG,Nigeria,2024,NG2024DHS,CM_ECMR_C_IMR,63206030,I,433023,1433023,Region,..Borno,14003,Ten years preceding the survey,0,1,CMECMRCIMR,NGDHS2024433023,2024,DHS,,,35,62,2
NGA,Gombe,2452398,Infant mortality rate,81,0,NG,Nigeria,2024,NG2024DHS,CM_ECMR_C_IMR,63206030,I,433024,1433024,Region,..Gombe,14003,Ten years preceding the survey,0,1,CMECMRCIMR,NGDHS2024433024,2024,DHS,,,62,100,2
NGA,Taraba,7882459,Infant mortality rate,64,0,NG,Nigeria,2024,NG2024DHS,CM_ECMR_C_IMR,63206030,I,433025,1433025,Region,..Taraba,14003,Ten years preceding the survey,0,1,CMECMRCIMR,NGDHS2024433025,2024,DHS,,,37,91,2
NGA,Yobe,7861611,Infant mortality rate,54,0,NG,Nigeria,2024,NG2024DHS,CM_ECMR_C_IMR,63206030,I,433026,1433026,Region,..Yobe,14003,Ten years preceding the survey,0,1,CMECMRCIMR,NGDHS2024433026,2024,DHS,,,36,73,2
NGA,North West,7876861,Infant mortality rate,76,0,NG,Nigeria,2024,NG2024DHS,CM_ECMR_C_IMR,63206030,I,433007,1433030,Region,North West,14003,Ten years preceding the survey,0,1,CMECMRCIMR,NGDHS2024433007,2024,DHS,,,69,84,1
NGA,Jigawa,7459420,Infant mortality rate,81,0,NG,Nigeria,2024,NG2024DHS,CM_ECMR_C_IMR,63206030,I,433031,1433031,Region,..Jigawa,14003,Ten years preceding the survey,0,1,CMECMRCIMR,NGDHS2024433031,2024,DHS,,,66,96,2
NGA,Kaduna,7865180,Infant mortality rate,85,0,NG,Nigeria,2024,NG2024DHS,CM_ECMR_C_IMR,63206030,I,433032,1433032,Region,..Kaduna,14003,Ten years preceding the survey,0,1,CMECMRCIMR,NGDHS2024433032,2024,DHS,,,74,97,2
NGA,Kano,7863738,Infant mortality rate,86,0,NG,Nigeria,2024,NG2024DHS,CM_ECMR_C_IMR,63206030,I,433033,1433033,Region,..Kano,14003,Ten years preceding the survey,0,1,CMECMRCIMR,NGDHS2024433033,2024,DHS,,,70,102,2
NGA,Katsina,2471033,Infant mortality rate,63,0,NG,Nigeria,2024,NG2024DHS,CM_ECMR_C_IMR,63206030,I,433034,1433034,Region,..Katsina,14003,Ten years preceding the survey,0,1,CMECMRCIMR,NGDHS2024433034,2024,DHS,,,36,90,2
NGA,Kebbi,880289,Infant mortality rate,90,0,NG,Nigeria,2024,NG2024DHS,CM_ECMR_C_IMR,63206030,I,433035,1433035,Region,..Kebbi,14003,Ten years preceding the survey,0,1,CMECMRCIMR,NGDHS2024433035,2024,DHS,,,66,114,2
NGA,Sokoto,2469964,Infant mortality rate,56,0,NG,Nigeria,2024,NG2024DHS,CM_ECMR_C_IMR,63206030,I,433036,1433036,Region,..Sokoto,14003,Ten years preceding the survey,0,1,CMECMRCIMR,NGDHS2024433036,2024,DHS,,,41,71,2
NGA,Zamfara,7575251,Infant mortality rate,60,0,NG,Nigeria,2024,NG2024DHS,CM_ECMR_C_IMR,63206030,I,433037,1433037,Region,..Zamfara,14003,Ten years preceding the survey,0,1,CMECMRCIMR,NGDHS2024433037,2024,DHS,,,36,84,2
NGA,South East,2471031,Infant mortality rate,48,0,NG,Nigeria,2024,NG2024DHS,CM_ECMR_C_IMR,63206030,I,433008,1433040,Region,South East,14003,Ten years preceding the survey,0,1,CMECMRCIMR,NGDHS2024433008,2024,DHS,,,40,56,1
NGA,Abia,7536811,Infant mortality rate,49,0,NG,Nigeria,2024,NG2024DHS,CM_ECMR_C_IMR,63206030,I,433041,1433041,Region,..Abia,14003,Ten years preceding the survey,0,1,CMECMRCIMR,NGDHS2024433041,2024,DHS,,,31,68,2
NGA,Anambra,7691212,Infant mortality rate,50,0,NG,Nigeria,2024,NG2024DHS,CM_ECMR_C_IMR,63206030,I,433042,1433042,Region,..Anambra,14003,Ten years preceding the survey,0,1,CMECMRCIMR,NGDHS2024433042,2024,DHS,,,31,68,2
NGA,Ebonyi,2452474,Infant mortality rate,42,0,NG,Nigeria,2024,NG2024DHS,CM_ECMR_C_IMR,63206030,I,433043,1433043,Region,..Ebonyi,14003,Ten years preceding the survey,0,1,CMECMRCIMR,NGDHS2024433043,2024,DHS,,,29,54,2
NGA,Enugu,7621154,Infant mortality rate,34,0,NG,Nigeria,2024,NG2024DHS,CM_ECMR_C_IMR,63206030,I,433044,1433044,Region,..Enugu,14003,Ten years preceding the survey,0,1,CMECMRCIMR,NGDHS2024433044,2024,DHS,,,20,48,2
NGA,Imo,7869962,Infant mortality rate,62,0,NG,Nigeria,2024,NG2024DHS,CM_ECMR_C_IMR,63206030,I,433045,1433045,Region,..Imo,14003,Ten years preceding the survey,0,1,CMECMRCIMR,NGDHS2024433045,2024,DHS,,,42,83,2
NGA,South West,870088,Infant mortality rate,33,0,NG,Nigeria,2024,NG2024DHS,CM_ECMR_C_IMR,63206030,I,433009,1433050,Region,South West,14003,Ten years preceding the survey,0,1,CMECMRCIMR,NGDHS2024433009,2024,DHS,,,26,39,1
NGA,Ekiti,7882141,Infant mortality rate,27,0,NG,Nigeria,2024,NG2024DHS,CM_ECMR_C_IMR,63206030,I,433051,1433051,Region,..Ekiti,14003,Ten years preceding the survey,0,1,CMECMRCIMR,NGDHS2024433051,2024,DHS,,,15,38,2
NGA,Lagos,7904198,Infant mortality rate,36,0,NG,Nigeria,2024,NG2024DHS,CM_ECMR_C_IMR,63206030,I,433052,1433052,Region,..Lagos,14003,Ten years preceding the survey,0,1,CMECMRCIMR,NGDHS2024433052,2024,DHS,,,23,48,2
NGA,Ogun,2470113,Infant mortality rate,47,0,NG,Nigeria,2024,NG2024DHS,CM_ECMR_C_IMR,63206030,I,433053,1433053,Region,..Ogun,14003,Ten years preceding the survey,0,1,CMECMRCIMR,NGDHS2024433053,2024,DHS,,,32,62,2
NGA,Ondo,880290,Infant mortality rate,8,0,NG,Nigeria,2024,NG2024DHS,CM_ECMR_C_IMR,63206030,I,433054,1433054,Region,..Ondo,14003,Ten years preceding the survey,0,1,CMECMRCIMR,NGDHS2024433054,2024,DHS,,,2,15,2
NGA,Osun,7618743,Infant mortality rate,49,0,NG,Nigeria,2024,NG2024DHS,CM_ECMR_C_IMR,63206030,I,433055,1433055,Region,..Osun,14003,Ten years preceding the survey,0,1,CMECMRCIMR,NGDHS2024433055,2024,DHS,,,31,68,2
NGA,Oyo,7893761,Infant mortality rate,18,0,NG,Nigeria,2024,NG2024DHS,CM_ECMR_C_IMR,63206030,I,433056,1433056,Region,..Oyo,14003,Ten years preceding the survey,0,1,CMECMRCIMR,NGDHS2024433056,2024,DHS,,,6,29,2
NGA,South South,2469799,Infant mortality rate,36,0,NG,Nigeria,2024,NG2024DHS,CM_ECMR_C_IMR,63206030,I,433010,1433060,Region,South South,14003,Ten years preceding the survey,0,1,CMECMRCIMR,NGDHS2024433010,2024,DHS,,,30,43,1
NGA,Akwa Ibom,7734593,Infant mortality rate,56,0,NG,Nigeria,2024,NG2024DHS,CM_ECMR_C_IMR,63206030,I,433061,1433061,Region,..Akwa Ibom,14003,Ten years preceding the survey,0,1,CMECMRCIMR,NGDHS2024433061,2024,DHS,,,33,79,2
NGA,Bayelsa,2470122,Infant mortality rate,56,0,NG,Nigeria,2024,NG2024DHS,CM_ECMR_C_IMR,63206030,I,433062,1433062,Region,..Bayelsa,14003,Ten years preceding the survey,0,1,CMECMRCIMR,NGDHS2024433062,2024,DHS,,,39,73,2
NGA,Cross River,7628866,Infant mortality rate,39,0,NG,Nigeria,2024,NG2024DHS,CM_ECMR_C_IMR,63206030,I,433063,1433063,Region,..Cross River,14003,Ten years preceding the survey,0,1,CMECMRCIMR,NGDHS2024433063,2024,DHS,,,27,52,2
NGA,Delta,7626323,Infant mortality rate,26,0,NG,Nigeria,2024,NG2024DHS,CM_ECMR_C_IMR,63206030,I,433064,1433064,Region,..Delta,14003,Ten years preceding the survey,0,1,CMECMRCIMR,NGDHS2024433064,2024,DHS,,,14,38,2
NGA,Edo,2470098,Infant mortality rate,13,0,NG,Nigeria,2024,NG2024DHS,CM_ECMR_C_IMR,63206030,I,433065,1433065,Region,..Edo,14003,Ten years preceding the survey,0,1,CMECMRCIMR,NGDHS2024433065,2024,DHS,,,6,20,2
NGA,Rivers,7897550,Infant mortality rate,39,0,NG,Nigeria,2024,NG2024DHS,CM_ECMR_C_IMR,63206030,I,433066,1433066,Region,..Rivers,14003,Ten years preceding the survey,0,1,CMECMRCIMR,NGDHS2024433066,2024,DHS,,,26,53,2
NGA,North Central,7702903,Under-five mortality rate,65,0,NG,Nigeria,2024,NG2024DHS,CM_ECMR_C_U5M,63206050,I,433005,1433010,Region,North Central,14003,Ten years preceding the survey,0,1,CMECMRCU5M,NGDHS2024433005,2024,DHS,,,56,74,1
NGA,FCT Abuja,7470968,Under-five mortality rate,60,0,NG,Nigeria,2024,NG2024DHS,CM_ECMR_C_U5M,63206050,I,433011,1433011,Region,..FCT Abuja,14003,Ten years preceding the survey,0,1,CMECMRCU5M,NGDHS2024433011,2024,DHS,,,39,80,2
NGA,Benue,7601306,Under-five mortality rate,53,0,NG,Nigeria,2024,NG2024DHS,CM_ECMR_C_U5M,63206050,I,433012,1433012,Region,..Benue,14003,Ten years preceding the survey,0,1,CMECMRCU5M,NGDHS2024433012,2024,DHS,,,36,70,2
NGA,Kogi,7469943,Under-five mortality rate,78,0,NG,Nigeria,2024,NG2024DHS,CM_ECMR_C_U5M,63206050,I,433013,1433013,Region,..Kogi,14003,Ten years preceding the survey,0,1,CMECMRCU5M,NGDHS2024433013,2024,DHS,,,59,97,2
NGA,Kwara,7886346,Under-five mortality rate,14,0,NG,Nigeria,2024,NG2024DHS,CM_ECMR_C_U5M,63206050,I,433014,1433014,Region,..Kwara,14003,Ten years preceding the survey,0,1,CMECMRCU5M,NGDHS2024433014,2024,DHS,,,4,25,2
NGA,Nasarawa,7904197,Under-five mortality rate,106,0,NG,Nigeria,2024,NG2024DHS,CM_ECMR_C_U5M,63206050,I,433015,1433015,Region,..Nasarawa,14003,Ten years preceding the survey,0,1,CMECMRCU5M,NGDHS2024433015,2024,DHS,,,83,128,2
NGA,Niger,7465914,Under-five mortality rate,49,0,NG,Nigeria,2024,NG2024DHS,CM_ECMR_C_U5M,63206050,I,433016,1433016,Region,..Niger,14003,Ten years preceding the survey,0,1,CMECMRCU5M,NGDHS2024433016,2024,DHS,,,33,66,2
NGA,Plateau,875265,Under-five mortality rate,98,0,NG,Nigeria,2024,NG2024DHS,CM_ECMR_C_U5M,63206050,I,433017,1433017,Region,..Plateau,14003,Ten years preceding the survey,0,1,CMECMRCU5M,NGDHS2024433017,2024,DHS,,,76,121,2
NGA,North East,2470918,Under-five mortality rate,127,0,NG,Nigeria,2024,NG2024DHS,CM_ECMR_C_U5M,63206050,I,433006,1433020,Region,North East,14003,Ten years preceding the survey,0,1,CMECMRCU5M,NGDHS2024433006,2024,DHS,,,114,140,1
NGA,Adamawa,7782529,Under-five mortality rate,144,0,NG,Nigeria,2024,NG2024DHS,CM_ECMR_C_U5M,63206050,I,433021,1433021,Region,..Adamawa,14003,Ten years preceding the survey,0,1,CMECMRCU5M,NGDHS2024433021,2024,DHS,,,119,169,2
NGA,Bauchi,7704764,Under-five mortality rate,125,0,NG,Nigeria,2024,NG2024DHS,CM_ECMR_C_U5M,63206050,I,433022,1433022,Region,..Bauchi,14003,Ten years preceding the survey,0,1,CMECMRCU5M,NGDHS2024433022,2024,DHS,,,96,154,2
NGA,Borno,7945166,Under-five mortality rate,86,0,NG,Nigeria,2024,NG2024DHS,CM_ECMR_C_U5M,63206050,I,433023,1433023,Region,..Borno,14003,Ten years preceding the survey,0,1,CMECMRCU5M,NGDHS2024433023,2024,DHS,,,63,108,2
NGA,Gombe,7748952,Under-five mortality rate,157,0,NG,Nigeria,2024,NG2024DHS,CM_ECMR_C_U5M,63206050,I,433024,1433024,Region,..Gombe,14003,Ten years preceding the survey,0,1,CMECMRCU5M,NGDHS2024433024,2024,DHS,,,124,191,2
NGA,Taraba,2452502,Under-five mortality rate,126,0,NG,Nigeria,2024,NG2024DHS,CM_ECMR_C_U5M,63206050,I,433025,1433025,Region,..Taraba,14003,Ten years preceding the survey,0,1,CMECMRCU5M,NGDHS2024433025,2024,DHS,,,83,169,2
NGA,Yobe,7792865,Under-five mortality rate,145,0,NG,Nigeria,2024,NG2024DHS,CM_ECMR_C_U5M,63206050,I,433026,1433026,Region,..Yobe,14003,Ten years preceding the survey,0,1,CMECMRCU5M,NGDHS2024433026,2024,DHS,,,115,175,2
NGA,North West,7799093,Under-five mortality rate,140,0,NG,Nigeria,2024,NG2024DHS,CM_ECMR_C_U5M,63206050,I,433007,1433030,Region,North West,14003,Ten years preceding the survey,0,1,CMECMRCU5M,NGDHS2024433007,2024,DHS,,,129,152,1
NGA,Jigawa,7578692,Under-five mortality rate,161,0,NG,Nigeria,2024,NG2024DHS,CM_ECMR_C_U5M,63206050,I,433031,1433031,Region,..Jigawa,14003,Ten years preceding the survey,0,1,CMECMRCU5M,NGDHS2024433031,2024,DHS,,,138,184,2
NGA,Kaduna,7447298,Under-five mortality rate,153,0,NG,Nigeria,2024,NG2024DHS,CM_ECMR_C_U5M,63206050,I,433032,1433032,Region,..Kaduna,14003,Ten years preceding the survey,0,1,CMECMRCU5M,NGDHS2024433032,2024,DHS,,,129,177,2
NGA,Kano,7863740,Under-five mortality rate,158,0,NG,Nigeria,2024,NG2024DHS,CM_ECMR_C_U5M,63206050,I,433033,1433033,Region,..Kano,14003,Ten years preceding the survey,0,1,CMECMRCU5M,NGDHS2024433033,2024,DHS,,,135,182,2
NGA,Katsina,7892191,Under-five mortality rate,105,0,NG,Nigeria,2024,NG2024DHS,CM_ECMR_C_U5M,63206050,I,433034,1433034,Region,..Katsina,14003,Ten years preceding the survey,0,1,CMECMRCU5M,NGDHS2024433034,2024,DHS,,,74,137,2
NGA,Kebbi,7478744,Under-five mortality rate,159,0,NG,Nigeria,2024,NG2024DHS,CM_ECMR_C_U5M,63206050,I,433035,1433035,Region,..Kebbi,14003,Ten years preceding the survey,0,1,CMECMRCU5M,NGDHS2024433035,2024,DHS,,,109,208,2
NGA,Sokoto,7698021,Under-five mortality rate,109,0,NG,Nigeria,2024,NG2024DHS,CM_ECMR_C_U5M,63206050,I,433036,1433036,Region,..Sokoto,14003,Ten years preceding the survey,0,1,CMECMRCU5M,NGDHS2024433036,2024,DHS,,,82,137,2
NGA,Zamfara,2452498,Under-five mortality rate,119,0,NG,Nigeria,2024,NG2024DHS,CM_ECMR_C_U5M,63206050,I,433037,1433037,Region,..Zamfara,14003,Ten years preceding the survey,0,1,CMECMRCU5M,NGDHS2024433037,2024,DHS,,,71,166,2
NGA,South East,7588583,Under-five mortality rate,70,0,NG,Nigeria,2024,NG2024DHS,CM_ECMR_C_U5M,63206050,I,433008,1433040,Region,South East,14003,Ten years preceding the survey,0,1,CMECMRCU5M,NGDHS2024433008,2024,DHS,,,61,80,1
NGA,Abia,7718175,Under-five mortality rate,69,0,NG,Nigeria,2024,NG2024DHS,CM_ECMR_C_U5M,63206050,I,433041,1433041,Region,..Abia,14003,Ten years preceding the survey,0,1,CMECMRCU5M,NGDHS2024433041,2024,DHS,,,45,93,2
NGA,Anambra,7945167,Under-five mortality rate,72,0,NG,Nigeria,2024,NG2024DHS,CM_ECMR_C_U5M,63206050,I,433042,1433042,Region,..Anambra,14003,Ten years preceding the survey,0,1,CMECMRCU5M,NGDHS2024433042,2024,DHS,,,45,99,2
NGA,Ebonyi,7748953,Under-five mortality rate,68,0,NG,Nigeria,2024,NG2024DHS,CM_ECMR_C_U5M,63206050,I,433043,1433043,Region,..Ebonyi,14003,Ten years preceding the survey,0,1,CMECMRCU5M,NGDHS2024433043,2024,DHS,,,53,83,2
NGA,Enugu,2459563,Under-five mortality rate,49,0,NG,Nigeria,2024,NG2024DHS,CM_ECMR_C_U5M,63206050,I,433044,1433044,Region,..Enugu,14003,Ten years preceding the survey,0,1,CMECMRCU5M,NGDHS2024433044,2024,DHS,,,33,66,2
NGA,Imo,7844082,Under-five mortality rate,85,0,NG,Nigeria,2024,NG2024DHS,CM_ECMR_C_U5M,63206050,I,433045,1433045,Region,..Imo,14003,Ten years preceding the survey,0,1,CMECMRCU5M,NGDHS2024433045,2024,DHS,,,64,106,2
NGA,South West,2469870,Under-five mortality rate,42,0,NG,Nigeria,2024,NG2024DHS,CM_ECMR_C_U5M,63206050,I,433009,1433050,Region,South West,14003,Ten years preceding the survey,0,1,CMECMRCU5M,NGDHS2024433009,2024,DHS,,,35,49,1
NGA,Ekiti,7457058,Under-five mortality rate,44,0,NG,Nigeria,2024,NG2024DHS,CM_ECMR_C_U5M,63206050,I,433051,1433051,Region,..Ekiti,14003,Ten years preceding the survey,0,1,CMECMRCU5M,NGDHS2024433051,2024,DHS,,,23,65,2
NGA,Lagos,7800370,Under-five mortality rate,46,0,NG,Nigeria,2024,NG2024DHS,CM_ECMR_C_U5M,63206050,I,433052,1433052,Region,..Lagos,14003,Ten years preceding the survey,0,1,CMECMRCU5M,NGDHS2024433052,2024,DHS,,,34,59,2
NGA,Ogun,7975632,Under-five mortality rate,60,0,NG,Nigeria,2024,NG2024DHS,CM_ECMR_C_U5M,63206050,I,433053,1433053,Region,..Ogun,14003,Ten years preceding the survey,0,1,CMECMRCU5M,NGDHS2024433053,2024,DHS,,,43,77,2
NGA,Ondo,2470051,Under-five mortality rate,15,0,NG,Nigeria,2024,NG2024DHS,CM_ECMR_C_U5M,63206050,I,433054,1433054,Region,..Ondo,14003,Ten years preceding the survey,0,1,CMECMRCU5M,NGDHS2024433054,2024,DHS,,,6,24,2
NGA,Osun,7698022,Under-five mortality rate,55,0,NG,Nigeria,2024,NG2024DHS,CM_ECMR_C_U5M,63206050,I,433055,1433055,Region,..Osun,14003,Ten years preceding the survey,0,1,CMECMRCU5M,NGDHS2024433055,2024,DHS,,,33,77,2
NGA,Oyo,3967825,Under-five mortality rate,23,0,NG,Nigeria,2024,NG2024DHS,CM_ECMR_C_U5M,63206050,I,433056,1433056,Region,..Oyo,14003,Ten years preceding the survey,0,1,CMECMRCU5M,NGDHS2024433056,2024,DHS,,,11,34,2
NGA,South South,7904314,Under-five mortality rate,50,0,NG,Nigeria,2024,NG2024DHS,CM_ECMR_C_U5M,63206050,I,433010,1433060,Region,South South,14003,Ten years preceding the survey,0,1,CMECMRCU5M,NGDHS2024433010,2024,DHS,,,42,58,1
NGA,Akwa Ibom,7505904,Under-five mortality rate,80,0,NG,Nigeria,2024,NG2024DHS,CM_ECMR_C_U5M,63206050,I,433061,1433061,Region,..Akwa Ibom,14003,Ten years preceding the survey,0,1,CMECMRCU5M,NGDHS2024433061,2024,DHS,,,53,107,2
NGA,Bayelsa,7761249,Under-five mortality rate,73,0,NG,Nigeria,2024,NG2024DHS,CM_ECMR_C_U5M,63206050,I,433062,1433062,Region,..Bayelsa,14003,Ten years preceding the survey,0,1,CMECMRCU5M,NGDHS2024433062,2024,DHS,,,53,94,2
NGA,Cross River,2470097,Under-five mortality rate,60,0,NG,Nigeria,2024,NG2024DHS,CM_ECMR_C_U5M,63206050,I,433063,1433063,Region,..Cross River,14003,Ten years preceding the survey,0,1,CMECMRCU5M,NGDHS2024433063,2024,DHS,,,43,77,2
NGA,Delta,7850531,Under-five mortality rate,33,0,NG,Nigeria,2024,NG2024DHS,CM_ECMR_C_U5M,63206050,I,433064,1433064,Region,..Delta,14003,Ten years preceding the survey,0,1,CMECMRCU5M,NGDHS2024433064,2024,DHS,,,21,46,2
NGA,Edo,7647123,Under-five mortality rate,19,0,NG,Nigeria,2024,NG2024DHS,CM_ECMR_C_U5M,63206050,I,433065,1433065,Region,..Edo,14003,Ten years preceding the survey,0,1,CMECMRCU5M,NGDHS2024433065,2024,DHS,,,10,29,2
NGA,Rivers,2460993,Under-five mortality rate,54,0,NG,Nigeria,2024,NG2024DHS,CM_ECMR_C_U5M,63206050,I,433066,1433066,Region,..Rivers,14003,Ten years preceding the survey,0,1,CMECMRCU5M,NGDHS2024433066,2024,DHS,,,37,71,2
NGA,North Central,6981522,Place of delivery: Health facility,49.5,1,NG,Nigeria,2024,NG2024DHS,RH_DELP_C_DHF,83566070,I,433005,1433010,Region,North Central,14000,Three years preceding the survey,0,0,RHDELPCDHF,NGDHS2024433005,2024,DHS,2683,2896,,,1
NGA,North Central,3919391,Place of delivery: Health facility,49.7,1,NG,Nigeria,2024,NG2024DHS,RH_DELP_C_DHF,83566070,I,433005,1433010,Region,North Central,14002,Two years preceding the survey,0,1,RHDELPCDHF,NGDHS2024433005,2024,DHS,1799,1954,,,1
NGA,FCT Abuja,4536451,Place of delivery: Health facility,81.7,1,NG,Nigeria,2024,NG2024DHS,RH_DELP_C_DHF,83566070,I,433011,1433011,Region,..FCT Abuja,14000,Three years preceding the survey,0,0,RHDELPCDHF,NGDHS2024433011,2024,DHS,237,265,,,2
NGA,FCT Abuja,5309319,Place of delivery: Health facility,81.3,1,NG,Nigeria,2024,NG2024DHS,RH_DELP_C_DHF,83566070,I,433011,1433011,Region,..FCT Abuja,14002,Two years preceding the survey,0,1,RHDELPCDHF,NGDHS2024433011,2024,DHS,158,177,,,2
NGA,Benue,5319464,Place of delivery: Health facility,57.4,1,NG,Nigeria,2024,NG2024DHS,RH_DELP_C_DHF,83566070,I,433012,1433012,Region,..Benue,14000,Three years preceding the survey,0,0,RHDELPCDHF,NGDHS2024433012,2024,DHS,316,315,,,2
NGA,Benue,6525354,Place of delivery: Health facility,59,1,NG,Nigeria,2024,NG2024DHS,RH_DELP_C_DHF,83566070,I,433012,1433012,Region,..Benue,14002,Two years preceding the survey,0,1,RHDELPCDHF,NGDHS2024433012,2024,DHS,221,223,,,2
NGA,Kogi,2478575,Place of delivery: Health facility,61.4,1,NG,Nigeria,2024,NG2024DHS,RH_DELP_C_DHF,83566070,I,433013,1433013,Region,..Kogi,14000,Three years preceding the survey,0,0,RHDELPCDHF,NGDHS2024433013,2024,DHS,266,419,,,2
NGA,Kogi,2779274,Place of delivery: Health facility,62.2,1,NG,Nigeria,2024,NG2024DHS,RH_DELP_C_DHF,83566070,I,433013,1433013,Region,..Kogi,14002,Two years preceding the survey,0,1,RHDELPCDHF,NGDHS2024433013,2024,DHS,179,284,,,2
NGA,Kwara,4969620,Place of delivery: Health facility,52.5,1,NG,Nigeria,2024,NG2024DHS,RH_DELP_C_DHF,83566070,I,433014,1433014,Region,..Kwara,14000,Three years preceding the survey,0,0,RHDELPCDHF,NGDHS2024433014,2024,DHS,272,359,,,2
NGA,Kwara,6270924,Place of delivery: Health facility,51.5,1,NG,Nigeria,2024,NG2024DHS,RH_DELP_C_DHF,83566070,I,433014,1433014,Region,..Kwara,14002,Two years preceding the survey,0,1,RHDELPCDHF,NGDHS2024433014,2024,DHS,178,232,,,2
NGA,Nasarawa,6551299,Place of delivery: Health facility,55.8,1,NG,Nigeria,2024,NG2024DHS,RH_DELP_C_DHF,83566070,I,433015,1433015,Region,..Nasarawa,14000,Three years preceding the survey,0,0,RHDELPCDHF,NGDHS2024433015,2024,DHS,376,443,,,2
NGA,Nasarawa,2478657,Place of delivery: Health facility,55.7,1,NG,Nigeria,2024,NG2024DHS,RH_DELP_C_DHF,83566070,I,433015,1433015,Region,..Nasarawa,14002,Two years preceding the survey,0,1,RHDELPCDHF,NGDHS2024433015,2024,DHS,265,314,,,2
NGA,Niger,3093261,Place of delivery: Health facility,30.4,1,NG,Nigeria,2024,NG2024DHS,RH_DELP_C_DHF,83566070,I,433016,1433016,Region,..Niger,14000,Three years preceding the survey,0,0,RHDELPCDHF,NGDHS2024433016,2024,DHS,796,575,,,2
NGA,Niger,7094598,Place of delivery: Health facility,30.2,1,NG,Nigeria,2024,NG2024DHS,RH_DELP_C_DHF,83566070,I,433016,1433016,Region,..Niger,14002,Two years preceding the survey,0,1,RHDELPCDHF,NGDHS2024433016,2024,DHS,520,378,,,2
NGA,Plateau,6153464,Place of delivery: Health facility,46.6,1,NG,Nigeria,2024,NG2024DHS,RH_DELP_C_DHF,83566070,I,433017,1433017,Region,..Plateau,14000,Three years preceding the survey,0,0,RHDELPCDHF,NGDHS2024433017,2024,DHS,419,520,,,2
NGA,Plateau,2460051,Place of delivery: Health facility,45.7,1,NG,Nigeria,2024,NG2024DHS,RH_DELP_C_DHF,83566070,I,433017,1433017,Region,..Plateau,14002,Two years preceding the survey,0,1,RHDELPCDHF,NGDHS2024433017,2024,DHS,278,346,,,2
NGA,North East,2471390,Place of delivery: Health facility,36.3,1,NG,Nigeria,2024,NG2024DHS,RH_DELP_C_DHF,83566070,I,433006,1433020,Region,North East,14000,Three years preceding the survey,0,0,RHDELPCDHF,NGDHS2024433006,2024,DHS,3355,3416,,,1
NGA,North East,6569663,Place of delivery: Health facility,37.2,1,NG,Nigeria,2024,NG2024DHS,RH_DELP_C_DHF,83566070,I,433006,1433020,Region,North East,14002,Two years preceding the survey,0,1,RHDELPCDHF,NGDHS2024433006,2024,DHS,2347,2374,,,1
NGA,Adamawa,6426618,Place of delivery: Health facility,43.8,1,NG,Nigeria,2024,NG2024DHS,RH_DELP_C_DHF,83566070,I,433021,1433021,Region,..Adamawa,14000,Three years preceding the survey,0,0,RHDELPCDHF,NGDHS2024433021,2024,DHS,427,537,,,2
NGA,Adamawa,6172469,Place of delivery: Health facility,41.6,1,NG,Nigeria,2024,NG2024DHS,RH_DELP_C_DHF,83566070,I,433021,1433021,Region,..Adamawa,14002,Two years preceding the survey,0,1,RHDELPCDHF,NGDHS2024433021,2024,DHS,288,372,,,2
NGA,Bauchi,3472762,Place of delivery: Health facility,28.8,1,NG,Nigeria,2024,NG2024DHS,RH_DELP_C_DHF,83566070,I,433022,1433022,Region,..Bauchi,14000,Three years preceding the survey,0,0,RHDELPCDHF,NGDHS2024433022,2024,DHS,1015,638,,,2
NGA,Bauchi,5104631,Place of delivery: Health facility,31.1,1,NG,Nigeria,2024,NG2024DHS,RH_DELP_C_DHF,83566070,I,433022,1433022,Region,..Bauchi,14002,Two years preceding the survey,0,1,RHDELPCDHF,NGDHS2024433022,2024,DHS,765,482,,,2
NGA,Borno,2798986,Place of delivery: Health facility,44.9,1,NG,Nigeria,2024,NG2024DHS,RH_DELP_C_DHF,83566070,I,433023,1433023,Region,..Borno,14000,Three years preceding the survey,0,0,RHDELPCDHF,NGDHS2024433023,2024,DHS,669,554,,,2
NGA,Borno,4529125,Place of delivery: Health facility,45.9,1,NG,Nigeria,2024,NG2024DHS,RH_DELP_C_DHF,83566070,I,433023,1433023,Region,..Borno,14002,Two years preceding the survey,0,1,RHDELPCDHF,NGDHS2024433023,2024,DHS,451,364,,,2
NGA,Gombe,6911410,Place of delivery: Health facility,49.8,1,NG,Nigeria,2024,NG2024DHS,RH_DELP_C_DHF,83566070,I,433024,1433024,Region,..Gombe,14000,Three years preceding the survey,0,0,RHDELPCDHF,NGDHS2024433024,2024,DHS,294,554,,,2
NGA,Gombe,859348,Place of delivery: Health facility,48.5,1,NG,Nigeria,2024,NG2024DHS,RH_DELP_C_DHF,83566070,I,433024,1433024,Region,..Gombe,14002,Two years preceding the survey,0,1,RHDELPCDHF,NGDHS2024433024,2024,DHS,216,405,,,2
NGA,Taraba,2452855,Place of delivery: Health facility,31.2,1,NG,Nigeria,2024,NG2024DHS,RH_DELP_C_DHF,83566070,I,433025,1433025,Region,..Taraba,14000,Three years preceding the survey,0,0,RHDELPCDHF,NGDHS2024433025,2024,DHS,361,423,,,2
NGA,Taraba,6583714,Place of delivery: Health facility,33,1,NG,Nigeria,2024,NG2024DHS,RH_DELP_C_DHF,83566070,I,433025,1433025,Region,..Taraba,14002,Two years preceding the survey,0,1,RHDELPCDHF,NGDHS2024433025,2024,DHS,234,277,,,2
NGA,Yobe,5295039,Place of delivery: Health facility,30.7,1,NG,Nigeria,2024,NG2024DHS,RH_DELP_C_DHF,83566070,I,433026,1433026,Region,..Yobe,14000,Three years preceding the survey,0,0,RHDELPCDHF,NGDHS2024433026,2024,DHS,589,710,,,2
NGA,Yobe,5604620,Place of delivery: Health facility,32.1,1,NG,Nigeria,2024,NG2024DHS,RH_DELP_C_DHF,83566070,I,433026,1433026,Region,..Yobe,14002,Two years preceding the survey,0,1,RHDELPCDHF,NGDHS2024433026,2024,DHS,393,474,,,2
NGA,North West,4837894,Place of delivery: Health facility,21.7,1,NG,Nigeria,2024,NG2024DHS,RH_DELP_C_DHF,83566070,I,433007,1433030,Region,North West,14000,Three years preceding the survey,0,0,RHDELPCDHF,NGDHS2024433007,2024,DHS,6428,4875,,,1
NGA,North West,5610639,Place of delivery: Health facility,21.9,1,NG,Nigeria,2024,NG2024DHS,RH_DELP_C_DHF,83566070,I,433007,1433030,Region,North West,14002,Two years preceding the survey,0,1,RHDELPCDHF,NGDHS2024433007,2024,DHS,4457,3371,,,1
NGA,Jigawa,5306370,Place of delivery: Health facility,21.7,1,NG,Nigeria,2024,NG2024DHS,RH_DELP_C_DHF,83566070,I,433031,1433031,Region,..Jigawa,14000,Three years preceding the survey,0,0,RHDELPCDHF,NGDHS2024433031,2024,DHS,755,773,,,2
NGA,Jigawa,6358845,Place of delivery: Health facility,21.4,1,NG,Nigeria,2024,NG2024DHS,RH_DELP_C_DHF,83566070,I,433031,1433031,Region,..Jigawa,14002,Two years preceding the survey,0,1,RHDELPCDHF,NGDHS2024433031,2024,DHS,526,543,,,2
NGA,Kaduna,2460040,Place of delivery: Health facility,26.9,1,NG,Nigeria,2024,NG2024DHS,RH_DELP_C_DHF,83566070,I,433032,1433032,Region,..Kaduna,14000,Three years preceding the survey,0,0,RHDELPCDHF,NGDHS2024433032,2024,DHS,1231,742,,,2
NGA,Kaduna,6758966,Place of delivery: Health facility,25.9,1,NG,Nigeria,2024,NG2024DHS,RH_DELP_C_DHF,83566070,I,433032,1433032,Region,..Kaduna,14002,Two years preceding the survey,0,1,RHDELPCDHF,NGDHS2024433032,2024,DHS,881,521,,,2
NGA,Kano,4963325,Place of delivery: Health facility,31.3,1,NG,Nigeria,2024,NG2024DHS,RH_DELP_C_DHF,83566070,I,433033,1433033,Region,..Kano,14000,Three years preceding the survey,0,0,RHDELPCDHF,NGDHS2024433033,2024,DHS,1686,849,,,2
NGA,Kano,6266229,Place of delivery: Health facility,32.7,1,NG,Nigeria,2024,NG2024DHS,RH_DELP_C_DHF,83566070,I,433033,1433033,Region,..Kano,14002,Two years preceding the survey,0,1,RHDELPCDHF,NGDHS2024433033,2024,DHS,1173,596,,,2
NGA,Katsina,7410574,Place of delivery: Health facility,15.2,1,NG,Nigeria,2024,NG2024DHS,RH_DELP_C_DHF,83566070,I,433034,1433034,Region,..Katsina,14000,Three years preceding the survey,0,0,RHDELPCDHF,NGDHS2024433034,2024,DHS,926,612,,,2
NGA,Katsina,2471436,Place of delivery: Health facility,15.8,1,NG,Nigeria,2024,NG2024DHS,RH_DELP_C_DHF,83566070,I,433034,1433034,Region,..Katsina,14002,Two years preceding the survey,0,1,RHDELPCDHF,NGDHS2024433034,2024,DHS,671,436,,,2
NGA,Kebbi,2832668,Place of delivery: Health facility,8.3,1,NG,Nigeria,2024,NG2024DHS,RH_DELP_C_DHF,83566070,I,433035,1433035,Region,..Kebbi,14000,Three years preceding the survey,0,0,RHDELPCDHF,NGDHS2024433035,2024,DHS,559,766,,,2
NGA,Kebbi,7101647,Place of delivery: Health facility,8.8,1,NG,Nigeria,2024,NG2024DHS,RH_DELP_C_DHF,83566070,I,433035,1433035,Region,..Kebbi,14002,Two years preceding the survey,0,1,RHDELPCDHF,NGDHS2024433035,2024,DHS,382,523,,,2
NGA,Sokoto,7601522,Place of delivery: Health facility,12.6,1,NG,Nigeria,2024,NG2024DHS,RH_DELP_C_DHF,83566070,I,433036,1433036,Region,..Sokoto,14000,Three years preceding the survey,0,0,RHDELPCDHF,NGDHS2024433036,2024,DHS,610,647,,,2
NGA,Sokoto,2478688,Place of delivery: Health facility,12.5,1,NG,Nigeria,2024,NG2024DHS,RH_DELP_C_DHF,83566070,I,433036,1433036,Region,..Sokoto,14002,Two years preceding the survey,0,1,RHDELPCDHF,NGDHS2024433036,2024,DHS,414,449,,,2
NGA,Zamfara,2598913,Place of delivery: Health facility,16.6,1,NG,Nigeria,2024,NG2024DHS,RH_DELP_C_DHF,83566070,I,433037,1433037,Region,..Zamfara,14000,Three years preceding the survey,0,0,RHDELPCDHF,NGDHS2024433037,2024,DHS,661,486,,,2
NGA,Zamfara,2452875,Place of delivery: Health facility,15.3,1,NG,Nigeria,2024,NG2024DHS,RH_DELP_C_DHF,83566070,I,433037,1433037,Region,..Zamfara,14002,Two years preceding the survey,0,1,RHDELPCDHF,NGDHS2024433037,2024,DHS,410,303,,,2
NGA,South East,7320333,Place of delivery: Health facility,87.3,1,NG,Nigeria,2024,NG2024DHS,RH_DELP_C_DHF,83566070,I,433008,1433040,Region,South East,14000,Three years preceding the survey,0,0,RHDELPCDHF,NGDHS2024433008,2024,DHS,1169,1728,,,1
NGA,South East,2471419,Place of delivery: Health facility,86.7,1,NG,Nigeria,2024,NG2024DHS,RH_DELP_C_DHF,83566070,I,433008,1433040,Region,South East,14002,Two years preceding the survey,0,1,RHDELPCDHF,NGDHS2024433008,2024,DHS,799,1166,,,1
NGA,Abia,3485115,Place of delivery: Health facility,89.1,1,NG,Nigeria,2024,NG2024DHS,RH_DELP_C_DHF,83566070,I,433041,1433041,Region,..Abia,14000,Three years preceding the survey,0,0,RHDELPCDHF,NGDHS2024433041,2024,DHS,129,241,,,2
NGA,Abia,2478617,Place of delivery: Health facility,86,1,NG,Nigeria,2024,NG2024DHS,RH_DELP_C_DHF,83566070,I,433041,1433041,Region,..Abia,14002,Two years preceding the survey,0,1,RHDELPCDHF,NGDHS2024433041,2024,DHS,89,167,,,2
NGA,Anambra,2798981,Place of delivery: Health facility,83.4,1,NG,Nigeria,2024,NG2024DHS,RH_DELP_C_DHF,83566070,I,433042,1433042,Region,..Anambra,14000,Three years preceding the survey,0,0,RHDELPCDHF,NGDHS2024433042,2024,DHS,237,342,,,2
NGA,Anambra,4505117,Place of delivery: Health facility,83.2,1,NG,Nigeria,2024,NG2024DHS,RH_DELP_C_DHF,83566070,I,433042,1433042,Region,..Anambra,14002,Two years preceding the survey,0,1,RHDELPCDHF,NGDHS2024433042,2024,DHS,160,229,,,2
NGA,Ebonyi,5016422,Place of delivery: Health facility,80.4,1,NG,Nigeria,2024,NG2024DHS,RH_DELP_C_DHF,83566070,I,433043,1433043,Region,..Ebonyi,14000,Three years preceding the survey,0,0,RHDELPCDHF,NGDHS2024433043,2024,DHS,366,499,,,2
NGA,Ebonyi,859341,Place of delivery: Health facility,79.4,1,NG,Nigeria,2024,NG2024DHS,RH_DELP_C_DHF,83566070,I,433043,1433043,Region,..Ebonyi,14002,Two years preceding the survey,0,1,RHDELPCDHF,NGDHS2024433043,2024,DHS,260,352,,,2
NGA,Enugu,2460056,Place of delivery: Health facility,92.2,1,NG,Nigeria,2024,NG2024DHS,RH_DELP_C_DHF,83566070,I,433044,1433044,Region,..Enugu,14000,Three years preceding the survey,0,0,RHDELPCDHF,NGDHS2024433044,2024,DHS,163,263,,,2
NGA,Enugu,4520082,Place of delivery: Health facility,92.6,1,NG,Nigeria,2024,NG2024DHS,RH_DELP_C_DHF,83566070,I,433044,1433044,Region,..Enugu,14002,Two years preceding the survey,0,1,RHDELPCDHF,NGDHS2024433044,2024,DHS,104,164,,,2
NGA,Imo,5115904,Place of delivery: Health facility,96,1,NG,Nigeria,2024,NG2024DHS,RH_DELP_C_DHF,83566070,I,433045,1433045,Region,..Imo,14000,Three years preceding the survey,0,0,RHDELPCDHF,NGDHS2024433045,2024,DHS,274,383,,,2
NGA,Imo,7125861,Place of delivery: Health facility,97,1,NG,Nigeria,2024,NG2024DHS,RH_DELP_C_DHF,83566070,I,433045,1433045,Region,..Imo,14002,Two years preceding the survey,0,1,RHDELPCDHF,NGDHS2024433045,2024,DHS,185,254,,,2
NGA,South West,2759340,Place of delivery: Health facility,82.4,1,NG,Nigeria,2024,NG2024DHS,RH_DELP_C_DHF,83566070,I,433009,1433050,Region,South West,14000,Three years preceding the survey,0,0,RHDELPCDHF,NGDHS2024433009,2024,DHS,1653,1496,,,1
NGA,South West,7026591,Place of delivery: Health facility,82.5,1,NG,Nigeria,2024,NG2024DHS,RH_DELP_C_DHF,83566070,I,433009,1433050,Region,South West,14002,Two years preceding the survey,0,1,RHDELPCDHF,NGDHS2024433009,2024,DHS,1135,1032,,,1
NGA,Ekiti,2452838,Place of delivery: Health facility,81.6,1,NG,Nigeria,2024,NG2024DHS,RH_DELP_C_DHF,83566070,I,433051,1433051,Region,..Ekiti,14000,Three years preceding the survey,0,0,RHDELPCDHF,NGDHS2024433051,2024,DHS,80,170,,,2
NGA,Ekiti,6765979,Place of delivery: Health facility,81.7,1,NG,Nigeria,2024,NG2024DHS,RH_DELP_C_DHF,83566070,I,433051,1433051,Region,..Ekiti,14002,Two years preceding the survey,0,1,RHDELPCDHF,NGDHS2024433051,2024,DHS,57,121,,,2
NGA,Lagos,7932556,Place of delivery: Health facility,86,1,NG,Nigeria,2024,NG2024DHS,RH_DELP_C_DHF,83566070,I,433052,1433052,Region,..Lagos,14000,Three years preceding the survey,0,0,RHDELPCDHF,NGDHS2024433052,2024,DHS,435,271,,,2
NGA,Lagos,5781044,Place of delivery: Health facility,85.8,1,NG,Nigeria,2024,NG2024DHS,RH_DELP_C_DHF,83566070,I,433052,1433052,Region,..Lagos,14002,Two years preceding the survey,0,1,RHDELPCDHF,NGDHS2024433052,2024,DHS,313,191,,,2
NGA,Ogun,7424235,Place of delivery: Health facility,84.4,1,NG,Nigeria,2024,NG2024DHS,RH_DELP_C_DHF,83566070,I,433053,1433053,Region,..Ogun,14000,Three years preceding the survey,0,0,RHDELPCDHF,NGDHS2024433053,2024,DHS,423,325,,,2
NGA,Ogun,3691949,Place of delivery: Health facility,83.3,1,NG,Nigeria,2024,NG2024DHS,RH_DELP_C_DHF,83566070,I,433053,1433053,Region,..Ogun,14002,Two years preceding the survey,0,1,RHDELPCDHF,NGDHS2024433053,2024,DHS,279,213,,,2
NGA,Ondo,2478584,Place of delivery: Health facility,78.7,1,NG,Nigeria,2024,NG2024DHS,RH_DELP_C_DHF,83566070,I,433054,1433054,Region,..Ondo,14000,Three years preceding the survey,0,0,RHDELPCDHF,NGDHS2024433054,2024,DHS,161,209,,,2
NGA,Ondo,7028254,Place of delivery: Health facility,83.2,1,NG,Nigeria,2024,NG2024DHS,RH_DELP_C_DHF,83566070,I,433054,1433054,Region,..Ondo,14002,Two years preceding the survey,0,1,RHDELPCDHF,NGDHS2024433054,2024,DHS,104,139,,,2
NGA,Osun,6447777,Place of delivery: Health facility,86.5,1,NG,Nigeria,2024,NG2024DHS,RH_DELP_C_DHF,83566070,I,433055,1433055,Region,..Osun,14000,Three years preceding the survey,0,0,RHDELPCDHF,NGDHS2024433055,2024,DHS,187,200,,,2
NGA,Osun,2478691,Place of delivery: Health facility,86.7,1,NG,Nigeria,2024,NG2024DHS,RH_DELP_C_DHF,83566070,I,433055,1433055,Region,..Osun,14002,Two years preceding the survey,0,1,RHDELPCDHF,NGDHS2024433055,2024,DHS,135,151,,,2
NGA,Oyo,2471464,Place of delivery: Health facility,75.5,1,NG,Nigeria,2024,NG2024DHS,RH_DELP_C_DHF,83566070,I,433056,1433056,Region,..Oyo,14000,Three years preceding the survey,0,0,RHDELPCDHF,NGDHS2024433056,2024,DHS,366,321,,,2
NGA,Oyo,4398204,Place of delivery: Health facility,75,1,NG,Nigeria,2024,NG2024DHS,RH_DELP_C_DHF,83566070,I,433056,1433056,Region,..Oyo,14002,Two years preceding the survey,0,1,RHDELPCDHF,NGDHS2024433056,2024,DHS,248,217,,,2
NGA,South South,7762138,Place of delivery: Health facility,66.2,1,NG,Nigeria,2024,NG2024DHS,RH_DELP_C_DHF,83566070,I,433010,1433060,Region,South South,14000,Three years preceding the survey,0,0,RHDELPCDHF,NGDHS2024433010,2024,DHS,1265,1582,,,1
NGA,South South,2612696,Place of delivery: Health facility,64.8,1,NG,Nigeria,2024,NG2024DHS,RH_DELP_C_DHF,83566070,I,433010,1433060,Region,South South,14002,Two years preceding the survey,0,1,RHDELPCDHF,NGDHS2024433010,2024,DHS,870,1073,,,1
NGA,Akwa Ibom,2793846,Place of delivery: Health facility,39.2,1,NG,Nigeria,2024,NG2024DHS,RH_DELP_C_DHF,83566070,I,433061,1433061,Region,..Akwa Ibom,14000,Three years preceding the survey,0,0,RHDELPCDHF,NGDHS2024433061,2024,DHS,170,215,,,2
NGA,Akwa Ibom,168126,Place of delivery: Health facility,38.6,1,NG,Nigeria,2024,NG2024DHS,RH_DELP_C_DHF,83566070,I,433061,1433061,Region,..Akwa Ibom,14002,Two years preceding the survey,0,1,RHDELPCDHF,NGDHS2024433061,2024,DHS,125,157,,,2
NGA,Bayelsa,5038111,Place of delivery: Health facility,41.9,1,NG,Nigeria,2024,NG2024DHS,RH_DELP_C_DHF,83566070,I,433062,1433062,Region,..Bayelsa,14000,Three years preceding the survey,0,0,RHDELPCDHF,NGDHS2024433062,2024,DHS,103,263,,,2
NGA,Bayelsa,736432,Place of delivery: Health facility,46.1,1,NG,Nigeria,2024,NG2024DHS,RH_DELP_C_DHF,83566070,I,433062,1433062,Region,..Bayelsa,14002,Two years preceding the survey,0,1,RHDELPCDHF,NGDHS2024433062,2024,DHS,73,179,,,2
NGA,Cross River,2478615,Place of delivery: Health facility,58.9,1,NG,Nigeria,2024,NG2024DHS,RH_DELP_C_DHF,83566070,I,433063,1433063,Region,..Cross River,14000,Three years preceding the survey,0,0,RHDELPCDHF,NGDHS2024433063,2024,DHS,136,227,,,2
NGA,Cross River,4460563,Place of delivery: Health facility,58.8,1,NG,Nigeria,2024,NG2024DHS,RH_DELP_C_DHF,83566070,I,433063,1433063,Region,..Cross River,14002,Two years preceding the survey,0,1,RHDELPCDHF,NGDHS2024433063,2024,DHS,95,152,,,2
NGA,Delta,5103060,Place of delivery: Health facility,83.7,1,NG,Nigeria,2024,NG2024DHS,RH_DELP_C_DHF,83566070,I,433064,1433064,Region,..Delta,14000,Three years preceding the survey,0,0,RHDELPCDHF,NGDHS2024433064,2024,DHS,324,321,,,2
NGA,Delta,7132130,Place of delivery: Health facility,83,1,NG,Nigeria,2024,NG2024DHS,RH_DELP_C_DHF,83566070,I,433064,1433064,Region,..Delta,14002,Two years preceding the survey,0,1,RHDELPCDHF,NGDHS2024433064,2024,DHS,219,215,,,2
NGA,Edo,6278930,Place of delivery: Health facility,90,1,NG,Nigeria,2024,NG2024DHS,RH_DELP_C_DHF,83566070,I,433065,1433065,Region,..Edo,14000,Three years preceding the survey,0,0,RHDELPCDHF,NGDHS2024433065,2024,DHS,176,240,,,2
NGA,Edo,2478703,Place of delivery: Health facility,90.9,1,NG,Nigeria,2024,NG2024DHS,RH_DELP_C_DHF,83566070,I,433065,1433065,Region,..Edo,14002,Two years preceding the survey,0,1,RHDELPCDHF,NGDHS2024433065,2024,DHS,121,165,,,2
NGA,Rivers,2766019,Place of delivery: Health facility,61,1,NG,Nigeria,2024,NG2024DHS,RH_DELP_C_DHF,83566070,I,433066,1433066,Region,..Rivers,14000,Three years preceding the survey,0,0,RHDELPCDHF,NGDHS2024433066,2024,DHS,356,316,,,2
NGA,Rivers,5241863,Place of delivery: Health facility,56.9,1,NG,Nigeria,2024,NG2024DHS,RH_DELP_C_DHF,83566070,I,433066,1433066,Region,..Rivers,14002,Two years preceding the survey,0,1,RHDELPCDHF,NGDHS2024433066,2024,DHS,237,205,,,2
NGA,North Central,2704747,Fully vaccinated (8 basic antigens),30.1,1,NG,Nigeria,2024,NG2024DHS,CH_VACC_C_BAS,93906230,I,433005,1433010,Region,North Central,0,,0,1,CHVACCCBAS,NGDHS2024433005,2024,DHS,818,869,,,1
NGA,FCT Abuja,373176,Fully vaccinated (8 basic antigens),45.6,1,NG,Nigeria,2024,NG2024DHS,CH_VACC_C_BAS,93906230,I,433011,1433011,Region,..FCT Abuja,0,,0,1,CHVACCCBAS,NGDHS2024433011,2024,DHS,83,92,,,2
NGA,Benue,622838,Fully vaccinated (8 basic antigens),25.4,1,NG,Nigeria,2024,NG2024DHS,CH_VACC_C_BAS,93906230,I,433012,1433012,Region,..Benue,0,,0,1,CHVACCCBAS,NGDHS2024433012,2024,DHS,100,100,,,2
NGA,Kogi,4215791,Fully vaccinated (8 basic antigens),16.8,1,NG,Nigeria,2024,NG2024DHS,CH_VACC_C_BAS,93906230,I,433013,1433013,Region,..Kogi,0,,0,1,CHVACCCBAS,NGDHS2024433013,2024,DHS,77,119,,,2
NGA,Kwara,5666607,Fully vaccinated (8 basic antigens),28.1,1,NG,Nigeria,2024,NG2024DHS,CH_VACC_C_BAS,93906230,I,433014,1433014,Region,..Kwara,0,,0,1,CHVACCCBAS,NGDHS2024433014,2024,DHS,81,105,,,2
NGA,Nasarawa,4429371,Fully vaccinated (8 basic antigens),42.3,1,NG,Nigeria,2024,NG2024DHS,CH_VACC_C_BAS,93906230,I,433015,1433015,Region,..Nasarawa,0,,0,1,CHVACCCBAS,NGDHS2024433015,2024,DHS,114,135,,,2
NGA,Niger,50125,Fully vaccinated (8 basic antigens),28.3,1,NG,Nigeria,2024,NG2024DHS,CH_VACC_C_BAS,93906230,I,433016,1433016,Region,..Niger,0,,0,1,CHVACCCBAS,NGDHS2024433016,2024,DHS,237,166,,,2
NGA,Plateau,3695894,Fully vaccinated (8 basic antigens),25.3,1,NG,Nigeria,2024,NG2024DHS,CH_VACC_C_BAS,93906230,I,433017,1433017,Region,..Plateau,0,,0,1,CHVACCCBAS,NGDHS2024433017,2024,DHS,126,152,,,2
NGA,North East,2443383,Fully vaccinated (8 basic antigens),40.2,1,NG,Nigeria,2024,NG2024DHS,CH_VACC_C_BAS,93906230,I,433006,1433020,Region,North East,0,,0,1,CHVACCCBAS,NGDHS2024433006,2024,DHS,1006,1032,,,1
NGA,Adamawa,7408319,Fully vaccinated (8 basic antigens),38.4,1,NG,Nigeria,2024,NG2024DHS,CH_VACC_C_BAS,93906230,I,433021,1433021,Region,..Adamawa,0,,0,1,CHVACCCBAS,NGDHS2024433021,2024,DHS,117,149,,,2
NGA,Bauchi,4110128,Fully vaccinated (8 basic antigens),51.4,1,NG,Nigeria,2024,NG2024DHS,CH_VACC_C_BAS,93906230,I,433022,1433022,Region,..Bauchi,0,,0,1,CHVACCCBAS,NGDHS2024433022,2024,DHS,318,209,,,2
NGA,Borno,488990,Fully vaccinated (8 basic antigens),28.5,1,NG,Nigeria,2024,NG2024DHS,CH_VACC_C_BAS,93906230,I,433023,1433023,Region,..Borno,0,,0,1,CHVACCCBAS,NGDHS2024433023,2024,DHS,194,160,,,2
NGA,Gombe,2451052,Fully vaccinated (8 basic antigens),49.2,1,NG,Nigeria,2024,NG2024DHS,CH_VACC_C_BAS,93906230,I,433024,1433024,Region,..Gombe,0,,0,1,CHVACCCBAS,NGDHS2024433024,2024,DHS,95,176,,,2
NGA,Taraba,5039783,Fully vaccinated (8 basic antigens),26,1,NG,Nigeria,2024,NG2024DHS,CH_VACC_C_BAS,93906230,I,433025,1433025,Region,..Taraba,0,,0,1,CHVACCCBAS,NGDHS2024433025,2024,DHS,101,126,,,2
NGA,Yobe,6295266,Fully vaccinated (8 basic antigens),37.4,1,NG,Nigeria,2024,NG2024DHS,CH_VACC_C_BAS,93906230,I,433026,1433026,Region,..Yobe,0,,0,1,CHVACCCBAS,NGDHS2024433026,2024,DHS,181,212,,,2
NGA,North West,6061685,Fully vaccinated (8 basic antigens),31.6,1,NG,Nigeria,2024,NG2024DHS,CH_VACC_C_BAS,93906230,I,433007,1433030,Region,North West,0,,0,1,CHVACCCBAS,NGDHS2024433007,2024,DHS,1948,1483,,,1
NGA,Jigawa,775961,Fully vaccinated (8 basic antigens),56.9,1,NG,Nigeria,2024,NG2024DHS,CH_VACC_C_BAS,93906230,I,433031,1433031,Region,..Jigawa,0,,0,1,CHVACCCBAS,NGDHS2024433031,2024,DHS,197,208,,,2
NGA,Kaduna,4216200,Fully vaccinated (8 basic antigens),35.7,1,NG,Nigeria,2024,NG2024DHS,CH_VACC_C_BAS,93906230,I,433032,1433032,Region,..Kaduna,0,,0,1,CHVACCCBAS,NGDHS2024433032,2024,DHS,368,221,,,2
NGA,Kano,5653215,Fully vaccinated (8 basic antigens),35.8,1,NG,Nigeria,2024,NG2024DHS,CH_VACC_C_BAS,93906230,I,433033,1433033,Region,..Kano,0,,0,1,CHVACCCBAS,NGDHS2024433033,2024,DHS,531,271,,,2
NGA,Katsina,2443416,Fully vaccinated (8 basic antigens),45.3,1,NG,Nigeria,2024,NG2024DHS,CH_VACC_C_BAS,93906230,I,433034,1433034,Region,..Katsina,0,,0,1,CHVACCCBAS,NGDHS2024433034,2024,DHS,290,202,,,2
NGA,Kebbi,3204588,Fully vaccinated (8 basic antigens),9.7,1,NG,Nigeria,2024,NG2024DHS,CH_VACC_C_BAS,93906230,I,433035,1433035,Region,..Kebbi,0,,0,1,CHVACCCBAS,NGDHS2024433035,2024,DHS,167,226,,,2
NGA,Sokoto,2466547,Fully vaccinated (8 basic antigens),8.4,1,NG,Nigeria,2024,NG2024DHS,CH_VACC_C_BAS,93906230,I,433036,1433036,Region,..Sokoto,0,,0,1,CHVACCCBAS,NGDHS2024433036,2024,DHS,196,210,,,2
NGA,Zamfara,7023350,Fully vaccinated (8 basic antigens),9.6,1,NG,Nigeria,2024,NG2024DHS,CH_VACC_C_BAS,93906230,I,433037,1433037,Region,..Zamfara,0,,0,1,CHVACCCBAS,NGDHS2024433037,2024,DHS,199,145,,,2
NGA,South East,7586085,Fully vaccinated (8 basic antigens),53.5,1,NG,Nigeria,2024,NG2024DHS,CH_VACC_C_BAS,93906230,I,433008,1433040,Region,South East,0,,0,1,CHVACCCBAS,NGDHS2024433008,2024,DHS,372,544,,,1
NGA,Abia,4123439,Fully vaccinated (8 basic antigens),38,1,NG,Nigeria,2024,NG2024DHS,CH_VACC_C_BAS,93906230,I,433041,1433041,Region,..Abia,0,,0,1,CHVACCCBAS,NGDHS2024433041,2024,DHS,43,81,,,2
NGA,Anambra,5015108,Fully vaccinated (8 basic antigens),48.7,1,NG,Nigeria,2024,NG2024DHS,CH_VACC_C_BAS,93906230,I,433042,1433042,Region,..Anambra,0,,0,1,CHVACCCBAS,NGDHS2024433042,2024,DHS,64,96,,,2
NGA,Ebonyi,2451219,Fully vaccinated (8 basic antigens),57.9,1,NG,Nigeria,2024,NG2024DHS,CH_VACC_C_BAS,93906230,I,433043,1433043,Region,..Ebonyi,0,,0,1,CHVACCCBAS,NGDHS2024433043,2024,DHS,132,176,,,2
NGA,Enugu,5024858,Fully vaccinated (8 basic antigens),51.8,1,NG,Nigeria,2024,NG2024DHS,CH_VACC_C_BAS,93906230,I,433044,1433044,Region,..Enugu,0,,0,1,CHVACCCBAS,NGDHS2024433044,2024,DHS,48,74,,,2
NGA,Imo,6252181,Fully vaccinated (8 basic antigens),59.1,1,NG,Nigeria,2024,NG2024DHS,CH_VACC_C_BAS,93906230,I,433045,1433045,Region,..Imo,0,,0,1,CHVACCCBAS,NGDHS2024433045,2024,DHS,84,117,,,2
NGA,South West,6394294,Fully vaccinated (8 basic antigens),52.9,1,NG,Nigeria,2024,NG2024DHS,CH_VACC_C_BAS,93906230,I,433009,1433050,Region,South West,0,,0,1,CHVACCCBAS,NGDHS2024433009,2024,DHS,552,482,,,1
NGA,Ekiti,4209149,Fully vaccinated (8 basic antigens),56.6,1,NG,Nigeria,2024,NG2024DHS,CH_VACC_C_BAS,93906230,I,433051,1433051,Region,..Ekiti,0,,0,1,CHVACCCBAS,NGDHS2024433051,2024,DHS,21,49,,,2
NGA,Lagos,5666525,Fully vaccinated (8 basic antigens),66.1,1,NG,Nigeria,2024,NG2024DHS,CH_VACC_C_BAS,93906230,I,433052,1433052,Region,..Lagos,0,,0,1,CHVACCCBAS,NGDHS2024433052,2024,DHS,177,107,,,2
NGA,Ogun,2466754,Fully vaccinated (8 basic antigens),51.4,1,NG,Nigeria,2024,NG2024DHS,CH_VACC_C_BAS,93906230,I,433053,1433053,Region,..Ogun,0,,0,1,CHVACCCBAS,NGDHS2024433053,2024,DHS,141,111,,,2
NGA,Ondo,4849257,Fully vaccinated (8 basic antigens),50.9,1,NG,Nigeria,2024,NG2024DHS,CH_VACC_C_BAS,93906230,I,433054,1433054,Region,..Ondo,0,,0,1,CHVACCCBAS,NGDHS2024433054,2024,DHS,44,59,,,2
NGA,Osun,2879389,Fully vaccinated (8 basic antigens),55.3,1,NG,Nigeria,2024,NG2024DHS,CH_VACC_C_BAS,93906230,I,433055,1433055,Region,..Osun,0,,0,1,CHVACCCBAS,NGDHS2024433055,2024,DHS,64,65,,,2
NGA,Oyo,7030903,Fully vaccinated (8 basic antigens),31.1,1,NG,Nigeria,2024,NG2024DHS,CH_VACC_C_BAS,93906230,I,433056,1433056,Region,..Oyo,0,,0,1,CHVACCCBAS,NGDHS2024433056,2024,DHS,105,91,,,2
NGA,South South,3842341,Fully vaccinated (8 basic antigens),60.7,1,NG,Nigeria,2024,NG2024DHS,CH_VACC_C_BAS,93906230,I,433010,1433060,Region,South South,0,,0,1,CHVACCCBAS,NGDHS2024433010,2024,DHS,425,527,,,1
NGA,Akwa Ibom,5022098,Fully vaccinated (8 basic antigens),50.8,1,NG,Nigeria,2024,NG2024DHS,CH_VACC_C_BAS,93906230,I,433061,1433061,Region,..Akwa Ibom,0,,0,1,CHVACCCBAS,NGDHS2024433061,2024,DHS,59,81,,,2
NGA,Bayelsa,2466693,Fully vaccinated (8 basic antigens),63.4,1,NG,Nigeria,2024,NG2024DHS,CH_VACC_C_BAS,93906230,I,433062,1433062,Region,..Bayelsa,0,,0,1,CHVACCCBAS,NGDHS2024433062,2024,DHS,34,84,,,2
NGA,Cross River,7788935,Fully vaccinated (8 basic antigens),68.6,1,NG,Nigeria,2024,NG2024DHS,CH_VACC_C_BAS,93906230,I,433063,1433063,Region,..Cross River,0,,0,1,CHVACCCBAS,NGDHS2024433063,2024,DHS,43,69,,,2
NGA,Delta,6260802,Fully vaccinated (8 basic antigens),68.1,1,NG,Nigeria,2024,NG2024DHS,CH_VACC_C_BAS,93906230,I,433064,1433064,Region,..Delta,0,,0,1,CHVACCCBAS,NGDHS2024433064,2024,DHS,115,112,,,2
NGA,Edo,4611231,Fully vaccinated (8 basic antigens),58.4,1,NG,Nigeria,2024,NG2024DHS,CH_VACC_C_BAS,93906230,I,433065,1433065,Region,..Edo,0,,0,1,CHVACCCBAS,NGDHS2024433065,2024,DHS,56,78,,,2
NGA,Rivers,7362092,Fully vaccinated (8 basic antigens),55.7,1,NG,Nigeria,2024,NG2024DHS,CH_VACC_C_BAS,93906230,I,433066,1433066,Region,..Rivers,0,,0,1,CHVACCCBAS,NGDHS2024433066,2024,DHS,118,103,,,2
NGA,North Central,6577445,Treatment of diarrhea: Either ORS or RHF,55.5,1,NG,Nigeria,2024,NG2024DHS,CH_DIAT_C_ORT,94096040,I,433005,1433010,Region,North Central,14000,Three years preceding the survey,0,0,CHDIATCORT,NGDHS2024433005,2024,DHS,284,322,,,1
NGA,North Central,5901011,Treatment of diarrhea: Either ORS or RHF,57.8,1,NG,Nigeria,2024,NG2024DHS,CH_DIAT_C_ORT,94096040,I,433005,1433010,Region,North Central,14001,Five years preceding the survey,0,1,CHDIATCORT,NGDHS2024433005,2024,DHS,356,404,,,1
NGA,FCT Abuja,7382911,Treatment of diarrhea: Either ORS or RHF,67,1,NG,Nigeria,2024,NG2024DHS,CH_DIAT_C_ORT,94096040,I,433011,1433011,Region,..FCT Abuja,14000,Three years preceding the survey,0,0,CHDIATCORT,NGDHS2024433011,2024,DHS,35,43,,,2
NGA,FCT Abuja,2469427,Treatment of diarrhea: Either ORS or RHF,73.2,1,NG,Nigeria,2024,NG2024DHS,CH_DIAT_C_ORT,94096040,I,433011,1433011,Region,..FCT Abuja,14001,Five years preceding the survey,0,1,CHDIATCORT,NGDHS2024433011,2024,DHS,44,53,,,2
NGA,Kogi,4869318,Treatment of diarrhea: Either ORS or RHF,60.5,1,NG,Nigeria,2024,NG2024DHS,CH_DIAT_C_ORT,94096040,I,433013,1433013,Region,..Kogi,14000,Three years preceding the survey,0,0,CHDIATCORT,NGDHS2024433013,2024,DHS,31,49,,,2
NGA,Kogi,4288530,Treatment of diarrhea: Either ORS or RHF,64.1,1,NG,Nigeria,2024,NG2024DHS,CH_DIAT_C_ORT,94096040,I,433013,1433013,Region,..Kogi,14001,Five years preceding the survey,0,1,CHDIATCORT,NGDHS2024433013,2024,DHS,43,67,,,2
NGA,Nasarawa,4346740,Treatment of diarrhea: Either ORS or RHF,49.5,1,NG,Nigeria,2024,NG2024DHS,CH_DIAT_C_ORT,94096040,I,433015,1433015,Region,..Nasarawa,14000,Three years preceding the survey,0,0,CHDIATCORT,NGDHS2024433015,2024,DHS,101,117,,,2
NGA,Nasarawa,2886405,Treatment of diarrhea: Either ORS or RHF,48.2,1,NG,Nigeria,2024,NG2024DHS,CH_DIAT_C_ORT,94096040,I,433015,1433015,Region,..Nasarawa,14001,Five years preceding the survey,0,1,CHDIATCORT,NGDHS2024433015,2024,DHS,120,140,,,2
NGA,Niger,6027988,Treatment of diarrhea: Either ORS or RHF,69.2,1,NG,Nigeria,2024,NG2024DHS,CH_DIAT_C_ORT,94096040,I,433016,1433016,Region,..Niger,14000,Three years preceding the survey,0,0,CHDIATCORT,NGDHS2024433016,2024,DHS,50,38,,,2
NGA,Niger,5341239,Treatment of diarrhea: Either ORS or RHF,68,1,NG,Nigeria,2024,NG2024DHS,CH_DIAT_C_ORT,94096040,I,433016,1433016,Region,..Niger,14001,Five years preceding the survey,0,1,CHDIATCORT,NGDHS2024433016,2024,DHS,68,52,,,2
NGA,Plateau,4382225,Treatment of diarrhea: Either ORS or RHF,31.4,1,NG,Nigeria,2024,NG2024DHS,CH_DIAT_C_ORT,94096040,I,433017,1433017,Region,..Plateau,14000,Three years preceding the survey,0,0,CHDIATCORT,NGDHS2024433017,2024,DHS,43,49,,,2
NGA,Plateau,7274224,Treatment of diarrhea: Either ORS or RHF,35.5,1,NG,Nigeria,2024,NG2024DHS,CH_DIAT_C_ORT,94096040,I,433017,1433017,Region,..Plateau,14001,Five years preceding the survey,0,1,CHDIATCORT,NGDHS2024433017,2024,DHS,49,57,,,2
NGA,North East,4769623,Treatment of diarrhea: Either ORS or RHF,58.9,1,NG,Nigeria,2024,NG2024DHS,CH_DIAT_C_ORT,94096040,I,433006,1433020,Region,North East,14000,Three years preceding the survey,0,0,CHDIATCORT,NGDHS2024433006,2024,DHS,619,651,,,1
NGA,North East,3094457,Treatment of diarrhea: Either ORS or RHF,59.1,1,NG,Nigeria,2024,NG2024DHS,CH_DIAT_C_ORT,94096040,I,433006,1433020,Region,North East,14001,Five years preceding the survey,0,1,CHDIATCORT,NGDHS2024433006,2024,DHS,810,846,,,1
NGA,Adamawa,4371550,Treatment of diarrhea: Either ORS or RHF,45.1,1,NG,Nigeria,2024,NG2024DHS,CH_DIAT_C_ORT,94096040,I,433021,1433021,Region,..Adamawa,14000,Three years preceding the survey,0,0,CHDIATCORT,NGDHS2024433021,2024,DHS,83,107,,,2
NGA,Adamawa,3223345,Treatment of diarrhea: Either ORS or RHF,44.4,1,NG,Nigeria,2024,NG2024DHS,CH_DIAT_C_ORT,94096040,I,433021,1433021,Region,..Adamawa,14001,Five years preceding the survey,0,1,CHDIATCORT,NGDHS2024433021,2024,DHS,101,129,,,2
NGA,Bauchi,187764,Treatment of diarrhea: Either ORS or RHF,80.5,1,NG,Nigeria,2024,NG2024DHS,CH_DIAT_C_ORT,94096040,I,433022,1433022,Region,..Bauchi,14000,Three years preceding the survey,0,0,CHDIATCORT,NGDHS2024433022,2024,DHS,162,97,,,2
NGA,Bauchi,3860667,Treatment of diarrhea: Either ORS or RHF,81.6,1,NG,Nigeria,2024,NG2024DHS,CH_DIAT_C_ORT,94096040,I,433022,1433022,Region,..Bauchi,14001,Five years preceding the survey,0,1,CHDIATCORT,NGDHS2024433022,2024,DHS,227,131,,,2
NGA,Borno,3462153,Treatment of diarrhea: Either ORS or RHF,69.3,1,NG,Nigeria,2024,NG2024DHS,CH_DIAT_C_ORT,94096040,I,433023,1433023,Region,..Borno,14000,Three years preceding the survey,0,0,CHDIATCORT,NGDHS2024433023,2024,DHS,108,99,,,2
NGA,Borno,7634231,Treatment of diarrhea: Either ORS or RHF,69.8,1,NG,Nigeria,2024,NG2024DHS,CH_DIAT_C_ORT,94096040,I,433023,1433023,Region,..Borno,14001,Five years preceding the survey,0,1,CHDIATCORT,NGDHS2024433023,2024,DHS,129,119,,,2
NGA,Gombe,6560283,Treatment of diarrhea: Either ORS or RHF,48.9,1,NG,Nigeria,2024,NG2024DHS,CH_DIAT_C_ORT,94096040,I,433024,1433024,Region,..Gombe,14000,Three years preceding the survey,0,0,CHDIATCORT,NGDHS2024433024,2024,DHS,41,81,,,2
NGA,Gombe,5908247,Treatment of diarrhea: Either ORS or RHF,52.2,1,NG,Nigeria,2024,NG2024DHS,CH_DIAT_C_ORT,94096040,I,433024,1433024,Region,..Gombe,14001,Five years preceding the survey,0,1,CHDIATCORT,NGDHS2024433024,2024,DHS,58,114,,,2
NGA,Taraba,4783222,Treatment of diarrhea: Either ORS or RHF,51.9,1,NG,Nigeria,2024,NG2024DHS,CH_DIAT_C_ORT,94096040,I,433025,1433025,Region,..Taraba,14000,Three years preceding the survey,0,0,CHDIATCORT,NGDHS2024433025,2024,DHS,22,29,,,2
NGA,Taraba,4701716,Treatment of diarrhea: Either ORS or RHF,54.9,1,NG,Nigeria,2024,NG2024DHS,CH_DIAT_C_ORT,94096040,I,433025,1433025,Region,..Taraba,14001,Five years preceding the survey,0,1,CHDIATCORT,NGDHS2024433025,2024,DHS,25,33,,,2
NGA,Yobe,2459127,Treatment of diarrhea: Either ORS or RHF,44.6,1,NG,Nigeria,2024,NG2024DHS,CH_DIAT_C_ORT,94096040,I,433026,1433026,Region,..Yobe,14000,Three years preceding the survey,0,0,CHDIATCORT,NGDHS2024433026,2024,DHS,203,238,,,2
NGA,Yobe,6261776,Treatment of diarrhea: Either ORS or RHF,42.6,1,NG,Nigeria,2024,NG2024DHS,CH_DIAT_C_ORT,94096040,I,433026,1433026,Region,..Yobe,14001,Five years preceding the survey,0,1,CHDIATCORT,NGDHS2024433026,2024,DHS,271,320,,,2
NGA,North West,2468654,Treatment of diarrhea: Either ORS or RHF,45.9,1,NG,Nigeria,2024,NG2024DHS,CH_DIAT_C_ORT,94096040,I,433007,1433030,Region,North West,14000,Three years preceding the survey,0,0,CHDIATCORT,NGDHS2024433007,2024,DHS,1501,1079,,,1
NGA,North West,7337714,Treatment of diarrhea: Either ORS or RHF,45.8,1,NG,Nigeria,2024,NG2024DHS,CH_DIAT_C_ORT,94096040,I,433007,1433030,Region,North West,14001,Five years preceding the survey,0,1,CHDIATCORT,NGDHS2024433007,2024,DHS,2146,1511,,,1
NGA,Jigawa,2452087,Treatment of diarrhea: Either ORS or RHF,34.9,1,NG,Nigeria,2024,NG2024DHS,CH_DIAT_C_ORT,94096040,I,433031,1433031,Region,..Jigawa,14000,Three years preceding the survey,0,0,CHDIATCORT,NGDHS2024433031,2024,DHS,161,163,,,2
NGA,Jigawa,6018630,Treatment of diarrhea: Either ORS or RHF,36.1,1,NG,Nigeria,2024,NG2024DHS,CH_DIAT_C_ORT,94096040,I,433031,1433031,Region,..Jigawa,14001,Five years preceding the survey,0,1,CHDIATCORT,NGDHS2024433031,2024,DHS,228,230,,,2
NGA,Kaduna,4834938,Treatment of diarrhea: Either ORS or RHF,39.4,1,NG,Nigeria,2024,NG2024DHS,CH_DIAT_C_ORT,94096040,I,433032,1433032,Region,..Kaduna,14000,Three years preceding the survey,0,0,CHDIATCORT,NGDHS2024433032,2024,DHS,436,258,,,2
NGA,Kaduna,4274648,Treatment of diarrhea: Either ORS or RHF,39.4,1,NG,Nigeria,2024,NG2024DHS,CH_DIAT_C_ORT,94096040,I,433032,1433032,Region,..Kaduna,14001,Five years preceding the survey,0,1,CHDIATCORT,NGDHS2024433032,2024,DHS,611,356,,,2
NGA,Kano,3810811,Treatment of diarrhea: Either ORS or RHF,60.1,1,NG,Nigeria,2024,NG2024DHS,CH_DIAT_C_ORT,94096040,I,433033,1433033,Region,..Kano,14000,Three years preceding the survey,0,0,CHDIATCORT,NGDHS2024433033,2024,DHS,499,250,,,2
NGA,Kano,8158,Treatment of diarrhea: Either ORS or RHF,61.6,1,NG,Nigeria,2024,NG2024DHS,CH_DIAT_C_ORT,94096040,I,433033,1433033,Region,..Kano,14001,Five years preceding the survey,0,1,CHDIATCORT,NGDHS2024433033,2024,DHS,752,378,,,2
NGA,Katsina,6000593,Treatment of diarrhea: Either ORS or RHF,22.1,1,NG,Nigeria,2024,NG2024DHS,CH_DIAT_C_ORT,94096040,I,433034,1433034,Region,..Katsina,14000,Three years preceding the survey,0,0,CHDIATCORT,NGDHS2024433034,2024,DHS,157,109,,,2
NGA,Katsina,3681760,Treatment of diarrhea: Either ORS or RHF,17,1,NG,Nigeria,2024,NG2024DHS,CH_DIAT_C_ORT,94096040,I,433034,1433034,Region,..Katsina,14001,Five years preceding the survey,0,1,CHDIATCORT,NGDHS2024433034,2024,DHS,245,161,,,2
NGA,Kebbi,5920507,Treatment of diarrhea: Either ORS or RHF,46.1,1,NG,Nigeria,2024,NG2024DHS,CH_DIAT_C_ORT,94096040,I,433035,1433035,Region,..Kebbi,14000,Three years preceding the survey,0,0,CHDIATCORT,NGDHS2024433035,2024,DHS,151,217,,,2
NGA,Kebbi,5339253,Treatment of diarrhea: Either ORS or RHF,44.7,1,NG,Nigeria,2024,NG2024DHS,CH_DIAT_C_ORT,94096040,I,433035,1433035,Region,..Kebbi,14001,Five years preceding the survey,0,1,CHDIATCORT,NGDHS2024433035,2024,DHS,185,275,,,2
NGA,Sokoto,7600678,Treatment of diarrhea: Either ORS or RHF,50.9,1,NG,Nigeria,2024,NG2024DHS,CH_DIAT_C_ORT,94096040,I,433036,1433036,Region,..Sokoto,14000,Three years preceding the survey,0,0,CHDIATCORT,NGDHS2024433036,2024,DHS,56,52,,,2
NGA,Sokoto,7273922,Treatment of diarrhea: Either ORS or RHF,48.4,1,NG,Nigeria,2024,NG2024DHS,CH_DIAT_C_ORT,94096040,I,433036,1433036,Region,..Sokoto,14001,Five years preceding the survey,0,1,CHDIATCORT,NGDHS2024433036,2024,DHS,70,70,,,2
NGA,Zamfara,7317029,Treatment of diarrhea: Either ORS or RHF,68.8,1,NG,Nigeria,2024,NG2024DHS,CH_DIAT_C_ORT,94096040,I,433037,1433037,Region,..Zamfara,14000,Three years preceding the survey,0,0,CHDIATCORT,NGDHS2024433037,2024,DHS,41,30,,,2
NGA,Zamfara,4127098,Treatment of diarrhea: Either ORS or RHF,70.6,1,NG,Nigeria,2024,NG2024DHS,CH_DIAT_C_ORT,94096040,I,433037,1433037,Region,..Zamfara,14001,Five years preceding the survey,0,1,CHDIATCORT,NGDHS2024433037,2024,DHS,55,41,,,2
NGA,South East,7000588,Treatment of diarrhea: Either ORS or RHF,31.6,1,NG,Nigeria,2024,NG2024DHS,CH_DIAT_C_ORT,94096040,I,433008,1433040,Region,South East,14000,Three years preceding the survey,0,0,CHDIATCORT,NGDHS2024433008,2024,DHS,140,189,,,1
NGA,South East,3824014,Treatment of diarrhea: Either ORS or RHF,29.4,1,NG,Nigeria,2024,NG2024DHS,CH_DIAT_C_ORT,94096040,I,433008,1433040,Region,South East,14001,Five years preceding the survey,0,1,CHDIATCORT,NGDHS2024433008,2024,DHS,174,235,,,1
NGA,Anambra,5039662,Treatment of diarrhea: Either ORS or RHF,33,1,NG,Nigeria,2024,NG2024DHS,CH_DIAT_C_ORT,94096040,I,433042,1433042,Region,..Anambra,14001,Five years preceding the survey,0,1,CHDIATCORT,NGDHS2024433042,2024,DHS,23,27,,,2
NGA,Ebonyi,4267088,Treatment of diarrhea: Either ORS or RHF,23,1,NG,Nigeria,2024,NG2024DHS,CH_DIAT_C_ORT,94096040,I,433043,1433043,Region,..Ebonyi,14000,Three years preceding the survey,0,0,CHDIATCORT,NGDHS2024433043,2024,DHS,64,83,,,2
NGA,Ebonyi,6048866,Treatment of diarrhea: Either ORS or RHF,20.3,1,NG,Nigeria,2024,NG2024DHS,CH_DIAT_C_ORT,94096040,I,433043,1433043,Region,..Ebonyi,14001,Five years preceding the survey,0,1,CHDIATCORT,NGDHS2024433043,2024,DHS,78,102,,,2
NGA,Imo,2470664,Treatment of diarrhea: Either ORS or RHF,37.6,1,NG,Nigeria,2024,NG2024DHS,CH_DIAT_C_ORT,94096040,I,433045,1433045,Region,..Imo,14000,Three years preceding the survey,0,0,CHDIATCORT,NGDHS2024433045,2024,DHS,45,66,,,2
NGA,Imo,6254731,Treatment of diarrhea: Either ORS or RHF,35.3,1,NG,Nigeria,2024,NG2024DHS,CH_DIAT_C_ORT,94096040,I,433045,1433045,Region,..Imo,14001,Five years preceding the survey,0,1,CHDIATCORT,NGDHS2024433045,2024,DHS,57,80,,,2
NGA,South West,6005632,Treatment of diarrhea: Either ORS or RHF,55.3,1,NG,Nigeria,2024,NG2024DHS,CH_DIAT_C_ORT,94096040,I,433009,1433050,Region,South West,14000,Three years preceding the survey,0,0,CHDIATCORT,NGDHS2024433009,2024,DHS,159,141,,,1
NGA,South West,5726984,Treatment of diarrhea: Either ORS or RHF,53.3,1,NG,Nigeria,2024,NG2024DHS,CH_DIAT_C_ORT,94096040,I,433009,1433050,Region,South West,14001,Five years preceding the survey,0,1,CHDIATCORT,NGDHS2024433009,2024,DHS,199,172,,,1
NGA,Ogun,6015152,Treatment of diarrhea: Either ORS or RHF,30,1,NG,Nigeria,2024,NG2024DHS,CH_DIAT_C_ORT,94096040,I,433053,1433053,Region,..Ogun,14000,Three years preceding the survey,0,0,CHDIATCORT,NGDHS2024433053,2024,DHS,68,50,,,2
NGA,Ogun,3702064,Treatment of diarrhea: Either ORS or RHF,27.3,1,NG,Nigeria,2024,NG2024DHS,CH_DIAT_C_ORT,94096040,I,433053,1433053,Region,..Ogun,14001,Five years preceding the survey,0,1,CHDIATCORT,NGDHS2024433053,2024,DHS,85,62,,,2
NGA,Osun,7281728,Treatment of diarrhea: Either ORS or RHF,54.5,1,NG,Nigeria,2024,NG2024DHS,CH_DIAT_C_ORT,94096040,I,433055,1433055,Region,..Osun,14001,Five years preceding the survey,0,1,CHDIATCORT,NGDHS2024433055,2024,DHS,25,28,,,2
NGA,Oyo,7849355,Treatment of diarrhea: Either ORS or RHF,75.3,1,NG,Nigeria,2024,NG2024DHS,CH_DIAT_C_ORT,94096040,I,433056,1433056,Region,..Oyo,14001,Five years preceding the survey,0,1,CHDIATCORT,NGDHS2024433056,2024,DHS,33,29,,,2
NGA,South South,7787059,Treatment of diarrhea: Either ORS or RHF,50.6,1,NG,Nigeria,2024,NG2024DHS,CH_DIAT_C_ORT,94096040,I,433010,1433060,Region,South South,14000,Three years preceding the survey,0,0,CHDIATCORT,NGDHS2024433010,2024,DHS,103,158,,,1
NGA,South South,565113,Treatment of diarrhea: Either ORS or RHF,51,1,NG,Nigeria,2024,NG2024DHS,CH_DIAT_C_ORT,94096040,I,433010,1433060,Region,South South,14001,Five years preceding the survey,0,1,CHDIATCORT,NGDHS2024433010,2024,DHS,148,222,,,1
NGA,Akwa Ibom,5024804,Treatment of diarrhea: Either ORS or RHF,17.8,1,NG,Nigeria,2024,NG2024DHS,CH_DIAT_C_ORT,94096040,I,433061,1433061,Region,..Akwa Ibom,14001,Five years preceding the survey,0,1,CHDIATCORT,NGDHS2024433061,2024,DHS,28,36,,,2
NGA,Bayelsa,4280725,Treatment of diarrhea: Either ORS or RHF,45.1,1,NG,Nigeria,2024,NG2024DHS,CH_DIAT_C_ORT,94096040,I,433062,1433062,Region,..Bayelsa,14000,Three years preceding the survey,0,0,CHDIATCORT,NGDHS2024433062,2024,DHS,19,48,,,2
NGA,Bayelsa,7244639,Treatment of diarrhea: Either ORS or RHF,50.6,1,NG,Nigeria,2024,NG2024DHS,CH_DIAT_C_ORT,94096040,I,433062,1433062,Region,..Bayelsa,14001,Five years preceding the survey,0,1,CHDIATCORT,NGDHS2024433062,2024,DHS,25,64,,,2
NGA,Cross River,6904246,Treatment of diarrhea: Either ORS or RHF,46.6,1,NG,Nigeria,2024,NG2024DHS,CH_DIAT_C_ORT,94096040,I,433063,1433063,Region,..Cross River,14000,Three years preceding the survey,0,0,CHDIATCORT,NGDHS2024433063,2024,DHS,21,33,,,2
NGA,Cross River,4693969,Treatment of diarrhea: Either ORS or RHF,57.8,1,NG,Nigeria,2024,NG2024DHS,CH_DIAT_C_ORT,94096040,I,433063,1433063,Region,..Cross River,14001,Five years preceding the survey,0,1,CHDIATCORT,NGDHS2024433063,2024,DHS,34,53,,,2
NGA,Delta,6394310,Treatment of diarrhea: Either ORS or RHF,57.1,1,NG,Nigeria,2024,NG2024DHS,CH_DIAT_C_ORT,94096040,I,433064,1433064,Region,..Delta,14001,Five years preceding the survey,0,1,CHDIATCORT,NGDHS2024433064,2024,DHS,29,30,,,2
NGA,North Central,4218334,Children stunted,36.8,1,NG,Nigeria,2024,NG2024DHS,CN_NUTS_C_HA2,104236020,I,433005,1433010,Region,North Central,0,,0,1,CNNUTSCHA2,NGDHS2024433005,2024,DHS,1741,1827,,,1
NGA,FCT Abuja,6213005,Children stunted,16.3,1,NG,Nigeria,2024,NG2024DHS,CN_NUTS_C_HA2,104236020,I,433011,1433011,Region,..FCT Abuja,0,,0,1,CNNUTSCHA2,NGDHS2024433011,2024,DHS,158,174,,,2
NGA,Benue,2478810,Children stunted,25.3,1,NG,Nigeria,2024,NG2024DHS,CN_NUTS_C_HA2,104236020,I,433012,1433012,Region,..Benue,0,,0,1,CNNUTSCHA2,NGDHS2024433012,2024,DHS,215,210,,,2
NGA,Kogi,243261,Children stunted,34.6,1,NG,Nigeria,2024,NG2024DHS,CN_NUTS_C_HA2,104236020,I,433013,1433013,Region,..Kogi,0,,0,1,CNNUTSCHA2,NGDHS2024433013,2024,DHS,173,267,,,2
NGA,Kwara,2805396,Children stunted,40.8,1,NG,Nigeria,2024,NG2024DHS,CN_NUTS_C_HA2,104236020,I,433014,1433014,Region,..Kwara,0,,0,1,CNNUTSCHA2,NGDHS2024433014,2024,DHS,196,243,,,2
NGA,Nasarawa,5027968,Children stunted,35,1,NG,Nigeria,2024,NG2024DHS,CN_NUTS_C_HA2,104236020,I,433015,1433015,Region,..Nasarawa,0,,0,1,CNNUTSCHA2,NGDHS2024433015,2024,DHS,269,305,,,2
NGA,Niger,7178291,Children stunted,43.9,1,NG,Nigeria,2024,NG2024DHS,CN_NUTS_C_HA2,104236020,I,433016,1433016,Region,..Niger,0,,0,1,CNNUTSCHA2,NGDHS2024433016,2024,DHS,492,338,,,2
NGA,Plateau,4216156,Children stunted,46.4,1,NG,Nigeria,2024,NG2024DHS,CN_NUTS_C_HA2,104236020,I,433017,1433017,Region,..Plateau,0,,0,1,CNNUTSCHA2,NGDHS2024433017,2024,DHS,239,290,,,2
NGA,North East,7426709,Children stunted,51.8,1,NG,Nigeria,2024,NG2024DHS,CN_NUTS_C_HA2,104236020,I,433006,1433020,Region,North East,0,,0,1,CNNUTSCHA2,NGDHS2024433006,2024,DHS,1798,1819,,,1
NGA,Adamawa,2872891,Children stunted,48.6,1,NG,Nigeria,2024,NG2024DHS,CN_NUTS_C_HA2,104236020,I,433021,1433021,Region,..Adamawa,0,,0,1,CNNUTSCHA2,NGDHS2024433021,2024,DHS,234,293,,,2
NGA,Bauchi,7041615,Children stunted,61.7,1,NG,Nigeria,2024,NG2024DHS,CN_NUTS_C_HA2,104236020,I,433022,1433022,Region,..Bauchi,0,,0,1,CNNUTSCHA2,NGDHS2024433022,2024,DHS,533,338,,,2
NGA,Borno,5647017,Children stunted,40.9,1,NG,Nigeria,2024,NG2024DHS,CN_NUTS_C_HA2,104236020,I,433023,1433023,Region,..Borno,0,,0,1,CNNUTSCHA2,NGDHS2024433023,2024,DHS,367,286,,,2
NGA,Gombe,4532744,Children stunted,50.6,1,NG,Nigeria,2024,NG2024DHS,CN_NUTS_C_HA2,104236020,I,433024,1433024,Region,..Gombe,0,,0,1,CNNUTSCHA2,NGDHS2024433024,2024,DHS,173,316,,,2
NGA,Taraba,3516132,Children stunted,45.6,1,NG,Nigeria,2024,NG2024DHS,CN_NUTS_C_HA2,104236020,I,433025,1433025,Region,..Taraba,0,,0,1,CNNUTSCHA2,NGDHS2024433025,2024,DHS,194,237,,,2
NGA,Yobe,3695927,Children stunted,54.5,1,NG,Nigeria,2024,NG2024DHS,CN_NUTS_C_HA2,104236020,I,433026,1433026,Region,..Yobe,0,,0,1,CNNUTSCHA2,NGDHS2024433026,2024,DHS,297,349,,,2
NGA,North West,3693322,Children stunted,53.2,1,NG,Nigeria,2024,NG2024DHS,CN_NUTS_C_HA2,104236020,I,433007,1433030,Region,North West,0,,0,1,CNNUTSCHA2,NGDHS2024433007,2024,DHS,3524,2541,,,1
NGA,Jigawa,2452950,Children stunted,55.7,1,NG,Nigeria,2024,NG2024DHS,CN_NUTS_C_HA2,104236020,I,433031,1433031,Region,..Jigawa,0,,0,1,CNNUTSCHA2,NGDHS2024433031,2024,DHS,389,378,,,2
NGA,Kaduna,6842581,Children stunted,40.7,1,NG,Nigeria,2024,NG2024DHS,CN_NUTS_C_HA2,104236020,I,433032,1433032,Region,..Kaduna,0,,0,1,CNNUTSCHA2,NGDHS2024433032,2024,DHS,670,384,,,2
NGA,Kano,3811380,Children stunted,51.9,1,NG,Nigeria,2024,NG2024DHS,CN_NUTS_C_HA2,104236020,I,433033,1433033,Region,..Kano,0,,0,1,CNNUTSCHA2,NGDHS2024433033,2024,DHS,953,467,,,2
NGA,Katsina,4943674,Children stunted,64.6,1,NG,Nigeria,2024,NG2024DHS,CN_NUTS_C_HA2,104236020,I,433034,1433034,Region,..Katsina,0,,0,1,CNNUTSCHA2,NGDHS2024433034,2024,DHS,576,345,,,2
NGA,Kebbi,7185078,Children stunted,60,1,NG,Nigeria,2024,NG2024DHS,CN_NUTS_C_HA2,104236020,I,433035,1433035,Region,..Kebbi,0,,0,1,CNNUTSCHA2,NGDHS2024433035,2024,DHS,287,389,,,2
NGA,Sokoto,4291126,Children stunted,42.8,1,NG,Nigeria,2024,NG2024DHS,CN_NUTS_C_HA2,104236020,I,433036,1433036,Region,..Sokoto,0,,0,1,CNNUTSCHA2,NGDHS2024433036,2024,DHS,332,352,,,2
NGA,Zamfara,6533161,Children stunted,64.2,1,NG,Nigeria,2024,NG2024DHS,CN_NUTS_C_HA2,104236020,I,433037,1433037,Region,..Zamfara,0,,0,1,CNNUTSCHA2,NGDHS2024433037,2024,DHS,317,226,,,2
NGA,South East,7586232,Children stunted,20.6,1,NG,Nigeria,2024,NG2024DHS,CN_NUTS_C_HA2,104236020,I,433008,1433040,Region,South East,0,,0,1,CNNUTSCHA2,NGDHS2024433008,2024,DHS,1274,1826,,,1
NGA,Abia,5349787,Children stunted,20.2,1,NG,Nigeria,2024,NG2024DHS,CN_NUTS_C_HA2,104236020,I,433041,1433041,Region,..Abia,0,,0,1,CNNUTSCHA2,NGDHS2024433041,2024,DHS,113,201,,,2
NGA,Anambra,5700407,Children stunted,12.9,1,NG,Nigeria,2024,NG2024DHS,CN_NUTS_C_HA2,104236020,I,433042,1433042,Region,..Anambra,0,,0,1,CNNUTSCHA2,NGDHS2024433042,2024,DHS,265,352,,,2
NGA,Ebonyi,4532782,Children stunted,31.6,1,NG,Nigeria,2024,NG2024DHS,CN_NUTS_C_HA2,104236020,I,433043,1433043,Region,..Ebonyi,0,,0,1,CNNUTSCHA2,NGDHS2024433043,2024,DHS,386,520,,,2
NGA,Enugu,3502400,Children stunted,15.2,1,NG,Nigeria,2024,NG2024DHS,CN_NUTS_C_HA2,104236020,I,433044,1433044,Region,..Enugu,0,,0,1,CNNUTSCHA2,NGDHS2024433044,2024,DHS,220,339,,,2
NGA,Imo,2471589,Children stunted,17.3,1,NG,Nigeria,2024,NG2024DHS,CN_NUTS_C_HA2,104236020,I,433045,1433045,Region,..Imo,0,,0,1,CNNUTSCHA2,NGDHS2024433045,2024,DHS,291,414,,,2
NGA,South West,507859,Children stunted,21.2,1,NG,Nigeria,2024,NG2024DHS,CN_NUTS_C_HA2,104236020,I,433009,1433050,Region,South West,0,,0,1,CNNUTSCHA2,NGDHS2024433009,2024,DHS,1064,950,,,1
NGA,Ekiti,6849762,Children stunted,17.1,1,NG,Nigeria,2024,NG2024DHS,CN_NUTS_C_HA2,104236020,I,433051,1433051,Region,..Ekiti,0,,0,1,CNNUTSCHA2,NGDHS2024433051,2024,DHS,61,129,,,2
NGA,Lagos,3817382,Children stunted,17.3,1,NG,Nigeria,2024,NG2024DHS,CN_NUTS_C_HA2,104236020,I,433052,1433052,Region,..Lagos,0,,0,1,CNNUTSCHA2,NGDHS2024433052,2024,DHS,235,138,,,2
NGA,Ogun,487664,Children stunted,17.7,1,NG,Nigeria,2024,NG2024DHS,CN_NUTS_C_HA2,104236020,I,433053,1433053,Region,..Ogun,0,,0,1,CNNUTSCHA2,NGDHS2024433053,2024,DHS,244,177,,,2
NGA,Ondo,7186149,Children stunted,23.2,1,NG,Nigeria,2024,NG2024DHS,CN_NUTS_C_HA2,104236020,I,433054,1433054,Region,..Ondo,0,,0,1,CNNUTSCHA2,NGDHS2024433054,2024,DHS,108,128,,,2
NGA,Osun,4291122,Children stunted,30.5,1,NG,Nigeria,2024,NG2024DHS,CN_NUTS_C_HA2,104236020,I,433055,1433055,Region,..Osun,0,,0,1,CNNUTSCHA2,NGDHS2024433055,2024,DHS,139,146,,,2
NGA,Oyo,6540311,Children stunted,23.1,1,NG,Nigeria,2024,NG2024DHS,CN_NUTS_C_HA2,104236020,I,433056,1433056,Region,..Oyo,0,,0,1,CNNUTSCHA2,NGDHS2024433056,2024,DHS,277,232,,,2
NGA,South South,2478840,Children stunted,17.9,1,NG,Nigeria,2024,NG2024DHS,CN_NUTS_C_HA2,104236020,I,433010,1433060,Region,South South,0,,0,1,CNNUTSCHA2,NGDHS2024433010,2024,DHS,994,1208,,,1
NGA,Akwa Ibom,7116582,Children stunted,24.1,1,NG,Nigeria,2024,NG2024DHS,CN_NUTS_C_HA2,104236020,I,433061,1433061,Region,..Akwa Ibom,0,,0,1,CNNUTSCHA2,NGDHS2024433061,2024,DHS,160,203,,,2
NGA,Bayelsa,4518561,Children stunted,27.6,1,NG,Nigeria,2024,NG2024DHS,CN_NUTS_C_HA2,104236020,I,433062,1433062,Region,..Bayelsa,0,,0,1,CNNUTSCHA2,NGDHS2024433062,2024,DHS,80,212,,,2
NGA,Cross River,7717063,Children stunted,21,1,NG,Nigeria,2024,NG2024DHS,CN_NUTS_C_HA2,104236020,I,433063,1433063,Region,..Cross River,0,,0,1,CNNUTSCHA2,NGDHS2024433063,2024,DHS,103,155,,,2
NGA,Delta,2478908,Children stunted,20,1,NG,Nigeria,2024,NG2024DHS,CN_NUTS_C_HA2,104236020,I,433064,1433064,Region,..Delta,0,,0,1,CNNUTSCHA2,NGDHS2024433064,2024,DHS,176,166,,,2
NGA,Edo,4734320,Children stunted,13.6,1,NG,Nigeria,2024,NG2024DHS,CN_NUTS_C_HA2,104236020,I,433065,1433065,Region,..Edo,0,,0,1,CNNUTSCHA2,NGDHS2024433065,2024,DHS,140,185,,,2
NGA,Rivers,615434,Children stunted,12.3,1,NG,Nigeria,2024,NG2024DHS,CN_NUTS_C_HA2,104236020,I,433066,1433066,Region,..Rivers,0,,0,1,CNNUTSCHA2,NGDHS2024433066,2024,DHS,336,287,,,2
NGA,North Central,6039387,Children wasted,6.5,1,NG,Nigeria,2024,NG2024DHS,CN_NUTS_C_WH2,104236050,I,433005,1433010,Region,North Central,0,,0,1,CNNUTSCWH2,NGDHS2024433005,2024,DHS,1749,1834,,,1
NGA,FCT Abuja,2945482,Children wasted,7,1,NG,Nigeria,2024,NG2024DHS,CN_NUTS_C_WH2,104236050,I,433011,1433011,Region,..FCT Abuja,0,,0,1,CNNUTSCWH2,NGDHS2024433011,2024,DHS,157,173,,,2
NGA,Benue,7394745,Children wasted,6.7,1,NG,Nigeria,2024,NG2024DHS,CN_NUTS_C_WH2,104236050,I,433012,1433012,Region,..Benue,0,,0,1,CNNUTSCWH2,NGDHS2024433012,2024,DHS,217,211,,,2
NGA,Kogi,4668129,Children wasted,5.9,1,NG,Nigeria,2024,NG2024DHS,CN_NUTS_C_WH2,104236050,I,433013,1433013,Region,..Kogi,0,,0,1,CNNUTSCWH2,NGDHS2024433013,2024,DHS,174,268,,,2
NGA,Kwara,4921640,Children wasted,6.1,1,NG,Nigeria,2024,NG2024DHS,CN_NUTS_C_WH2,104236050,I,433014,1433014,Region,..Kwara,0,,0,1,CNNUTSCWH2,NGDHS2024433014,2024,DHS,197,244,,,2
NGA,Nasarawa,4121323,Children wasted,9.6,1,NG,Nigeria,2024,NG2024DHS,CN_NUTS_C_WH2,104236050,I,433015,1433015,Region,..Nasarawa,0,,0,1,CNNUTSCWH2,NGDHS2024433015,2024,DHS,269,305,,,2
NGA,Niger,5570645,Children wasted,5.8,1,NG,Nigeria,2024,NG2024DHS,CN_NUTS_C_WH2,104236050,I,433016,1433016,Region,..Niger,0,,0,1,CNNUTSCWH2,NGDHS2024433016,2024,DHS,496,342,,,2
NGA,Plateau,6036665,Children wasted,4.8,1,NG,Nigeria,2024,NG2024DHS,CN_NUTS_C_WH2,104236050,I,433017,1433017,Region,..Plateau,0,,0,1,CNNUTSCWH2,NGDHS2024433017,2024,DHS,239,291,,,2
NGA,North East,6483296,Children wasted,8.1,1,NG,Nigeria,2024,NG2024DHS,CN_NUTS_C_WH2,104236050,I,433006,1433020,Region,North East,0,,0,1,CNNUTSCWH2,NGDHS2024433006,2024,DHS,1849,1880,,,1
NGA,Adamawa,4804729,Children wasted,7,1,NG,Nigeria,2024,NG2024DHS,CN_NUTS_C_WH2,104236050,I,433021,1433021,Region,..Adamawa,0,,0,1,CNNUTSCWH2,NGDHS2024433021,2024,DHS,240,301,,,2
NGA,Bauchi,4523121,Children wasted,5.2,1,NG,Nigeria,2024,NG2024DHS,CN_NUTS_C_WH2,104236050,I,433022,1433022,Region,..Bauchi,0,,0,1,CNNUTSCWH2,NGDHS2024433022,2024,DHS,544,346,,,2
NGA,Borno,5419277,Children wasted,10.3,1,NG,Nigeria,2024,NG2024DHS,CN_NUTS_C_WH2,104236050,I,433023,1433023,Region,..Borno,0,,0,1,CNNUTSCWH2,NGDHS2024433023,2024,DHS,371,287,,,2
NGA,Gombe,6161214,Children wasted,8.8,1,NG,Nigeria,2024,NG2024DHS,CN_NUTS_C_WH2,104236050,I,433024,1433024,Region,..Gombe,0,,0,1,CNNUTSCWH2,NGDHS2024433024,2024,DHS,177,323,,,2
NGA,Taraba,6475080,Children wasted,9.5,1,NG,Nigeria,2024,NG2024DHS,CN_NUTS_C_WH2,104236050,I,433025,1433025,Region,..Taraba,0,,0,1,CNNUTSCWH2,NGDHS2024433025,2024,DHS,195,239,,,2
NGA,Yobe,6646863,Children wasted,10.1,1,NG,Nigeria,2024,NG2024DHS,CN_NUTS_C_WH2,104236050,I,433026,1433026,Region,..Yobe,0,,0,1,CNNUTSCWH2,NGDHS2024433026,2024,DHS,322,384,,,2
NGA,North West,6798447,Children wasted,8.3,1,NG,Nigeria,2024,NG2024DHS,CN_NUTS_C_WH2,104236050,I,433007,1433030,Region,North West,0,,0,1,CNNUTSCWH2,NGDHS2024433007,2024,DHS,3575,2575,,,1
NGA,Jigawa,6443414,Children wasted,13.2,1,NG,Nigeria,2024,NG2024DHS,CN_NUTS_C_WH2,104236050,I,433031,1433031,Region,..Jigawa,0,,0,1,CNNUTSCWH2,NGDHS2024433031,2024,DHS,393,380,,,2
NGA,Kaduna,4660856,Children wasted,5.9,1,NG,Nigeria,2024,NG2024DHS,CN_NUTS_C_WH2,104236050,I,433032,1433032,Region,..Kaduna,0,,0,1,CNNUTSCWH2,NGDHS2024433032,2024,DHS,674,386,,,2
NGA,Kano,4907568,Children wasted,10.4,1,NG,Nigeria,2024,NG2024DHS,CN_NUTS_C_WH2,104236050,I,433033,1433033,Region,..Kano,0,,0,1,CNNUTSCWH2,NGDHS2024433033,2024,DHS,978,478,,,2
NGA,Katsina,2672984,Children wasted,6.7,1,NG,Nigeria,2024,NG2024DHS,CN_NUTS_C_WH2,104236050,I,433034,1433034,Region,..Katsina,0,,0,1,CNNUTSCWH2,NGDHS2024433034,2024,DHS,572,346,,,2
NGA,Kebbi,7103022,Children wasted,9.6,1,NG,Nigeria,2024,NG2024DHS,CN_NUTS_C_WH2,104236050,I,433035,1433035,Region,..Kebbi,0,,0,1,CNNUTSCWH2,NGDHS2024433035,2024,DHS,289,392,,,2
NGA,Sokoto,6193111,Children wasted,6,1,NG,Nigeria,2024,NG2024DHS,CN_NUTS_C_WH2,104236050,I,433036,1433036,Region,..Sokoto,0,,0,1,CNNUTSCWH2,NGDHS2024433036,2024,DHS,332,351,,,2
NGA,Zamfara,2884043,Children wasted,5.3,1,NG,Nigeria,2024,NG2024DHS,CN_NUTS_C_WH2,104236050,I,433037,1433037,Region,..Zamfara,0,,0,1,CNNUTSCWH2,NGDHS2024433037,2024,DHS,338,242,,,2
NGA,South East,7588592,Children wasted,7,1,NG,Nigeria,2024,NG2024DHS,CN_NUTS_C_WH2,104236050,I,433008,1433040,Region,South East,0,,0,1,CNNUTSCWH2,NGDHS2024433008,2024,DHS,1277,1829,,,1
NGA,Abia,4536383,Children wasted,8.2,1,NG,Nigeria,2024,NG2024DHS,CN_NUTS_C_WH2,104236050,I,433041,1433041,Region,..Abia,0,,0,1,CNNUTSCWH2,NGDHS2024433041,2024,DHS,114,202,,,2
NGA,Anambra,5419281,Children wasted,9.8,1,NG,Nigeria,2024,NG2024DHS,CN_NUTS_C_WH2,104236050,I,433042,1433042,Region,..Anambra,0,,0,1,CNNUTSCWH2,NGDHS2024433042,2024,DHS,263,350,,,2
NGA,Ebonyi,6361960,Children wasted,6.5,1,NG,Nigeria,2024,NG2024DHS,CN_NUTS_C_WH2,104236050,I,433043,1433043,Region,..Ebonyi,0,,0,1,CNNUTSCWH2,NGDHS2024433043,2024,DHS,390,526,,,2
NGA,Enugu,6490003,Children wasted,3.9,1,NG,Nigeria,2024,NG2024DHS,CN_NUTS_C_WH2,104236050,I,433044,1433044,Region,..Enugu,0,,0,1,CNNUTSCWH2,NGDHS2024433044,2024,DHS,220,339,,,2
NGA,Imo,6632262,Children wasted,7.1,1,NG,Nigeria,2024,NG2024DHS,CN_NUTS_C_WH2,104236050,I,433045,1433045,Region,..Imo,0,,0,1,CNNUTSCWH2,NGDHS2024433045,2024,DHS,290,412,,,2
NGA,South West,6980536,Children wasted,11,1,NG,Nigeria,2024,NG2024DHS,CN_NUTS_C_WH2,104236050,I,433009,1433050,Region,South West,0,,0,1,CNNUTSCWH2,NGDHS2024433009,2024,DHS,1062,950,,,1
NGA,Ekiti,6791454,Children wasted,5,1,NG,Nigeria,2024,NG2024DHS,CN_NUTS_C_WH2,104236050,I,433051,1433051,Region,..Ekiti,0,,0,1,CNNUTSCWH2,NGDHS2024433051,2024,DHS,61,129,,,2
NGA,Lagos,5036765,Children wasted,6,1,NG,Nigeria,2024,NG2024DHS,CN_NUTS_C_WH2,104236050,I,433052,1433052,Region,..Lagos,0,,0,1,CNNUTSCWH2,NGDHS2024433052,2024,DHS,235,138,,,2
NGA,Ogun,2693505,Children wasted,13.4,1,NG,Nigeria,2024,NG2024DHS,CN_NUTS_C_WH2,104236050,I,433053,1433053,Region,..Ogun,0,,0,1,CNNUTSCWH2,NGDHS2024433053,2024,DHS,244,177,,,2
NGA,Ondo,7103018,Children wasted,10.2,1,NG,Nigeria,2024,NG2024DHS,CN_NUTS_C_WH2,104236050,I,433054,1433054,Region,..Ondo,0,,0,1,CNNUTSCWH2,NGDHS2024433054,2024,DHS,106,128,,,2
NGA,Osun,5839164,Children wasted,11.8,1,NG,Nigeria,2024,NG2024DHS,CN_NUTS_C_WH2,104236050,I,433055,1433055,Region,..Osun,0,,0,1,CNNUTSCWH2,NGDHS2024433055,2024,DHS,139,146,,,2
NGA,Oyo,2471556,Children wasted,14.4,1,NG,Nigeria,2024,NG2024DHS,CN_NUTS_C_WH2,104236050,I,433056,1433056,Region,..Oyo,0,,0,1,CNNUTSCWH2,NGDHS2024433056,2024,DHS,277,232,,,2
NGA,South South,3310876,Children wasted,11.3,1,NG,Nigeria,2024,NG2024DHS,CN_NUTS_C_WH2,104236050,I,433010,1433060,Region,South South,0,,0,1,CNNUTSCWH2,NGDHS2024433010,2024,DHS,994,1207,,,1
NGA,Akwa Ibom,5436833,Children wasted,11.8,1,NG,Nigeria,2024,NG2024DHS,CN_NUTS_C_WH2,104236050,I,433061,1433061,Region,..Akwa Ibom,0,,0,1,CNNUTSCWH2,NGDHS2024433061,2024,DHS,159,203,,,2
NGA,Bayelsa,6382163,Children wasted,8.9,1,NG,Nigeria,2024,NG2024DHS,CN_NUTS_C_WH2,104236050,I,433062,1433062,Region,..Bayelsa,0,,0,1,CNNUTSCWH2,NGDHS2024433062,2024,DHS,80,210,,,2
NGA,Cross River,7717721,Children wasted,5.6,1,NG,Nigeria,2024,NG2024DHS,CN_NUTS_C_WH2,104236050,I,433063,1433063,Region,..Cross River,0,,0,1,CNNUTSCWH2,NGDHS2024433063,2024,DHS,105,158,,,2
NGA,Delta,7440638,Children wasted,15.1,1,NG,Nigeria,2024,NG2024DHS,CN_NUTS_C_WH2,104236050,I,433064,1433064,Region,..Delta,0,,0,1,CNNUTSCWH2,NGDHS2024433064,2024,DHS,175,165,,,2
NGA,Edo,2478847,Children wasted,8,1,NG,Nigeria,2024,NG2024DHS,CN_NUTS_C_WH2,104236050,I,433065,1433065,Region,..Edo,0,,0,1,CNNUTSCWH2,NGDHS2024433065,2024,DHS,138,183,,,2
NGA,Rivers,5124574,Children wasted,12.7,1,NG,Nigeria,2024,NG2024DHS,CN_NUTS_C_WH2,104236050,I,433066,1433066,Region,..Rivers,0,,0,1,CNNUTSCWH2,NGDHS2024433066,2024,DHS,337,288,,,2
NGA,North Central,4405759,Children underweight,21.1,1,NG,Nigeria,2024,NG2024DHS,CN_NUTS_C_WA2,104236090,I,433005,1433010,Region,North Central,0,,0,1,CNNUTSCWA2,NGDHS2024433005,2024,DHS,1752,1838,,,1
NGA,FCT Abuja,5138474,Children underweight,13.7,1,NG,Nigeria,2024,NG2024DHS,CN_NUTS_C_WA2,104236090,I,433011,1433011,Region,..FCT Abuja,0,,0,1,CNNUTSCWA2,NGDHS2024433011,2024,DHS,158,174,,,2
NGA,Benue,4839886,Children underweight,13.4,1,NG,Nigeria,2024,NG2024DHS,CN_NUTS_C_WA2,104236090,I,433012,1433012,Region,..Benue,0,,0,1,CNNUTSCWA2,NGDHS2024433012,2024,DHS,217,211,,,2
NGA,Kogi,4291093,Children underweight,21.1,1,NG,Nigeria,2024,NG2024DHS,CN_NUTS_C_WA2,104236090,I,433013,1433013,Region,..Kogi,0,,0,1,CNNUTSCWA2,NGDHS2024433013,2024,DHS,174,268,,,2
NGA,Kwara,6457433,Children underweight,24.5,1,NG,Nigeria,2024,NG2024DHS,CN_NUTS_C_WA2,104236090,I,433014,1433014,Region,..Kwara,0,,0,1,CNNUTSCWA2,NGDHS2024433014,2024,DHS,199,247,,,2
NGA,Nasarawa,2613801,Children underweight,22.9,1,NG,Nigeria,2024,NG2024DHS,CN_NUTS_C_WA2,104236090,I,433015,1433015,Region,..Nasarawa,0,,0,1,CNNUTSCWA2,NGDHS2024433015,2024,DHS,269,305,,,2
NGA,Niger,482238,Children underweight,23.7,1,NG,Nigeria,2024,NG2024DHS,CN_NUTS_C_WA2,104236090,I,433016,1433016,Region,..Niger,0,,0,1,CNNUTSCWA2,NGDHS2024433016,2024,DHS,496,342,,,2
NGA,Plateau,2460219,Children underweight,22.8,1,NG,Nigeria,2024,NG2024DHS,CN_NUTS_C_WA2,104236090,I,433017,1433017,Region,..Plateau,0,,0,1,CNNUTSCWA2,NGDHS2024433017,2024,DHS,239,291,,,2
NGA,North East,4145403,Children underweight,33.4,1,NG,Nigeria,2024,NG2024DHS,CN_NUTS_C_WA2,104236090,I,433006,1433020,Region,North East,0,,0,1,CNNUTSCWA2,NGDHS2024433006,2024,DHS,1842,1872,,,1
NGA,Adamawa,3508004,Children underweight,32.5,1,NG,Nigeria,2024,NG2024DHS,CN_NUTS_C_WA2,104236090,I,433021,1433021,Region,..Adamawa,0,,0,1,CNNUTSCWA2,NGDHS2024433021,2024,DHS,243,306,,,2
NGA,Bauchi,2460191,Children underweight,33.4,1,NG,Nigeria,2024,NG2024DHS,CN_NUTS_C_WA2,104236090,I,433022,1433022,Region,..Bauchi,0,,0,1,CNNUTSCWA2,NGDHS2024433022,2024,DHS,545,347,,,2
NGA,Borno,5193019,Children underweight,28.1,1,NG,Nigeria,2024,NG2024DHS,CN_NUTS_C_WA2,104236090,I,433023,1433023,Region,..Borno,0,,0,1,CNNUTSCWA2,NGDHS2024433023,2024,DHS,378,294,,,2
NGA,Gombe,3599176,Children underweight,38.6,1,NG,Nigeria,2024,NG2024DHS,CN_NUTS_C_WA2,104236090,I,433024,1433024,Region,..Gombe,0,,0,1,CNNUTSCWA2,NGDHS2024433024,2024,DHS,177,324,,,2
NGA,Taraba,2853576,Children underweight,31.4,1,NG,Nigeria,2024,NG2024DHS,CN_NUTS_C_WA2,104236090,I,433025,1433025,Region,..Taraba,0,,0,1,CNNUTSCWA2,NGDHS2024433025,2024,DHS,195,239,,,2
NGA,Yobe,6518968,Children underweight,38.8,1,NG,Nigeria,2024,NG2024DHS,CN_NUTS_C_WA2,104236090,I,433026,1433026,Region,..Yobe,0,,0,1,CNNUTSCWA2,NGDHS2024433026,2024,DHS,305,362,,,2
NGA,North West,6383755,Children underweight,33.8,1,NG,Nigeria,2024,NG2024DHS,CN_NUTS_C_WA2,104236090,I,433007,1433030,Region,North West,0,,0,1,CNNUTSCWA2,NGDHS2024433007,2024,DHS,3575,2572,,,1
NGA,Jigawa,4819083,Children underweight,41.9,1,NG,Nigeria,2024,NG2024DHS,CN_NUTS_C_WA2,104236090,I,433031,1433031,Region,..Jigawa,0,,0,1,CNNUTSCWA2,NGDHS2024433031,2024,DHS,394,381,,,2
NGA,Kaduna,58094,Children underweight,24.7,1,NG,Nigeria,2024,NG2024DHS,CN_NUTS_C_WA2,104236090,I,433032,1433032,Region,..Kaduna,0,,0,1,CNNUTSCWA2,NGDHS2024433032,2024,DHS,675,387,,,2
NGA,Kano,6728559,Children underweight,38.4,1,NG,Nigeria,2024,NG2024DHS,CN_NUTS_C_WA2,104236090,I,433033,1433033,Region,..Kano,0,,0,1,CNNUTSCWA2,NGDHS2024433033,2024,DHS,977,479,,,2
NGA,Katsina,6777838,Children underweight,26.8,1,NG,Nigeria,2024,NG2024DHS,CN_NUTS_C_WA2,104236090,I,433034,1433034,Region,..Katsina,0,,0,1,CNNUTSCWA2,NGDHS2024433034,2024,DHS,584,352,,,2
NGA,Kebbi,495973,Children underweight,40.6,1,NG,Nigeria,2024,NG2024DHS,CN_NUTS_C_WA2,104236090,I,433035,1433035,Region,..Kebbi,0,,0,1,CNNUTSCWA2,NGDHS2024433035,2024,DHS,287,389,,,2
NGA,Sokoto,2478916,Children underweight,24.9,1,NG,Nigeria,2024,NG2024DHS,CN_NUTS_C_WA2,104236090,I,433036,1433036,Region,..Sokoto,0,,0,1,CNNUTSCWA2,NGDHS2024433036,2024,DHS,332,352,,,2
NGA,Zamfara,5476867,Children underweight,44.3,1,NG,Nigeria,2024,NG2024DHS,CN_NUTS_C_WA2,104236090,I,433037,1433037,Region,..Zamfara,0,,0,1,CNNUTSCWA2,NGDHS2024433037,2024,DHS,326,232,,,2
NGA,South East,7587151,Children underweight,16,1,NG,Nigeria,2024,NG2024DHS,CN_NUTS_C_WA2,104236090,I,433008,1433040,Region,South East,0,,0,1,CNNUTSCWA2,NGDHS2024433008,2024,DHS,1282,1837,,,1
NGA,Abia,2478857,Children underweight,16.3,1,NG,Nigeria,2024,NG2024DHS,CN_NUTS_C_WA2,104236090,I,433041,1433041,Region,..Abia,0,,0,1,CNNUTSCWA2,NGDHS2024433041,2024,DHS,114,202,,,2
NGA,Anambra,5190337,Children underweight,13,1,NG,Nigeria,2024,NG2024DHS,CN_NUTS_C_WA2,104236090,I,433042,1433042,Region,..Anambra,0,,0,1,CNNUTSCWA2,NGDHS2024433042,2024,DHS,265,353,,,2
NGA,Ebonyi,3657254,Children underweight,22.4,1,NG,Nigeria,2024,NG2024DHS,CN_NUTS_C_WA2,104236090,I,433043,1433043,Region,..Ebonyi,0,,0,1,CNNUTSCWA2,NGDHS2024433043,2024,DHS,392,528,,,2
NGA,Enugu,2846757,Children underweight,8.2,1,NG,Nigeria,2024,NG2024DHS,CN_NUTS_C_WA2,104236090,I,433044,1433044,Region,..Enugu,0,,0,1,CNNUTSCWA2,NGDHS2024433044,2024,DHS,221,340,,,2
NGA,Imo,6112799,Children underweight,15.8,1,NG,Nigeria,2024,NG2024DHS,CN_NUTS_C_WA2,104236090,I,433045,1433045,Region,..Imo,0,,0,1,CNNUTSCWA2,NGDHS2024433045,2024,DHS,291,414,,,2
NGA,South West,6654549,Children underweight,21.8,1,NG,Nigeria,2024,NG2024DHS,CN_NUTS_C_WA2,104236090,I,433009,1433050,Region,South West,0,,0,1,CNNUTSCWA2,NGDHS2024433009,2024,DHS,1073,961,,,1
NGA,Ekiti,64851,Children underweight,16.9,1,NG,Nigeria,2024,NG2024DHS,CN_NUTS_C_WA2,104236090,I,433051,1433051,Region,..Ekiti,0,,0,1,CNNUTSCWA2,NGDHS2024433051,2024,DHS,61,130,,,2
NGA,Lagos,6742071,Children underweight,14.3,1,NG,Nigeria,2024,NG2024DHS,CN_NUTS_C_WA2,104236090,I,433052,1433052,Region,..Lagos,0,,0,1,CNNUTSCWA2,NGDHS2024433052,2024,DHS,242,143,,,2
NGA,Ogun,2478882,Children underweight,23.8,1,NG,Nigeria,2024,NG2024DHS,CN_NUTS_C_WA2,104236090,I,433053,1433053,Region,..Ogun,0,,0,1,CNNUTSCWA2,NGDHS2024433053,2024,DHS,244,177,,,2
NGA,Ondo,181568,Children underweight,17.8,1,NG,Nigeria,2024,NG2024DHS,CN_NUTS_C_WA2,104236090,I,433054,1433054,Region,..Ondo,0,,0,1,CNNUTSCWA2,NGDHS2024433054,2024,DHS,106,130,,,2
NGA,Osun,2478845,Children underweight,27.9,1,NG,Nigeria,2024,NG2024DHS,CN_NUTS_C_WA2,104236090,I,433055,1433055,Region,..Osun,0,,0,1,CNNUTSCWA2,NGDHS2024433055,2024,DHS,140,147,,,2
NGA,Oyo,5484231,Children underweight,26.1,1,NG,Nigeria,2024,NG2024DHS,CN_NUTS_C_WA2,104236090,I,433056,1433056,Region,..Oyo,0,,0,1,CNNUTSCWA2,NGDHS2024433056,2024,DHS,280,234,,,2
NGA,South South,2478829,Children underweight,16.8,1,NG,Nigeria,2024,NG2024DHS,CN_NUTS_C_WA2,104236090,I,433010,1433060,Region,South South,0,,0,1,CNNUTSCWA2,NGDHS2024433010,2024,DHS,996,1209,,,1
NGA,Akwa Ibom,4746395,Children underweight,22.6,1,NG,Nigeria,2024,NG2024DHS,CN_NUTS_C_WA2,104236090,I,433061,1433061,Region,..Akwa Ibom,0,,0,1,CNNUTSCWA2,NGDHS2024433061,2024,DHS,161,204,,,2
NGA,Bayelsa,3692047,Children underweight,23,1,NG,Nigeria,2024,NG2024DHS,CN_NUTS_C_WA2,104236090,I,433062,1433062,Region,..Bayelsa,0,,0,1,CNNUTSCWA2,NGDHS2024433062,2024,DHS,80,211,,,2
NGA,Cross River,7765038,Children underweight,16,1,NG,Nigeria,2024,NG2024DHS,CN_NUTS_C_WA2,104236090,I,433063,1433063,Region,..Cross River,0,,0,1,CNNUTSCWA2,NGDHS2024433063,2024,DHS,104,156,,,2
NGA,Delta,6125948,Children underweight,19.6,1,NG,Nigeria,2024,NG2024DHS,CN_NUTS_C_WA2,104236090,I,433064,1433064,Region,..Delta,0,,0,1,CNNUTSCWA2,NGDHS2024433064,2024,DHS,176,166,,,2
NGA,Edo,4404548,Children underweight,13,1,NG,Nigeria,2024,NG2024DHS,CN_NUTS_C_WA2,104236090,I,433065,1433065,Region,..Edo,0,,0,1,CNNUTSCWA2,NGDHS2024433065,2024,DHS,140,185,,,2
NGA,Rivers,6575991,Children underweight,13,1,NG,Nigeria,2024,NG2024DHS,CN_NUTS_C_WA2,104236090,I,433066,1433066,Region,..Rivers,0,,0,1,CNNUTSCWA2,NGDHS2024433066,2024,DHS,336,287,,,2
NGA,North Central,2456259,Median duration of exclusive breastfeeding,1,1,NG,Nigeria,2024,NG2024DHS,CN_BFDR_C_MDE,104336020,I,433005,1433010,Region,North Central,0,,0,1,CNBFDRCMDE,NGDHS2024433005,2024,DHS,,,,,1
NGA,FCT Abuja,2463551,Median duration of exclusive breastfeeding,1,1,NG,Nigeria,2024,NG2024DHS,CN_BFDR_C_MDE,104336020,I,433011,1433011,Region,..FCT Abuja,0,,0,1,CNBFDRCMDE,NGDHS2024433011,2024,DHS,,,,,2
NGA,Benue,2463569,Median duration of exclusive breastfeeding,1,1,NG,Nigeria,2024,NG2024DHS,CN_BFDR_C_MDE,104336020,I,433012,1433012,Region,..Benue,0,,0,1,CNBFDRCMDE,NGDHS2024433012,2024,DHS,,,,,2
NGA,Kogi,2463615,Median duration of exclusive breastfeeding,0.8,1,NG,Nigeria,2024,NG2024DHS,CN_BFDR_C_MDE,104336020,I,433013,1433013,Region,..Kogi,0,,0,1,CNBFDRCMDE,NGDHS2024433013,2024,DHS,,,,,2
NGA,Kwara,2463559,Median duration of exclusive breastfeeding,0.9,1,NG,Nigeria,2024,NG2024DHS,CN_BFDR_C_MDE,104336020,I,433014,1433014,Region,..Kwara,0,,0,1,CNBFDRCMDE,NGDHS2024433014,2024,DHS,,,,,2
NGA,Nasarawa,2463591,Median duration of exclusive breastfeeding,1,1,NG,Nigeria,2024,NG2024DHS,CN_BFDR_C_MDE,104336020,I,433015,1433015,Region,..Nasarawa,0,,0,1,CNBFDRCMDE,NGDHS2024433015,2024,DHS,,,,,2
NGA,Niger,2441928,Median duration of exclusive breastfeeding,0.9,1,NG,Nigeria,2024,NG2024DHS,CN_BFDR_C_MDE,104336020,I,433016,1433016,Region,..Niger,0,,0,1,CNBFDRCMDE,NGDHS2024433016,2024,DHS,,,,,2
NGA,Plateau,2456255,Median duration of exclusive breastfeeding,2.4,1,NG,Nigeria,2024,NG2024DHS,CN_BFDR_C_MDE,104336020,I,433017,1433017,Region,..Plateau,0,,0,1,CNBFDRCMDE,NGDHS2024433017,2024,DHS,,,,,2
NGA,North East,2441930,Median duration of exclusive breastfeeding,0.9,1,NG,Nigeria,2024,NG2024DHS,CN_BFDR_C_MDE,104336020,I,433006,1433020,Region,North East,0,,0,1,CNBFDRCMDE,NGDHS2024433006,2024,DHS,,,,,1
NGA,Adamawa,2441946,Median duration of exclusive breastfeeding,0.8,1,NG,Nigeria,2024,NG2024DHS,CN_BFDR_C_MDE,104336020,I,433021,1433021,Region,..Adamawa,0,,0,1,CNBFDRCMDE,NGDHS2024433021,2024,DHS,,,,,2
NGA,Bauchi,2456266,Median duration of exclusive breastfeeding,0.9,1,NG,Nigeria,2024,NG2024DHS,CN_BFDR_C_MDE,104336020,I,433022,1433022,Region,..Bauchi,0,,0,1,CNBFDRCMDE,NGDHS2024433022,2024,DHS,,,,,2
NGA,Borno,2449317,Median duration of exclusive breastfeeding,2.7,1,NG,Nigeria,2024,NG2024DHS,CN_BFDR_C_MDE,104336020,I,433023,1433023,Region,..Borno,0,,0,1,CNBFDRCMDE,NGDHS2024433023,2024,DHS,,,,,2
NGA,Gombe,4902730,Median duration of exclusive breastfeeding,0.7,1,NG,Nigeria,2024,NG2024DHS,CN_BFDR_C_MDE,104336020,I,433024,1433024,Region,..Gombe,0,,0,1,CNBFDRCMDE,NGDHS2024433024,2024,DHS,,,,,2
NGA,Taraba,2449325,Median duration of exclusive breastfeeding,1.7,1,NG,Nigeria,2024,NG2024DHS,CN_BFDR_C_MDE,104336020,I,433025,1433025,Region,..Taraba,0,,0,1,CNBFDRCMDE,NGDHS2024433025,2024,DHS,,,,,2
NGA,Yobe,2456298,Median duration of exclusive breastfeeding,0.8,1,NG,Nigeria,2024,NG2024DHS,CN_BFDR_C_MDE,104336020,I,433026,1433026,Region,..Yobe,0,,0,1,CNBFDRCMDE,NGDHS2024433026,2024,DHS,,,,,2
NGA,North West,2463553,Median duration of exclusive breastfeeding,0.6,1,NG,Nigeria,2024,NG2024DHS,CN_BFDR_C_MDE,104336020,I,433007,1433030,Region,North West,0,,0,1,CNBFDRCMDE,NGDHS2024433007,2024,DHS,,,,,1
NGA,Jigawa,2449345,Median duration of exclusive breastfeeding,0.6,1,NG,Nigeria,2024,NG2024DHS,CN_BFDR_C_MDE,104336020,I,433031,1433031,Region,..Jigawa,0,,0,1,CNBFDRCMDE,NGDHS2024433031,2024,DHS,,,,,2
NGA,Kaduna,2456263,Median duration of exclusive breastfeeding,0.8,1,NG,Nigeria,2024,NG2024DHS,CN_BFDR_C_MDE,104336020,I,433032,1433032,Region,..Kaduna,0,,0,1,CNBFDRCMDE,NGDHS2024433032,2024,DHS,,,,,2
NGA,Kano,2456269,Median duration of exclusive breastfeeding,0.6,1,NG,Nigeria,2024,NG2024DHS,CN_BFDR_C_MDE,104336020,I,433033,1433033,Region,..Kano,0,,0,1,CNBFDRCMDE,NGDHS2024433033,2024,DHS,,,,,2
NGA,Katsina,2441979,Median duration of exclusive breastfeeding,0.6,1,NG,Nigeria,2024,NG2024DHS,CN_BFDR_C_MDE,104336020,I,433034,1433034,Region,..Katsina,0,,0,1,CNBFDRCMDE,NGDHS2024433034,2024,DHS,,,,,2
NGA,Kebbi,2463640,Median duration of exclusive breastfeeding,0.6,1,NG,Nigeria,2024,NG2024DHS,CN_BFDR_C_MDE,104336020,I,433035,1433035,Region,..Kebbi,0,,0,1,CNBFDRCMDE,NGDHS2024433035,2024,DHS,,,,,2
NGA,Sokoto,2463653,Median duration of exclusive breastfeeding,0.6,1,NG,Nigeria,2024,NG2024DHS,CN_BFDR_C_MDE,104336020,I,433036,1433036,Region,..Sokoto,0,,0,1,CNBFDRCMDE,NGDHS2024433036,2024,DHS,,,,,2
NGA,Zamfara,2449312,Median duration of exclusive breastfeeding,0.6,1,NG,Nigeria,2024,NG2024DHS,CN_BFDR_C_MDE,104336020,I,433037,1433037,Region,..Zamfara,0,,0,1,CNBFDRCMDE,NGDHS2024433037,2024,DHS,,,,,2
NGA,South East,7589466,Median duration of exclusive breastfeeding,0.9,1,NG,Nigeria,2024,NG2024DHS,CN_BFDR_C_MDE,104336020,I,433008,1433040,Region,South East,0,,0,1,CNBFDRCMDE,NGDHS2024433008,2024,DHS,,,,,1
NGA,Abia,2463619,Median duration of exclusive breastfeeding,0.5,1,NG,Nigeria,2024,NG2024DHS,CN_BFDR_C_MDE,104336020,I,433041,1433041,Region,..Abia,0,,0,1,CNBFDRCMDE,NGDHS2024433041,2024,DHS,,,,,2
NGA,Anambra,2449362,Median duration of exclusive breastfeeding,0.6,1,NG,Nigeria,2024,NG2024DHS,CN_BFDR_C_MDE,104336020,I,433042,1433042,Region,..Anambra,0,,0,1,CNBFDRCMDE,NGDHS2024433042,2024,DHS,,,,,2
NGA,Ebonyi,2449310,Median duration of exclusive breastfeeding,1.9,1,NG,Nigeria,2024,NG2024DHS,CN_BFDR_C_MDE,104336020,I,433043,1433043,Region,..Ebonyi,0,,0,1,CNBFDRCMDE,NGDHS2024433043,2024,DHS,,,,,2
NGA,Enugu,2456285,Median duration of exclusive breastfeeding,2.6,1,NG,Nigeria,2024,NG2024DHS,CN_BFDR_C_MDE,104336020,I,433044,1433044,Region,..Enugu,0,,0,1,CNBFDRCMDE,NGDHS2024433044,2024,DHS,,,,,2
NGA,Imo,2441969,Median duration of exclusive breastfeeding,0.7,1,NG,Nigeria,2024,NG2024DHS,CN_BFDR_C_MDE,104336020,I,433045,1433045,Region,..Imo,0,,0,1,CNBFDRCMDE,NGDHS2024433045,2024,DHS,,,,,2
NGA,South West,2463566,Median duration of exclusive breastfeeding,1.9,1,NG,Nigeria,2024,NG2024DHS,CN_BFDR_C_MDE,104336020,I,433009,1433050,Region,South West,0,,0,1,CNBFDRCMDE,NGDHS2024433009,2024,DHS,,,,,1
NGA,Ekiti,2449341,Median duration of exclusive breastfeeding,2.3,1,NG,Nigeria,2024,NG2024DHS,CN_BFDR_C_MDE,104336020,I,433051,1433051,Region,..Ekiti,0,,0,1,CNBFDRCMDE,NGDHS2024433051,2024,DHS,,,,,2
NGA,Lagos,2463655,Median duration of exclusive breastfeeding,1,1,NG,Nigeria,2024,NG2024DHS,CN_BFDR_C_MDE,104336020,I,433052,1433052,Region,..Lagos,0,,0,1,CNBFDRCMDE,NGDHS2024433052,2024,DHS,,,,,2
NGA,Ogun,2463635,Median duration of exclusive breastfeeding,0.7,1,NG,Nigeria,2024,NG2024DHS,CN_BFDR_C_MDE,104336020,I,433053,1433053,Region,..Ogun,0,,0,1,CNBFDRCMDE,NGDHS2024433053,2024,DHS,,,,,2
NGA,Ondo,2463611,Median duration of exclusive breastfeeding,1.8,1,NG,Nigeria,2024,NG2024DHS,CN_BFDR_C_MDE,104336020,I,433054,1433054,Region,..Ondo,0,,0,1,CNBFDRCMDE,NGDHS2024433054,2024,DHS,,,,,2
NGA,Osun,2463672,Median duration of exclusive breastfeeding,3.6,1,NG,Nigeria,2024,NG2024DHS,CN_BFDR_C_MDE,104336020,I,433055,1433055,Region,..Osun,0,,0,1,CNBFDRCMDE,NGDHS2024433055,2024,DHS,,,,,2
NGA,Oyo,2442004,Median duration of exclusive breastfeeding,2.9,1,NG,Nigeria,2024,NG2024DHS,CN_BFDR_C_MDE,104336020,I,433056,1433056,Region,..Oyo,0,,0,1,CNBFDRCMDE,NGDHS2024433056,2024,DHS,,,,,2
NGA,South South,2463534,Median duration of exclusive breastfeeding,1,1,NG,Nigeria,2024,NG2024DHS,CN_BFDR_C_MDE,104336020,I,433010,1433060,Region,South South,0,,0,1,CNBFDRCMDE,NGDHS2024433010,2024,DHS,,,,,1
NGA,Akwa Ibom,2456337,Median duration of exclusive breastfeeding,2,1,NG,Nigeria,2024,NG2024DHS,CN_BFDR_C_MDE,104336020,I,433061,1433061,Region,..Akwa Ibom,0,,0,1,CNBFDRCMDE,NGDHS2024433061,2024,DHS,,,,,2
NGA,Bayelsa,2463666,Median duration of exclusive breastfeeding,0.8,1,NG,Nigeria,2024,NG2024DHS,CN_BFDR_C_MDE,104336020,I,433062,1433062,Region,..Bayelsa,0,,0,1,CNBFDRCMDE,NGDHS2024433062,2024,DHS,,,,,2
NGA,Cross River,7788079,Median duration of exclusive breastfeeding,1.1,1,NG,Nigeria,2024,NG2024DHS,CN_BFDR_C_MDE,104336020,I,433063,1433063,Region,..Cross River,0,,0,1,CNBFDRCMDE,NGDHS2024433063,2024,DHS,,,,,2
NGA,Delta,2463669,Median duration of exclusive breastfeeding,1,1,NG,Nigeria,2024,NG2024DHS,CN_BFDR_C_MDE,104336020,I,433064,1433064,Region,..Delta,0,,0,1,CNBFDRCMDE,NGDHS2024433064,2024,DHS,,,,,2
NGA,Edo,2463674,Median duration of exclusive breastfeeding,1.3,1,NG,Nigeria,2024,NG2024DHS,CN_BFDR_C_MDE,104336020,I,433065,1433065,Region,..Edo,0,,0,1,CNBFDRCMDE,NGDHS2024433065,2024,DHS,,,,,2
NGA,Rivers,2456358,Median duration of exclusive breastfeeding,0.7,1,NG,Nigeria,2024,NG2024DHS,CN_BFDR_C_MDE,104336020,I,433066,1433066,Region,..Rivers,0,,0,1,CNBFDRCMDE,NGDHS2024433066,2024,DHS,,,,,2
NGA,North Central,5379571,Children under 5 who slept under an insecticide-treated net (ITN),37.6,1,NG,Nigeria,2024,NG2024DHS,ML_NETC_C_ITN,124836020,I,433005,1433010,Region,North Central,0,,0,1,MLNETCCITN,NGDHS2024433005,2024,DHS,4778,4941,,,1
NGA,FCT Abuja,2739177,Children under 5 who slept under an insecticide-treated net (ITN),36.6,1,NG,Nigeria,2024,NG2024DHS,ML_NETC_C_ITN,124836020,I,433011,1433011,Region,..FCT Abuja,0,,0,1,MLNETCCITN,NGDHS2024433011,2024,DHS,402,442,,,2
NGA,Benue,2945536,Children under 5 who slept under an insecticide-treated net (ITN),58.5,1,NG,Nigeria,2024,NG2024DHS,ML_NETC_C_ITN,124836020,I,433012,1433012,Region,..Benue,0,,0,1,MLNETCCITN,NGDHS2024433012,2024,DHS,578,546,,,2
NGA,Kogi,5969760,Children under 5 who slept under an insecticide-treated net (ITN),26.8,1,NG,Nigeria,2024,NG2024DHS,ML_NETC_C_ITN,124836020,I,433013,1433013,Region,..Kogi,0,,0,1,MLNETCCITN,NGDHS2024433013,2024,DHS,438,680,,,2
NGA,Kwara,6753553,Children under 5 who slept under an insecticide-treated net (ITN),12.5,1,NG,Nigeria,2024,NG2024DHS,ML_NETC_C_ITN,124836020,I,433014,1433014,Region,..Kwara,0,,0,1,MLNETCCITN,NGDHS2024433014,2024,DHS,504,637,,,2
NGA,Nasarawa,6698185,Children under 5 who slept under an insecticide-treated net (ITN),37.4,1,NG,Nigeria,2024,NG2024DHS,ML_NETC_C_ITN,124836020,I,433015,1433015,Region,..Nasarawa,0,,0,1,MLNETCCITN,NGDHS2024433015,2024,DHS,637,724,,,2
NGA,Niger,2470836,Children under 5 who slept under an insecticide-treated net (ITN),48.4,1,NG,Nigeria,2024,NG2024DHS,ML_NETC_C_ITN,124836020,I,433016,1433016,Region,..Niger,0,,0,1,MLNETCCITN,NGDHS2024433016,2024,DHS,1517,1062,,,2
NGA,Plateau,359568,Children under 5 who slept under an insecticide-treated net (ITN),22.8,1,NG,Nigeria,2024,NG2024DHS,ML_NETC_C_ITN,124836020,I,433017,1433017,Region,..Plateau,0,,0,1,MLNETCCITN,NGDHS2024433017,2024,DHS,701,850,,,2
NGA,North East,6399739,Children under 5 who slept under an insecticide-treated net (ITN),49.3,1,NG,Nigeria,2024,NG2024DHS,ML_NETC_C_ITN,124836020,I,433006,1433020,Region,North East,0,,0,1,MLNETCCITN,NGDHS2024433006,2024,DHS,5510,5580,,,1
NGA,Adamawa,2757203,Children under 5 who slept under an insecticide-treated net (ITN),47.9,1,NG,Nigeria,2024,NG2024DHS,ML_NETC_C_ITN,124836020,I,433021,1433021,Region,..Adamawa,0,,0,1,MLNETCCITN,NGDHS2024433021,2024,DHS,688,864,,,2
NGA,Bauchi,57885,Children under 5 who slept under an insecticide-treated net (ITN),50.5,1,NG,Nigeria,2024,NG2024DHS,ML_NETC_C_ITN,124836020,I,433022,1433022,Region,..Bauchi,0,,0,1,MLNETCCITN,NGDHS2024433022,2024,DHS,1629,1025,,,2
NGA,Borno,2452336,Children under 5 who slept under an insecticide-treated net (ITN),39.6,1,NG,Nigeria,2024,NG2024DHS,ML_NETC_C_ITN,124836020,I,433023,1433023,Region,..Borno,0,,0,1,MLNETCCITN,NGDHS2024433023,2024,DHS,1104,888,,,2
NGA,Gombe,5365486,Children under 5 who slept under an insecticide-treated net (ITN),52.2,1,NG,Nigeria,2024,NG2024DHS,ML_NETC_C_ITN,124836020,I,433024,1433024,Region,..Gombe,0,,0,1,MLNETCCITN,NGDHS2024433024,2024,DHS,521,949,,,2
NGA,Taraba,6413708,Children under 5 who slept under an insecticide-treated net (ITN),42.6,1,NG,Nigeria,2024,NG2024DHS,ML_NETC_C_ITN,124836020,I,433025,1433025,Region,..Taraba,0,,0,1,MLNETCCITN,NGDHS2024433025,2024,DHS,598,693,,,2
NGA,Yobe,3919375,Children under 5 who slept under an insecticide-treated net (ITN),62,1,NG,Nigeria,2024,NG2024DHS,ML_NETC_C_ITN,124836020,I,433026,1433026,Region,..Yobe,0,,0,1,MLNETCCITN,NGDHS2024433026,2024,DHS,970,1161,,,2
NGA,North West,3111242,Children under 5 who slept under an insecticide-treated net (ITN),52.2,1,NG,Nigeria,2024,NG2024DHS,ML_NETC_C_ITN,124836020,I,433007,1433030,Region,North West,0,,0,1,MLNETCCITN,NGDHS2024433007,2024,DHS,10948,8044,,,1
NGA,Jigawa,2452243,Children under 5 who slept under an insecticide-treated net (ITN),55.2,1,NG,Nigeria,2024,NG2024DHS,ML_NETC_C_ITN,124836020,I,433031,1433031,Region,..Jigawa,0,,0,1,MLNETCCITN,NGDHS2024433031,2024,DHS,1248,1241,,,2
NGA,Kaduna,5955918,Children under 5 who slept under an insecticide-treated net (ITN),43.7,1,NG,Nigeria,2024,NG2024DHS,ML_NETC_C_ITN,124836020,I,433032,1433032,Region,..Kaduna,0,,0,1,MLNETCCITN,NGDHS2024433032,2024,DHS,1965,1145,,,2
NGA,Kano,6732582,Children under 5 who slept under an insecticide-treated net (ITN),67.5,1,NG,Nigeria,2024,NG2024DHS,ML_NETC_C_ITN,124836020,I,433033,1433033,Region,..Kano,0,,0,1,MLNETCCITN,NGDHS2024433033,2024,DHS,2898,1429,,,2
NGA,Katsina,6453540,Children under 5 who slept under an insecticide-treated net (ITN),45.7,1,NG,Nigeria,2024,NG2024DHS,ML_NETC_C_ITN,124836020,I,433034,1433034,Region,..Katsina,0,,0,1,MLNETCCITN,NGDHS2024433034,2024,DHS,1788,1110,,,2
NGA,Kebbi,2629120,Children under 5 who slept under an insecticide-treated net (ITN),52.6,1,NG,Nigeria,2024,NG2024DHS,ML_NETC_C_ITN,124836020,I,433035,1433035,Region,..Kebbi,0,,0,1,MLNETCCITN,NGDHS2024433035,2024,DHS,893,1234,,,2
NGA,Sokoto,373043,Children under 5 who slept under an insecticide-treated net (ITN),19.3,1,NG,Nigeria,2024,NG2024DHS,ML_NETC_C_ITN,124836020,I,433036,1433036,Region,..Sokoto,0,,0,1,MLNETCCITN,NGDHS2024433036,2024,DHS,1048,1086,,,2
NGA,Zamfara,3376833,Children under 5 who slept under an insecticide-treated net (ITN),64.8,1,NG,Nigeria,2024,NG2024DHS,ML_NETC_C_ITN,124836020,I,433037,1433037,Region,..Zamfara,0,,0,1,MLNETCCITN,NGDHS2024433037,2024,DHS,1107,799,,,2
NGA,South East,7613061,Children under 5 who slept under an insecticide-treated net (ITN),24.2,1,NG,Nigeria,2024,NG2024DHS,ML_NETC_C_ITN,124836020,I,433008,1433040,Region,South East,0,,0,1,MLNETCCITN,NGDHS2024433008,2024,DHS,2122,3053,,,1
NGA,Abia,70894,Children under 5 who slept under an insecticide-treated net (ITN),20,1,NG,Nigeria,2024,NG2024DHS,ML_NETC_C_ITN,124836020,I,433041,1433041,Region,..Abia,0,,0,1,MLNETCCITN,NGDHS2024433041,2024,DHS,232,426,,,2
NGA,Anambra,2452250,Children under 5 who slept under an insecticide-treated net (ITN),37,1,NG,Nigeria,2024,NG2024DHS,ML_NETC_C_ITN,124836020,I,433042,1433042,Region,..Anambra,0,,0,1,MLNETCCITN,NGDHS2024433042,2024,DHS,428,589,,,2
NGA,Ebonyi,5415464,Children under 5 who slept under an insecticide-treated net (ITN),31.6,1,NG,Nigeria,2024,NG2024DHS,ML_NETC_C_ITN,124836020,I,433043,1433043,Region,..Ebonyi,0,,0,1,MLNETCCITN,NGDHS2024433043,2024,DHS,672,893,,,2
NGA,Enugu,3614911,Children under 5 who slept under an insecticide-treated net (ITN),13.5,1,NG,Nigeria,2024,NG2024DHS,ML_NETC_C_ITN,124836020,I,433044,1433044,Region,..Enugu,0,,0,1,MLNETCCITN,NGDHS2024433044,2024,DHS,321,506,,,2
NGA,Imo,3934213,Children under 5 who slept under an insecticide-treated net (ITN),11.3,1,NG,Nigeria,2024,NG2024DHS,ML_NETC_C_ITN,124836020,I,433045,1433045,Region,..Imo,0,,0,1,MLNETCCITN,NGDHS2024433045,2024,DHS,469,639,,,2
NGA,South West,4404698,Children under 5 who slept under an insecticide-treated net (ITN),22.6,1,NG,Nigeria,2024,NG2024DHS,ML_NETC_C_ITN,124836020,I,433009,1433050,Region,South West,0,,0,1,MLNETCCITN,NGDHS2024433009,2024,DHS,2831,2495,,,1
NGA,Ekiti,6217609,Children under 5 who slept under an insecticide-treated net (ITN),16.1,1,NG,Nigeria,2024,NG2024DHS,ML_NETC_C_ITN,124836020,I,433051,1433051,Region,..Ekiti,0,,0,1,MLNETCCITN,NGDHS2024433051,2024,DHS,132,281,,,2
NGA,Lagos,6754202,Children under 5 who slept under an insecticide-treated net (ITN),19.2,1,NG,Nigeria,2024,NG2024DHS,ML_NETC_C_ITN,124836020,I,433052,1433052,Region,..Lagos,0,,0,1,MLNETCCITN,NGDHS2024433052,2024,DHS,705,430,,,2
NGA,Ogun,6467078,Children under 5 who slept under an insecticide-treated net (ITN),10.7,1,NG,Nigeria,2024,NG2024DHS,ML_NETC_C_ITN,124836020,I,433053,1433053,Region,..Ogun,0,,0,1,MLNETCCITN,NGDHS2024433053,2024,DHS,711,524,,,2
NGA,Ondo,2629037,Children under 5 who slept under an insecticide-treated net (ITN),31.5,1,NG,Nigeria,2024,NG2024DHS,ML_NETC_C_ITN,124836020,I,433054,1433054,Region,..Ondo,0,,0,1,MLNETCCITN,NGDHS2024433054,2024,DHS,287,351,,,2
NGA,Osun,4525888,Children under 5 who slept under an insecticide-treated net (ITN),39.8,1,NG,Nigeria,2024,NG2024DHS,ML_NETC_C_ITN,124836020,I,433055,1433055,Region,..Osun,0,,0,1,MLNETCCITN,NGDHS2024433055,2024,DHS,350,371,,,2
NGA,Oyo,769220,Children under 5 who slept under an insecticide-treated net (ITN),27.5,1,NG,Nigeria,2024,NG2024DHS,ML_NETC_C_ITN,124836020,I,433056,1433056,Region,..Oyo,0,,0,1,MLNETCCITN,NGDHS2024433056,2024,DHS,645,538,,,2
NGA,South South,381008,Children under 5 who slept under an insecticide-treated net (ITN),30.7,1,NG,Nigeria,2024,NG2024DHS,ML_NETC_C_ITN,124836020,I,433010,1433060,Region,South South,0,,0,1,MLNETCCITN,NGDHS2024433010,2024,DHS,2164,2669,,,1
NGA,Akwa Ibom,2459353,Children under 5 who slept under an insecticide-treated net (ITN),25.4,1,NG,Nigeria,2024,NG2024DHS,ML_NETC_C_ITN,124836020,I,433061,1433061,Region,..Akwa Ibom,0,,0,1,MLNETCCITN,NGDHS2024433061,2024,DHS,292,365,,,2
NGA,Bayelsa,7043495,Children under 5 who slept under an insecticide-treated net (ITN),34.6,1,NG,Nigeria,2024,NG2024DHS,ML_NETC_C_ITN,124836020,I,433062,1433062,Region,..Bayelsa,0,,0,1,MLNETCCITN,NGDHS2024433062,2024,DHS,187,487,,,2
NGA,Cross River,7698838,Children under 5 who slept under an insecticide-treated net (ITN),51.4,1,NG,Nigeria,2024,NG2024DHS,ML_NETC_C_ITN,124836020,I,433063,1433063,Region,..Cross River,0,,0,1,MLNETCCITN,NGDHS2024433063,2024,DHS,231,362,,,2
NGA,Delta,3930648,Children under 5 who slept under an insecticide-treated net (ITN),39.5,1,NG,Nigeria,2024,NG2024DHS,ML_NETC_C_ITN,124836020,I,433064,1433064,Region,..Delta,0,,0,1,MLNETCCITN,NGDHS2024433064,2024,DHS,553,536,,,2
NGA,Edo,3539378,Children under 5 who slept under an insecticide-treated net (ITN),15.4,1,NG,Nigeria,2024,NG2024DHS,ML_NETC_C_ITN,124836020,I,433065,1433065,Region,..Edo,0,,0,1,MLNETCCITN,NGDHS2024433065,2024,DHS,311,405,,,2
NGA,Rivers,2656845,Children under 5 who slept under an insecticide-treated net (ITN),23.8,1,NG,Nigeria,2024,NG2024DHS,ML_NETC_C_ITN,124836020,I,433066,1433066,Region,..Rivers,0,,0,1,MLNETCCITN,NGDHS2024433066,2024,DHS,591,514,,,2
NGA,North Central,7230804,Women receiving an HIV test and receiving test results in the last 12 months,12,1,NG,Nigeria,2024,NG2024DHS,HA_CPHT_W_T1R,135563070,I,433005,1433010,Region,North Central,0,,0,1,HACPHTWT1R,NGDHS2024433005,2024,DHS,7068,7591,,,1
NGA,FCT Abuja,2482540,Women receiving an HIV test and receiving test results in the last 12 months,15.6,1,NG,Nigeria,2024,NG2024DHS,HA_CPHT_W_T1R,135563070,I,433011,1433011,Region,..FCT Abuja,0,,0,1,HACPHTWT1R,NGDHS2024433011,2024,DHS,764,830,,,2
NGA,Benue,7131589,Women receiving an HIV test and receiving test results in the last 12 months,27.6,1,NG,Nigeria,2024,NG2024DHS,HA_CPHT_W_T1R,135563070,I,433012,1433012,Region,..Benue,0,,0,1,HACPHTWT1R,NGDHS2024433012,2024,DHS,1008,963,,,2
NGA,Kogi,2890113,Women receiving an HIV test and receiving test results in the last 12 months,10.8,1,NG,Nigeria,2024,NG2024DHS,HA_CPHT_W_T1R,135563070,I,433013,1433013,Region,..Kogi,0,,0,1,HACPHTWT1R,NGDHS2024433013,2024,DHS,604,977,,,2
NGA,Kwara,4835984,Women receiving an HIV test and receiving test results in the last 12 months,5.7,1,NG,Nigeria,2024,NG2024DHS,HA_CPHT_W_T1R,135563070,I,433014,1433014,Region,..Kwara,0,,0,1,HACPHTWT1R,NGDHS2024433014,2024,DHS,790,1007,,,2
NGA,Nasarawa,2482510,Women receiving an HIV test and receiving test results in the last 12 months,16.2,1,NG,Nigeria,2024,NG2024DHS,HA_CPHT_W_T1R,135563070,I,433015,1433015,Region,..Nasarawa,0,,0,1,HACPHTWT1R,NGDHS2024433015,2024,DHS,963,1149,,,2
NGA,Niger,5345487,Women receiving an HIV test and receiving test results in the last 12 months,5.1,1,NG,Nigeria,2024,NG2024DHS,HA_CPHT_W_T1R,135563070,I,433016,1433016,Region,..Niger,0,,0,1,HACPHTWT1R,NGDHS2024433016,2024,DHS,1845,1308,,,2
NGA,Plateau,6039008,Women receiving an HIV test and receiving test results in the last 12 months,8.3,1,NG,Nigeria,2024,NG2024DHS,HA_CPHT_W_T1R,135563070,I,433017,1433017,Region,..Plateau,0,,0,1,HACPHTWT1R,NGDHS2024433017,2024,DHS,1093,1357,,,2
NGA,North East,4571255,Women receiving an HIV test and receiving test results in the last 12 months,10.5,1,NG,Nigeria,2024,NG2024DHS,HA_CPHT_W_T1R,135563070,I,433006,1433020,Region,North East,0,,0,1,HACPHTWT1R,NGDHS2024433006,2024,DHS,6213,6338,,,1
NGA,Adamawa,6833416,Women receiving an HIV test and receiving test results in the last 12 months,14.4,1,NG,Nigeria,2024,NG2024DHS,HA_CPHT_W_T1R,135563070,I,433021,1433021,Region,..Adamawa,0,,0,1,HACPHTWT1R,NGDHS2024433021,2024,DHS,932,1113,,,2
NGA,Bauchi,2462984,Women receiving an HIV test and receiving test results in the last 12 months,11.4,1,NG,Nigeria,2024,NG2024DHS,HA_CPHT_W_T1R,135563070,I,433022,1433022,Region,..Bauchi,0,,0,1,HACPHTWT1R,NGDHS2024433022,2024,DHS,1838,1144,,,2
NGA,Borno,3021610,Women receiving an HIV test and receiving test results in the last 12 months,5.1,1,NG,Nigeria,2024,NG2024DHS,HA_CPHT_W_T1R,135563070,I,433023,1433023,Region,..Borno,0,,0,1,HACPHTWT1R,NGDHS2024433023,2024,DHS,1073,904,,,2
NGA,Gombe,5882043,Women receiving an HIV test and receiving test results in the last 12 months,13.6,1,NG,Nigeria,2024,NG2024DHS,HA_CPHT_W_T1R,135563070,I,433024,1433024,Region,..Gombe,0,,0,1,HACPHTWT1R,NGDHS2024433024,2024,DHS,610,1142,,,2
NGA,Taraba,4613419,Women receiving an HIV test and receiving test results in the last 12 months,16.7,1,NG,Nigeria,2024,NG2024DHS,HA_CPHT_W_T1R,135563070,I,433025,1433025,Region,..Taraba,0,,0,1,HACPHTWT1R,NGDHS2024433025,2024,DHS,806,950,,,2
NGA,Yobe,6706918,Women receiving an HIV test and receiving test results in the last 12 months,4.2,1,NG,Nigeria,2024,NG2024DHS,HA_CPHT_W_T1R,135563070,I,433026,1433026,Region,..Yobe,0,,0,1,HACPHTWT1R,NGDHS2024433026,2024,DHS,954,1085,,,2
NGA,North West,6713537,Women receiving an HIV test and receiving test results in the last 12 months,5.6,1,NG,Nigeria,2024,NG2024DHS,HA_CPHT_W_T1R,135563070,I,433007,1433030,Region,North West,0,,0,1,HACPHTWT1R,NGDHS2024433007,2024,DHS,12434,9404,,,1
NGA,Jigawa,7111412,Women receiving an HIV test and receiving test results in the last 12 months,7.7,1,NG,Nigeria,2024,NG2024DHS,HA_CPHT_W_T1R,135563070,I,433031,1433031,Region,..Jigawa,0,,0,1,HACPHTWT1R,NGDHS2024433031,2024,DHS,1258,1293,,,2
NGA,Kaduna,2869379,Women receiving an HIV test and receiving test results in the last 12 months,8.1,1,NG,Nigeria,2024,NG2024DHS,HA_CPHT_W_T1R,135563070,I,433032,1433032,Region,..Kaduna,0,,0,1,HACPHTWT1R,NGDHS2024433032,2024,DHS,2420,1462,,,2
NGA,Kano,4798653,Women receiving an HIV test and receiving test results in the last 12 months,5.9,1,NG,Nigeria,2024,NG2024DHS,HA_CPHT_W_T1R,135563070,I,433033,1433033,Region,..Kano,0,,0,1,HACPHTWT1R,NGDHS2024433033,2024,DHS,3660,1884,,,2
NGA,Katsina,2474392,Women receiving an HIV test and receiving test results in the last 12 months,4.7,1,NG,Nigeria,2024,NG2024DHS,HA_CPHT_W_T1R,135563070,I,433034,1433034,Region,..Katsina,0,,0,1,HACPHTWT1R,NGDHS2024433034,2024,DHS,1778,1177,,,2
NGA,Kebbi,5366375,Women receiving an HIV test and receiving test results in the last 12 months,2,1,NG,Nigeria,2024,NG2024DHS,HA_CPHT_W_T1R,135563070,I,433035,1433035,Region,..Kebbi,0,,0,1,HACPHTWT1R,NGDHS2024433035,2024,DHS,925,1342,,,2
NGA,Sokoto,3627696,Women receiving an HIV test and receiving test results in the last 12 months,1.9,1,NG,Nigeria,2024,NG2024DHS,HA_CPHT_W_T1R,135563070,I,433036,1433036,Region,..Sokoto,0,,0,1,HACPHTWT1R,NGDHS2024433036,2024,DHS,1238,1361,,,2
NGA,Zamfara,3163447,Women receiving an HIV test and receiving test results in the last 12 months,5.8,1,NG,Nigeria,2024,NG2024DHS,HA_CPHT_W_T1R,135563070,I,433037,1433037,Region,..Zamfara,0,,0,1,HACPHTWT1R,NGDHS2024433037,2024,DHS,1154,885,,,2
NGA,South East,7586987,Women receiving an HIV test and receiving test results in the last 12 months,14.3,1,NG,Nigeria,2024,NG2024DHS,HA_CPHT_W_T1R,135563070,I,433008,1433040,Region,South East,0,,0,1,HACPHTWT1R,NGDHS2024433008,2024,DHS,3280,5068,,,1
NGA,Abia,2482530,Women receiving an HIV test and receiving test results in the last 12 months,16.1,1,NG,Nigeria,2024,NG2024DHS,HA_CPHT_W_T1R,135563070,I,433041,1433041,Region,..Abia,0,,0,1,HACPHTWT1R,NGDHS2024433041,2024,DHS,418,824,,,2
NGA,Anambra,3021666,Women receiving an HIV test and receiving test results in the last 12 months,11.9,1,NG,Nigeria,2024,NG2024DHS,HA_CPHT_W_T1R,135563070,I,433042,1433042,Region,..Anambra,0,,0,1,HACPHTWT1R,NGDHS2024433042,2024,DHS,707,1037,,,2
NGA,Ebonyi,5882060,Women receiving an HIV test and receiving test results in the last 12 months,8.1,1,NG,Nigeria,2024,NG2024DHS,HA_CPHT_W_T1R,135563070,I,433043,1433043,Region,..Ebonyi,0,,0,1,HACPHTWT1R,NGDHS2024433043,2024,DHS,950,1370,,,2
NGA,Enugu,6712469,Women receiving an HIV test and receiving test results in the last 12 months,14.6,1,NG,Nigeria,2024,NG2024DHS,HA_CPHT_W_T1R,135563070,I,433044,1433044,Region,..Enugu,0,,0,1,HACPHTWT1R,NGDHS2024433044,2024,DHS,502,832,,,2
NGA,Imo,6690483,Women receiving an HIV test and receiving test results in the last 12 months,23.9,1,NG,Nigeria,2024,NG2024DHS,HA_CPHT_W_T1R,135563070,I,433045,1433045,Region,..Imo,0,,0,1,HACPHTWT1R,NGDHS2024433045,2024,DHS,704,1005,,,2
NGA,South West,763503,Women receiving an HIV test and receiving test results in the last 12 months,9.5,1,NG,Nigeria,2024,NG2024DHS,HA_CPHT_W_T1R,135563070,I,433009,1433050,Region,South West,0,,0,1,HACPHTWT1R,NGDHS2024433009,2024,DHS,5640,5115,,,1
NGA,Ekiti,2883270,Women receiving an HIV test and receiving test results in the last 12 months,9.7,1,NG,Nigeria,2024,NG2024DHS,HA_CPHT_W_T1R,135563070,I,433051,1433051,Region,..Ekiti,0,,0,1,HACPHTWT1R,NGDHS2024433051,2024,DHS,276,569,,,2
NGA,Lagos,154133,Women receiving an HIV test and receiving test results in the last 12 months,15.1,1,NG,Nigeria,2024,NG2024DHS,HA_CPHT_W_T1R,135563070,I,433052,1433052,Region,..Lagos,0,,0,1,HACPHTWT1R,NGDHS2024433052,2024,DHS,1586,1015,,,2
NGA,Ogun,2482527,Women receiving an HIV test and receiving test results in the last 12 months,8.3,1,NG,Nigeria,2024,NG2024DHS,HA_CPHT_W_T1R,135563070,I,433053,1433053,Region,..Ogun,0,,0,1,HACPHTWT1R,NGDHS2024433053,2024,DHS,1288,999,,,2
NGA,Ondo,5366369,Women receiving an HIV test and receiving test results in the last 12 months,8.5,1,NG,Nigeria,2024,NG2024DHS,HA_CPHT_W_T1R,135563070,I,433054,1433054,Region,..Ondo,0,,0,1,HACPHTWT1R,NGDHS2024433054,2024,DHS,603,759,,,2
NGA,Osun,3627684,Women receiving an HIV test and receiving test results in the last 12 months,6.1,1,NG,Nigeria,2024,NG2024DHS,HA_CPHT_W_T1R,135563070,I,433055,1433055,Region,..Osun,0,,0,1,HACPHTWT1R,NGDHS2024433055,2024,DHS,627,674,,,2
NGA,Oyo,3909432,Women receiving an HIV test and receiving test results in the last 12 months,5.7,1,NG,Nigeria,2024,NG2024DHS,HA_CPHT_W_T1R,135563070,I,433056,1433056,Region,..Oyo,0,,0,1,HACPHTWT1R,NGDHS2024433056,2024,DHS,1260,1099,,,2
NGA,South South,801579,Women receiving an HIV test and receiving test results in the last 12 months,20.3,1,NG,Nigeria,2024,NG2024DHS,HA_CPHT_W_T1R,135563070,I,433010,1433060,Region,South South,0,,0,1,HACPHTWT1R,NGDHS2024433010,2024,DHS,4416,5534,,,1
NGA,Akwa Ibom,5128854,Women receiving an HIV test and receiving test results in the last 12 months,39.1,1,NG,Nigeria,2024,NG2024DHS,HA_CPHT_W_T1R,135563070,I,433061,1433061,Region,..Akwa Ibom,0,,0,1,HACPHTWT1R,NGDHS2024433061,2024,DHS,570,753,,,2
NGA,Bayelsa,5877786,Women receiving an HIV test and receiving test results in the last 12 months,17.7,1,NG,Nigeria,2024,NG2024DHS,HA_CPHT_W_T1R,135563070,I,433062,1433062,Region,..Bayelsa,0,,0,1,HACPHTWT1R,NGDHS2024433062,2024,DHS,317,828,,,2
NGA,Cross River,7788796,Women receiving an HIV test and receiving test results in the last 12 months,21.3,1,NG,Nigeria,2024,NG2024DHS,HA_CPHT_W_T1R,135563070,I,433063,1433063,Region,..Cross River,0,,0,1,HACPHTWT1R,NGDHS2024433063,2024,DHS,524,880,,,2
NGA,Delta,6466940,Women receiving an HIV test and receiving test results in the last 12 months,12.5,1,NG,Nigeria,2024,NG2024DHS,HA_CPHT_W_T1R,135563070,I,433064,1433064,Region,..Delta,0,,0,1,HACPHTWT1R,NGDHS2024433064,2024,DHS,1010,957,,,2
NGA,Edo,2720672,Women receiving an HIV test and receiving test results in the last 12 months,8.6,1,NG,Nigeria,2024,NG2024DHS,HA_CPHT_W_T1R,135563070,I,433065,1433065,Region,..Edo,0,,0,1,HACPHTWT1R,NGDHS2024433065,2024,DHS,661,921,,,2
NGA,Rivers,359343,Women receiving an HIV test and receiving test results in the last 12 months,24.3,1,NG,Nigeria,2024,NG2024DHS,HA_CPHT_W_T1R,135563070,I,433066,1433066,Region,..Rivers,0,,0,1,HACPHTWT1R,NGDHS2024433066,2024,DHS,1333,1195,,,2
NGA,North Central,358327,Men receiving an HIV test and receiving test results in the last 12 months,14.9,1,NG,Nigeria,2024,NG2024DHS,HA_CPHT_M_T1R,135564160,I,433005,1433010,Region,North Central,0,,0,1,HACPHTMT1R,NGDHS2024433005,2024,DHS,2107,2285,,,1
NGA,FCT Abuja,4837848,Men receiving an HIV test and receiving test results in the last 12 months,19,1,NG,Nigeria,2024,NG2024DHS,HA_CPHT_M_T1R,135564160,I,433011,1433011,Region,..FCT Abuja,0,,0,1,HACPHTMT1R,NGDHS2024433011,2024,DHS,267,299,,,2
NGA,Benue,2482575,Men receiving an HIV test and receiving test results in the last 12 months,47.4,1,NG,Nigeria,2024,NG2024DHS,HA_CPHT_M_T1R,135564160,I,433012,1433012,Region,..Benue,0,,0,1,HACPHTMT1R,NGDHS2024433012,2024,DHS,285,284,,,2
NGA,Kogi,5367487,Men receiving an HIV test and receiving test results in the last 12 months,14.1,1,NG,Nigeria,2024,NG2024DHS,HA_CPHT_M_T1R,135564160,I,433013,1433013,Region,..Kogi,0,,0,1,HACPHTMT1R,NGDHS2024433013,2024,DHS,206,322,,,2
NGA,Kwara,6043148,Men receiving an HIV test and receiving test results in the last 12 months,2.3,1,NG,Nigeria,2024,NG2024DHS,HA_CPHT_M_T1R,135564160,I,433014,1433014,Region,..Kwara,0,,0,1,HACPHTMT1R,NGDHS2024433014,2024,DHS,275,353,,,2
NGA,Nasarawa,322432,Men receiving an HIV test and receiving test results in the last 12 months,20.6,1,NG,Nigeria,2024,NG2024DHS,HA_CPHT_M_T1R,135564160,I,433015,1433015,Region,..Nasarawa,0,,0,1,HACPHTMT1R,NGDHS2024433015,2024,DHS,301,340,,,2
NGA,Niger,6721747,Men receiving an HIV test and receiving test results in the last 12 months,2.3,1,NG,Nigeria,2024,NG2024DHS,HA_CPHT_M_T1R,135564160,I,433016,1433016,Region,..Niger,0,,0,1,HACPHTMT1R,NGDHS2024433016,2024,DHS,489,343,,,2
NGA,Plateau,3919885,Men receiving an HIV test and receiving test results in the last 12 months,6.6,1,NG,Nigeria,2024,NG2024DHS,HA_CPHT_M_T1R,135564160,I,433017,1433017,Region,..Plateau,0,,0,1,HACPHTMT1R,NGDHS2024433017,2024,DHS,284,344,,,2
NGA,North East,5397785,Men receiving an HIV test and receiving test results in the last 12 months,7.1,1,NG,Nigeria,2024,NG2024DHS,HA_CPHT_M_T1R,135564160,I,433006,1433020,Region,North East,0,,0,1,HACPHTMT1R,NGDHS2024433006,2024,DHS,1720,1697,,,1
NGA,Adamawa,7181157,Men receiving an HIV test and receiving test results in the last 12 months,6.6,1,NG,Nigeria,2024,NG2024DHS,HA_CPHT_M_T1R,135564160,I,433021,1433021,Region,..Adamawa,0,,0,1,HACPHTMT1R,NGDHS2024433021,2024,DHS,276,309,,,2
NGA,Bauchi,4351950,Men receiving an HIV test and receiving test results in the last 12 months,6.1,1,NG,Nigeria,2024,NG2024DHS,HA_CPHT_M_T1R,135564160,I,433022,1433022,Region,..Bauchi,0,,0,1,HACPHTMT1R,NGDHS2024433022,2024,DHS,570,327,,,2
NGA,Borno,6638672,Men receiving an HIV test and receiving test results in the last 12 months,1.5,1,NG,Nigeria,2024,NG2024DHS,HA_CPHT_M_T1R,135564160,I,433023,1433023,Region,..Borno,0,,0,1,HACPHTMT1R,NGDHS2024433023,2024,DHS,246,204,,,2
NGA,Gombe,748211,Men receiving an HIV test and receiving test results in the last 12 months,2.6,1,NG,Nigeria,2024,NG2024DHS,HA_CPHT_M_T1R,135564160,I,433024,1433024,Region,..Gombe,0,,0,1,HACPHTMT1R,NGDHS2024433024,2024,DHS,202,371,,,2
NGA,Taraba,5391556,Men receiving an HIV test and receiving test results in the last 12 months,17.8,1,NG,Nigeria,2024,NG2024DHS,HA_CPHT_M_T1R,135564160,I,433025,1433025,Region,..Taraba,0,,0,1,HACPHTMT1R,NGDHS2024433025,2024,DHS,232,256,,,2
NGA,Yobe,3645174,Men receiving an HIV test and receiving test results in the last 12 months,9.4,1,NG,Nigeria,2024,NG2024DHS,HA_CPHT_M_T1R,135564160,I,433026,1433026,Region,..Yobe,0,,0,1,HACPHTMT1R,NGDHS2024433026,2024,DHS,193,230,,,2
NGA,North West,3664269,Men receiving an HIV test and receiving test results in the last 12 months,3.5,1,NG,Nigeria,2024,NG2024DHS,HA_CPHT_M_T1R,135564160,I,433007,1433030,Region,North West,0,,0,1,HACPHTMT1R,NGDHS2024433007,2024,DHS,3459,2573,,,1
NGA,Jigawa,2936121,Men receiving an HIV test and receiving test results in the last 12 months,2.9,1,NG,Nigeria,2024,NG2024DHS,HA_CPHT_M_T1R,135564160,I,433031,1433031,Region,..Jigawa,0,,0,1,HACPHTMT1R,NGDHS2024433031,2024,DHS,330,346,,,2
NGA,Kaduna,5357628,Men receiving an HIV test and receiving test results in the last 12 months,6,1,NG,Nigeria,2024,NG2024DHS,HA_CPHT_M_T1R,135564160,I,433032,1433032,Region,..Kaduna,0,,0,1,HACPHTMT1R,NGDHS2024433032,2024,DHS,705,418,,,2
NGA,Kano,6037187,Men receiving an HIV test and receiving test results in the last 12 months,4.8,1,NG,Nigeria,2024,NG2024DHS,HA_CPHT_M_T1R,135564160,I,433033,1433033,Region,..Kano,0,,0,1,HACPHTMT1R,NGDHS2024433033,2024,DHS,1029,521,,,2
NGA,Katsina,309409,Men receiving an HIV test and receiving test results in the last 12 months,2.9,1,NG,Nigeria,2024,NG2024DHS,HA_CPHT_M_T1R,135564160,I,433034,1433034,Region,..Katsina,0,,0,1,HACPHTMT1R,NGDHS2024433034,2024,DHS,479,302,,,2
NGA,Kebbi,6457915,Men receiving an HIV test and receiving test results in the last 12 months,0.3,1,NG,Nigeria,2024,NG2024DHS,HA_CPHT_M_T1R,135564160,I,433035,1433035,Region,..Kebbi,0,,0,1,HACPHTMT1R,NGDHS2024433035,2024,DHS,231,336,,,2
NGA,Sokoto,3960006,Men receiving an HIV test and receiving test results in the last 12 months,0,1,NG,Nigeria,2024,NG2024DHS,HA_CPHT_M_T1R,135564160,I,433036,1433036,Region,..Sokoto,0,,0,1,HACPHTMT1R,NGDHS2024433036,2024,DHS,357,395,,,2
NGA,Zamfara,833755,Men receiving an HIV test and receiving test results in the last 12 months,1.8,1,NG,Nigeria,2024,NG2024DHS,HA_CPHT_M_T1R,135564160,I,433037,1433037,Region,..Zamfara,0,,0,1,HACPHTMT1R,NGDHS2024433037,2024,DHS,329,255,,,2
NGA,South East,7587610,Men receiving an HIV test and receiving test results in the last 12 months,13.5,1,NG,Nigeria,2024,NG2024DHS,HA_CPHT_M_T1R,135564160,I,433008,1433040,Region,South East,0,,0,1,HACPHTMT1R,NGDHS2024433008,2024,DHS,849,1331,,,1
NGA,Abia,4365044,Men receiving an HIV test and receiving test results in the last 12 months,10,1,NG,Nigeria,2024,NG2024DHS,HA_CPHT_M_T1R,135564160,I,433041,1433041,Region,..Abia,0,,0,1,HACPHTMT1R,NGDHS2024433041,2024,DHS,122,235,,,2
NGA,Anambra,6638661,Men receiving an HIV test and receiving test results in the last 12 months,18.1,1,NG,Nigeria,2024,NG2024DHS,HA_CPHT_M_T1R,135564160,I,433042,1433042,Region,..Anambra,0,,0,1,HACPHTMT1R,NGDHS2024433042,2024,DHS,191,292,,,2
NGA,Ebonyi,748193,Men receiving an HIV test and receiving test results in the last 12 months,6.2,1,NG,Nigeria,2024,NG2024DHS,HA_CPHT_M_T1R,135564160,I,433043,1433043,Region,..Ebonyi,0,,0,1,HACPHTMT1R,NGDHS2024433043,2024,DHS,189,272,,,2
NGA,Enugu,7060276,Men receiving an HIV test and receiving test results in the last 12 months,18.5,1,NG,Nigeria,2024,NG2024DHS,HA_CPHT_M_T1R,135564160,I,433044,1433044,Region,..Enugu,0,,0,1,HACPHTMT1R,NGDHS2024433044,2024,DHS,135,222,,,2
NGA,Imo,3651902,Men receiving an HIV test and receiving test results in the last 12 months,14.7,1,NG,Nigeria,2024,NG2024DHS,HA_CPHT_M_T1R,135564160,I,433045,1433045,Region,..Imo,0,,0,1,HACPHTMT1R,NGDHS2024433045,2024,DHS,212,310,,,2
NGA,South West,3549256,Men receiving an HIV test and receiving test results in the last 12 months,4.4,1,NG,Nigeria,2024,NG2024DHS,HA_CPHT_M_T1R,135564160,I,433009,1433050,Region,South West,0,,0,1,HACPHTMT1R,NGDHS2024433009,2024,DHS,1560,1406,,,1
NGA,Ekiti,5096168,Men receiving an HIV test and receiving test results in the last 12 months,8.3,1,NG,Nigeria,2024,NG2024DHS,HA_CPHT_M_T1R,135564160,I,433051,1433051,Region,..Ekiti,0,,0,1,HACPHTMT1R,NGDHS2024433051,2024,DHS,68,149,,,2
NGA,Lagos,6317771,Men receiving an HIV test and receiving test results in the last 12 months,6.5,1,NG,Nigeria,2024,NG2024DHS,HA_CPHT_M_T1R,135564160,I,433052,1433052,Region,..Lagos,0,,0,1,HACPHTMT1R,NGDHS2024433052,2024,DHS,523,344,,,2
NGA,Ogun,668937,Men receiving an HIV test and receiving test results in the last 12 months,4.8,1,NG,Nigeria,2024,NG2024DHS,HA_CPHT_M_T1R,135564160,I,433053,1433053,Region,..Ogun,0,,0,1,HACPHTMT1R,NGDHS2024433053,2024,DHS,321,246,,,2
NGA,Ondo,6457938,Men receiving an HIV test and receiving test results in the last 12 months,2.8,1,NG,Nigeria,2024,NG2024DHS,HA_CPHT_M_T1R,135564160,I,433054,1433054,Region,..Ondo,0,,0,1,HACPHTMT1R,NGDHS2024433054,2024,DHS,188,233,,,2
NGA,Osun,494752,Men receiving an HIV test and receiving test results in the last 12 months,1,1,NG,Nigeria,2024,NG2024DHS,HA_CPHT_M_T1R,135564160,I,433055,1433055,Region,..Osun,0,,0,1,HACPHTMT1R,NGDHS2024433055,2024,DHS,179,190,,,2
NGA,Oyo,3365931,Men receiving an HIV test and receiving test results in the last 12 months,2.5,1,NG,Nigeria,2024,NG2024DHS,HA_CPHT_M_T1R,135564160,I,433056,1433056,Region,..Oyo,0,,0,1,HACPHTMT1R,NGDHS2024433056,2024,DHS,281,244,,,2
NGA,South South,4336565,Men receiving an HIV test and receiving test results in the last 12 months,16.5,1,NG,Nigeria,2024,NG2024DHS,HA_CPHT_M_T1R,135564160,I,433010,1433060,Region,South South,0,,0,1,HACPHTMT1R,NGDHS2024433010,2024,DHS,1231,1584,,,1
NGA,Akwa Ibom,6624589,Men receiving an HIV test and receiving test results in the last 12 months,35.3,1,NG,Nigeria,2024,NG2024DHS,HA_CPHT_M_T1R,135564160,I,433061,1433061,Region,..Akwa Ibom,0,,0,1,HACPHTMT1R,NGDHS2024433061,2024,DHS,178,232,,,2
NGA,Bayelsa,761977,Men receiving an HIV test and receiving test results in the last 12 months,3.1,1,NG,Nigeria,2024,NG2024DHS,HA_CPHT_M_T1R,135564160,I,433062,1433062,Region,..Bayelsa,0,,0,1,HACPHTMT1R,NGDHS2024433062,2024,DHS,100,265,,,2
NGA,Cross River,7788981,Men receiving an HIV test and receiving test results in the last 12 months,26.1,1,NG,Nigeria,2024,NG2024DHS,HA_CPHT_M_T1R,135564160,I,433063,1433063,Region,..Cross River,0,,0,1,HACPHTMT1R,NGDHS2024433063,2024,DHS,140,248,,,2
NGA,Delta,3626839,Men receiving an HIV test and receiving test results in the last 12 months,12.6,1,NG,Nigeria,2024,NG2024DHS,HA_CPHT_M_T1R,135564160,I,433064,1433064,Region,..Delta,0,,0,1,HACPHTMT1R,NGDHS2024433064,2024,DHS,249,226,,,2
NGA,Edo,3242144,Men receiving an HIV test and receiving test results in the last 12 months,7.6,1,NG,Nigeria,2024,NG2024DHS,HA_CPHT_M_T1R,135564160,I,433065,1433065,Region,..Edo,0,,0,1,HACPHTMT1R,NGDHS2024433065,2024,DHS,197,274,,,2
NGA,Rivers,3756401,Men receiving an HIV test and receiving test results in the last 12 months,14.9,1,NG,Nigeria,2024,NG2024DHS,HA_CPHT_M_T1R,135564160,I,433066,1433066,Region,..Rivers,0,,0,1,HACPHTMT1R,NGDHS2024433066,2024,DHS,366,339,,,2
NGA,North Central,5494674,Physical or sexual violence committed by husband/partner,16.6,1,NG,Nigeria,2024,NG2024DHS,DV_SPVL_W_POS,197433060,I,433005,1433010,Region,North Central,631001,Ever-married,0,0,DVSPVLWPOS,NGDHS2024433005,2024,DHS,3660,4169,,,1
NGA,North Central,3945992,Physical or sexual violence committed by husband/partner,16.2,1,NG,Nigeria,2024,NG2024DHS,DV_SPVL_W_POS,197433060,I,433005,1433010,Region,North Central,631002,Ever-married or ever had intimate partner,0,1,DVSPVLWPOS,NGDHS2024433005,2024,DHS,4132,4619,,,1
NGA,FCT Abuja,3814718,Physical or sexual violence committed by husband/partner,11.4,1,NG,Nigeria,2024,NG2024DHS,DV_SPVL_W_POS,197433060,I,433011,1433011,Region,..FCT Abuja,631001,Ever-married,0,0,DVSPVLWPOS,NGDHS2024433011,2024,DHS,324,421,,,2
NGA,FCT Abuja,6421057,Physical or sexual violence committed by husband/partner,10.8,1,NG,Nigeria,2024,NG2024DHS,DV_SPVL_W_POS,197433060,I,433011,1433011,Region,..FCT Abuja,631002,Ever-married or ever had intimate partner,0,1,DVSPVLWPOS,NGDHS2024433011,2024,DHS,396,495,,,2
NGA,Benue,7673918,Physical or sexual violence committed by husband/partner,30.3,1,NG,Nigeria,2024,NG2024DHS,DV_SPVL_W_POS,197433060,I,433012,1433012,Region,..Benue,631001,Ever-married,0,0,DVSPVLWPOS,NGDHS2024433012,2024,DHS,486,540,,,2
NGA,Benue,3655585,Physical or sexual violence committed by husband/partner,26.9,1,NG,Nigeria,2024,NG2024DHS,DV_SPVL_W_POS,197433060,I,433012,1433012,Region,..Benue,631002,Ever-married or ever had intimate partner,0,1,DVSPVLWPOS,NGDHS2024433012,2024,DHS,595,605,,,2
NGA,Kogi,6214090,Physical or sexual violence committed by husband/partner,12.2,1,NG,Nigeria,2024,NG2024DHS,DV_SPVL_W_POS,197433060,I,433013,1433013,Region,..Kogi,631001,Ever-married,0,0,DVSPVLWPOS,NGDHS2024433013,2024,DHS,321,567,,,2
NGA,Kogi,5620248,Physical or sexual violence committed by husband/partner,11.3,1,NG,Nigeria,2024,NG2024DHS,DV_SPVL_W_POS,197433060,I,433013,1433013,Region,..Kogi,631002,Ever-married or ever had intimate partner,0,1,DVSPVLWPOS,NGDHS2024433013,2024,DHS,363,620,,,2
NGA,Kwara,3243032,Physical or sexual violence committed by husband/partner,9.5,1,NG,Nigeria,2024,NG2024DHS,DV_SPVL_W_POS,197433060,I,433014,1433014,Region,..Kwara,631001,Ever-married,0,0,DVSPVLWPOS,NGDHS2024433014,2024,DHS,408,555,,,2
NGA,Kwara,268471,Physical or sexual violence committed by husband/partner,9.1,1,NG,Nigeria,2024,NG2024DHS,DV_SPVL_W_POS,197433060,I,433014,1433014,Region,..Kwara,631002,Ever-married or ever had intimate partner,0,1,DVSPVLWPOS,NGDHS2024433014,2024,DHS,464,619,,,2
NGA,Nasarawa,6288442,Physical or sexual violence committed by husband/partner,26.1,1,NG,Nigeria,2024,NG2024DHS,DV_SPVL_W_POS,197433060,I,433015,1433015,Region,..Nasarawa,631001,Ever-married,0,0,DVSPVLWPOS,NGDHS2024433015,2024,DHS,506,650,,,2
NGA,Nasarawa,7602382,Physical or sexual violence committed by husband/partner,25,1,NG,Nigeria,2024,NG2024DHS,DV_SPVL_W_POS,197433060,I,433015,1433015,Region,..Nasarawa,631002,Ever-married or ever had intimate partner,0,1,DVSPVLWPOS,NGDHS2024433015,2024,DHS,571,724,,,2
NGA,Niger,250388,Physical or sexual violence committed by husband/partner,6.1,1,NG,Nigeria,2024,NG2024DHS,DV_SPVL_W_POS,197433060,I,433016,1433016,Region,..Niger,631001,Ever-married,0,0,DVSPVLWPOS,NGDHS2024433016,2024,DHS,1071,699,,,2
NGA,Niger,6799215,Physical or sexual violence committed by husband/partner,6.2,1,NG,Nigeria,2024,NG2024DHS,DV_SPVL_W_POS,197433060,I,433016,1433016,Region,..Niger,631002,Ever-married or ever had intimate partner,0,1,DVSPVLWPOS,NGDHS2024433016,2024,DHS,1103,714,,,2
NGA,Plateau,5110153,Physical or sexual violence committed by husband/partner,26.9,1,NG,Nigeria,2024,NG2024DHS,DV_SPVL_W_POS,197433060,I,433017,1433017,Region,..Plateau,631001,Ever-married,0,0,DVSPVLWPOS,NGDHS2024433017,2024,DHS,545,737,,,2
NGA,Plateau,4191634,Physical or sexual violence committed by husband/partner,26.6,1,NG,Nigeria,2024,NG2024DHS,DV_SPVL_W_POS,197433060,I,433017,1433017,Region,..Plateau,631002,Ever-married or ever had intimate partner,0,1,DVSPVLWPOS,NGDHS2024433017,2024,DHS,640,842,,,2
NGA,North East,7235318,Physical or sexual violence committed by husband/partner,10.1,1,NG,Nigeria,2024,NG2024DHS,DV_SPVL_W_POS,197433060,I,433006,1433020,Region,North East,631001,Ever-married,0,0,DVSPVLWPOS,NGDHS2024433006,2024,DHS,3308,3656,,,1
NGA,North East,2472260,Physical or sexual violence committed by husband/partner,10.4,1,NG,Nigeria,2024,NG2024DHS,DV_SPVL_W_POS,197433060,I,433006,1433020,Region,North East,631002,Ever-married or ever had intimate partner,0,1,DVSPVLWPOS,NGDHS2024433006,2024,DHS,3486,3788,,,1
NGA,Adamawa,2542222,Physical or sexual violence committed by husband/partner,10.1,1,NG,Nigeria,2024,NG2024DHS,DV_SPVL_W_POS,197433060,I,433021,1433021,Region,..Adamawa,631001,Ever-married,0,0,DVSPVLWPOS,NGDHS2024433021,2024,DHS,460,590,,,2
NGA,Adamawa,7293554,Physical or sexual violence committed by husband/partner,9.6,1,NG,Nigeria,2024,NG2024DHS,DV_SPVL_W_POS,197433060,I,433021,1433021,Region,..Adamawa,631002,Ever-married or ever had intimate partner,0,1,DVSPVLWPOS,NGDHS2024433021,2024,DHS,495,620,,,2
NGA,Bauchi,6900852,Physical or sexual violence committed by husband/partner,8.1,1,NG,Nigeria,2024,NG2024DHS,DV_SPVL_W_POS,197433060,I,433022,1433022,Region,..Bauchi,631001,Ever-married,0,0,DVSPVLWPOS,NGDHS2024433022,2024,DHS,1013,716,,,2
NGA,Bauchi,4088182,Physical or sexual violence committed by husband/partner,8.1,1,NG,Nigeria,2024,NG2024DHS,DV_SPVL_W_POS,197433060,I,433022,1433022,Region,..Bauchi,631002,Ever-married or ever had intimate partner,0,1,DVSPVLWPOS,NGDHS2024433022,2024,DHS,1042,729,,,2
NGA,Borno,3629488,Physical or sexual violence committed by husband/partner,15.3,1,NG,Nigeria,2024,NG2024DHS,DV_SPVL_W_POS,197433060,I,433023,1433023,Region,..Borno,631001,Ever-married,0,0,DVSPVLWPOS,NGDHS2024433023,2024,DHS,601,602,,,2
NGA,Borno,6612733,Physical or sexual violence committed by husband/partner,15.5,1,NG,Nigeria,2024,NG2024DHS,DV_SPVL_W_POS,197433060,I,433023,1433023,Region,..Borno,631002,Ever-married or ever had intimate partner,0,1,DVSPVLWPOS,NGDHS2024433023,2024,DHS,619,614,,,2
NGA,Gombe,7970313,Physical or sexual violence committed by husband/partner,8.3,1,NG,Nigeria,2024,NG2024DHS,DV_SPVL_W_POS,197433060,I,433024,1433024,Region,..Gombe,631001,Ever-married,0,0,DVSPVLWPOS,NGDHS2024433024,2024,DHS,334,637,,,2
NGA,Gombe,3986852,Physical or sexual violence committed by husband/partner,8.4,1,NG,Nigeria,2024,NG2024DHS,DV_SPVL_W_POS,197433060,I,433024,1433024,Region,..Gombe,631002,Ever-married or ever had intimate partner,0,1,DVSPVLWPOS,NGDHS2024433024,2024,DHS,339,647,,,2
NGA,Taraba,7222313,Physical or sexual violence committed by husband/partner,16.1,1,NG,Nigeria,2024,NG2024DHS,DV_SPVL_W_POS,197433060,I,433025,1433025,Region,..Taraba,631001,Ever-married,0,0,DVSPVLWPOS,NGDHS2024433025,2024,DHS,363,472,,,2
NGA,Taraba,2453338,Physical or sexual violence committed by husband/partner,17.5,1,NG,Nigeria,2024,NG2024DHS,DV_SPVL_W_POS,197433060,I,433025,1433025,Region,..Taraba,631002,Ever-married or ever had intimate partner,0,1,DVSPVLWPOS,NGDHS2024433025,2024,DHS,452,537,,,2
NGA,Yobe,3288890,Physical or sexual violence committed by husband/partner,5.3,1,NG,Nigeria,2024,NG2024DHS,DV_SPVL_W_POS,197433060,I,433026,1433026,Region,..Yobe,631001,Ever-married,0,0,DVSPVLWPOS,NGDHS2024433026,2024,DHS,536,639,,,2
NGA,Yobe,474223,Physical or sexual violence committed by husband/partner,5.2,1,NG,Nigeria,2024,NG2024DHS,DV_SPVL_W_POS,197433060,I,433026,1433026,Region,..Yobe,631002,Ever-married or ever had intimate partner,0,1,DVSPVLWPOS,NGDHS2024433026,2024,DHS,538,641,,,2
NGA,North West,3310869,Physical or sexual violence committed by husband/partner,10.3,1,NG,Nigeria,2024,NG2024DHS,DV_SPVL_W_POS,197433060,I,433007,1433030,Region,North West,631001,Ever-married,0,0,DVSPVLWPOS,NGDHS2024433007,2024,DHS,7015,5394,,,1
NGA,North West,495562,Physical or sexual violence committed by husband/partner,10.5,1,NG,Nigeria,2024,NG2024DHS,DV_SPVL_W_POS,197433060,I,433007,1433030,Region,North West,631002,Ever-married or ever had intimate partner,0,1,DVSPVLWPOS,NGDHS2024433007,2024,DHS,7078,5433,,,1
NGA,Jigawa,5188931,Physical or sexual violence committed by husband/partner,8.5,1,NG,Nigeria,2024,NG2024DHS,DV_SPVL_W_POS,197433060,I,433031,1433031,Region,..Jigawa,631001,Ever-married,0,0,DVSPVLWPOS,NGDHS2024433031,2024,DHS,711,723,,,2
NGA,Jigawa,880,Physical or sexual violence committed by husband/partner,8.5,1,NG,Nigeria,2024,NG2024DHS,DV_SPVL_W_POS,197433060,I,433031,1433031,Region,..Jigawa,631002,Ever-married or ever had intimate partner,0,1,DVSPVLWPOS,NGDHS2024433031,2024,DHS,711,723,,,2
NGA,Kaduna,7278752,Physical or sexual violence committed by husband/partner,11.4,1,NG,Nigeria,2024,NG2024DHS,DV_SPVL_W_POS,197433060,I,433032,1433032,Region,..Kaduna,631001,Ever-married,0,0,DVSPVLWPOS,NGDHS2024433032,2024,DHS,1366,850,,,2
NGA,Kaduna,5622264,Physical or sexual violence committed by husband/partner,11.3,1,NG,Nigeria,2024,NG2024DHS,DV_SPVL_W_POS,197433060,I,433032,1433032,Region,..Kaduna,631002,Ever-married or ever had intimate partner,0,1,DVSPVLWPOS,NGDHS2024433032,2024,DHS,1379,860,,,2
NGA,Kano,3340474,Physical or sexual violence committed by husband/partner,13.3,1,NG,Nigeria,2024,NG2024DHS,DV_SPVL_W_POS,197433060,I,433033,1433033,Region,..Kano,631001,Ever-married,0,0,DVSPVLWPOS,NGDHS2024433033,2024,DHS,1839,846,,,2
NGA,Kano,247862,Physical or sexual violence committed by husband/partner,13.5,1,NG,Nigeria,2024,NG2024DHS,DV_SPVL_W_POS,197433060,I,433033,1433033,Region,..Kano,631002,Ever-married or ever had intimate partner,0,1,DVSPVLWPOS,NGDHS2024433033,2024,DHS,1851,853,,,2
NGA,Katsina,6282102,Physical or sexual violence committed by husband/partner,6.4,1,NG,Nigeria,2024,NG2024DHS,DV_SPVL_W_POS,197433060,I,433034,1433034,Region,..Katsina,631001,Ever-married,0,0,DVSPVLWPOS,NGDHS2024433034,2024,DHS,1083,760,,,2
NGA,Katsina,7586049,Physical or sexual violence committed by husband/partner,6.6,1,NG,Nigeria,2024,NG2024DHS,DV_SPVL_W_POS,197433060,I,433034,1433034,Region,..Katsina,631002,Ever-married or ever had intimate partner,0,1,DVSPVLWPOS,NGDHS2024433034,2024,DHS,1099,768,,,2
NGA,Kebbi,243221,Physical or sexual violence committed by husband/partner,1.1,1,NG,Nigeria,2024,NG2024DHS,DV_SPVL_W_POS,197433060,I,433035,1433035,Region,..Kebbi,631001,Ever-married,0,0,DVSPVLWPOS,NGDHS2024433035,2024,DHS,571,797,,,2
NGA,Kebbi,6654906,Physical or sexual violence committed by husband/partner,1.1,1,NG,Nigeria,2024,NG2024DHS,DV_SPVL_W_POS,197433060,I,433035,1433035,Region,..Kebbi,631002,Ever-married or ever had intimate partner,0,1,DVSPVLWPOS,NGDHS2024433035,2024,DHS,574,800,,,2
NGA,Sokoto,2480179,Physical or sexual violence committed by husband/partner,15.7,1,NG,Nigeria,2024,NG2024DHS,DV_SPVL_W_POS,197433060,I,433036,1433036,Region,..Sokoto,631001,Ever-married,0,0,DVSPVLWPOS,NGDHS2024433036,2024,DHS,738,865,,,2
NGA,Sokoto,4178878,Physical or sexual violence committed by husband/partner,16.2,1,NG,Nigeria,2024,NG2024DHS,DV_SPVL_W_POS,197433060,I,433036,1433036,Region,..Sokoto,631002,Ever-married or ever had intimate partner,0,1,DVSPVLWPOS,NGDHS2024433036,2024,DHS,748,873,,,2
NGA,Zamfara,3600645,Physical or sexual violence committed by husband/partner,10.4,1,NG,Nigeria,2024,NG2024DHS,DV_SPVL_W_POS,197433060,I,433037,1433037,Region,..Zamfara,631001,Ever-married,0,0,DVSPVLWPOS,NGDHS2024433037,2024,DHS,708,553,,,2
NGA,Zamfara,2453329,Physical or sexual violence committed by husband/partner,10.3,1,NG,Nigeria,2024,NG2024DHS,DV_SPVL_W_POS,197433060,I,433037,1433037,Region,..Zamfara,631002,Ever-married or ever had intimate partner,0,1,DVSPVLWPOS,NGDHS2024433037,2024,DHS,715,556,,,2
NGA,South East,3562745,Physical or sexual violence committed by husband/partner,23.9,1,NG,Nigeria,2024,NG2024DHS,DV_SPVL_W_POS,197433060,I,433008,1433040,Region,South East,631001,Ever-married,0,0,DVSPVLWPOS,NGDHS2024433008,2024,DHS,1478,2515,,,1
NGA,South East,5284143,Physical or sexual violence committed by husband/partner,21.9,1,NG,Nigeria,2024,NG2024DHS,DV_SPVL_W_POS,197433060,I,433008,1433040,Region,South East,631002,Ever-married or ever had intimate partner,0,1,DVSPVLWPOS,NGDHS2024433008,2024,DHS,1778,2944,,,1
NGA,Abia,4724765,Physical or sexual violence committed by husband/partner,30.9,1,NG,Nigeria,2024,NG2024DHS,DV_SPVL_W_POS,197433060,I,433041,1433041,Region,..Abia,631001,Ever-married,0,0,DVSPVLWPOS,NGDHS2024433041,2024,DHS,173,385,,,2
NGA,Abia,4121641,Physical or sexual violence committed by husband/partner,25.8,1,NG,Nigeria,2024,NG2024DHS,DV_SPVL_W_POS,197433060,I,433041,1433041,Region,..Abia,631002,Ever-married or ever had intimate partner,0,1,DVSPVLWPOS,NGDHS2024433041,2024,DHS,243,506,,,2
NGA,Anambra,3634644,Physical or sexual violence committed by husband/partner,33,1,NG,Nigeria,2024,NG2024DHS,DV_SPVL_W_POS,197433060,I,433042,1433042,Region,..Anambra,631001,Ever-married,0,0,DVSPVLWPOS,NGDHS2024433042,2024,DHS,323,594,,,2
NGA,Anambra,6612738,Physical or sexual violence committed by husband/partner,30,1,NG,Nigeria,2024,NG2024DHS,DV_SPVL_W_POS,197433060,I,433042,1433042,Region,..Anambra,631002,Ever-married or ever had intimate partner,0,1,DVSPVLWPOS,NGDHS2024433042,2024,DHS,388,682,,,2
NGA,Ebonyi,5792668,Physical or sexual violence committed by husband/partner,27.1,1,NG,Nigeria,2024,NG2024DHS,DV_SPVL_W_POS,197433060,I,433043,1433043,Region,..Ebonyi,631001,Ever-married,0,0,DVSPVLWPOS,NGDHS2024433043,2024,DHS,436,578,,,2
NGA,Ebonyi,92731,Physical or sexual violence committed by husband/partner,25.4,1,NG,Nigeria,2024,NG2024DHS,DV_SPVL_W_POS,197433060,I,433043,1433043,Region,..Ebonyi,631002,Ever-married or ever had intimate partner,0,1,DVSPVLWPOS,NGDHS2024433043,2024,DHS,488,647,,,2
NGA,Enugu,247851,Physical or sexual violence committed by husband/partner,13,1,NG,Nigeria,2024,NG2024DHS,DV_SPVL_W_POS,197433060,I,433044,1433044,Region,..Enugu,631001,Ever-married,0,0,DVSPVLWPOS,NGDHS2024433044,2024,DHS,221,431,,,2
NGA,Enugu,6845568,Physical or sexual violence committed by husband/partner,12.9,1,NG,Nigeria,2024,NG2024DHS,DV_SPVL_W_POS,197433060,I,433044,1433044,Region,..Enugu,631002,Ever-married or ever had intimate partner,0,1,DVSPVLWPOS,NGDHS2024433044,2024,DHS,260,488,,,2
NGA,Imo,629847,Physical or sexual violence committed by husband/partner,14,1,NG,Nigeria,2024,NG2024DHS,DV_SPVL_W_POS,197433060,I,433045,1433045,Region,..Imo,631001,Ever-married,0,0,DVSPVLWPOS,NGDHS2024433045,2024,DHS,325,527,,,2
NGA,Imo,3223301,Physical or sexual violence committed by husband/partner,13.4,1,NG,Nigeria,2024,NG2024DHS,DV_SPVL_W_POS,197433060,I,433045,1433045,Region,..Imo,631002,Ever-married or ever had intimate partner,0,1,DVSPVLWPOS,NGDHS2024433045,2024,DHS,399,621,,,2
NGA,South West,6297922,Physical or sexual violence committed by husband/partner,14.7,1,NG,Nigeria,2024,NG2024DHS,DV_SPVL_W_POS,197433060,I,433009,1433050,Region,South West,631001,Ever-married,0,0,DVSPVLWPOS,NGDHS2024433009,2024,DHS,2786,2931,,,1
NGA,South West,5753684,Physical or sexual violence committed by husband/partner,13.7,1,NG,Nigeria,2024,NG2024DHS,DV_SPVL_W_POS,197433060,I,433009,1433050,Region,South West,631002,Ever-married or ever had intimate partner,0,1,DVSPVLWPOS,NGDHS2024433009,2024,DHS,3226,3334,,,1
NGA,Ekiti,7285241,Physical or sexual violence committed by husband/partner,25.3,1,NG,Nigeria,2024,NG2024DHS,DV_SPVL_W_POS,197433060,I,433051,1433051,Region,..Ekiti,631001,Ever-married,0,0,DVSPVLWPOS,NGDHS2024433051,2024,DHS,122,303,,,2
NGA,Ekiti,5443420,Physical or sexual violence committed by husband/partner,21.6,1,NG,Nigeria,2024,NG2024DHS,DV_SPVL_W_POS,197433060,I,433051,1433051,Region,..Ekiti,631002,Ever-married or ever had intimate partner,0,1,DVSPVLWPOS,NGDHS2024433051,2024,DHS,157,363,,,2
NGA,Lagos,3339601,Physical or sexual violence committed by husband/partner,15.9,1,NG,Nigeria,2024,NG2024DHS,DV_SPVL_W_POS,197433060,I,433052,1433052,Region,..Lagos,631001,Ever-married,0,0,DVSPVLWPOS,NGDHS2024433052,2024,DHS,781,589,,,2
NGA,Lagos,410998,Physical or sexual violence committed by husband/partner,14.4,1,NG,Nigeria,2024,NG2024DHS,DV_SPVL_W_POS,197433060,I,433052,1433052,Region,..Lagos,631002,Ever-married or ever had intimate partner,0,1,DVSPVLWPOS,NGDHS2024433052,2024,DHS,906,665,,,2
NGA,Ogun,6638261,Physical or sexual violence committed by husband/partner,16.9,1,NG,Nigeria,2024,NG2024DHS,DV_SPVL_W_POS,197433060,I,433053,1433053,Region,..Ogun,631001,Ever-married,0,0,DVSPVLWPOS,NGDHS2024433053,2024,DHS,653,594,,,2
NGA,Ogun,5799512,Physical or sexual violence committed by husband/partner,16.2,1,NG,Nigeria,2024,NG2024DHS,DV_SPVL_W_POS,197433060,I,433053,1433053,Region,..Ogun,631002,Ever-married or ever had intimate partner,0,1,DVSPVLWPOS,NGDHS2024433053,2024,DHS,728,644,,,2
NGA,Ondo,98567,Physical or sexual violence committed by husband/partner,9.5,1,NG,Nigeria,2024,NG2024DHS,DV_SPVL_W_POS,197433060,I,433054,1433054,Region,..Ondo,631001,Ever-married,0,0,DVSPVLWPOS,NGDHS2024433054,2024,DHS,275,406,,,2
NGA,Ondo,6654910,Physical or sexual violence committed by husband/partner,9,1,NG,Nigeria,2024,NG2024DHS,DV_SPVL_W_POS,197433060,I,433054,1433054,Region,..Ondo,631002,Ever-married or ever had intimate partner,0,1,DVSPVLWPOS,NGDHS2024433054,2024,DHS,348,505,,,2
NGA,Osun,2480205,Physical or sexual violence committed by husband/partner,16.5,1,NG,Nigeria,2024,NG2024DHS,DV_SPVL_W_POS,197433060,I,433055,1433055,Region,..Osun,631001,Ever-married,0,0,DVSPVLWPOS,NGDHS2024433055,2024,DHS,315,397,,,2
NGA,Osun,4319519,Physical or sexual violence committed by husband/partner,15.7,1,NG,Nigeria,2024,NG2024DHS,DV_SPVL_W_POS,197433060,I,433055,1433055,Region,..Osun,631002,Ever-married or ever had intimate partner,0,1,DVSPVLWPOS,NGDHS2024433055,2024,DHS,360,449,,,2
NGA,Oyo,3623565,Physical or sexual violence committed by husband/partner,10.2,1,NG,Nigeria,2024,NG2024DHS,DV_SPVL_W_POS,197433060,I,433056,1433056,Region,..Oyo,631001,Ever-married,0,0,DVSPVLWPOS,NGDHS2024433056,2024,DHS,639,642,,,2
NGA,Oyo,7844432,Physical or sexual violence committed by husband/partner,9.9,1,NG,Nigeria,2024,NG2024DHS,DV_SPVL_W_POS,197433060,I,433056,1433056,Region,..Oyo,631002,Ever-married or ever had intimate partner,0,1,DVSPVLWPOS,NGDHS2024433056,2024,DHS,725,708,,,2
NGA,South South,7453087,Physical or sexual violence committed by husband/partner,24.5,1,NG,Nigeria,2024,NG2024DHS,DV_SPVL_W_POS,197433060,I,433010,1433060,Region,South South,631001,Ever-married,0,0,DVSPVLWPOS,NGDHS2024433010,2024,DHS,1955,2829,,,1
NGA,South South,4762823,Physical or sexual violence committed by husband/partner,23.7,1,NG,Nigeria,2024,NG2024DHS,DV_SPVL_W_POS,197433060,I,433010,1433060,Region,South South,631002,Ever-married or ever had intimate partner,0,1,DVSPVLWPOS,NGDHS2024433010,2024,DHS,2460,3448,,,1
NGA,Akwa Ibom,8138,Physical or sexual violence committed by husband/partner,23.2,1,NG,Nigeria,2024,NG2024DHS,DV_SPVL_W_POS,197433060,I,433061,1433061,Region,..Akwa Ibom,631001,Ever-married,0,0,DVSPVLWPOS,NGDHS2024433061,2024,DHS,283,436,,,2
NGA,Akwa Ibom,3501285,Physical or sexual violence committed by husband/partner,21.2,1,NG,Nigeria,2024,NG2024DHS,DV_SPVL_W_POS,197433060,I,433061,1433061,Region,..Akwa Ibom,631002,Ever-married or ever had intimate partner,0,1,DVSPVLWPOS,NGDHS2024433061,2024,DHS,350,527,,,2
NGA,Bayelsa,5799539,Physical or sexual violence committed by husband/partner,31.5,1,NG,Nigeria,2024,NG2024DHS,DV_SPVL_W_POS,197433060,I,433062,1433062,Region,..Bayelsa,631001,Ever-married,0,0,DVSPVLWPOS,NGDHS2024433062,2024,DHS,135,403,,,2
NGA,Bayelsa,98575,Physical or sexual violence committed by husband/partner,30.7,1,NG,Nigeria,2024,NG2024DHS,DV_SPVL_W_POS,197433060,I,433062,1433062,Region,..Bayelsa,631002,Ever-married or ever had intimate partner,0,1,DVSPVLWPOS,NGDHS2024433062,2024,DHS,183,513,,,2
NGA,Cross River,268422,Physical or sexual violence committed by husband/partner,27.1,1,NG,Nigeria,2024,NG2024DHS,DV_SPVL_W_POS,197433060,I,433063,1433063,Region,..Cross River,631001,Ever-married,0,0,DVSPVLWPOS,NGDHS2024433063,2024,DHS,238,437,,,2
NGA,Cross River,6866025,Physical or sexual violence committed by husband/partner,27.6,1,NG,Nigeria,2024,NG2024DHS,DV_SPVL_W_POS,197433060,I,433063,1433063,Region,..Cross River,631002,Ever-married or ever had intimate partner,0,1,DVSPVLWPOS,NGDHS2024433063,2024,DHS,302,549,,,2
NGA,Delta,651992,Physical or sexual violence committed by husband/partner,25,1,NG,Nigeria,2024,NG2024DHS,DV_SPVL_W_POS,197433060,I,433064,1433064,Region,..Delta,631001,Ever-married,0,0,DVSPVLWPOS,NGDHS2024433064,2024,DHS,436,513,,,2
NGA,Delta,3244531,Physical or sexual violence committed by husband/partner,23.7,1,NG,Nigeria,2024,NG2024DHS,DV_SPVL_W_POS,197433060,I,433064,1433064,Region,..Delta,631002,Ever-married or ever had intimate partner,0,1,DVSPVLWPOS,NGDHS2024433064,2024,DHS,572,630,,,2
NGA,Edo,6663317,Physical or sexual violence committed by husband/partner,22.6,1,NG,Nigeria,2024,NG2024DHS,DV_SPVL_W_POS,197433060,I,433065,1433065,Region,..Edo,631001,Ever-married,0,0,DVSPVLWPOS,NGDHS2024433065,2024,DHS,299,465,,,2
NGA,Edo,2480251,Physical or sexual violence committed by husband/partner,22,1,NG,Nigeria,2024,NG2024DHS,DV_SPVL_W_POS,197433060,I,433065,1433065,Region,..Edo,631002,Ever-married or ever had intimate partner,0,1,DVSPVLWPOS,NGDHS2024433065,2024,DHS,378,563,,,2
NGA,Rivers,4323105,Physical or sexual violence committed by husband/partner,23,1,NG,Nigeria,2024,NG2024DHS,DV_SPVL_W_POS,197433060,I,433066,1433066,Region,..Rivers,631001,Ever-married,0,0,DVSPVLWPOS,NGDHS2024433066,2024,DHS,564,575,,,2
NGA,Rivers,7143392,Physical or sexual violence committed by husband/partner,22.5,1,NG,Nigeria,2024,NG2024DHS,DV_SPVL_W_POS,197433060,I,433066,1433066,Region,..Rivers,631002,Ever-married or ever had intimate partner,0,1,DVSPVLWPOS,NGDHS2024433066,2024,DHS,674,666,,,2
NGA,North Central,5328104,Women circumcised (FGC),5.5,1,NG,Nigeria,2024,NG2024DHS,FG_PFCC_W_WCC,207503010,I,433005,1433010,Region,North Central,0,,0,1,FGPFCCWWCC,NGDHS2024433005,2024,DHS,7068,7591,,,1
NGA,FCT Abuja,2779273,Women circumcised (FGC),4.6,1,NG,Nigeria,2024,NG2024DHS,FG_PFCC_W_WCC,207503010,I,433011,1433011,Region,..FCT Abuja,0,,0,1,FGPFCCWWCC,NGDHS2024433011,2024,DHS,764,830,,,2
NGA,Benue,4131747,Women circumcised (FGC),1.1,1,NG,Nigeria,2024,NG2024DHS,FG_PFCC_W_WCC,207503010,I,433012,1433012,Region,..Benue,0,,0,1,FGPFCCWWCC,NGDHS2024433012,2024,DHS,1008,963,,,2
NGA,Kogi,5801609,Women circumcised (FGC),2.6,1,NG,Nigeria,2024,NG2024DHS,FG_PFCC_W_WCC,207503010,I,433013,1433013,Region,..Kogi,0,,0,1,FGPFCCWWCC,NGDHS2024433013,2024,DHS,604,977,,,2
NGA,Kwara,97823,Women circumcised (FGC),17.7,1,NG,Nigeria,2024,NG2024DHS,FG_PFCC_W_WCC,207503010,I,433014,1433014,Region,..Kwara,0,,0,1,FGPFCCWWCC,NGDHS2024433014,2024,DHS,790,1007,,,2
NGA,Nasarawa,2480476,Women circumcised (FGC),14.1,1,NG,Nigeria,2024,NG2024DHS,FG_PFCC_W_WCC,207503010,I,433015,1433015,Region,..Nasarawa,0,,0,1,FGPFCCWWCC,NGDHS2024433015,2024,DHS,963,1149,,,2
NGA,Niger,2472410,Women circumcised (FGC),0.9,1,NG,Nigeria,2024,NG2024DHS,FG_PFCC_W_WCC,207503010,I,433016,1433016,Region,..Niger,0,,0,1,FGPFCCWWCC,NGDHS2024433016,2024,DHS,1845,1308,,,2
NGA,Plateau,6926951,Women circumcised (FGC),3.4,1,NG,Nigeria,2024,NG2024DHS,FG_PFCC_W_WCC,207503010,I,433017,1433017,Region,..Plateau,0,,0,1,FGPFCCWWCC,NGDHS2024433017,2024,DHS,1093,1357,,,2
NGA,North East,5941887,Women circumcised (FGC),3.5,1,NG,Nigeria,2024,NG2024DHS,FG_PFCC_W_WCC,207503010,I,433006,1433020,Region,North East,0,,0,1,FGPFCCWWCC,NGDHS2024433006,2024,DHS,6213,6338,,,1
NGA,Adamawa,3763985,Women circumcised (FGC),3.7,1,NG,Nigeria,2024,NG2024DHS,FG_PFCC_W_WCC,207503010,I,433021,1433021,Region,..Adamawa,0,,0,1,FGPFCCWWCC,NGDHS2024433021,2024,DHS,932,1113,,,2
NGA,Bauchi,4941003,Women circumcised (FGC),2.7,1,NG,Nigeria,2024,NG2024DHS,FG_PFCC_W_WCC,207503010,I,433022,1433022,Region,..Bauchi,0,,0,1,FGPFCCWWCC,NGDHS2024433022,2024,DHS,1838,1144,,,2
NGA,Borno,2453440,Women circumcised (FGC),9.4,1,NG,Nigeria,2024,NG2024DHS,FG_PFCC_W_WCC,207503010,I,433023,1433023,Region,..Borno,0,,0,1,FGPFCCWWCC,NGDHS2024433023,2024,DHS,1073,904,,,2
NGA,Gombe,5191077,Women circumcised (FGC),0.6,1,NG,Nigeria,2024,NG2024DHS,FG_PFCC_W_WCC,207503010,I,433024,1433024,Region,..Gombe,0,,0,1,FGPFCCWWCC,NGDHS2024433024,2024,DHS,610,1142,,,2
NGA,Taraba,5935279,Women circumcised (FGC),0.5,1,NG,Nigeria,2024,NG2024DHS,FG_PFCC_W_WCC,207503010,I,433025,1433025,Region,..Taraba,0,,0,1,FGPFCCWWCC,NGDHS2024433025,2024,DHS,806,950,,,2
NGA,Yobe,4350937,Women circumcised (FGC),2.3,1,NG,Nigeria,2024,NG2024DHS,FG_PFCC_W_WCC,207503010,I,433026,1433026,Region,..Yobe,0,,0,1,FGPFCCWWCC,NGDHS2024433026,2024,DHS,954,1085,,,2
NGA,North West,209794,Women circumcised (FGC),16.6,1,NG,Nigeria,2024,NG2024DHS,FG_PFCC_W_WCC,207503010,I,433007,1433030,Region,North West,0,,0,1,FGPFCCWWCC,NGDHS2024433007,2024,DHS,12434,9404,,,1
NGA,Jigawa,4391307,Women circumcised (FGC),23,1,NG,Nigeria,2024,NG2024DHS,FG_PFCC_W_WCC,207503010,I,433031,1433031,Region,..Jigawa,0,,0,1,FGPFCCWWCC,NGDHS2024433031,2024,DHS,1258,1293,,,2
NGA,Kaduna,5787087,Women circumcised (FGC),15.1,1,NG,Nigeria,2024,NG2024DHS,FG_PFCC_W_WCC,207503010,I,433032,1433032,Region,..Kaduna,0,,0,1,FGPFCCWWCC,NGDHS2024433032,2024,DHS,2420,1462,,,2
NGA,Kano,85399,Women circumcised (FGC),9.2,1,NG,Nigeria,2024,NG2024DHS,FG_PFCC_W_WCC,207503010,I,433033,1433033,Region,..Kano,0,,0,1,FGPFCCWWCC,NGDHS2024433033,2024,DHS,3660,1884,,,2
NGA,Katsina,4824825,Women circumcised (FGC),49.7,1,NG,Nigeria,2024,NG2024DHS,FG_PFCC_W_WCC,207503010,I,433034,1433034,Region,..Katsina,0,,0,1,FGPFCCWWCC,NGDHS2024433034,2024,DHS,1778,1177,,,2
NGA,Kebbi,2945420,Women circumcised (FGC),1.2,1,NG,Nigeria,2024,NG2024DHS,FG_PFCC_W_WCC,207503010,I,433035,1433035,Region,..Kebbi,0,,0,1,FGPFCCWWCC,NGDHS2024433035,2024,DHS,925,1342,,,2
NGA,Sokoto,7082737,Women circumcised (FGC),1.1,1,NG,Nigeria,2024,NG2024DHS,FG_PFCC_W_WCC,207503010,I,433036,1433036,Region,..Sokoto,0,,0,1,FGPFCCWWCC,NGDHS2024433036,2024,DHS,1238,1361,,,2
NGA,Zamfara,6021991,Women circumcised (FGC),14.2,1,NG,Nigeria,2024,NG2024DHS,FG_PFCC_W_WCC,207503010,I,433037,1433037,Region,..Zamfara,0,,0,1,FGPFCCWWCC,NGDHS2024433037,2024,DHS,1154,885,,,2
NGA,South East,7612945,Women circumcised (FGC),26.8,1,NG,Nigeria,2024,NG2024DHS,FG_PFCC_W_WCC,207503010,I,433008,1433040,Region,South East,0,,0,1,FGPFCCWWCC,NGDHS2024433008,2024,DHS,3280,5068,,,1
NGA,Abia,4960875,Women circumcised (FGC),16.9,1,NG,Nigeria,2024,NG2024DHS,FG_PFCC_W_WCC,207503010,I,433041,1433041,Region,..Abia,0,,0,1,FGPFCCWWCC,NGDHS2024433041,2024,DHS,418,824,,,2
NGA,Anambra,2826222,Women circumcised (FGC),15.6,1,NG,Nigeria,2024,NG2024DHS,FG_PFCC_W_WCC,207503010,I,433042,1433042,Region,..Anambra,0,,0,1,FGPFCCWWCC,NGDHS2024433042,2024,DHS,707,1037,,,2
NGA,Ebonyi,7020016,Women circumcised (FGC),38.5,1,NG,Nigeria,2024,NG2024DHS,FG_PFCC_W_WCC,207503010,I,433043,1433043,Region,..Ebonyi,0,,0,1,FGPFCCWWCC,NGDHS2024433043,2024,DHS,950,1370,,,2
NGA,Enugu,5953936,Women circumcised (FGC),18.2,1,NG,Nigeria,2024,NG2024DHS,FG_PFCC_W_WCC,207503010,I,433044,1433044,Region,..Enugu,0,,0,1,FGPFCCWWCC,NGDHS2024433044,2024,DHS,502,832,,,2
NGA,Imo,4344566,Women circumcised (FGC),34.3,1,NG,Nigeria,2024,NG2024DHS,FG_PFCC_W_WCC,207503010,I,433045,1433045,Region,..Imo,0,,0,1,FGPFCCWWCC,NGDHS2024433045,2024,DHS,704,1005,,,2
NGA,South West,351959,Women circumcised (FGC),20.8,1,NG,Nigeria,2024,NG2024DHS,FG_PFCC_W_WCC,207503010,I,433009,1433050,Region,South West,0,,0,1,FGPFCCWWCC,NGDHS2024433009,2024,DHS,5640,5115,,,1
NGA,Ekiti,6104179,Women circumcised (FGC),47.9,1,NG,Nigeria,2024,NG2024DHS,FG_PFCC_W_WCC,207503010,I,433051,1433051,Region,..Ekiti,0,,0,1,FGPFCCWWCC,NGDHS2024433051,2024,DHS,276,569,,,2
NGA,Lagos,52792,Women circumcised (FGC),21.4,1,NG,Nigeria,2024,NG2024DHS,FG_PFCC_W_WCC,207503010,I,433052,1433052,Region,..Lagos,0,,0,1,FGPFCCWWCC,NGDHS2024433052,2024,DHS,1586,1015,,,2
NGA,Ogun,4837885,Women circumcised (FGC),12.4,1,NG,Nigeria,2024,NG2024DHS,FG_PFCC_W_WCC,207503010,I,433053,1433053,Region,..Ogun,0,,0,1,FGPFCCWWCC,NGDHS2024433053,2024,DHS,1288,999,,,2
NGA,Ondo,2945388,Women circumcised (FGC),23,1,NG,Nigeria,2024,NG2024DHS,FG_PFCC_W_WCC,207503010,I,433054,1433054,Region,..Ondo,0,,0,1,FGPFCCWWCC,NGDHS2024433054,2024,DHS,603,759,,,2
NGA,Osun,5406536,Women circumcised (FGC),27.8,1,NG,Nigeria,2024,NG2024DHS,FG_PFCC_W_WCC,207503010,I,433055,1433055,Region,..Osun,0,,0,1,FGPFCCWWCC,NGDHS2024433055,2024,DHS,627,674,,,2
NGA,Oyo,6030510,Women circumcised (FGC),18.4,1,NG,Nigeria,2024,NG2024DHS,FG_PFCC_W_WCC,207503010,I,433056,1433056,Region,..Oyo,0,,0,1,FGPFCCWWCC,NGDHS2024433056,2024,DHS,1260,1099,,,2
NGA,South South,5404584,Women circumcised (FGC),15.7,1,NG,Nigeria,2024,NG2024DHS,FG_PFCC_W_WCC,207503010,I,433010,1433060,Region,South South,0,,0,1,FGPFCCWWCC,NGDHS2024433010,2024,DHS,4416,5534,,,1
NGA,Akwa Ibom,2819538,Women circumcised (FGC),4,1,NG,Nigeria,2024,NG2024DHS,FG_PFCC_W_WCC,207503010,I,433061,1433061,Region,..Akwa Ibom,0,,0,1,FGPFCCWWCC,NGDHS2024433061,2024,DHS,570,753,,,2
NGA,Bayelsa,7026791,Women circumcised (FGC),12.8,1,NG,Nigeria,2024,NG2024DHS,FG_PFCC_W_WCC,207503010,I,433062,1433062,Region,..Bayelsa,0,,0,1,FGPFCCWWCC,NGDHS2024433062,2024,DHS,317,828,,,2
NGA,Cross River,7787572,Women circumcised (FGC),9.8,1,NG,Nigeria,2024,NG2024DHS,FG_PFCC_W_WCC,207503010,I,433063,1433063,Region,..Cross River,0,,0,1,FGPFCCWWCC,NGDHS2024433063,2024,DHS,524,880,,,2
NGA,Delta,4357148,Women circumcised (FGC),28.1,1,NG,Nigeria,2024,NG2024DHS,FG_PFCC_W_WCC,207503010,I,433064,1433064,Region,..Delta,0,,0,1,FGPFCCWWCC,NGDHS2024433064,2024,DHS,1010,957,,,2
NGA,Edo,7395117,Women circumcised (FGC),28.4,1,NG,Nigeria,2024,NG2024DHS,FG_PFCC_W_WCC,207503010,I,433065,1433065,Region,..Edo,0,,0,1,FGPFCCWWCC,NGDHS2024433065,2024,DHS,661,921,,,2
NGA,Rivers,3942487,Women circumcised (FGC),8.1,1,NG,Nigeria,2024,NG2024DHS,FG_PFCC_W_WCC,207503010,I,433066,1433066,Region,..Rivers,0,,0,1,FGPFCCWWCC,NGDHS2024433066,2024,DHS,1333,1195,,,2
NGA,North Central,3372846,Women with secondary or higher education,52,1,NG,Nigeria,2024,NG2024DHS,ED_EDUC_W_SEH,231203100,I,433005,1433010,Region,North Central,0,,0,1,EDEDUCWSEH,NGDHS2024433005,2024,DHS,7068,7591,,,1
NGA,FCT Abuja,6494633,Women with secondary or higher education,84.6,1,NG,Nigeria,2024,NG2024DHS,ED_EDUC_W_SEH,231203100,I,433011,1433011,Region,..FCT Abuja,0,,0,1,EDEDUCWSEH,NGDHS2024433011,2024,DHS,764,830,,,2
NGA,Benue,3299430,Women with secondary or higher education,67.1,1,NG,Nigeria,2024,NG2024DHS,ED_EDUC_W_SEH,231203100,I,433012,1433012,Region,..Benue,0,,0,1,EDEDUCWSEH,NGDHS2024433012,2024,DHS,1008,963,,,2
NGA,Kogi,5650230,Women with secondary or higher education,53,1,NG,Nigeria,2024,NG2024DHS,ED_EDUC_W_SEH,231203100,I,433013,1433013,Region,..Kogi,0,,0,1,EDEDUCWSEH,NGDHS2024433013,2024,DHS,604,977,,,2
NGA,Kwara,352674,Women with secondary or higher education,58.1,1,NG,Nigeria,2024,NG2024DHS,ED_EDUC_W_SEH,231203100,I,433014,1433014,Region,..Kwara,0,,0,1,EDEDUCWSEH,NGDHS2024433014,2024,DHS,790,1007,,,2
NGA,Nasarawa,7103777,Women with secondary or higher education,56.1,1,NG,Nigeria,2024,NG2024DHS,ED_EDUC_W_SEH,231203100,I,433015,1433015,Region,..Nasarawa,0,,0,1,EDEDUCWSEH,NGDHS2024433015,2024,DHS,963,1149,,,2
NGA,Niger,968966,Women with secondary or higher education,21.6,1,NG,Nigeria,2024,NG2024DHS,ED_EDUC_W_SEH,231203100,I,433016,1433016,Region,..Niger,0,,0,1,EDEDUCWSEH,NGDHS2024433016,2024,DHS,1845,1308,,,2
NGA,Plateau,5271117,Women with secondary or higher education,58,1,NG,Nigeria,2024,NG2024DHS,ED_EDUC_W_SEH,231203100,I,433017,1433017,Region,..Plateau,0,,0,1,EDEDUCWSEH,NGDHS2024433017,2024,DHS,1093,1357,,,2
NGA,North East,5774592,Women with secondary or higher education,34.3,1,NG,Nigeria,2024,NG2024DHS,ED_EDUC_W_SEH,231203100,I,433006,1433020,Region,North East,0,,0,1,EDEDUCWSEH,NGDHS2024433006,2024,DHS,6213,6338,,,1
NGA,Adamawa,657598,Women with secondary or higher education,47,1,NG,Nigeria,2024,NG2024DHS,ED_EDUC_W_SEH,231203100,I,433021,1433021,Region,..Adamawa,0,,0,1,EDEDUCWSEH,NGDHS2024433021,2024,DHS,932,1113,,,2
NGA,Bauchi,2458968,Women with secondary or higher education,28.2,1,NG,Nigeria,2024,NG2024DHS,ED_EDUC_W_SEH,231203100,I,433022,1433022,Region,..Bauchi,0,,0,1,EDEDUCWSEH,NGDHS2024433022,2024,DHS,1838,1144,,,2
NGA,Borno,209034,Women with secondary or higher education,35.3,1,NG,Nigeria,2024,NG2024DHS,ED_EDUC_W_SEH,231203100,I,433023,1433023,Region,..Borno,0,,0,1,EDEDUCWSEH,NGDHS2024433023,2024,DHS,1073,904,,,2
NGA,Gombe,3380620,Women with secondary or higher education,39,1,NG,Nigeria,2024,NG2024DHS,ED_EDUC_W_SEH,231203100,I,433024,1433024,Region,..Gombe,0,,0,1,EDEDUCWSEH,NGDHS2024433024,2024,DHS,610,1142,,,2
NGA,Taraba,7167907,Women with secondary or higher education,39.9,1,NG,Nigeria,2024,NG2024DHS,ED_EDUC_W_SEH,231203100,I,433025,1433025,Region,..Taraba,0,,0,1,EDEDUCWSEH,NGDHS2024433025,2024,DHS,806,950,,,2
NGA,Yobe,4137278,Women with secondary or higher education,24.6,1,NG,Nigeria,2024,NG2024DHS,ED_EDUC_W_SEH,231203100,I,433026,1433026,Region,..Yobe,0,,0,1,EDEDUCWSEH,NGDHS2024433026,2024,DHS,954,1085,,,2
NGA,North West,4149019,Women with secondary or higher education,33.9,1,NG,Nigeria,2024,NG2024DHS,ED_EDUC_W_SEH,231203100,I,433007,1433030,Region,North West,0,,0,1,EDEDUCWSEH,NGDHS2024433007,2024,DHS,12434,9404,,,1
NGA,Jigawa,3291913,Women with secondary or higher education,22.3,1,NG,Nigeria,2024,NG2024DHS,ED_EDUC_W_SEH,231203100,I,433031,1433031,Region,..Jigawa,0,,0,1,EDEDUCWSEH,NGDHS2024433031,2024,DHS,1258,1293,,,2
NGA,Kaduna,5651149,Women with secondary or higher education,48.9,1,NG,Nigeria,2024,NG2024DHS,ED_EDUC_W_SEH,231203100,I,433032,1433032,Region,..Kaduna,0,,0,1,EDEDUCWSEH,NGDHS2024433032,2024,DHS,2420,1462,,,2
NGA,Kano,331774,Women with secondary or higher education,46.2,1,NG,Nigeria,2024,NG2024DHS,ED_EDUC_W_SEH,231203100,I,433033,1433033,Region,..Kano,0,,0,1,EDEDUCWSEH,NGDHS2024433033,2024,DHS,3660,1884,,,2
NGA,Katsina,7096661,Women with secondary or higher education,32.6,1,NG,Nigeria,2024,NG2024DHS,ED_EDUC_W_SEH,231203100,I,433034,1433034,Region,..Katsina,0,,0,1,EDEDUCWSEH,NGDHS2024433034,2024,DHS,1778,1177,,,2
NGA,Kebbi,975013,Women with secondary or higher education,10.4,1,NG,Nigeria,2024,NG2024DHS,ED_EDUC_W_SEH,231203100,I,433035,1433035,Region,..Kebbi,0,,0,1,EDEDUCWSEH,NGDHS2024433035,2024,DHS,925,1342,,,2
NGA,Sokoto,5292007,Women with secondary or higher education,13.4,1,NG,Nigeria,2024,NG2024DHS,ED_EDUC_W_SEH,231203100,I,433036,1433036,Region,..Sokoto,0,,0,1,EDEDUCWSEH,NGDHS2024433036,2024,DHS,1238,1361,,,2
NGA,Zamfara,3518516,Women with secondary or higher education,19,1,NG,Nigeria,2024,NG2024DHS,ED_EDUC_W_SEH,231203100,I,433037,1433037,Region,..Zamfara,0,,0,1,EDEDUCWSEH,NGDHS2024433037,2024,DHS,1154,885,,,2
NGA,South East,7586426,Women with secondary or higher education,82.4,1,NG,Nigeria,2024,NG2024DHS,ED_EDUC_W_SEH,231203100,I,433008,1433040,Region,South East,0,,0,1,EDEDUCWSEH,NGDHS2024433008,2024,DHS,3280,5068,,,1
NGA,Abia,6867101,Women with secondary or higher education,91.5,1,NG,Nigeria,2024,NG2024DHS,ED_EDUC_W_SEH,231203100,I,433041,1433041,Region,..Abia,0,,0,1,EDEDUCWSEH,NGDHS2024433041,2024,DHS,418,824,,,2
NGA,Anambra,121052,Women with secondary or higher education,89.5,1,NG,Nigeria,2024,NG2024DHS,ED_EDUC_W_SEH,231203100,I,433042,1433042,Region,..Anambra,0,,0,1,EDEDUCWSEH,NGDHS2024433042,2024,DHS,707,1037,,,2
NGA,Ebonyi,3380617,Women with secondary or higher education,65.6,1,NG,Nigeria,2024,NG2024DHS,ED_EDUC_W_SEH,231203100,I,433043,1433043,Region,..Ebonyi,0,,0,1,EDEDUCWSEH,NGDHS2024433043,2024,DHS,950,1370,,,2
NGA,Enugu,7175052,Women with secondary or higher education,80,1,NG,Nigeria,2024,NG2024DHS,ED_EDUC_W_SEH,231203100,I,433044,1433044,Region,..Enugu,0,,0,1,EDEDUCWSEH,NGDHS2024433044,2024,DHS,502,832,,,2
NGA,Imo,623138,Women with secondary or higher education,94,1,NG,Nigeria,2024,NG2024DHS,ED_EDUC_W_SEH,231203100,I,433045,1433045,Region,..Imo,0,,0,1,EDEDUCWSEH,NGDHS2024433045,2024,DHS,704,1005,,,2
NGA,South West,4894668,Women with secondary or higher education,84.3,1,NG,Nigeria,2024,NG2024DHS,ED_EDUC_W_SEH,231203100,I,433009,1433050,Region,South West,0,,0,1,EDEDUCWSEH,NGDHS2024433009,2024,DHS,5640,5115,,,1
NGA,Ekiti,5643863,Women with secondary or higher education,90.8,1,NG,Nigeria,2024,NG2024DHS,ED_EDUC_W_SEH,231203100,I,433051,1433051,Region,..Ekiti,0,,0,1,EDEDUCWSEH,NGDHS2024433051,2024,DHS,276,569,,,2
NGA,Lagos,679983,Women with secondary or higher education,91.8,1,NG,Nigeria,2024,NG2024DHS,ED_EDUC_W_SEH,231203100,I,433052,1433052,Region,..Lagos,0,,0,1,EDEDUCWSEH,NGDHS2024433052,2024,DHS,1586,1015,,,2
NGA,Ogun,5608270,Women with secondary or higher education,79,1,NG,Nigeria,2024,NG2024DHS,ED_EDUC_W_SEH,231203100,I,433053,1433053,Region,..Ogun,0,,0,1,EDEDUCWSEH,NGDHS2024433053,2024,DHS,1288,999,,,2
NGA,Ondo,14004,Women with secondary or higher education,77.3,1,NG,Nigeria,2024,NG2024DHS,ED_EDUC_W_SEH,231203100,I,433054,1433054,Region,..Ondo,0,,0,1,EDEDUCWSEH,NGDHS2024433054,2024,DHS,603,759,,,2
NGA,Osun,5300089,Women with secondary or higher education,90.9,1,NG,Nigeria,2024,NG2024DHS,ED_EDUC_W_SEH,231203100,I,433055,1433055,Region,..Osun,0,,0,1,EDEDUCWSEH,NGDHS2024433055,2024,DHS,627,674,,,2
NGA,Oyo,3532714,Women with secondary or higher education,79,1,NG,Nigeria,2024,NG2024DHS,ED_EDUC_W_SEH,231203100,I,433056,1433056,Region,..Oyo,0,,0,1,EDEDUCWSEH,NGDHS2024433056,2024,DHS,1260,1099,,,2
NGA,South South,2468587,Women with secondary or higher education,86.3,1,NG,Nigeria,2024,NG2024DHS,ED_EDUC_W_SEH,231203100,I,433010,1433060,Region,South South,0,,0,1,EDEDUCWSEH,NGDHS2024433010,2024,DHS,4416,5534,,,1
NGA,Akwa Ibom,113056,Women with secondary or higher education,85,1,NG,Nigeria,2024,NG2024DHS,ED_EDUC_W_SEH,231203100,I,433061,1433061,Region,..Akwa Ibom,0,,0,1,EDEDUCWSEH,NGDHS2024433061,2024,DHS,570,753,,,2
NGA,Bayelsa,4319435,Women with secondary or higher education,86.2,1,NG,Nigeria,2024,NG2024DHS,ED_EDUC_W_SEH,231203100,I,433062,1433062,Region,..Bayelsa,0,,0,1,EDEDUCWSEH,NGDHS2024433062,2024,DHS,317,828,,,2
NGA,Cross River,7789102,Women with secondary or higher education,83,1,NG,Nigeria,2024,NG2024DHS,ED_EDUC_W_SEH,231203100,I,433063,1433063,Region,..Cross River,0,,0,1,EDEDUCWSEH,NGDHS2024433063,2024,DHS,524,880,,,2
NGA,Delta,622814,Women with secondary or higher education,84.6,1,NG,Nigeria,2024,NG2024DHS,ED_EDUC_W_SEH,231203100,I,433064,1433064,Region,..Delta,0,,0,1,EDEDUCWSEH,NGDHS2024433064,2024,DHS,1010,957,,,2
NGA,Edo,5460532,Women with secondary or higher education,87.3,1,NG,Nigeria,2024,NG2024DHS,ED_EDUC_W_SEH,231203100,I,433065,1433065,Region,..Edo,0,,0,1,EDEDUCWSEH,NGDHS2024433065,2024,DHS,661,921,,,2
NGA,Rivers,841993,Women with secondary or higher education,89,1,NG,Nigeria,2024,NG2024DHS,ED_EDUC_W_SEH,231203100,I,433066,1433066,Region,..Rivers,0,,0,1,EDEDUCWSEH,NGDHS2024433066,2024,DHS,1333,1195,,,2
NGA,North Central,2459043,Women who are literate,52.6,1,NG,Nigeria,2024,NG2024DHS,ED_LITR_W_LIT,231233090,I,433005,1433010,Region,North Central,0,,0,1,EDLITRWLIT,NGDHS2024433005,2024,DHS,7068,7591,,,1
NGA,FCT Abuja,4951042,Women who are literate,87.7,1,NG,Nigeria,2024,NG2024DHS,ED_LITR_W_LIT,231233090,I,433011,1433011,Region,..FCT Abuja,0,,0,1,EDLITRWLIT,NGDHS2024433011,2024,DHS,764,830,,,2
NGA,Benue,2468759,Women who are literate,63,1,NG,Nigeria,2024,NG2024DHS,ED_LITR_W_LIT,231233090,I,433012,1433012,Region,..Benue,0,,0,1,EDLITRWLIT,NGDHS2024433012,2024,DHS,1008,963,,,2
NGA,Kogi,4979204,Women who are literate,56.9,1,NG,Nigeria,2024,NG2024DHS,ED_LITR_W_LIT,231233090,I,433013,1433013,Region,..Kogi,0,,0,1,EDLITRWLIT,NGDHS2024433013,2024,DHS,604,977,,,2
NGA,Kwara,7319268,Women who are literate,57.7,1,NG,Nigeria,2024,NG2024DHS,ED_LITR_W_LIT,231233090,I,433014,1433014,Region,..Kwara,0,,0,1,EDLITRWLIT,NGDHS2024433014,2024,DHS,790,1007,,,2
NGA,Nasarawa,2832650,Women who are literate,55.1,1,NG,Nigeria,2024,NG2024DHS,ED_LITR_W_LIT,231233090,I,433015,1433015,Region,..Nasarawa,0,,0,1,EDLITRWLIT,NGDHS2024433015,2024,DHS,963,1149,,,2
NGA,Niger,6168132,Women who are literate,22.5,1,NG,Nigeria,2024,NG2024DHS,ED_LITR_W_LIT,231233090,I,433016,1433016,Region,..Niger,0,,0,1,EDLITRWLIT,NGDHS2024433016,2024,DHS,1845,1308,,,2
NGA,Plateau,2459038,Women who are literate,61.2,1,NG,Nigeria,2024,NG2024DHS,ED_LITR_W_LIT,231233090,I,433017,1433017,Region,..Plateau,0,,0,1,EDLITRWLIT,NGDHS2024433017,2024,DHS,1093,1357,,,2
NGA,North East,4914583,Women who are literate,38.3,1,NG,Nigeria,2024,NG2024DHS,ED_LITR_W_LIT,231233090,I,433006,1433020,Region,North East,0,,0,1,EDLITRWLIT,NGDHS2024433006,2024,DHS,6213,6338,,,1
NGA,Adamawa,3482935,Women who are literate,51.5,1,NG,Nigeria,2024,NG2024DHS,ED_LITR_W_LIT,231233090,I,433021,1433021,Region,..Adamawa,0,,0,1,EDLITRWLIT,NGDHS2024433021,2024,DHS,932,1113,,,2
NGA,Bauchi,2924489,Women who are literate,36.9,1,NG,Nigeria,2024,NG2024DHS,ED_LITR_W_LIT,231233090,I,433022,1433022,Region,..Bauchi,0,,0,1,EDLITRWLIT,NGDHS2024433022,2024,DHS,1838,1144,,,2
NGA,Borno,7194913,Women who are literate,43.8,1,NG,Nigeria,2024,NG2024DHS,ED_LITR_W_LIT,231233090,I,433023,1433023,Region,..Borno,0,,0,1,EDLITRWLIT,NGDHS2024433023,2024,DHS,1073,904,,,2
NGA,Gombe,2452011,Women who are literate,42.9,1,NG,Nigeria,2024,NG2024DHS,ED_LITR_W_LIT,231233090,I,433024,1433024,Region,..Gombe,0,,0,1,EDLITRWLIT,NGDHS2024433024,2024,DHS,610,1142,,,2
NGA,Taraba,5069612,Women who are literate,34.5,1,NG,Nigeria,2024,NG2024DHS,ED_LITR_W_LIT,231233090,I,433025,1433025,Region,..Taraba,0,,0,1,EDLITRWLIT,NGDHS2024433025,2024,DHS,806,950,,,2
NGA,Yobe,3755134,Women who are literate,22.2,1,NG,Nigeria,2024,NG2024DHS,ED_LITR_W_LIT,231233090,I,433026,1433026,Region,..Yobe,0,,0,1,EDLITRWLIT,NGDHS2024433026,2024,DHS,954,1085,,,2
NGA,North West,4347721,Women who are literate,40.9,1,NG,Nigeria,2024,NG2024DHS,ED_LITR_W_LIT,231233090,I,433007,1433030,Region,North West,0,,0,1,EDLITRWLIT,NGDHS2024433007,2024,DHS,12434,9404,,,1
NGA,Jigawa,2452049,Women who are literate,23.9,1,NG,Nigeria,2024,NG2024DHS,ED_LITR_W_LIT,231233090,I,433031,1433031,Region,..Jigawa,0,,0,1,EDLITRWLIT,NGDHS2024433031,2024,DHS,1258,1293,,,2
NGA,Kaduna,4966030,Women who are literate,53.1,1,NG,Nigeria,2024,NG2024DHS,ED_LITR_W_LIT,231233090,I,433032,1433032,Region,..Kaduna,0,,0,1,EDLITRWLIT,NGDHS2024433032,2024,DHS,2420,1462,,,2
NGA,Kano,7305263,Women who are literate,61.3,1,NG,Nigeria,2024,NG2024DHS,ED_LITR_W_LIT,231233090,I,433033,1433033,Region,..Kano,0,,0,1,EDLITRWLIT,NGDHS2024433033,2024,DHS,3660,1884,,,2
NGA,Katsina,4422279,Women who are literate,37.2,1,NG,Nigeria,2024,NG2024DHS,ED_LITR_W_LIT,231233090,I,433034,1433034,Region,..Katsina,0,,0,1,EDLITRWLIT,NGDHS2024433034,2024,DHS,1778,1177,,,2
NGA,Kebbi,6194135,Women who are literate,10.7,1,NG,Nigeria,2024,NG2024DHS,ED_LITR_W_LIT,231233090,I,433035,1433035,Region,..Kebbi,0,,0,1,EDLITRWLIT,NGDHS2024433035,2024,DHS,925,1342,,,2
NGA,Sokoto,2468774,Women who are literate,16.4,1,NG,Nigeria,2024,NG2024DHS,ED_LITR_W_LIT,231233090,I,433036,1433036,Region,..Sokoto,0,,0,1,EDLITRWLIT,NGDHS2024433036,2024,DHS,1238,1361,,,2
NGA,Zamfara,5331629,Women who are literate,25,1,NG,Nigeria,2024,NG2024DHS,ED_LITR_W_LIT,231233090,I,433037,1433037,Region,..Zamfara,0,,0,1,EDLITRWLIT,NGDHS2024433037,2024,DHS,1154,885,,,2
NGA,South East,7588351,Women who are literate,80.5,1,NG,Nigeria,2024,NG2024DHS,ED_LITR_W_LIT,231233090,I,433008,1433040,Region,South East,0,,0,1,EDLITRWLIT,NGDHS2024433008,2024,DHS,3280,5068,,,1
NGA,Abia,2945644,Women who are literate,93.5,1,NG,Nigeria,2024,NG2024DHS,ED_LITR_W_LIT,231233090,I,433041,1433041,Region,..Abia,0,,0,1,EDLITRWLIT,NGDHS2024433041,2024,DHS,418,824,,,2
NGA,Anambra,5992324,Women who are literate,91.7,1,NG,Nigeria,2024,NG2024DHS,ED_LITR_W_LIT,231233090,I,433042,1433042,Region,..Anambra,0,,0,1,EDLITRWLIT,NGDHS2024433042,2024,DHS,707,1037,,,2
NGA,Ebonyi,2451994,Women who are literate,60.9,1,NG,Nigeria,2024,NG2024DHS,ED_LITR_W_LIT,231233090,I,433043,1433043,Region,..Ebonyi,0,,0,1,EDLITRWLIT,NGDHS2024433043,2024,DHS,950,1370,,,2
NGA,Enugu,5078070,Women who are literate,81.7,1,NG,Nigeria,2024,NG2024DHS,ED_LITR_W_LIT,231233090,I,433044,1433044,Region,..Enugu,0,,0,1,EDLITRWLIT,NGDHS2024433044,2024,DHS,502,832,,,2
NGA,Imo,3762340,Women who are literate,87,1,NG,Nigeria,2024,NG2024DHS,ED_LITR_W_LIT,231233090,I,433045,1433045,Region,..Imo,0,,0,1,EDLITRWLIT,NGDHS2024433045,2024,DHS,704,1005,,,2
NGA,South West,6061894,Women who are literate,84.8,1,NG,Nigeria,2024,NG2024DHS,ED_LITR_W_LIT,231233090,I,433009,1433050,Region,South West,0,,0,1,EDLITRWLIT,NGDHS2024433009,2024,DHS,5640,5115,,,1
NGA,Ekiti,3080591,Women who are literate,79.4,1,NG,Nigeria,2024,NG2024DHS,ED_LITR_W_LIT,231233090,I,433051,1433051,Region,..Ekiti,0,,0,1,EDLITRWLIT,NGDHS2024433051,2024,DHS,276,569,,,2
NGA,Lagos,7357262,Women who are literate,90.3,1,NG,Nigeria,2024,NG2024DHS,ED_LITR_W_LIT,231233090,I,433052,1433052,Region,..Lagos,0,,0,1,EDLITRWLIT,NGDHS2024433052,2024,DHS,1586,1015,,,2
NGA,Ogun,4429303,Women who are literate,83.4,1,NG,Nigeria,2024,NG2024DHS,ED_LITR_W_LIT,231233090,I,433053,1433053,Region,..Ogun,0,,0,1,EDLITRWLIT,NGDHS2024433053,2024,DHS,1288,999,,,2
NGA,Ondo,6447860,Women who are literate,74.5,1,NG,Nigeria,2024,NG2024DHS,ED_LITR_W_LIT,231233090,I,433054,1433054,Region,..Ondo,0,,0,1,EDLITRWLIT,NGDHS2024433054,2024,DHS,603,759,,,2
NGA,Osun,2468869,Women who are literate,91.2,1,NG,Nigeria,2024,NG2024DHS,ED_LITR_W_LIT,231233090,I,433055,1433055,Region,..Osun,0,,0,1,EDLITRWLIT,NGDHS2024433055,2024,DHS,627,674,,,2
NGA,Oyo,5313862,Women who are literate,82.5,1,NG,Nigeria,2024,NG2024DHS,ED_LITR_W_LIT,231233090,I,433056,1433056,Region,..Oyo,0,,0,1,EDLITRWLIT,NGDHS2024433056,2024,DHS,1260,1099,,,2
NGA,South South,2906345,Women who are literate,84.3,1,NG,Nigeria,2024,NG2024DHS,ED_LITR_W_LIT,231233090,I,433010,1433060,Region,South South,0,,0,1,EDLITRWLIT,NGDHS2024433010,2024,DHS,4416,5534,,,1
NGA,Akwa Ibom,5985986,Women who are literate,86.8,1,NG,Nigeria,2024,NG2024DHS,ED_LITR_W_LIT,231233090,I,433061,1433061,Region,..Akwa Ibom,0,,0,1,EDLITRWLIT,NGDHS2024433061,2024,DHS,570,753,,,2
NGA,Bayelsa,2468835,Women who are literate,82.6,1,NG,Nigeria,2024,NG2024DHS,ED_LITR_W_LIT,231233090,I,433062,1433062,Region,..Bayelsa,0,,0,1,EDLITRWLIT,NGDHS2024433062,2024,DHS,317,828,,,2
NGA,Cross River,7765134,Women who are literate,81.6,1,NG,Nigeria,2024,NG2024DHS,ED_LITR_W_LIT,231233090,I,433063,1433063,Region,..Cross River,0,,0,1,EDLITRWLIT,NGDHS2024433063,2024,DHS,524,880,,,2
NGA,Delta,3771688,Women who are literate,83.3,1,NG,Nigeria,2024,NG2024DHS,ED_LITR_W_LIT,231233090,I,433064,1433064,Region,..Delta,0,,0,1,EDLITRWLIT,NGDHS2024433064,2024,DHS,1010,957,,,2
NGA,Edo,2779552,Women who are literate,88.4,1,NG,Nigeria,2024,NG2024DHS,ED_LITR_W_LIT,231233090,I,433065,1433065,Region,..Edo,0,,0,1,EDLITRWLIT,NGDHS2024433065,2024,DHS,661,921,,,2
NGA,Rivers,5739412,Women who are literate,83.5,1,NG,Nigeria,2024,NG2024DHS,ED_LITR_W_LIT,231233090,I,433066,1433066,Region,..Rivers,0,,0,1,EDLITRWLIT,NGDHS2024433066,2024,DHS,1333,1195,,,2
NGA,North Central,4830151,Households with electricity,52.4,1,NG,Nigeria,2024,NG2024DHS,HC_ELEC_H_ELC,260321010,I,433005,1433010,Region,North Central,0,,0,1,HCELECHELC,NGDHS2024433005,2024,DHS,7199,7615,,,1
NGA,FCT Abuja,975415,Households with electricity,86.4,1,NG,Nigeria,2024,NG2024DHS,HC_ELEC_H_ELC,260321010,I,433011,1433011,Region,..FCT Abuja,0,,0,1,HCELECHELC,NGDHS2024433011,2024,DHS,949,1051,,,2
NGA,Benue,3415305,Households with electricity,37.8,1,NG,Nigeria,2024,NG2024DHS,HC_ELEC_H_ELC,260321010,I,433012,1433012,Region,..Benue,0,,0,1,HCELECHELC,NGDHS2024433012,2024,DHS,1184,1097,,,2
NGA,Kogi,6604885,Households with electricity,45.9,1,NG,Nigeria,2024,NG2024DHS,HC_ELEC_H_ELC,260321010,I,433013,1433013,Region,..Kogi,0,,0,1,HCELECHELC,NGDHS2024433013,2024,DHS,652,1047,,,2
NGA,Kwara,6317239,Households with electricity,74.3,1,NG,Nigeria,2024,NG2024DHS,HC_ELEC_H_ELC,260321010,I,433014,1433014,Region,..Kwara,0,,0,1,HCELECHELC,NGDHS2024433014,2024,DHS,898,1105,,,2
NGA,Nasarawa,5744145,Households with electricity,65.2,1,NG,Nigeria,2024,NG2024DHS,HC_ELEC_H_ELC,260321010,I,433015,1433015,Region,..Nasarawa,0,,0,1,HCELECHELC,NGDHS2024433015,2024,DHS,941,1061,,,2
NGA,Niger,3818828,Households with electricity,41.2,1,NG,Nigeria,2024,NG2024DHS,HC_ELEC_H_ELC,260321010,I,433016,1433016,Region,..Niger,0,,0,1,HCELECHELC,NGDHS2024433016,2024,DHS,1602,1120,,,2
NGA,Plateau,7008818,Households with electricity,27,1,NG,Nigeria,2024,NG2024DHS,HC_ELEC_H_ELC,260321010,I,433017,1433017,Region,..Plateau,0,,0,1,HCELECHELC,NGDHS2024433017,2024,DHS,973,1134,,,2
NGA,North East,3014267,Households with electricity,31.8,1,NG,Nigeria,2024,NG2024DHS,HC_ELEC_H_ELC,260321010,I,433006,1433020,Region,North East,0,,0,1,HCELECHELC,NGDHS2024433006,2024,DHS,5973,5977,,,1
NGA,Adamawa,4281635,Households with electricity,29.1,1,NG,Nigeria,2024,NG2024DHS,HC_ELEC_H_ELC,260321010,I,433021,1433021,Region,..Adamawa,0,,0,1,HCELECHELC,NGDHS2024433021,2024,DHS,878,1027,,,2
NGA,Bauchi,6095491,Households with electricity,34.4,1,NG,Nigeria,2024,NG2024DHS,HC_ELEC_H_ELC,260321010,I,433022,1433022,Region,..Bauchi,0,,0,1,HCELECHELC,NGDHS2024433022,2024,DHS,1720,1110,,,2
NGA,Borno,3603877,Households with electricity,23.8,1,NG,Nigeria,2024,NG2024DHS,HC_ELEC_H_ELC,260321010,I,433023,1433023,Region,..Borno,0,,0,1,HCELECHELC,NGDHS2024433023,2024,DHS,1216,1011,,,2
NGA,Gombe,6906783,Households with electricity,44.4,1,NG,Nigeria,2024,NG2024DHS,HC_ELEC_H_ELC,260321010,I,433024,1433024,Region,..Gombe,0,,0,1,HCELECHELC,NGDHS2024433024,2024,DHS,512,930,,,2
NGA,Taraba,2494164,Households with electricity,23.1,1,NG,Nigeria,2024,NG2024DHS,HC_ELEC_H_ELC,260321010,I,433025,1433025,Region,..Taraba,0,,0,1,HCELECHELC,NGDHS2024433025,2024,DHS,811,924,,,2
NGA,Yobe,500828,Households with electricity,42,1,NG,Nigeria,2024,NG2024DHS,HC_ELEC_H_ELC,260321010,I,433026,1433026,Region,..Yobe,0,,0,1,HCELECHELC,NGDHS2024433026,2024,DHS,837,975,,,2
NGA,North West,506657,Households with electricity,35.1,1,NG,Nigeria,2024,NG2024DHS,HC_ELEC_H_ELC,260321010,I,433007,1433030,Region,North West,0,,0,1,HCELECHELC,NGDHS2024433007,2024,DHS,10230,7591,,,1
NGA,Jigawa,3408926,Households with electricity,15.9,1,NG,Nigeria,2024,NG2024DHS,HC_ELEC_H_ELC,260321010,I,433031,1433031,Region,..Jigawa,0,,0,1,HCELECHELC,NGDHS2024433031,2024,DHS,1067,1068,,,2
NGA,Kaduna,6788334,Households with electricity,42.9,1,NG,Nigeria,2024,NG2024DHS,HC_ELEC_H_ELC,260321010,I,433032,1433032,Region,..Kaduna,0,,0,1,HCELECHELC,NGDHS2024433032,2024,DHS,2111,1255,,,2
NGA,Kano,6320031,Households with electricity,42.9,1,NG,Nigeria,2024,NG2024DHS,HC_ELEC_H_ELC,260321010,I,433033,1433033,Region,..Kano,0,,0,1,HCELECHELC,NGDHS2024433033,2024,DHS,2600,1297,,,2
NGA,Katsina,6199174,Households with electricity,45.6,1,NG,Nigeria,2024,NG2024DHS,HC_ELEC_H_ELC,260321010,I,433034,1433034,Region,..Katsina,0,,0,1,HCELECHELC,NGDHS2024433034,2024,DHS,1673,1098,,,2
NGA,Kebbi,3826650,Households with electricity,18.8,1,NG,Nigeria,2024,NG2024DHS,HC_ELEC_H_ELC,260321010,I,433035,1433035,Region,..Kebbi,0,,0,1,HCELECHELC,NGDHS2024433035,2024,DHS,769,1069,,,2
NGA,Sokoto,5046404,Households with electricity,21.8,1,NG,Nigeria,2024,NG2024DHS,HC_ELEC_H_ELC,260321010,I,433036,1433036,Region,..Sokoto,0,,0,1,HCELECHELC,NGDHS2024433036,2024,DHS,1030,1094,,,2
NGA,Zamfara,3981001,Households with electricity,27,1,NG,Nigeria,2024,NG2024DHS,HC_ELEC_H_ELC,260321010,I,433037,1433037,Region,..Zamfara,0,,0,1,HCELECHELC,NGDHS2024433037,2024,DHS,981,710,,,2
NGA,South East,7613655,Households with electricity,68.7,1,NG,Nigeria,2024,NG2024DHS,HC_ELEC_H_ELC,260321010,I,433008,1433040,Region,South East,0,,0,1,HCELECHELC,NGDHS2024433008,2024,DHS,3444,5297,,,1
NGA,Abia,5904234,Households with electricity,77.3,1,NG,Nigeria,2024,NG2024DHS,HC_ELEC_H_ELC,260321010,I,433041,1433041,Region,..Abia,0,,0,1,HCELECHELC,NGDHS2024433041,2024,DHS,501,978,,,2
NGA,Anambra,3604426,Households with electricity,86.3,1,NG,Nigeria,2024,NG2024DHS,HC_ELEC_H_ELC,260321010,I,433042,1433042,Region,..Anambra,0,,0,1,HCELECHELC,NGDHS2024433042,2024,DHS,814,1137,,,2
NGA,Ebonyi,6907455,Households with electricity,35.9,1,NG,Nigeria,2024,NG2024DHS,HC_ELEC_H_ELC,260321010,I,433043,1433043,Region,..Ebonyi,0,,0,1,HCELECHELC,NGDHS2024433043,2024,DHS,682,1019,,,2
NGA,Enugu,3187277,Households with electricity,80.8,1,NG,Nigeria,2024,NG2024DHS,HC_ELEC_H_ELC,260321010,I,433044,1433044,Region,..Enugu,0,,0,1,HCELECHELC,NGDHS2024433044,2024,DHS,663,1066,,,2
NGA,Imo,4655931,Households with electricity,63.3,1,NG,Nigeria,2024,NG2024DHS,HC_ELEC_H_ELC,260321010,I,433045,1433045,Region,..Imo,0,,0,1,HCELECHELC,NGDHS2024433045,2024,DHS,785,1097,,,2
NGA,South West,846698,Households with electricity,84,1,NG,Nigeria,2024,NG2024DHS,HC_ELEC_H_ELC,260321010,I,433009,1433050,Region,South West,0,,0,1,HCELECHELC,NGDHS2024433009,2024,DHS,8005,7173,,,1
NGA,Ekiti,6795708,Households with electricity,75.1,1,NG,Nigeria,2024,NG2024DHS,HC_ELEC_H_ELC,260321010,I,433051,1433051,Region,..Ekiti,0,,0,1,HCELECHELC,NGDHS2024433051,2024,DHS,436,920,,,2
NGA,Lagos,4207832,Households with electricity,94.8,1,NG,Nigeria,2024,NG2024DHS,HC_ELEC_H_ELC,260321010,I,433052,1433052,Region,..Lagos,0,,0,1,HCELECHELC,NGDHS2024433052,2024,DHS,2212,1420,,,2
NGA,Ogun,7299884,Households with electricity,80.9,1,NG,Nigeria,2024,NG2024DHS,HC_ELEC_H_ELC,260321010,I,433053,1433053,Region,..Ogun,0,,0,1,HCELECHELC,NGDHS2024433053,2024,DHS,1816,1367,,,2
NGA,Ondo,3798653,Households with electricity,69.7,1,NG,Nigeria,2024,NG2024DHS,HC_ELEC_H_ELC,260321010,I,433054,1433054,Region,..Ondo,0,,0,1,HCELECHELC,NGDHS2024433054,2024,DHS,898,1075,,,2
NGA,Osun,5046319,Households with electricity,90.6,1,NG,Nigeria,2024,NG2024DHS,HC_ELEC_H_ELC,260321010,I,433055,1433055,Region,..Osun,0,,0,1,HCELECHELC,NGDHS2024433055,2024,DHS,1145,1130,,,2
NGA,Oyo,2931071,Households with electricity,78,1,NG,Nigeria,2024,NG2024DHS,HC_ELEC_H_ELC,260321010,I,433056,1433056,Region,..Oyo,0,,0,1,HCELECHELC,NGDHS2024433056,2024,DHS,1498,1261,,,2
NGA,South South,5508205,Households with electricity,72.1,1,NG,Nigeria,2024,NG2024DHS,HC_ELEC_H_ELC,260321010,I,433010,1433060,Region,South South,0,,0,1,HCELECHELC,NGDHS2024433010,2024,DHS,5196,6394,,,1
NGA,Akwa Ibom,3645177,Households with electricity,60.3,1,NG,Nigeria,2024,NG2024DHS,HC_ELEC_H_ELC,260321010,I,433061,1433061,Region,..Akwa Ibom,0,,0,1,HCELECHELC,NGDHS2024433061,2024,DHS,903,1148,,,2
NGA,Bayelsa,6914768,Households with electricity,64.1,1,NG,Nigeria,2024,NG2024DHS,HC_ELEC_H_ELC,260321010,I,433062,1433062,Region,..Bayelsa,0,,0,1,HCELECHELC,NGDHS2024433062,2024,DHS,322,826,,,2
NGA,Cross River,7765126,Households with electricity,39.1,1,NG,Nigeria,2024,NG2024DHS,HC_ELEC_H_ELC,260321010,I,433063,1433063,Region,..Cross River,0,,0,1,HCELECHELC,NGDHS2024433063,2024,DHS,631,1043,,,2
NGA,Delta,4669328,Households with electricity,73.8,1,NG,Nigeria,2024,NG2024DHS,HC_ELEC_H_ELC,260321010,I,433064,1433064,Region,..Delta,0,,0,1,HCELECHELC,NGDHS2024433064,2024,DHS,1199,1126,,,2
NGA,Edo,5978047,Households with electricity,88.4,1,NG,Nigeria,2024,NG2024DHS,HC_ELEC_H_ELC,260321010,I,433065,1433065,Region,..Edo,0,,0,1,HCELECHELC,NGDHS2024433065,2024,DHS,763,1024,,,2
NGA,Rivers,359692,Households with electricity,86.3,1,NG,Nigeria,2024,NG2024DHS,HC_ELEC_H_ELC,260321010,I,433066,1433066,Region,..Rivers,0,,0,1,HCELECHELC,NGDHS2024433066,2024,DHS,1379,1227,,,2
